"","ST_CASE","OBJECT_ID","FID","LATITUDE","LONGITUD","PERMVIT","PERSONS","MONTH","DAY_WEEK","HOUR","ROUTE","SP_JUR","HARM_EV","RELJCT1","RELJCT2","TYP_INT","WRK_ZONE","REL_ROAD","LGT_COND","WEATHER","FATALS","STATE","A_RU","A_INTER","A_TOD","A_DOW","A_CT","A_MC","A_SPCRA","A_PED","A_ROLL","A_POLPUR","A_POSBAC","A_D15_20","A_D65PLS","A_D21_24","A_HR","A_DIST","A_DROWSY","STATE_NAME","drunkDr"
"1",10001,1,21942,33.87865278,-87.32532778,1,1,1,5,2,3,0,35,0,1,1,0,4,2,1,1,1,1,2,2,1,1,2,2,2,2,2,1,2,1,2,2,2,2,"Alabama",1
"2",10002,1,19341,34.91044167,-86.90870833,1,1,1,5,22,1,0,34,0,1,1,0,3,2,10,1,1,1,1,2,1,1,2,1,2,1,2,2,2,2,2,2,2,2,"Alabama",0
"3",10003,1,25877,32.14200556,-85.75845556,2,2,1,5,1,2,0,42,0,1,1,0,4,2,1,1,1,1,2,2,1,1,2,2,2,1,2,1,2,2,2,2,2,2,"Alabama",1
"4",10004,1,26568,31.43981389,-85.5103,1,1,1,1,0,3,0,53,0,1,1,0,4,2,10,1,1,1,2,2,2,1,2,2,2,2,2,1,2,2,2,2,2,2,"Alabama",1
"5",10005,1,26666,31.31933056,-85.5151,2,2,1,4,7,2,0,12,0,2,3,0,1,1,1,1,1,2,2,1,1,2,2,2,2,1,2,2,2,2,1,2,2,2,"Alabama",0
"6",10006,1,23361,33.43849444,-85.38926667,2,2,1,5,9,4,0,1,0,1,1,0,4,1,1,1,1,1,2,1,1,1,2,2,2,1,2,3,2,2,2,2,2,2,"Alabama",0
"7",10007,1,19647,34.77304444,-86.52766389,2,2,1,5,18,2,0,43,0,1,1,0,4,3,1,1,1,2,2,2,1,1,2,2,2,2,2,3,2,1,2,2,2,2,"Alabama",0
"8",10008,1,23290,33.46248889,-86.87090556,1,1,1,7,21,6,0,8,0,1,1,0,1,2,2,1,1,2,2,2,2,1,2,2,1,2,2,3,2,2,2,1,2,2,"Alabama",0
"9",10009,1,23760,33.2361,-86.81392222,1,1,1,3,8,2,0,23,0,1,1,0,4,1,10,1,1,2,2,1,1,1,2,2,2,1,2,3,2,2,2,2,2,2,"Alabama",0
"10",10010,1,19671,34.75836667,-87.60750833,2,2,1,2,18,3,0,12,0,1,1,0,1,2,1,1,1,1,2,2,1,2,2,2,2,2,2,3,2,1,2,2,2,2,"Alabama",0
"11",10011,1,19660,34.76602778,-86.87921111,2,2,1,4,20,3,0,12,0,1,1,0,1,2,1,1,1,2,2,2,1,2,2,2,2,1,2,2,1,2,2,2,2,2,"Alabama",0
"12",10012,1,20403,34.36911667,-86.28887778,6,6,1,6,6,2,0,12,0,1,1,0,1,1,1,1,1,2,2,1,1,3,2,2,2,2,2,3,2,2,1,2,2,1,"Alabama",0
"13",10013,1,25188,32.55177222,-85.74464444,1,1,1,7,10,4,0,1,0,1,1,0,1,1,1,1,1,1,2,1,2,1,2,1,2,1,2,1,2,2,2,2,2,2,"Alabama",1
"14",10014,1,25854,32.16270833,-85.71402778,1,1,1,1,6,2,0,1,0,1,1,0,4,1,10,1,1,1,2,1,2,1,2,2,2,1,2,1,1,2,2,2,2,2,"Alabama",1
"15",10015,1,21595,33.96415,-87.60569722,1,1,1,1,8,4,0,1,0,1,1,0,4,1,1,1,1,1,2,1,2,1,2,1,2,1,2,2,2,2,2,2,2,2,"Alabama",0
"16",10016,1,25081,32.61823889,-85.37138333,2,2,1,3,17,3,0,12,0,8,1,0,1,3,10,1,1,2,2,1,1,2,2,2,2,2,2,3,2,1,2,2,2,2,"Alabama",0
"17",10017,1,27435,30.50592778,-88.233925,1,1,1,4,14,4,0,42,0,1,1,0,4,1,10,1,1,2,2,1,1,1,2,2,2,2,2,2,2,1,2,2,2,2,"Alabama",0
"18",10018,1,25229,32.52434444,-86.67211944,2,2,1,6,19,4,0,42,0,1,1,0,4,2,1,1,1,1,2,2,2,1,2,2,2,2,2,1,2,2,2,2,2,2,"Alabama",1
"19",10019,1,23773,33.22930833,-86.26927778,1,1,1,2,1,4,0,1,0,1,1,0,1,2,1,1,1,1,2,2,2,1,2,1,2,1,2,2,2,2,1,2,2,2,"Alabama",0
"20",10020,1,23276,33.46581111,-86.04999167,3,3,1,5,17,6,0,12,0,2,2,0,1,2,2,1,1,1,2,1,1,2,2,2,2,2,2,3,2,1,2,2,2,2,"Alabama",0
"21",10021,1,22971,33.56601667,-86.52102222,4,4,1,6,13,1,0,12,0,1,1,0,1,1,2,1,1,1,1,1,1,2,2,2,2,2,2,3,2,1,2,2,1,2,"Alabama",0
"22",10022,1,22058,33.84021944,-87.33155833,2,2,1,2,6,1,0,52,0,1,1,0,3,2,1,1,1,1,2,1,1,1,2,2,2,1,2,3,2,2,2,2,2,1,"Alabama",0
"23",10023,1,25772,32.21718333,-85.91875,1,1,1,2,21,3,0,42,0,1,1,0,4,2,5,1,1,1,2,2,1,1,2,1,2,2,2,3,2,2,2,2,2,2,"Alabama",1
"24",10024,1,26210,31.83945278,-85.2207,1,1,1,6,6,4,0,42,0,1,1,0,5,4,1,1,1,1,2,1,1,1,2,2,2,2,2,3,2,2,2,2,2,1,"Alabama",0
"25",10025,1,23984,33.08890556,-87.67459722,2,2,1,5,3,4,0,18,0,1,1,0,4,2,1,2,1,1,2,2,1,1,2,1,2,2,2,1,2,2,2,2,2,2,"Alabama",1
"26",10026,1,23282,33.46460556,-86.941675,1,1,1,3,13,6,0,33,0,3,3,0,4,1,10,1,1,2,2,1,1,1,2,1,2,1,2,3,2,2,2,2,2,2,"Alabama",0
"27",10027,1,27502,30.47271111,-87.66633056,3,3,1,7,14,4,0,12,0,2,2,0,1,1,1,1,1,2,2,1,2,2,2,2,2,1,2,3,2,1,2,2,2,2,"Alabama",0
"28",10028,1,25409,32.43066389,-86.51791667,1,1,1,7,0,3,0,1,0,1,1,0,4,2,1,1,1,2,2,2,2,1,2,2,2,1,2,1,2,2,2,2,2,2,"Alabama",1
"29",10029,1,26781,31.16130833,-85.19056111,1,1,1,6,5,2,0,59,0,3,3,0,4,2,2,1,1,1,2,2,1,1,2,1,2,2,2,3,2,2,1,2,2,2,"Alabama",0
"30",10030,1,24655,32.78083333,-86.4702,5,5,1,7,13,3,0,12,0,1,1,0,1,1,1,5,1,1,2,1,2,2,2,1,2,1,2,2,2,2,2,2,2,2,"Alabama",0
"31",10031,1,21753,33.92139167,-87.86725,1,1,1,7,16,4,0,8,0,2,3,0,1,5,1,1,1,1,2,1,2,1,2,2,1,2,2,3,2,2,2,2,1,2,"Alabama",0
"32",10032,1,22396,33.74095278,-85.88291667,1,1,1,1,6,4,0,34,0,1,1,0,4,4,1,1,1,2,2,1,2,1,2,1,2,1,2,1,2,2,2,2,2,2,"Alabama",1
"33",10033,1,24373,32.87644722,-85.87761667,2,2,1,6,21,6,0,42,0,1,1,0,4,3,2,2,1,1,2,2,2,1,2,2,2,2,2,1,2,2,2,2,2,2,"Alabama",1
"34",10034,1,27224,30.65515556,-87.90710278,10,10,1,5,14,2,0,12,0,3,2,0,1,1,10,1,1,2,2,1,1,3,2,2,2,2,2,1,2,1,2,2,2,2,"Alabama",1
"35",10035,1,22926,33.58196667,-86.92233333,2,2,1,4,9,2,0,12,0,2,2,0,1,1,1,1,1,1,2,1,1,2,2,2,2,2,2,3,2,1,2,1,2,2,"Alabama",0
"36",10036,1,27021,30.85440833,-88.19383056,5,5,1,2,14,2,0,12,0,1,1,0,1,1,1,2,1,1,2,1,1,2,2,2,2,1,2,3,2,2,1,2,2,2,"Alabama",0
"37",10037,1,27141,30.73176944,-87.78450833,1,1,1,2,14,4,0,42,0,1,1,0,5,1,1,1,1,1,2,1,1,1,2,2,2,2,2,2,2,2,2,2,2,2,"Alabama",0
"38",10038,1,27284,30.612125,-88.07764444,1,1,1,3,16,6,0,38,0,1,1,0,6,1,1,1,1,2,2,1,1,1,2,2,2,2,2,3,2,2,2,2,2,2,"Alabama",0
"39",10039,1,27363,30.55205833,-88.10484722,1,1,1,5,0,3,0,34,0,1,1,0,4,2,1,1,1,2,2,2,1,1,2,2,2,2,2,1,2,2,2,2,2,2,"Alabama",1
"40",10040,1,23383,33.43090833,-86.71233333,1,1,1,3,15,6,0,8,0,1,1,1,1,1,1,1,1,2,2,1,1,1,2,2,1,2,2,3,2,2,1,2,1,2,"Alabama",0
"41",10041,1,20391,34.37793333,-85.75579167,1,1,1,4,21,4,0,18,0,1,1,0,1,2,1,1,1,1,2,2,1,1,1,2,2,2,2,1,2,2,2,2,2,2,"Alabama",1
"42",10042,1,23965,33.10606944,-87.46706944,2,2,1,7,18,2,0,8,0,3,3,0,1,2,1,1,1,1,2,2,2,1,2,2,1,2,2,2,2,2,2,2,2,2,"Alabama",0
"43",10043,1,20154,34.51033611,-85.76049444,1,1,2,2,3,4,0,19,0,1,1,0,5,2,10,1,1,1,2,2,2,1,2,2,2,2,2,2,2,1,2,2,2,2,"Alabama",0
"44",10044,1,23476,33.39817778,-86.77766944,2,2,1,7,3,1,0,52,0,1,1,0,3,3,1,1,1,2,1,2,2,1,2,2,2,2,2,3,2,2,2,2,2,2,"Alabama",0
"45",10045,1,27263,30.62482222,-88.12466111,1,1,1,7,8,1,0,59,0,1,1,0,4,1,1,1,1,2,1,1,2,1,2,2,2,2,2,2,2,2,2,2,2,2,"Alabama",0
"46",10046,1,24443,32.84681944,-85.18687778,1,1,2,1,2,1,0,42,0,1,1,0,4,6,1,1,1,2,1,2,2,1,2,2,2,2,2,3,1,2,2,2,2,2,"Alabama",0
"47",10047,1,27210,30.66823611,-88.05437222,2,2,1,5,0,6,0,19,0,1,1,0,5,2,1,1,1,2,2,2,1,1,2,1,2,2,2,1,2,2,2,2,2,2,"Alabama",1
"48",10048,1,26928,30.97233333,-87.63953056,4,4,1,7,22,3,0,59,0,1,1,0,4,2,1,2,1,1,2,2,2,1,2,2,2,2,2,2,2,2,1,2,2,2,"Alabama",0
"49",10049,1,23073,33.529925,-86.88088611,2,2,1,5,1,6,0,12,0,2,2,0,1,6,1,1,1,2,2,2,1,2,1,2,2,2,2,3,2,2,2,2,2,2,"Alabama",0
"50",10050,1,27031,30.84359444,-88.39520556,1,1,1,7,4,2,0,8,0,1,1,0,1,2,1,1,1,1,2,2,2,1,2,2,1,2,2,3,2,1,2,2,2,2,"Alabama",0
"51",10051,1,26233,31.82342222,-85.96047222,5,5,2,1,14,2,0,12,0,1,1,0,1,1,2,1,1,2,2,1,2,2,2,2,2,2,2,2,1,2,2,2,2,2,"Alabama",0
"52",10052,1,19738,34.72961667,-86.85619722,1,1,2,2,4,6,0,32,0,1,1,0,4,2,2,1,1,2,2,2,2,1,2,2,2,2,2,2,2,2,2,2,2,2,"Alabama",0
"53",10053,1,24049,33.03825556,-86.22563056,3,3,2,1,17,2,0,35,0,1,1,0,4,2,2,1,1,1,2,1,2,1,2,2,2,1,2,3,2,2,2,2,2,2,"Alabama",0
"54",10054,1,25371,32.44788333,-87.96390278,2,2,2,3,17,2,0,12,0,1,1,0,1,5,1,1,1,1,2,1,1,2,1,2,2,2,2,3,2,2,2,2,2,2,"Alabama",0
"55",10055,1,19440,34.86791111,-86.57139167,1,1,2,4,2,2,0,8,0,1,1,0,1,2,1,1,1,2,2,2,1,1,2,2,1,2,2,3,2,2,2,1,2,2,"Alabama",0
"56",10056,1,27404,30.52108889,-87.45863889,1,1,2,1,2,2,0,59,0,1,1,0,4,2,1,1,1,1,2,2,2,1,2,2,2,1,2,1,2,2,1,2,2,2,"Alabama",1
"57",10057,1,20262,34.45239167,-85.78168333,3,3,2,4,17,3,0,12,0,1,1,0,1,2,1,1,1,1,2,1,1,3,2,1,2,1,2,3,1,1,2,2,2,2,"Alabama",0
"58",10058,1,26229,31.82686111,-86.6481,3,3,2,1,14,3,0,1,0,8,1,0,1,1,1,1,1,2,2,1,2,2,1,2,2,2,2,3,2,2,2,2,2,2,"Alabama",0
"59",10059,1,19876,34.65318611,-87.52819722,1,1,2,3,22,3,0,8,0,1,1,0,1,2,1,1,1,1,2,2,1,1,2,2,1,2,2,3,2,2,2,2,2,2,"Alabama",0
"60",10060,1,20132,34.52244722,-85.82724444,7,7,2,3,17,6,0,12,0,1,1,0,1,2,10,1,1,1,2,1,1,2,2,2,2,2,2,3,1,2,2,2,2,2,"Alabama",0
"61",10061,1,21221,34.06270556,-87.82596944,3,3,2,6,21,3,0,1,0,1,1,0,1,2,1,1,1,1,2,2,2,1,2,1,2,1,2,1,2,2,2,2,2,2,"Alabama",1
"62",10062,1,19654,34.76898333,-86.49392222,1,1,2,7,10,2,0,19,0,1,1,0,5,1,1,1,1,2,2,1,2,1,2,2,2,2,2,3,2,2,1,2,2,2,"Alabama",0
"63",10063,1,26691,31.28759444,-85.70040556,3,3,2,1,3,2,0,1,0,1,1,0,4,2,1,1,1,2,2,2,2,1,2,2,2,1,2,3,2,2,2,2,2,2,"Alabama",1
"64",10064,1,27171,30.70100278,-88.12357222,1,1,2,4,0,1,0,8,0,1,1,0,1,2,1,1,1,2,1,2,1,1,2,2,1,2,2,3,2,2,2,2,2,2,"Alabama",0
"65",10065,1,27551,30.45154444,-87.680225,2,2,1,7,10,4,0,12,0,1,1,0,1,1,1,1,1,1,2,1,2,2,2,1,2,1,2,2,2,2,2,2,2,2,"Alabama",0
"66",10066,1,25603,32.32658333,-86.29738611,2,2,2,1,1,6,0,42,0,1,1,0,3,3,10,1,1,2,2,2,2,1,2,2,2,2,2,1,2,2,1,2,2,2,"Alabama",1
"67",10067,1,25088,32.61580556,-85.50796111,8,8,2,4,11,3,0,12,0,1,1,0,1,1,1,1,1,2,2,1,1,3,2,2,2,2,2,3,1,1,2,2,2,2,"Alabama",0
"68",10068,1,25680,32.27960278,-85.38346389,1,1,2,1,18,4,0,1,0,1,1,0,4,2,1,1,1,1,2,2,2,1,2,1,2,1,2,3,2,2,2,2,2,2,"Alabama",0
"69",10069,1,27196,30.68153889,-88.06909444,2,2,2,1,21,2,0,8,0,1,1,0,1,3,1,1,1,2,2,2,2,2,2,2,1,2,2,1,2,2,1,1,2,2,"Alabama",1
"70",10070,1,23183,33.493625,-86.16795833,1,1,2,1,3,4,0,34,0,1,1,0,4,2,2,1,1,1,2,2,2,1,2,1,2,2,2,1,2,2,2,2,2,2,"Alabama",1
"71",10071,1,20547,34.2806,-86.19588056,4,4,2,6,22,3,0,12,0,1,1,0,1,6,3,1,1,2,2,2,2,2,2,1,2,2,2,3,1,2,2,2,2,2,"Alabama",0
"72",10072,1,23349,33.44571389,-86.73578611,1,1,2,1,19,6,0,8,0,1,1,0,1,3,1,1,1,2,2,2,2,1,2,2,1,2,2,3,2,2,2,2,2,2,"Alabama",0
"73",10073,1,23039,33.53994444,-86.87020833,1,1,2,6,23,6,0,8,0,1,1,0,1,2,1,1,1,2,2,2,2,1,2,2,1,2,2,3,2,2,2,2,2,2,"Alabama",0
"74",10074,1,23327,33.45167778,-86.8184,4,4,2,2,5,1,0,25,0,1,1,0,3,3,1,1,1,2,1,2,2,3,2,2,2,2,2,3,2,2,2,2,2,2,"Alabama",0
"75",10075,1,25910,32.10455556,-86.40459167,4,4,2,3,18,2,0,12,0,1,1,0,1,2,1,1,1,1,2,2,1,2,2,2,2,2,2,1,2,1,2,2,2,2,"Alabama",1
"76",10076,1,26900,31.02139444,-88.23171389,1,1,2,6,10,2,0,18,0,1,1,1,5,1,1,1,1,1,2,1,1,1,2,1,1,2,2,2,2,2,2,2,2,2,"Alabama",0
"77",10077,1,24973,32.679275,-85.37018056,1,1,2,2,18,2,0,8,0,1,1,0,1,2,10,1,1,2,2,2,1,1,2,2,1,2,2,2,2,2,2,2,2,2,"Alabama",0
"78",10078,1,23778,33.2262,-87.53260833,1,1,2,3,15,2,0,1,0,1,1,0,1,1,10,1,1,2,2,1,1,1,2,2,2,1,2,2,2,2,2,2,2,2,"Alabama",0
"79",10079,1,23510,33.38663333,-86.98794167,2,2,3,7,4,1,0,21,0,1,1,0,3,2,1,1,1,2,1,2,2,1,2,2,2,2,2,1,2,2,2,2,2,2,"Alabama",1
"80",10080,1,25353,32.4551,-86.29180833,1,1,2,3,15,4,0,35,0,1,1,0,4,1,1,1,1,1,2,1,1,1,2,1,2,1,2,1,1,2,2,2,2,2,"Alabama",1
"81",10081,1,19778,34.71134167,-87.66776389,4,4,2,6,12,3,0,12,0,2,2,0,1,1,4,1,1,1,2,1,1,2,2,1,2,2,1,1,2,2,2,2,2,2,"Alabama",1
"82",10082,1,27599,30.43372222,-87.6492,1,1,2,3,21,6,0,1,0,1,1,0,4,2,1,1,1,2,2,2,1,1,2,2,2,1,2,3,2,2,2,2,2,2,"Alabama",0
"83",10083,1,19695,34.74899444,-86.79623056,4,4,3,1,3,2,0,12,0,2,2,0,1,3,1,4,1,1,2,2,2,2,2,1,2,1,1,1,2,2,2,2,2,2,"Alabama",2
"84",10084,1,23764,33.234175,-87.63861667,3,3,3,1,10,2,0,12,0,2,2,0,1,1,1,1,1,2,2,1,2,3,2,1,2,2,2,1,2,1,2,2,2,2,"Alabama",1
"85",10085,1,22976,33.56501111,-85.86320556,1,1,3,1,13,3,0,34,0,1,1,0,4,1,1,1,1,1,2,1,2,1,2,2,2,1,2,1,2,2,2,2,2,2,"Alabama",1
"86",10086,1,19635,34.77878611,-86.65703889,4,4,3,1,17,6,0,12,0,2,2,0,1,3,2,1,1,2,2,1,2,2,2,2,2,2,2,1,1,2,2,2,2,2,"Alabama",1
"87",10087,1,20089,34.54287222,-86.15238889,2,2,3,3,12,3,0,42,0,1,1,0,4,1,2,2,1,1,2,1,1,1,2,1,2,2,2,2,2,1,2,2,2,2,"Alabama",0
"88",10088,1,22167,33.80393333,-87.12784444,1,1,3,3,19,2,0,8,0,1,1,0,1,2,2,1,1,1,2,2,1,1,2,2,1,2,2,3,1,2,2,2,2,2,"Alabama",0
"89",10089,1,27124,30.74889167,-88.13165833,1,1,3,3,18,4,0,42,0,1,1,0,4,2,1,1,1,2,2,2,1,1,2,2,2,2,2,1,2,2,2,2,2,2,"Alabama",1
"90",10090,1,23180,33.49488056,-86.86086944,2,2,3,5,18,6,0,8,0,1,1,0,1,3,10,1,1,2,2,2,1,2,2,2,1,2,2,3,2,2,2,2,2,2,"Alabama",0
"91",10091,1,27137,30.73507222,-88.08218056,4,4,3,3,10,3,0,12,0,2,2,0,1,1,1,1,1,2,2,1,1,2,2,2,2,2,2,3,1,2,2,2,2,2,"Alabama",0
"92",10092,1,25085,32.61657222,-85.37138889,3,3,3,1,19,2,0,1,0,2,3,0,1,2,1,1,1,2,2,2,2,2,1,2,2,2,2,3,1,2,2,2,2,2,"Alabama",0
"93",10093,1,23021,33.54760278,-86.62523889,3,3,3,2,5,1,0,12,0,1,1,0,1,3,2,2,1,2,1,2,2,3,2,1,2,2,2,3,2,2,2,2,2,2,"Alabama",0
"94",10094,1,26752,31.20380833,-87.31095556,1,1,3,6,20,1,0,21,1,19,1,0,3,2,1,1,1,1,1,2,2,1,2,2,2,1,2,2,2,2,2,2,2,2,"Alabama",0
"95",10095,1,25674,32.28422222,-86.34324444,15,15,3,2,8,1,0,12,0,1,1,0,1,1,5,3,1,1,1,1,1,3,2,2,2,1,2,3,2,2,2,2,2,2,"Alabama",0
"96",10096,1,25688,32.27369722,-86.98918611,1,1,3,6,13,4,0,42,0,3,3,0,4,1,1,1,1,1,2,1,1,1,2,1,2,2,2,1,2,2,2,2,2,2,"Alabama",1
"97",10097,1,22084,33.8332,-86.261,2,2,2,4,7,3,0,12,0,1,1,0,1,1,10,2,1,1,2,1,1,2,2,2,2,2,2,2,2,2,2,2,2,2,"Alabama",0
"98",10098,1,26715,31.25823611,-85.43218611,1,1,2,7,19,6,0,8,0,8,1,0,1,3,10,1,1,2,2,2,2,1,2,2,1,2,2,2,2,2,2,2,2,2,"Alabama",0
"99",10099,1,21705,33.93647222,-87.28287222,1,1,3,4,11,4,0,32,0,1,1,0,4,1,10,1,1,1,2,1,1,1,2,2,2,1,2,3,1,2,2,2,2,2,"Alabama",0
"100",10101,1,20144,34.51690278,-87.65490278,2,2,3,7,4,4,0,1,0,1,1,0,4,2,1,1,1,1,2,2,2,1,2,1,2,1,2,1,1,2,2,2,2,2,"Alabama",1
"101",10102,1,25535,32.35867222,-86.24773611,1,1,3,7,3,1,0,25,1,5,1,0,8,3,2,1,1,2,1,2,2,1,2,1,2,2,2,1,2,2,2,2,2,2,"Alabama",1
"102",10103,1,24023,33.06118056,-87.50944444,2,2,2,7,1,4,0,53,0,1,1,0,4,2,1,1,1,1,2,2,2,1,2,1,2,2,2,1,2,2,2,2,1,2,"Alabama",1
"103",10104,1,27349,30.56744167,-87.66604722,3,3,3,5,15,4,0,12,0,2,2,0,1,1,10,2,1,1,2,1,1,2,2,2,2,2,2,3,2,1,2,2,2,2,"Alabama",0
"104",10105,1,19615,34.78616389,-87.69790833,2,2,3,6,99,6,0,42,0,1,1,0,4,2,1,1,1,2,2,3,3,1,2,2,2,2,2,1,2,2,2,2,2,2,"Alabama",1
"105",10106,1,26293,31.769225,-88.18656944,1,1,3,2,23,2,0,42,0,1,1,0,4,2,2,1,1,1,2,2,1,1,2,1,2,2,2,1,2,2,2,2,2,2,"Alabama",1
"106",10107,1,22123,33.82046667,-86.80819444,2,2,3,6,0,2,0,12,0,1,1,0,1,2,2,1,1,1,2,2,1,2,2,2,2,2,1,3,2,2,2,2,2,2,"Alabama",1
"107",10108,1,22324,33.76190556,-86.04343056,3,3,3,6,19,3,0,12,0,1,1,0,1,2,2,1,1,2,2,2,2,2,2,2,2,2,2,3,2,2,2,2,2,2,"Alabama",0
"108",10109,1,24240,32.93260278,-85.39525833,3,3,3,7,10,3,0,12,0,1,1,0,1,1,5,1,1,1,2,1,2,3,2,2,2,2,2,3,2,2,1,2,2,2,"Alabama",0
"109",10110,1,23971,33.09906389,-86.01120278,1,1,3,7,16,3,0,42,0,1,1,0,4,1,10,1,1,1,2,1,2,1,1,2,2,2,2,2,2,2,2,2,2,2,"Alabama",0
"110",10111,1,23725,33.25796389,-87.8056,2,2,3,2,22,4,0,35,0,1,1,0,4,2,1,1,1,1,2,2,1,1,2,1,2,1,2,1,2,2,1,2,2,2,"Alabama",1
"111",10112,1,21514,33.98633611,-87.85301389,1,1,3,7,1,3,0,42,0,1,1,0,4,2,1,1,1,1,2,2,2,1,2,2,2,1,2,2,2,2,2,2,2,2,"Alabama",0
"112",10113,1,22580,33.687975,-86.83011389,2,2,4,7,20,1,0,8,0,1,1,0,1,2,1,1,1,2,1,2,2,1,2,2,1,2,2,3,2,2,2,2,2,2,"Alabama",0
"113",10114,1,27216,30.66108056,-87.87046944,2,2,4,4,22,1,0,12,0,1,1,0,1,2,1,1,1,2,1,2,1,2,2,2,2,2,2,1,2,2,2,2,2,2,"Alabama",1
"114",10115,1,21859,33.900625,-87.46942778,1,1,3,6,23,1,0,1,0,1,1,0,1,2,10,1,1,1,1,2,2,1,2,2,2,1,2,3,2,2,2,2,2,1,"Alabama",0
"115",10116,1,26704,31.26938889,-87.21400556,3,3,3,7,21,1,0,12,0,1,1,0,1,2,1,1,1,1,1,2,2,2,1,2,2,2,2,2,2,2,2,2,2,1,"Alabama",0
"116",10117,1,26909,31.00395,-87.67861667,5,5,3,4,19,1,0,12,0,1,1,0,1,2,10,1,1,1,1,2,1,2,2,2,1,2,2,2,2,2,1,2,2,2,"Alabama",0
"117",10118,1,20045,34.56162222,-86.97040556,2,2,3,1,4,3,0,30,0,1,1,0,4,3,1,1,1,2,2,2,2,1,2,2,2,2,2,2,2,2,2,2,2,2,"Alabama",1
"118",10119,1,23719,33.26156389,-87.70531111,2,2,3,1,20,2,0,12,0,1,1,0,1,2,10,1,1,1,2,2,2,2,2,2,2,2,2,3,2,1,1,2,2,2,"Alabama",0
"119",10120,1,22042,33.84600556,-86.27015,2,2,3,3,13,2,0,12,0,1,1,0,1,1,10,1,1,1,2,1,1,2,2,1,2,2,2,3,2,2,2,2,2,2,"Alabama",0
"120",10121,1,25197,32.54603889,-86.18844444,3,3,3,1,14,3,0,12,0,1,1,0,1,1,1,1,1,2,2,1,2,2,1,1,2,2,1,3,2,2,1,2,2,2,"Alabama",0
"121",10122,1,25257,32.50412778,-86.57332778,1,1,3,3,11,4,0,34,0,1,1,0,4,1,10,1,1,1,2,1,1,1,2,2,2,2,2,2,2,2,2,2,2,2,"Alabama",0
"122",10123,1,20729,34.22031111,-86.82949444,3,3,3,2,7,4,0,12,0,2,2,0,1,1,1,1,1,1,2,1,1,2,2,2,2,1,2,2,2,1,2,2,2,2,"Alabama",0
"123",10124,1,19838,34.67851667,-86.74731667,1,1,3,2,10,6,0,8,0,3,2,0,1,1,1,1,1,2,2,1,1,1,2,2,1,2,2,2,2,2,2,2,2,2,"Alabama",0
"124",10125,1,25694,32.26903333,-85.01148611,4,4,3,3,15,4,0,38,0,1,1,0,5,1,1,2,1,1,2,1,1,1,2,2,2,2,2,2,1,2,2,2,2,2,"Alabama",0
"125",10126,1,26671,31.31268333,-85.92972222,2,2,3,5,12,3,0,12,0,1,1,0,1,1,1,1,1,1,2,1,1,2,2,2,2,1,2,3,2,2,2,2,2,2,"Alabama",0
"126",10127,1,26525,31.48936944,-85.91373056,5,5,3,6,21,3,0,12,0,2,2,0,1,6,10,2,1,1,2,2,2,2,2,2,2,2,2,3,2,1,1,2,2,2,"Alabama",0
"127",10128,1,25028,32.65625,-87.87543889,1,1,3,6,21,4,0,8,0,1,1,0,1,2,1,1,1,1,2,2,2,1,2,1,1,2,2,3,2,2,2,1,2,2,"Alabama",0
"128",10129,1,20184,34.49746111,-85.85248056,3,3,3,3,7,6,0,12,0,2,3,0,1,1,1,1,1,1,2,1,1,2,2,2,2,2,2,3,2,2,1,2,2,2,"Alabama",0
"129",10130,1,27190,30.69029167,-88.02360278,3,3,3,3,8,2,0,12,0,1,1,0,1,1,10,1,1,2,2,1,1,2,2,2,2,2,2,2,2,2,2,2,2,2,"Alabama",0
"130",10131,1,21452,34.004025,-87.74586944,2,2,3,3,19,4,0,8,0,1,1,0,1,2,1,1,1,1,2,2,1,1,2,2,1,2,2,2,2,2,2,2,2,2,"Alabama",0
"131",10132,1,19740,34.72875556,-86.75015278,3,3,3,5,4,6,0,12,0,2,2,0,1,3,1,1,1,2,2,2,1,2,2,2,2,2,2,3,2,2,2,2,2,1,"Alabama",0
"132",10133,1,26906,31.00971111,-88.15887222,2,2,3,5,8,4,0,12,0,8,1,0,1,1,10,1,1,1,2,1,1,2,2,2,2,2,2,2,2,2,2,2,2,2,"Alabama",0
"133",10134,1,21272,34.05098889,-86.18392778,2,2,3,6,23,2,0,12,0,2,3,0,1,2,10,1,1,1,2,2,2,2,2,2,2,2,2,3,1,2,2,2,2,2,"Alabama",0
"134",10135,1,22704,33.650575,-85.74323889,3,3,3,6,21,4,0,12,0,1,1,0,1,2,10,1,1,1,2,2,2,3,2,1,2,2,2,1,2,2,2,2,2,2,"Alabama",1
"135",10136,1,23227,33.48036667,-87.59326389,2,2,3,7,4,4,0,42,0,1,1,0,4,2,1,1,1,1,2,2,2,1,2,2,2,2,2,1,2,2,1,2,2,2,"Alabama",1
"136",10137,1,23260,33.47045,-86.87328889,2,2,3,2,19,6,0,8,0,1,1,0,1,5,1,1,1,2,2,2,1,1,2,2,1,2,2,2,2,2,1,2,2,2,"Alabama",0
"137",10138,1,21840,33.90453611,-86.02566667,4,4,4,6,19,3,0,12,0,1,1,0,1,2,1,1,1,2,2,2,2,3,2,2,2,1,2,3,1,1,2,2,2,2,"Alabama",0
"138",10139,1,20751,34.21063056,-86.88754444,4,4,4,6,11,3,0,12,0,1,1,0,1,1,10,1,1,2,2,1,1,3,2,2,2,1,2,3,2,2,1,2,2,2,"Alabama",0
"139",10140,1,23616,33.32356944,-86.61827778,3,3,4,7,18,4,0,12,0,1,1,0,1,1,1,1,1,1,2,2,2,2,2,2,2,2,2,1,2,2,2,2,2,2,"Alabama",1
"140",10141,1,26756,31.19800278,-87.31778056,14,14,4,5,16,1,0,12,0,1,1,0,1,1,1,1,1,1,1,1,1,3,2,2,2,2,2,3,2,2,1,2,2,2,"Alabama",0
"141",10142,1,26866,31.06918889,-85.26763889,2,2,3,7,20,4,0,42,0,1,1,0,5,2,1,2,1,1,2,2,2,1,1,2,2,2,2,3,2,2,2,2,2,2,"Alabama",1
"142",10143,1,25614,32.32344444,-86.23832778,2,2,3,2,0,6,0,12,0,2,2,0,1,3,1,1,1,2,2,2,2,2,1,2,2,2,2,1,1,2,2,2,2,2,"Alabama",2
"143",10144,1,25515,32.36861667,-86.35498056,4,4,3,3,19,6,0,12,0,3,2,0,1,3,1,1,1,2,2,2,1,2,2,2,2,2,2,1,2,2,2,2,2,2,"Alabama",1