"","ST_CASE","OBJECT_ID","FID","LATITUDE","LONGITUD","PERMVIT","PERSONS","MONTH","DAY_WEEK","HOUR","ROUTE","SP_JUR","HARM_EV","RELJCT1","RELJCT2","TYP_INT","WRK_ZONE","REL_ROAD","LGT_COND","WEATHER","FATALS","STATE","A_RU","A_INTER","A_TOD","A_DOW","A_CT","A_MC","A_SPCRA","A_PED","A_ROLL","A_POLPUR","A_POSBAC","A_D15_20","A_D65PLS","A_D21_24","A_HR","A_DIST","A_DROWSY","STATE_NAME","drunkDr"
"426",10428,1,19675,34.75677778,-88.06955833,2,2,8,4,19,4,0,34,0,1,1,0,4,2,2,1,1,1,2,2,1,1,2,1,2,1,2,2,1,2,2,2,2,2,"Alabama",0
"427",10429,1,23389,33.42797778,-86.70725278,1,1,8,4,5,2,0,8,0,3,2,0,1,1,1,1,1,2,2,2,1,1,2,2,1,2,2,3,2,2,2,1,2,2,"Alabama",0
"428",10430,1,19343,34.90965278,-87.03015556,3,3,8,5,15,4,0,1,0,1,1,0,4,1,2,1,1,1,2,1,1,1,2,1,2,1,2,3,1,2,2,2,2,2,"Alabama",0
"429",10431,1,23978,33.09428333,-87.45980278,2,2,8,1,1,2,0,1,0,1,1,0,4,2,1,1,1,1,2,2,2,1,2,1,2,1,2,3,2,2,2,2,2,2,"Alabama",1
"430",10432,1,27183,30.69178333,-88.16156389,1,1,8,4,17,6,0,42,0,3,3,0,4,1,1,1,1,2,2,1,1,1,2,2,2,2,2,2,2,1,2,2,2,2,"Alabama",0
"431",10433,1,23127,33.51111389,-86.82348611,1,1,8,5,1,6,0,33,0,3,2,0,4,3,1,1,1,2,2,2,1,1,1,2,2,2,2,3,2,2,1,2,1,2,"Alabama",0
"432",10434,1,22624,33.67538056,-87.05736944,2,2,8,5,16,4,0,42,0,1,1,0,4,1,1,1,1,1,2,1,1,1,2,1,2,2,2,1,2,2,2,2,2,2,"Alabama",1
"433",10435,1,20827,34.18810556,-85.63244167,2,2,8,6,15,3,0,1,0,1,1,0,4,1,1,1,1,1,2,1,1,1,2,1,2,1,2,2,2,2,2,2,2,2,"Alabama",1
"434",10436,1,25358,32.45371389,-88.39147222,1,1,8,2,12,1,0,52,0,1,1,0,3,1,1,1,1,1,1,1,1,1,2,2,2,2,2,3,2,1,2,2,2,1,"Alabama",0
"435",10438,1,25782,32.20970556,-86.40760278,2,2,8,5,15,1,0,12,0,1,1,0,1,1,10,1,1,1,1,1,1,2,2,2,2,2,2,2,2,2,2,2,2,2,"Alabama",0
"436",10439,1,23027,33.544375,-86.92569444,2,2,7,1,1,4,0,42,0,1,1,0,4,2,10,1,1,2,2,2,2,1,2,1,2,2,2,1,2,2,2,2,2,2,"Alabama",1
"437",10440,1,26740,31.21441111,-87.05674167,4,4,7,4,12,2,0,12,0,1,1,0,1,1,1,1,1,1,2,1,1,3,1,2,2,2,2,3,2,1,2,2,2,2,"Alabama",0
"438",10441,1,21992,33.86304722,-87.10010556,3,3,7,3,7,4,0,12,0,1,1,0,1,1,10,1,1,1,2,1,1,2,2,2,2,2,2,3,2,2,2,2,1,2,"Alabama",0
"439",10442,1,27454,30.49436389,-88.24364722,1,1,7,6,6,4,0,8,0,1,1,0,4,1,1,1,1,2,2,1,1,1,2,2,1,1,2,3,2,2,2,2,2,1,"Alabama",0
"440",10443,1,20232,34.47093056,-88.13567778,1,1,8,6,9,4,0,1,0,1,1,0,4,1,1,1,1,1,2,1,1,1,2,2,2,1,2,2,2,1,2,2,2,2,"Alabama",0
"441",10444,1,25914,32.10137222,-85.57135556,1,1,8,6,23,2,0,42,0,1,1,0,4,2,1,1,1,1,2,2,2,1,2,2,2,2,2,1,2,2,2,2,2,2,"Alabama",1
"442",10445,1,20857,34.17414167,-87.11667778,1,1,8,7,4,3,0,8,0,1,1,0,1,2,10,1,1,1,2,2,2,1,2,2,1,2,2,2,2,1,2,2,2,2,"Alabama",0
"443",10446,1,25346,32.45577222,-85.19814444,1,1,8,1,11,3,0,8,0,1,1,0,5,1,1,1,1,2,2,1,2,1,2,2,1,2,2,2,2,1,2,2,1,2,"Alabama",0
"444",10447,1,26202,31.84581111,-85.62561389,1,1,8,7,0,4,0,1,0,1,1,0,1,2,1,1,1,1,2,2,2,1,2,2,2,1,2,1,2,2,2,2,2,2,"Alabama",1
"445",10448,1,25699,32.26674444,-86.61148611,1,1,8,4,17,2,0,1,0,1,1,0,4,1,1,1,1,1,2,1,1,1,2,2,2,1,2,2,2,2,2,2,2,2,"Alabama",0
"446",10449,1,24540,32.812775,-85.78398056,1,1,8,6,22,3,0,8,0,1,1,0,1,3,1,1,1,1,2,2,2,1,2,2,1,2,2,2,1,2,2,2,2,2,"Alabama",0
"447",10450,1,26576,31.42956111,-87.09035556,2,2,8,7,13,2,0,12,0,1,1,0,1,1,1,1,1,1,2,1,2,2,2,1,2,2,2,3,2,2,2,2,2,2,"Alabama",0
"448",10451,1,23598,33.33383333,-86.02645278,7,7,8,7,20,3,0,12,0,1,1,0,1,2,1,1,1,1,2,2,2,3,2,2,2,2,2,1,2,1,2,2,2,2,"Alabama",1
"449",10452,1,23129,33.51014167,-86.86953333,1,1,8,1,4,6,0,33,0,3,3,0,3,3,1,1,1,2,2,2,2,1,2,1,2,1,2,3,2,2,2,2,2,2,"Alabama",1
"450",10453,1,19524,34.82614167,-85.84038056,1,1,8,6,7,2,0,35,0,1,1,0,4,1,1,1,1,1,2,1,1,1,2,1,2,1,2,1,2,2,2,2,2,2,"Alabama",1
"451",10454,1,23620,33.32171389,-86.21016389,4,4,8,3,12,3,0,12,0,1,1,0,1,1,10,1,1,1,2,1,1,2,2,1,2,2,2,3,2,2,2,2,2,2,"Alabama",0
"452",10455,1,23742,33.24731667,-87.14976667,2,2,8,5,20,4,0,1,0,1,1,0,4,2,1,2,1,1,2,2,1,1,2,1,2,1,2,2,2,2,1,2,2,2,"Alabama",0
"453",10456,1,20651,34.24499167,-86.86823056,1,1,8,7,9,2,0,35,0,1,1,0,4,1,1,1,1,1,2,1,2,1,2,2,2,1,2,1,2,2,2,2,2,2,"Alabama",1
"454",10457,1,25653,32.29776111,-86.33868611,1,1,8,2,13,1,0,32,0,1,1,0,3,1,10,1,1,2,1,1,1,1,2,2,2,1,2,2,2,2,2,2,2,2,"Alabama",0
"455",10458,1,27185,30.69135,-87.70736389,2,2,8,1,14,4,0,42,0,1,1,0,4,1,1,1,1,1,2,1,2,1,2,2,2,1,1,2,2,2,2,2,2,2,"Alabama",0
"456",10459,1,23724,33.26021111,-87.53336667,3,3,8,7,2,6,0,34,0,1,1,0,4,2,10,1,1,2,2,2,2,1,2,1,2,2,2,1,2,2,2,2,2,2,"Alabama",1
"457",10460,1,26850,31.0817,-87.48063056,3,3,8,3,10,3,0,12,0,2,3,0,1,1,2,1,1,1,2,1,1,2,2,1,2,2,2,2,2,1,1,2,2,2,"Alabama",0
"458",10461,1,24226,32.94123889,-86.73683333,2,2,8,4,23,2,0,35,0,1,1,0,4,9,1,1,1,1,2,2,1,1,2,2,2,2,2,3,2,2,2,2,2,2,"Alabama",0
"459",10462,1,19577,34.80620278,-86.77185833,1,1,8,5,19,4,0,59,0,1,1,0,4,1,1,1,1,1,2,2,1,1,1,1,2,2,2,3,2,2,2,2,2,2,"Alabama",0
"460",10463,1,25194,32.54768333,-85.10202222,3,3,8,5,9,2,0,12,0,8,1,0,1,1,1,1,1,2,2,1,1,2,2,2,2,2,2,3,2,2,2,2,2,2,"Alabama",1
"461",10464,1,23657,33.29833056,-87.59918333,4,4,8,4,14,2,0,12,0,1,1,2,1,1,1,1,1,2,2,1,1,2,2,2,2,2,2,2,2,1,1,2,1,2,"Alabama",0
"462",10465,1,26243,31.81560556,-85.96984444,1,1,8,1,20,6,0,8,0,8,1,0,1,3,1,1,1,2,2,2,2,1,2,2,1,2,2,2,2,2,1,2,2,2,"Alabama",0
"463",10466,1,25686,32.27793333,-86.30704444,2,2,8,2,12,6,0,12,0,2,2,0,1,1,10,1,1,2,2,1,1,2,2,2,2,1,2,2,2,2,2,2,2,2,"Alabama",0
"464",10467,1,22577,33.69000556,-85.67726667,3,3,8,7,12,3,0,12,0,1,1,0,1,1,10,1,1,1,2,1,2,2,2,2,2,2,2,3,2,2,1,2,2,2,"Alabama",0
"465",10468,1,25036,32.65071111,-86.49687778,2,4,8,4,13,1,0,14,0,1,1,1,4,1,1,1,1,1,1,1,1,1,2,2,1,2,2,3,2,2,2,1,2,2,"Alabama",0
"466",10469,1,19682,34.75413889,-87.97131667,2,2,7,1,15,3,0,12,0,2,2,0,1,1,1,1,1,1,2,1,2,2,2,2,2,2,2,3,2,1,2,2,2,2,"Alabama",0
"467",10470,1,20726,34.22065556,-85.59025556,1,1,8,6,13,3,0,32,0,1,1,0,4,1,10,1,1,1,2,1,1,1,2,2,2,2,2,2,2,2,2,2,2,2,"Alabama",0
"468",10471,1,25509,32.37037778,-85.65873611,2,2,8,2,3,2,0,8,0,1,1,0,1,2,1,1,1,1,2,2,2,1,2,2,1,2,2,3,2,2,2,2,2,2,"Alabama",0
"469",10472,1,25132,32.58477778,-85.17453056,3,3,8,3,7,4,0,12,0,2,2,0,1,1,1,1,1,1,2,1,1,2,2,2,2,2,2,3,2,2,2,2,2,2,"Alabama",0
"470",10473,1,25714,32.25831944,-87.40155278,3,3,8,6,11,3,0,12,0,2,3,0,1,1,1,3,1,1,2,1,1,2,2,2,2,1,2,1,2,2,1,2,2,2,"Alabama",2
"471",10474,1,26405,31.63247778,-87.45451111,3,3,8,2,8,4,0,12,0,1,1,0,1,1,10,1,1,1,2,1,1,2,2,2,2,2,2,2,2,1,2,2,1,2,"Alabama",0
"472",10475,1,26228,31.82749167,-86.09716389,1,1,8,6,22,4,0,1,0,1,1,0,1,3,1,1,1,1,2,2,2,1,2,2,2,1,2,1,2,2,2,2,2,2,"Alabama",1
"473",10476,1,21951,33.87544722,-86.53668056,1,1,8,7,8,3,0,9,0,1,1,0,2,1,1,1,1,1,2,1,2,1,2,2,2,2,2,2,2,2,2,2,1,2,"Alabama",0
"474",10477,1,21264,34.05227778,-87.54701667,1,1,8,2,10,3,0,34,0,1,1,0,4,1,10,1,1,1,2,1,1,1,2,2,2,1,2,2,2,2,2,2,2,2,"Alabama",0
"475",10478,1,19931,34.62778889,-86.05103611,2,2,9,5,12,3,0,12,0,2,2,0,1,1,1,1,1,2,2,1,1,2,1,2,2,2,2,3,2,1,2,2,2,2,"Alabama",0
"476",10479,1,25208,32.53988056,-87.18031389,3,3,9,6,4,3,0,38,0,1,1,0,4,2,1,1,1,1,2,2,1,1,2,1,2,1,2,1,2,2,1,1,2,2,"Alabama",1
"477",10480,1,23104,33.51985278,-86.85704722,1,1,8,7,19,1,0,1,0,1,1,0,4,1,1,1,1,2,1,2,2,1,2,2,2,1,2,3,2,2,2,2,2,2,"Alabama",0
"478",10481,1,26638,31.34900833,-87.08675556,1,1,8,1,15,1,0,1,0,1,1,0,4,1,1,1,1,1,1,1,2,1,2,2,2,1,2,3,2,2,2,2,2,2,"Alabama",0
"479",10482,1,23102,33.5211,-86.84784444,1,1,9,1,11,1,0,35,0,1,1,0,4,1,1,1,1,2,1,1,2,1,2,2,2,2,2,3,1,2,2,2,2,2,"Alabama",0
"480",10483,1,19515,34.82931389,-87.66733611,6,6,8,7,15,6,0,12,0,2,2,0,1,1,1,1,1,2,2,1,2,2,2,2,2,2,2,2,2,2,2,2,2,2,"Alabama",0
"481",10484,1,21242,34.05779167,-86.11824167,7,7,8,6,16,3,0,12,0,1,1,0,1,1,10,1,1,1,2,1,1,3,2,2,2,1,2,2,2,2,2,2,2,2,"Alabama",0
"482",10485,1,26062,31.98090278,-87.21265,1,1,8,7,21,3,0,42,0,1,1,0,4,2,10,1,1,1,2,2,2,1,2,1,2,1,2,3,2,2,1,2,2,2,"Alabama",1
"483",10486,1,24228,32.94029722,-87.22738889,3,3,9,3,18,4,0,12,0,1,1,0,1,5,1,1,1,1,2,2,1,2,2,2,2,1,2,1,2,2,1,2,2,2,"Alabama",1
"484",10487,1,25900,32.12258056,-86.49825278,1,1,9,3,22,4,0,42,0,1,1,0,4,2,1,1,1,1,2,2,1,1,2,2,2,2,2,1,2,2,2,2,2,2,"Alabama",1
"485",10488,1,25226,32.526925,-85.33935,1,1,9,3,19,4,0,1,0,1,1,0,4,2,1,1,1,1,2,2,1,1,2,1,2,1,2,2,2,2,2,2,2,2,"Alabama",1
"486",10489,1,23035,33.54090556,-86.81627778,2,2,9,6,21,6,0,8,0,3,2,0,1,3,1,1,1,2,2,2,2,1,2,2,1,2,2,3,2,2,2,2,2,2,"Alabama",0
"487",10490,1,27453,30.49453333,-88.199425,3,3,9,6,19,4,0,12,0,1,1,0,1,2,1,2,1,2,2,2,2,2,2,2,2,2,2,3,2,2,1,2,2,2,"Alabama",0
"488",10491,1,24054,33.03284722,-87.14121389,3,3,9,7,3,3,0,12,0,1,1,0,1,2,1,1,1,1,2,2,2,2,2,2,2,2,2,2,2,2,2,2,2,2,"Alabama",0
"489",10492,1,23842,33.18494167,-86.54260833,1,1,9,2,17,4,0,30,0,1,1,0,4,1,1,1,1,2,2,1,1,1,2,2,2,1,2,1,2,2,2,2,2,2,"Alabama",1
"490",10493,1,20605,34.26464167,-86.98926111,1,1,9,2,18,3,0,59,0,1,1,0,4,2,1,1,1,1,2,2,1,1,2,1,2,2,2,2,1,2,2,2,2,2,"Alabama",0
"491",10494,1,23042,33.53893889,-86.86906667,2,2,9,2,15,6,0,12,0,2,2,0,1,1,1,1,1,2,2,1,1,2,1,2,2,2,2,3,2,2,2,2,2,2,"Alabama",0
"492",10495,1,27086,30.77891667,-87.78141944,3,3,8,1,21,2,0,35,0,1,1,0,4,2,10,1,1,1,2,2,2,1,2,1,2,1,2,1,2,2,2,2,2,2,"Alabama",1
"493",10496,1,27081,30.78199444,-88.09885,1,1,8,4,22,1,0,18,0,1,1,0,1,3,1,1,1,2,1,2,1,1,2,2,2,2,2,2,2,2,2,2,2,2,"Alabama",0
"494",10497,1,24663,32.7785,-86.56991667,2,2,8,3,5,1,0,12,0,1,1,0,1,2,1,1,1,1,1,2,1,2,2,2,2,1,2,2,2,2,2,2,2,2,"Alabama",0
"495",10498,1,26705,31.26866389,-85.44585278,1,1,8,6,22,2,0,8,0,1,1,0,1,2,1,1,1,2,2,2,2,1,2,2,1,2,2,2,2,2,2,2,2,2,"Alabama",0
"496",10499,1,20823,34.18858333,-86.82737778,2,2,8,7,18,6,0,12,0,1,1,0,1,1,2,1,1,2,2,2,2,2,2,1,2,2,2,3,1,2,1,2,2,2,"Alabama",0
"497",10500,1,25336,32.45874722,-85.08882222,1,1,9,5,20,4,0,42,0,1,1,0,4,3,1,1,1,1,2,2,1,1,2,2,2,2,2,2,2,2,2,2,2,2,"Alabama",0
"498",10501,1,27198,30.67998611,-88.07411111,3,3,9,7,1,2,0,12,0,2,3,0,1,3,10,1,1,2,2,2,2,2,2,2,2,2,2,1,2,2,2,1,2,2,"Alabama",1
"499",10502,1,20213,34.48153333,-87.62718611,6,6,9,1,20,4,0,12,0,2,2,0,1,3,1,1,1,1,2,2,2,2,2,2,2,2,2,3,2,2,2,2,2,2,"Alabama",0
"500",10503,1,22474,33.72197222,-86.28931667,3,3,9,4,21,2,0,42,0,1,1,0,4,2,10,1,1,1,2,2,1,2,2,1,2,2,2,3,2,2,2,2,2,2,"Alabama",0
"501",10504,1,20103,34.53920833,-86.58831667,1,1,9,4,22,3,0,35,0,1,1,0,4,2,1,1,1,1,2,2,1,1,2,1,2,1,2,1,2,2,2,2,2,2,"Alabama",1
"502",10505,1,26419,31.60698056,-88.33253611,2,2,9,5,9,6,0,12,0,1,1,0,1,1,1,1,1,1,2,1,1,2,2,2,2,2,2,3,2,1,2,2,2,2,"Alabama",0
"503",10506,1,20192,34.49216389,-86.96534722,1,1,9,5,17,2,0,21,0,1,1,0,3,1,1,1,1,1,2,1,1,1,2,2,2,1,2,2,2,2,2,2,2,2,"Alabama",1
"504",10507,1,25640,32.30544722,-86.40833056,2,2,9,1,23,6,0,12,0,1,1,0,1,3,1,1,1,1,2,2,2,2,2,2,2,1,2,1,2,2,1,2,2,2,"Alabama",1
"505",10508,1,21129,34.08675278,-85.49345556,1,1,9,1,4,4,0,42,0,1,1,0,4,2,1,1,1,1,2,2,2,1,2,1,2,2,2,1,1,2,2,2,2,2,"Alabama",1
"506",10509,1,25258,32.50234722,-85.00952222,2,2,9,1,3,2,0,12,0,1,1,0,1,2,1,1,1,2,2,2,2,2,1,1,2,2,2,3,2,2,1,2,2,2,"Alabama",0
"507",10510,1,23859,33.17347778,-87.46932222,1,1,9,1,11,1,0,24,1,5,1,0,4,1,1,1,1,1,1,1,2,1,2,2,2,1,2,2,2,2,2,2,2,2,"Alabama",0
"508",10511,1,27105,30.760275,-88.15331389,1,1,9,2,0,3,0,34,0,3,3,0,4,2,1,1,1,1,2,2,2,1,2,2,2,1,2,1,2,1,2,2,2,2,"Alabama",1
"509",10512,1,22816,33.61904722,-85.65399444,1,1,9,2,9,1,0,14,0,1,1,0,4,1,1,1,1,2,1,1,1,1,2,2,2,2,2,2,2,2,2,2,2,2,"Alabama",0
"510",10513,1,23595,33.33534722,-86.02623611,2,2,9,2,17,3,0,12,0,8,1,0,1,1,1,1,1,1,2,1,1,2,2,1,2,2,2,2,2,2,2,2,2,2,"Alabama",0
"511",10514,1,23875,33.16858056,-86.69533333,1,1,9,2,1,3,0,43,0,1,1,0,4,2,1,1,1,1,2,2,2,1,2,2,2,1,2,2,2,2,2,2,2,1,"Alabama",0
"512",10515,1,19859,34.66584722,-86.77598056,1,1,9,4,19,1,0,42,1,19,1,0,4,3,10,1,1,2,1,2,1,1,2,2,2,2,2,2,2,2,2,2,2,2,"Alabama",0
"513",10516,1,24820,32.735025,-88.10215278,4,4,9,5,11,1,0,59,0,1,1,0,3,1,1,1,1,1,1,1,1,2,2,2,2,2,2,3,2,1,2,2,2,2,"Alabama",0
"514",10517,1,23857,33.174225,-87.55517222,2,2,9,7,0,1,0,24,1,19,1,0,4,3,1,1,1,2,1,2,2,1,2,2,2,1,2,1,2,2,1,2,1,2,"Alabama",1
"515",10518,1,22729,33.64369722,-86.97374444,3,3,8,3,23,6,0,42,0,1,1,0,4,2,1,1,1,2,2,2,1,1,2,1,2,2,2,3,2,1,2,2,2,2,"Alabama",0
"516",10519,1,19428,34.87323333,-87.60404167,2,2,7,6,21,4,0,42,0,3,3,0,4,2,1,2,1,2,2,2,2,1,2,2,2,1,2,1,2,2,2,2,2,2,"Alabama",1
"517",10520,1,27634,30.41448333,-87.533325,5,5,8,6,22,2,0,8,0,1,1,0,4,2,1,1,1,1,2,2,2,1,2,2,1,2,2,2,2,2,2,1,2,2,"Alabama",0
"518",10521,1,26835,31.09681111,-87.082125,2,2,8,3,14,2,0,12,0,1,1,0,1,1,1,1,1,1,2,1,1,2,2,2,2,2,2,3,2,2,2,2,2,2,"Alabama",0
"519",10522,1,19495,34.84385833,-87.66106944,3,3,8,2,12,6,0,12,0,3,2,0,1,1,1,1,1,2,2,1,1,3,2,2,2,2,2,3,2,1,1,2,1,2,"Alabama",0
"520",10523,1,26948,30.94462222,-88.21673333,2,2,9,7,3,2,0,42,0,1,1,0,4,2,1,2,1,1,2,2,2,1,2,2,2,2,2,1,2,2,2,2,2,2,"Alabama",1
"521",10524,1,21070,34.10403889,-86.78763333,1,1,9,3,8,4,0,10,0,6,1,0,1,1,10,1,1,1,2,1,1,1,2,2,2,1,2,3,2,2,2,2,2,2,"Alabama",0
"522",10525,1,23363,33.43821944,-87.76737222,2,2,9,5,11,3,0,12,0,1,1,0,1,1,10,1,1,2,2,1,1,2,2,2,2,2,2,3,2,1,2,2,2,2,"Alabama",0
"523",10526,1,24449,32.84420833,-87.89558611,1,1,9,7,21,3,0,42,0,1,1,0,4,2,1,1,1,1,2,2,2,1,2,2,2,2,2,3,2,2,2,2,2,1,"Alabama",0
"524",10527,1,26398,31.63905833,-87.14688889,1,1,9,7,22,4,0,1,0,1,1,0,4,2,1,1,1,1,2,2,2,1,2,2,2,1,2,1,2,2,2,2,2,2,"Alabama",1
"525",10528,1,20050,34.55937222,-87.34091111,1,1,9,1,0,3,0,8,0,1,1,0,1,2,1,1,1,1,2,2,2,1,2,2,1,2,2,3,2,2,2,2,2,2,"Alabama",0
"526",10529,1,25392,32.436775,-86.21812222,1,1,9,5,5,2,0,8,0,1,1,0,1,2,1,1,1,2,2,2,1,1,2,2,1,2,2,2,2,2,2,2,2,2,"Alabama",0
"527",10530,1,23785,33.222925,-87.53211389,2,2,9,6,1,2,0,12,0,1,1,0,1,3,1,1,1,2,2,2,1,2,1,2,2,2,2,1,2,2,2,2,2,2,"Alabama",1
"528",10531,1,27052,30.8135,-88.36096944,1,1,9,1,22,4,0,42,0,1,1,0,4,2,1,1,1,1,2,2,2,1,2,1,2,2,2,2,2,2,2,2,2,2,"Alabama",0
"529",10532,1,20346,34.40472778,-85.96512222,2,2,9,2,5,3,0,12,0,2,2,0,1,2,10,1,1,1,2,2,2,2,2,2,2,2,2,2,2,2,2,2,2,2,"Alabama",0
"530",10533,1,22720,33.64639444,-85.87656944,1,1,9,2,21,3,0,8,0,1,1,0,1,2,1,1,1,2,2,2,1,1,2,2,1,2,2,3,2,2,2,2,2,2,"Alabama",0
"531",10534,1,26895,31.02536944,-87.44512778,2,2,9,4,5,3,0,12,0,1,1,0,1,2,10,1,1,1,2,2,1,2,2,2,2,2,2,2,2,2,2,2,2,2,"Alabama",0
"532",10535,1,23668,33.29154444,-87.92945833,2,2,9,5,9,3,0,12,0,1,1,0,1,1,1,1,1,1,2,1,1,2,2,2,2,2,2,3,2,2,2,2,2,2,"Alabama",0
"533",10536,1,26773,31.17381667,-87.16107778,3,3,9,6,4,3,0,1,0,1,1,0,4,2,1,1,1,1,2,2,1,1,2,2,2,1,2,1,1,2,2,2,2,2,"Alabama",1
"534",10537,1,23101,33.52110278,-86.84503056,4,4,9,5,14,1,0,12,0,1,1,0,1,1,1,1,1,2,1,1,1,3,2,2,2,1,2,3,2,2,2,2,2,2,"Alabama",0
"535",10538,1,21365,34.02789444,-86.87176667,4,4,9,1,1,1,0,32,0,1,1,0,3,2,10,1,1,1,1,2,2,2,2,1,2,1,2,3,2,2,1,1,2,2,"Alabama",0
"536",10539,1,25320,32.46734444,-87.59397222,3,3,8,5,4,2,0,12,0,3,2,0,1,2,1,1,1,1,2,2,1,2,2,2,2,2,2,3,1,2,2,2,2,2,"Alabama",0
"537",10540,1,23689,33.28007778,-86.89893333,1,1,9,6,23,4,0,1,0,1,1,0,4,2,1,1,1,2,2,2,2,1,2,2,2,1,2,1,1,2,2,2,2,2,"Alabama",1
"538",10541,1,20082,34.54526667,-87.28018611,2,2,9,3,5,3,0,42,0,1,1,0,4,4,1,2,1,1,2,2,1,1,2,2,2,1,2,2,2,1,2,2,2,2,"Alabama",0
"539",10542,1,24528,32.81650833,-85.265375,1,1,9,5,16,4,0,42,0,1,1,0,4,1,10,1,1,1,2,1,1,1,2,1,2,2,2,1,2,2,1,2,2,2,"Alabama",1
"540",10543,1,27301,30.60379722,-87.84253889,1,1,9,7,21,4,0,8,0,1,1,0,4,1,1,1,1,2,2,2,2,1,2,2,1,2,2,2,1,2,2,1,2,2,"Alabama",0
"541",10544,1,22758,33.63628056,-85.82541667,2,2,9,2,18,2,0,12,0,8,1,0,1,1,1,1,1,2,2,2,1,2,1,2,2,2,2,3,1,2,2,2,2,2,"Alabama",0
"542",10545,1,20598,34.26613333,-87.51612222,2,2,9,2,13,3,0,12,0,1,1,0,1,1,1,1,1,1,2,1,1,2,2,2,2,2,2,2,2,2,2,2,2,2,"Alabama",0
"543",10546,1,20351,34.40231944,-87.13538889,2,2,9,4,7,3,0,12,0,1,1,0,1,1,1,1,1,1,2,1,1,2,2,2,2,2,2,3,2,2,2,2,1,2,"Alabama",0
"544",10547,1,27234,30.64865833,-88.16042222,1,1,9,4,19,6,0,8,0,1,1,0,1,3,1,1,1,2,2,2,1,1,2,2,1,2,2,3,2,2,1,2,2,2,"Alabama",0
"545",10548,1,23031,33.54351111,-86.76575556,2,2,9,5,11,6,0,12,0,3,2,0,1,1,1,1,1,2,2,1,1,2,2,2,2,2,2,3,2,1,2,2,2,2,"Alabama",0
"546",10549,1,22501,33.71455556,-87.64629444,6,6,9,5,11,3,0,12,0,1,1,1,1,1,1,1,1,1,2,1,1,3,2,1,2,2,2,3,2,1,2,2,2,2,"Alabama",0
"547",10550,1,23881,33.16198056,-87.62628889,1,1,9,7,4,2,0,8,0,1,1,0,1,2,5,1,1,2,2,2,2,1,2,2,1,2,2,3,2,2,2,2,2,2,"Alabama",0
"548",10551,1,25101,32.60963611,-86.47225833,1,1,9,7,19,2,0,35,0,1,1,0,4,2,1,1,1,1,2,2,2,1,2,1,2,1,2,3,2,2,1,2,2,2,"Alabama",0
"549",10552,1,26360,31.69662222,-86.26620833,2,2,9,7,20,2,0,8,0,1,1,0,1,3,1,1,1,1,2,2,2,1,2,2,1,2,2,2,2,2,2,2,2,2,"Alabama",0
"550",10553,1,23228,33.48032778,-86.02268611,2,2,9,1,4,3,0,12,0,1,1,0,1,2,10,1,1,1,2,2,2,2,2,1,2,2,2,1,1,2,2,2,2,2,"Alabama",1
"551",10554,1,26623,31.36319444,-87.07963333,2,2,9,4,15,4,0,12,0,8,1,0,1,1,1,1,1,1,2,1,1,2,1,1,2,2,2,3,2,2,2,2,2,2,"Alabama",0
"552",10555,1,26699,31.27591944,-86.279625,2,2,9,4,19,6,0,42,0,1,1,0,4,3,1,1,1,2,2,2,1,1,1,2,2,2,2,3,2,2,2,2,2,2,"Alabama",0
"553",10556,1,27921,30.27928333,-87.66872778,1,1,10,5,13,3,0,42,0,1,1,0,4,1,1,1,1,1,2,1,1,1,2,2,2,2,2,3,2,2,2,2,2,2,"Alabama",0
"554",10557,1,23560,33.36029167,-86.65868333,1,1,10,5,22,4,0,34,0,1,1,0,4,2,1,1,1,2,2,2,1,1,2,2,2,1,2,1,2,2,1,2,2,2,"Alabama",1
"555",10558,1,25574,32.33771389,-86.26100278,2,2,10,6,8,6,0,14,0,1,1,0,5,1,2,1,1,2,2,1,1,1,2,2,2,2,2,3,2,2,2,2,2,2,"Alabama",0
"556",10559,1,19718,34.73721389,-86.58598056,1,1,10,6,22,6,0,8,0,2,3,0,1,3,10,1,1,2,2,2,2,1,2,2,1,2,2,3,2,2,2,1,2,2,"Alabama",0
"557",10560,1,20840,34.18301389,-86.19336389,2,2,10,7,9,3,0,12,0,1,1,0,1,1,2,1,1,1,2,1,2,2,2,1,2,2,2,3,2,2,2,2,2,2,"Alabama",0
"558",10561,1,24341,32.89426389,-86.82414444,1,1,10,1,13,4,0,42,0,1,1,0,4,1,10,1,1,1,2,1,2,1,2,1,2,2,2,3,2,2,2,2,2,2,"Alabama",0
"559",10562,1,23242,33.47675,-86.86969444,4,4,10,1,14,6,0,12,0,1,1,0,1,1,1,1,1,2,2,1,2,3,1,2,2,2,2,3,2,2,1,2,1,2,"Alabama",0
"560",10563,1,22944,33.57580556,-86.47243889,1,1,10,4,15,4,0,10,0,6,1,0,1,1,1,1,1,1,2,1,1,1,2,2,2,2,2,3,2,2,2,2,1,2,"Alabama",0
"561",10564,1,22641,33.67101389,-86.68320278,1,1,10,5,19,6,0,9,0,1,1,0,1,2,10,1,1,1,2,2,1,1,2,2,2,2,2,3,2,2,2,2,2,2,"Alabama",0
"562",10565,1,23036,33.54058056,-86.87094722,1,1,10,6,22,6,0,8,0,1,1,0,1,3,2,1,1,1,2,2,2,1,2,2,1,2,2,3,2,2,2,2,2,2,"Alabama",0
"563",10566,1,19769,34.71501667,-86.02821111,1,1,10,6,11,4,0,42,0,1,1,0,5,1,1,1,1,1,2,1,1,1,2,2,2,1,2,2,2,2,2,2,2,2,"Alabama",0
"564",10567,1,23953,33.11495278,-86.78328056,3,3,10,6,17,4,0,12,0,1,1,0,1,1,1,1,1,1,2,1,1,2,2,2,2,1,2,3,2,2,2,2,2,2,"Alabama",0
"565",10568,1,23610,33.32760278,-86.78229444,1,1,10,7,3,6,0,42,0,1,1,0,4,2,2,1,1,1,2,2,2,1,2,2,2,2,2,3,2,2,1,2,2,2,"Alabama",0
"566",10569,1,22958,33.57072222,-86.75655556,1,1,10,7,3,6,0,8,0,2,3,0,1,2,10,1,1,1,2,2,2,1,2,2,1,2,2,3,2,2,2,1,2,2,"Alabama",0
"567",10570,1,23886,33.15509167,-87.52488056,6,6,10,1,0,2,0,12,0,2,2,0,1,2,1,1,1,2,2,2,2,2,2,2,2,2,2,1,1,2,2,2,2,2,"Alabama",1