"","ST_CASE","OBJECT_ID","FID","LATITUDE","LONGITUD","PERMVIT","PERSONS","MONTH","DAY_WEEK","HOUR","ROUTE","SP_JUR","HARM_EV","RELJCT1","RELJCT2","TYP_INT","WRK_ZONE","REL_ROAD","LGT_COND","WEATHER","FATALS","STATE","A_RU","A_INTER","A_TOD","A_DOW","A_CT","A_MC","A_SPCRA","A_PED","A_ROLL","A_POLPUR","A_POSBAC","A_D15_20","A_D65PLS","A_D21_24","A_HR","A_DIST","A_DROWSY","STATE_NAME","drunkDr"
"568",10571,1,21988,33.86440278,-87.41453889,2,2,10,2,13,1,0,12,0,1,1,0,1,1,1,1,1,1,1,1,1,2,2,1,2,1,2,1,2,2,2,2,2,2,"Alabama",1
"569",10572,1,24715,32.76374167,-86.56169444,3,3,10,2,2,1,0,34,0,1,1,0,3,2,1,1,1,1,1,2,2,1,2,2,2,1,2,3,2,2,2,2,2,2,"Alabama",0
"570",10573,1,26625,31.36243056,-86.94875278,1,1,10,6,0,4,0,42,0,1,1,0,5,6,1,1,1,1,2,2,1,1,2,1,2,1,2,1,2,2,2,2,2,2,"Alabama",1
"571",10574,1,23384,33.43000833,-86.02763611,1,1,10,6,18,4,0,35,0,1,1,0,4,5,1,1,1,1,2,2,2,1,2,2,2,2,2,1,2,2,2,2,2,2,"Alabama",1
"572",10575,1,25059,32.63652222,-86.21254722,1,1,10,7,5,4,0,34,0,1,1,1,4,2,1,1,1,1,2,2,2,1,2,1,2,1,2,1,2,2,2,2,2,2,"Alabama",1
"573",10576,1,25518,32.36799722,-86.29971111,3,3,10,4,4,1,0,14,0,1,1,0,2,3,1,1,1,2,1,2,1,1,2,2,2,1,2,1,2,2,2,2,2,2,"Alabama",1
"574",10577,1,23246,33.47543056,-86.87436944,4,4,10,1,16,6,0,12,1,18,1,0,1,1,1,1,1,2,2,1,2,2,1,2,2,2,2,3,2,2,1,2,2,2,"Alabama",0
"575",10578,1,23024,33.54599444,-86.815575,2,2,10,6,20,6,0,12,0,2,2,0,1,2,1,1,1,2,2,2,2,2,1,2,2,2,2,3,2,2,2,2,2,2,"Alabama",0
"576",10579,1,26901,31.019475,-87.64865833,1,1,10,3,9,4,0,53,0,1,1,0,4,1,1,1,1,1,2,1,1,1,2,1,2,2,2,2,2,1,2,2,2,2,"Alabama",0
"577",10580,1,23538,33.37210556,-86.6644,3,3,10,3,8,2,0,12,0,2,2,0,1,1,1,1,1,2,2,1,1,2,2,2,2,2,2,2,2,2,2,2,2,2,"Alabama",0
"578",10581,1,23572,33.35096667,-86.605775,1,1,10,3,14,2,0,32,0,1,1,0,4,1,1,1,1,2,2,1,1,1,2,2,2,1,2,2,2,2,2,2,2,2,"Alabama",0
"579",10582,1,22233,33.78416667,-87.27358889,1,1,10,5,2,3,0,8,0,1,1,0,1,2,1,1,1,1,2,2,1,1,2,2,1,2,2,3,2,2,2,2,2,2,"Alabama",0
"580",10583,1,26718,31.25424444,-86.28699167,11,11,10,4,7,3,0,12,0,1,1,0,1,1,1,1,1,2,2,1,1,2,2,2,2,2,2,2,2,2,2,2,2,2,"Alabama",0
"581",10584,1,27144,30.72959722,-88.08598333,3,5,10,1,20,6,0,12,0,2,2,0,1,5,1,1,1,2,2,2,2,2,2,1,2,2,1,2,1,2,2,1,2,2,"Alabama",0
"582",10585,1,19735,34.73094167,-86.574475,1,1,10,2,5,6,0,8,0,2,4,0,1,3,2,1,1,2,2,2,2,1,2,2,1,2,2,2,2,2,2,2,2,2,"Alabama",0
"583",10586,1,23619,33.32184722,-86.97576667,1,1,10,5,18,4,0,38,0,1,1,0,5,1,1,1,1,2,2,2,1,1,2,1,2,2,2,3,2,1,2,2,2,2,"Alabama",0
"584",10587,1,23548,33.36468056,-86.25424167,1,1,10,2,6,4,0,34,0,1,1,0,4,2,2,1,1,1,2,1,1,1,2,1,2,1,2,2,2,2,2,2,2,2,"Alabama",0
"585",10588,1,19779,34.71025,-85.97109722,2,2,10,3,21,2,0,12,0,1,1,0,1,2,2,1,1,1,2,2,1,2,2,2,2,2,2,3,2,2,2,2,1,2,"Alabama",0
"586",10589,1,20846,34.18023611,-87.12682222,2,2,10,5,7,2,0,53,0,3,3,0,4,1,10,1,1,1,2,1,1,1,2,1,2,1,2,2,2,2,2,2,2,2,"Alabama",0
"587",10590,1,27147,30.725225,-88.06959167,1,1,10,6,23,1,0,8,1,18,1,0,1,3,10,1,1,2,1,2,2,1,2,2,1,2,2,3,2,2,2,1,2,2,"Alabama",0
"588",10591,1,20789,34.199975,-88.1476,1,1,11,2,19,1,0,1,0,1,1,0,3,2,2,1,1,1,2,2,1,1,2,2,2,1,2,3,2,2,2,2,1,2,"Alabama",0
"589",10592,1,25317,32.46871111,-85.10393611,7,7,10,7,2,2,0,12,0,8,1,0,1,2,1,1,1,1,2,2,2,2,2,1,2,2,2,1,2,2,1,2,2,2,"Alabama",1
"590",10593,1,23055,33.53385556,-86.86739167,2,2,11,1,11,6,0,1,0,1,1,0,5,9,99,2,1,2,2,1,2,1,2,1,2,1,2,3,2,2,2,2,2,2,"Alabama",0
"591",10594,1,19823,34.68537222,-87.59079722,3,3,11,2,11,3,0,12,0,2,2,0,1,1,1,1,1,1,2,1,1,2,2,2,2,2,2,3,2,2,2,2,2,2,"Alabama",0
"592",10595,1,22880,33.59909444,-86.79931111,3,3,11,4,11,2,0,12,0,3,2,0,1,1,10,1,1,1,2,1,1,2,2,2,2,2,2,3,2,1,2,2,2,2,"Alabama",0
"593",10596,1,23599,33.33316667,-86.98207222,1,2,11,5,12,1,0,14,0,1,1,0,2,1,1,1,1,2,1,1,1,1,2,2,2,2,2,3,2,2,2,2,2,2,"Alabama",0
"594",10597,1,20803,34.19544444,-86.86799167,1,1,11,2,18,6,0,9,0,3,3,0,1,2,2,1,1,2,2,2,1,1,2,2,2,2,2,2,2,2,1,2,2,2,"Alabama",0
"595",10598,1,23378,33.43235,-86.840775,1,1,11,2,9,6,0,33,0,3,3,0,4,1,10,1,1,1,2,1,1,1,2,2,2,1,2,3,2,2,2,2,2,2,"Alabama",0
"596",10599,1,26536,31.47219167,-85.65845556,1,1,11,2,17,4,0,9,0,1,1,0,1,2,2,1,1,1,2,1,1,1,2,2,2,2,2,3,2,1,2,2,2,2,"Alabama",0
"597",10600,1,27473,30.48539444,-88.31805833,2,2,11,3,15,2,0,1,0,8,1,0,1,1,1,1,1,3,3,1,1,2,1,2,2,2,2,2,2,2,2,2,2,2,"Alabama",0
"598",10601,1,21130,34.086725,-85.441,3,3,11,5,5,2,0,12,0,1,1,1,1,1,2,1,1,3,3,2,1,2,2,2,2,2,2,2,1,2,2,2,2,2,"Alabama",1
"599",10602,1,20774,34.20358889,-87.43839722,2,2,11,4,7,3,0,12,0,1,1,0,1,1,2,1,1,3,3,1,1,2,2,1,2,1,2,2,2,2,2,2,2,2,"Alabama",0
"600",10603,1,20680,34.23282222,-86.61490556,2,2,11,6,0,4,0,42,0,1,1,0,4,2,1,1,1,3,3,2,1,1,2,2,2,2,2,2,2,2,2,2,1,2,"Alabama",0
"601",10604,1,23805,33.21435,-86.78795278,1,1,11,5,17,2,0,34,0,1,1,0,4,2,1,1,1,3,3,1,1,1,2,2,2,2,2,3,2,2,1,2,2,2,"Alabama",0
"602",10605,1,19476,34.85318611,-87.72561944,1,1,11,5,6,4,0,42,0,1,1,0,5,2,10,1,1,3,3,1,1,1,2,2,2,2,2,3,2,2,2,2,2,2,"Alabama",0
"603",10606,1,19801,34.69824167,-86.61802222,1,1,11,1,22,6,0,35,0,1,1,0,4,3,1,1,1,3,3,2,2,1,2,2,2,2,2,2,2,2,2,2,2,2,"Alabama",0
"604",10607,1,27556,30.45072222,-87.66615833,6,6,11,3,19,4,0,12,0,2,2,0,1,2,1,1,1,3,3,2,1,2,2,1,2,2,2,2,2,2,2,2,2,2,"Alabama",0
"605",10608,1,25029,32.65591389,-88.18694444,1,2,11,2,10,1,0,45,0,1,1,2,5,1,1,1,1,3,3,1,1,1,2,1,2,2,2,2,2,2,2,2,1,2,"Alabama",0
"606",10609,1,22824,33.61667778,-86.25313889,1,1,10,5,19,4,0,8,0,1,1,0,1,3,1,1,1,3,3,2,1,1,2,2,1,2,2,3,1,2,2,2,2,2,"Alabama",0
"607",10610,1,20074,34.54958889,-86.94064722,2,2,10,5,8,3,0,12,0,1,1,0,1,1,1,1,1,3,3,1,1,2,2,2,2,2,2,1,2,2,2,2,2,2,"Alabama",1
"608",10611,1,26961,30.92891667,-88.23903056,4,4,10,1,15,4,0,1,0,1,1,0,4,1,1,4,1,3,3,1,2,1,2,2,2,1,2,1,2,2,2,2,2,2,"Alabama",1
"609",10612,1,25277,32.48992222,-85.03072778,1,1,10,1,15,2,0,23,1,19,1,0,4,1,1,1,1,3,3,1,2,1,1,1,2,2,2,3,2,2,2,2,2,2,"Alabama",0
"610",10613,1,27099,30.76885,-87.78541944,1,1,10,6,2,2,0,1,0,1,1,0,3,2,1,1,1,3,3,2,1,1,2,1,2,1,2,1,2,2,2,2,2,2,"Alabama",1
"611",10614,1,25187,32.55229444,-86.18315,3,3,10,7,5,3,0,12,0,1,1,0,1,2,1,1,1,3,3,2,2,3,2,2,2,2,2,2,2,2,2,2,2,2,"Alabama",1
"612",10615,1,21416,34.01503611,-86.00018056,2,2,10,7,23,2,0,12,0,2,2,0,1,3,1,1,1,3,3,2,2,2,2,2,2,2,2,2,1,1,2,2,2,2,"Alabama",0
"613",10616,1,22799,33.62220556,-87.94891944,1,1,10,1,1,3,0,42,0,1,1,0,4,2,1,1,1,3,3,2,2,1,2,2,2,2,2,3,1,2,2,2,2,2,"Alabama",0
"614",10617,1,21858,33.90089444,-87.15111111,1,1,10,1,2,3,0,34,0,1,1,0,4,2,1,1,1,3,3,2,2,1,2,1,2,1,2,1,2,2,1,2,2,2,"Alabama",1
"615",10618,1,24600,32.79621944,-85.78992778,1,1,10,2,16,3,0,9,0,1,1,0,1,1,1,1,1,3,3,1,1,1,2,2,2,2,2,3,2,2,2,2,2,2,"Alabama",0
"616",10619,1,22781,33.62770556,-85.55563889,1,1,10,7,14,4,0,38,0,1,1,0,5,1,10,1,1,3,3,1,2,1,2,2,2,1,2,3,2,1,2,2,2,2,"Alabama",0
"617",10620,1,21007,34.12044167,-86.13366111,1,1,10,1,0,4,0,59,0,1,1,0,4,2,1,1,1,3,3,2,2,1,2,2,2,1,2,1,1,2,2,2,2,1,"Alabama",1
"618",10621,1,21051,34.10844167,-87.15346111,1,1,10,1,2,4,0,42,0,1,1,0,4,2,10,1,1,3,3,2,2,1,2,1,2,2,2,1,2,2,2,2,2,2,"Alabama",1
"619",10622,1,25738,32.2407,-85.66338611,1,1,10,2,6,4,0,8,0,1,1,0,1,2,10,1,1,3,3,1,1,1,2,2,1,2,2,2,2,2,2,2,2,2,"Alabama",0
"620",10623,1,27036,30.83581111,-88.39141111,3,3,10,4,8,2,0,12,0,1,1,0,1,1,1,1,1,3,3,1,1,3,2,2,2,2,2,3,2,2,2,2,2,1,"Alabama",0
"621",10624,1,20277,34.44285278,-86.47648889,1,1,11,1,17,4,0,53,0,1,1,0,5,2,5,1,1,3,3,1,2,1,2,1,2,2,2,1,2,2,2,2,2,2,"Alabama",1
"622",10625,1,21944,33.87718611,-85.94563333,2,2,11,1,2,4,0,52,0,1,1,0,4,2,2,1,1,3,3,2,2,1,2,1,2,1,2,1,2,2,2,2,2,2,"Alabama",1
"623",10626,1,19704,34.74459167,-87.65674444,2,2,11,4,20,6,0,12,0,2,2,0,1,3,1,1,1,3,3,2,1,2,1,2,2,2,2,3,2,2,1,2,2,2,"Alabama",0
"624",10627,1,23427,33.41503056,-86.9388,1,1,11,6,13,6,0,10,0,6,1,0,1,1,1,1,1,3,3,1,1,1,2,2,2,2,2,3,2,1,2,2,2,2,"Alabama",0
"625",10628,1,22020,33.85582778,-85.90061389,3,3,11,6,14,3,0,34,0,1,1,0,4,1,10,1,1,3,3,1,1,2,2,2,2,2,2,3,2,1,2,2,2,2,"Alabama",0
"626",10629,1,27182,30.69184167,-88.06217222,2,2,11,7,17,2,0,8,0,1,1,0,1,2,2,1,1,3,3,1,2,2,2,2,1,2,2,3,2,2,2,1,2,2,"Alabama",0
"627",10630,1,26490,31.52877222,-87.89223056,1,1,11,1,2,3,0,30,0,3,3,0,4,3,2,1,1,3,3,2,2,1,2,2,2,2,1,1,2,2,1,2,2,2,"Alabama",1
"628",10631,1,24192,32.95847778,-87.14749722,4,4,11,5,14,2,0,12,0,2,2,0,1,1,1,1,1,3,3,1,1,2,2,2,2,2,2,3,1,2,2,2,2,2,"Alabama",0
"629",10632,1,25389,32.43791944,-87.11134722,4,4,11,5,16,3,0,1,0,1,1,0,3,5,10,1,1,3,3,1,1,1,2,1,2,1,2,2,1,2,2,2,2,2,"Alabama",0
"630",10633,1,19184,34.98236667,-86.42546389,1,1,11,6,21,4,0,1,0,1,1,0,4,2,1,1,1,3,3,2,2,1,2,2,2,1,2,3,2,2,2,2,2,2,"Alabama",1
"631",10634,1,22161,33.80720278,-87.59223056,1,1,11,7,18,3,0,34,0,1,1,0,4,2,10,1,1,3,3,2,2,1,2,2,2,2,2,2,1,2,2,2,2,2,"Alabama",0
"632",10635,1,26978,30.902725,-88.20148333,5,5,11,7,20,2,0,12,0,1,1,0,1,2,1,1,1,3,3,2,2,2,2,2,2,2,2,1,2,2,2,2,2,2,"Alabama",1
"633",10636,1,20152,34.51198333,-86.260325,4,4,11,1,10,4,0,12,0,1,1,0,1,1,1,1,1,3,3,1,2,2,2,2,2,2,2,1,2,2,2,2,2,2,"Alabama",1
"634",10637,1,26365,31.68781389,-86.80037222,1,1,11,1,1,4,0,42,0,1,1,0,4,2,1,1,1,3,3,2,2,1,2,1,2,1,2,1,2,2,2,2,2,2,"Alabama",1
"635",10638,1,19989,34.59913056,-86.065575,1,1,11,7,18,6,0,42,0,1,1,0,4,2,1,1,1,3,3,2,2,1,2,2,2,2,2,3,2,2,2,2,2,2,"Alabama",0
"636",10639,1,27075,30.79058611,-88.30173611,2,2,11,4,18,4,0,8,0,1,1,0,1,2,10,1,1,3,3,2,1,1,2,2,1,2,2,3,2,1,2,2,2,2,"Alabama",0
"637",10640,1,21068,34.10524167,-85.54825833,2,2,11,5,9,2,0,12,0,8,1,0,1,1,1,1,1,3,3,1,1,2,2,2,2,2,2,3,2,1,2,2,2,2,"Alabama",0
"638",10641,1,26163,31.87639167,-85.24622778,2,2,11,6,21,3,0,42,0,1,1,0,4,2,1,1,1,3,3,2,2,1,2,2,2,1,2,2,2,2,2,2,2,2,"Alabama",0
"639",10642,1,23938,33.12280833,-87.88569722,1,1,11,6,0,4,0,42,0,1,1,0,4,2,1,1,1,3,3,2,1,1,2,1,2,2,2,1,2,2,2,2,2,2,"Alabama",1
"640",10643,1,27410,30.51916111,-87.91388333,1,1,11,6,0,6,0,42,0,3,3,0,4,3,1,1,1,3,3,2,1,1,2,2,2,2,2,1,2,2,2,2,2,2,"Alabama",1
"641",10644,1,21067,34.10525,-86.80681389,2,2,11,2,21,2,0,32,0,1,1,0,4,3,1,2,1,3,3,2,1,1,2,2,2,1,2,1,2,2,2,2,2,2,"Alabama",1
"642",10645,1,20330,34.416125,-87.14874444,5,5,11,2,7,3,0,12,0,2,2,0,1,1,1,1,1,3,3,1,1,2,2,2,2,2,2,2,2,2,2,2,2,2,"Alabama",0
"643",10646,1,23267,33.46875556,-86.03437778,1,1,11,6,7,3,0,1,0,1,1,0,3,1,1,1,1,3,3,1,1,1,2,2,2,1,2,2,2,2,2,2,2,2,"Alabama",0
"644",10647,1,27122,30.74911389,-88.11390278,2,2,11,6,17,6,0,8,0,3,3,0,1,3,1,1,1,3,3,1,1,2,2,2,1,2,2,3,2,2,1,2,2,2,"Alabama",0
"645",10648,1,19608,34.79038611,-87.08077222,5,5,11,7,6,2,0,34,0,1,1,0,4,1,1,1,1,3,3,1,2,1,2,1,2,2,2,3,2,2,2,2,2,2,"Alabama",0
"646",10649,1,25298,32.47881389,-85.654225,1,2,11,6,12,1,0,14,0,1,1,0,2,1,1,1,1,3,3,1,1,1,2,2,2,2,2,2,2,1,2,2,2,2,"Alabama",0
"647",10650,1,22863,33.60380833,-86.29727222,4,4,12,7,1,1,0,12,0,1,1,0,1,2,1,1,1,3,3,2,2,3,2,2,2,1,2,1,2,2,2,2,2,2,"Alabama",1
"648",10651,1,20023,34.57825556,-85.65550556,3,3,12,5,20,1,0,12,0,1,1,0,1,2,1,1,1,3,3,2,1,2,2,1,2,2,2,3,2,2,2,2,2,2,"Alabama",0
"649",10652,1,24890,32.71009722,-85.30756389,2,2,12,1,19,1,0,42,0,1,1,0,4,2,1,1,1,3,3,2,2,1,2,2,2,2,2,2,2,1,2,2,2,2,"Alabama",0
"650",10653,1,26333,31.73289167,-85.84028889,1,1,10,5,99,2,0,32,0,1,1,0,4,6,1,1,1,3,3,3,1,1,2,2,2,1,2,3,2,1,2,2,2,2,"Alabama",0
"651",10654,1,23681,33.28525833,-87.01323889,2,2,11,3,6,4,0,42,0,1,1,0,4,2,10,1,1,3,3,1,1,1,2,2,2,2,2,3,2,2,1,2,2,2,"Alabama",0
"652",10655,1,25281,32.48815278,-86.20971944,3,3,11,4,15,2,0,12,0,1,1,0,1,1,2,1,1,3,3,1,1,3,2,2,2,2,2,3,2,1,1,2,2,2,"Alabama",0
"653",10656,1,26897,31.02258611,-86.12061667,7,7,11,6,22,3,0,12,0,1,1,0,1,2,1,3,1,3,3,2,2,3,2,1,2,1,2,3,1,2,2,2,2,2,"Alabama",1
"654",10657,1,26869,31.06696944,-87.51015,1,1,11,1,10,4,0,1,0,1,1,0,4,1,1,1,1,3,3,1,2,1,1,1,2,2,2,2,2,2,2,2,2,2,"Alabama",0
"655",10658,1,23197,33.48817222,-86.88777778,1,1,12,3,19,6,0,33,0,3,3,0,4,3,2,1,1,3,3,2,1,1,2,2,2,2,2,3,2,2,2,2,2,2,"Alabama",0
"656",10659,1,26970,30.91750278,-88.25083611,1,1,12,5,1,4,0,32,0,3,3,0,4,2,10,1,1,3,3,2,1,1,2,2,2,1,2,2,2,2,2,2,2,2,"Alabama",0
"657",10660,1,24221,32.94291667,-86.9197,1,1,12,6,5,3,0,34,0,1,1,0,4,2,1,1,1,3,3,2,1,1,2,2,2,2,2,1,1,2,2,2,2,1,"Alabama",1
"658",10661,1,23144,33.507825,-86.8247,1,1,12,6,17,6,0,8,0,3,2,0,1,3,1,1,1,3,3,1,1,1,2,2,1,2,2,3,2,2,2,2,2,2,"Alabama",0
"659",10662,1,27158,30.71065556,-88.09281389,1,1,12,7,18,6,0,8,0,1,1,0,1,3,1,1,1,3,3,2,2,1,2,2,1,2,2,3,2,2,2,2,2,2,"Alabama",0
"660",10663,1,22072,33.83627222,-85.45678056,2,2,12,7,23,4,0,12,0,1,1,0,1,2,1,1,1,3,3,2,2,2,2,2,2,2,2,3,2,2,2,2,2,2,"Alabama",0
"661",10664,1,27470,30.48675278,-87.70835556,3,3,12,7,17,3,0,12,0,1,1,0,1,2,1,1,1,3,3,1,2,2,2,2,2,2,2,3,2,1,2,2,2,2,"Alabama",0
"662",10665,1,26335,31.72880556,-85.93136111,2,2,12,1,2,4,0,35,0,1,1,0,4,2,1,1,1,3,3,2,2,1,2,2,2,1,2,3,2,2,1,2,2,2,"Alabama",1
"663",10666,1,26565,31.44109444,-85.56879167,1,1,12,2,5,4,0,18,0,1,1,0,4,4,1,1,1,3,3,2,2,1,2,1,2,1,2,2,2,2,2,2,2,2,"Alabama",0
"664",10667,1,23734,33.25122778,-87.69571667,1,1,12,2,18,4,0,42,0,1,1,0,4,2,1,1,1,3,3,2,1,1,2,2,2,1,2,2,2,2,1,2,2,2,"Alabama",0
"665",10668,1,20732,34.218675,-87.91196389,2,2,12,3,7,2,0,12,0,3,3,0,1,1,1,1,1,3,3,1,1,2,2,2,2,2,2,3,2,2,2,2,2,2,"Alabama",0
"666",10669,1,25514,32.36864167,-86.28384444,1,1,12,4,6,6,0,8,0,1,1,0,1,3,1,1,1,3,3,1,1,1,2,2,1,2,2,2,2,2,2,2,2,2,"Alabama",0
"667",10670,1,23394,33.42656111,-86.70551667,2,2,12,5,22,2,0,8,0,1,1,0,1,2,1,1,1,3,3,2,1,1,2,2,1,2,2,2,1,2,2,2,2,2,"Alabama",0
"668",10671,1,26594,31.40228611,-85.59384444,1,1,12,7,15,2,0,42,0,1,1,0,4,1,1,1,1,3,3,1,2,1,2,2,2,2,2,1,2,2,2,2,2,2,"Alabama",1
"669",10672,1,26342,31.71963889,-87.89515833,3,3,12,1,6,2,0,12,0,1,1,1,1,4,10,1,1,3,3,1,2,2,2,2,2,1,2,3,2,2,2,2,2,2,"Alabama",0
"670",10673,1,23524,33.38043333,-86.81579167,2,2,12,4,0,1,0,12,0,1,1,0,1,2,1,1,1,3,3,2,1,2,2,2,2,2,2,1,2,2,2,2,2,2,"Alabama",1
"671",10674,1,23502,33.38782778,-86.98707222,6,6,12,7,23,1,0,8,0,1,1,0,1,2,1,1,1,3,3,2,2,1,2,2,1,2,2,3,2,2,2,2,2,2,"Alabama",0
"672",10675,1,25639,32.30571667,-86.40632222,2,2,12,4,17,6,0,12,0,2,3,0,1,2,1,1,1,3,3,1,1,2,2,2,2,2,2,2,2,1,2,2,2,2,"Alabama",0
"673",10676,1,24255,32.92732778,-85.90738889,1,1,12,1,10,6,0,42,0,1,1,0,4,1,10,1,1,3,3,1,2,1,2,2,2,1,2,3,2,2,2,2,2,2,"Alabama",0
"674",10677,1,24302,32.90937778,-87.02056667,2,2,12,3,14,2,0,12,0,1,1,0,1,1,1,1,1,3,3,1,1,2,2,2,2,2,2,3,2,2,2,2,2,2,"Alabama",0
"675",10678,1,26767,31.18176389,-87.03788889,2,2,12,3,18,4,0,1,0,1,1,0,4,2,1,2,1,3,3,2,1,1,2,2,2,1,2,1,2,1,2,2,2,2,"Alabama",1
"676",10679,1,23480,33.39771111,-87.04559722,1,1,12,5,10,6,0,42,0,1,1,0,4,1,10,1,1,3,3,1,1,1,2,1,2,2,2,3,2,1,2,2,2,2,"Alabama",0
"677",10680,1,25267,32.49594444,-86.215525,4,4,12,4,13,2,0,12,0,8,1,0,1,1,2,1,1,3,3,1,1,2,2,2,2,2,2,3,2,1,2,2,2,2,"Alabama",0
"678",10681,1,22911,33.58551111,-86.04855,3,3,12,6,21,1,0,12,0,1,1,0,1,2,1,1,1,3,3,2,2,2,2,2,2,2,2,3,2,2,2,2,2,2,"Alabama",0
"679",10682,1,23926,33.13171667,-87.64121667,1,1,12,7,21,1,0,21,0,1,1,0,4,2,10,1,1,3,3,2,2,1,2,1,2,1,1,2,2,2,2,2,2,2,"Alabama",0
"680",10683,1,19905,34.63960833,-86.84793611,2,2,12,1,16,1,0,12,0,1,1,0,1,5,1,1,1,3,3,1,2,2,1,1,2,2,2,3,1,2,2,2,2,2,"Alabama",0
"681",10684,1,25119,32.59299444,-86.08135278,1,1,11,4,17,4,0,1,0,1,1,0,4,1,1,1,1,3,3,1,1,1,1,1,2,2,2,3,2,2,1,2,2,2,"Alabama",0
"682",10685,1,20837,34.18500278,-86.08330833,1,1,12,7,7,4,0,32,0,1,1,0,4,1,1,1,1,3,3,1,2,1,2,1,2,1,2,3,2,2,2,2,2,2,"Alabama",0
"683",10686,1,23998,33.07534722,-86.42445278,3,3,12,7,10,4,0,12,0,1,1,0,1,1,1,1,1,3,3,1,2,2,2,2,2,1,2,1,2,2,1,2,2,2,"Alabama",1
"684",10687,1,21095,34.09746667,-87.74688611,2,2,12,5,21,3,0,42,0,1,1,0,4,2,10,1,1,3,3,2,1,1,2,1,2,1,2,2,1,2,2,2,2,2,"Alabama",0
"685",10688,1,23937,33.12282778,-86.54189167,2,2,12,5,5,3,0,12,0,2,2,0,1,2,2,1,1,3,3,2,1,2,2,2,2,2,2,3,2,1,1,2,2,2,"Alabama",0
"686",10689,1,20452,34.33896944,-86.78083056,1,1,12,6,9,4,0,1,0,1,1,0,5,1,10,1,1,3,3,1,1,1,2,2,2,1,2,3,2,2,2,2,2,2,"Alabama",0
"687",10690,1,21309,34.04095833,-87.39231389,3,3,12,4,17,3,0,12,0,1,1,0,1,5,10,1,1,3,3,1,1,2,2,2,2,1,2,2,2,2,2,2,2,2,"Alabama",0
"688",10691,1,20763,34.20708889,-86.82680556,3,3,12,1,14,4,0,12,0,1,1,0,1,1,1,1,1,3,3,1,2,2,1,2,2,2,2,3,1,2,2,2,2,2,"Alabama",0
"689",10692,1,24214,32.94546389,-85.40143333,1,1,12,1,1,2,0,35,0,1,1,0,4,2,1,1,1,3,3,2,2,1,2,1,2,1,2,3,2,2,2,2,2,1,"Alabama",0
"690",10693,1,22784,33.62626944,-85.68885556,1,1,12,1,1,4,0,30,0,1,1,0,4,3,1,1,1,3,3,2,2,1,2,2,2,2,2,2,2,2,2,2,2,2,"Alabama",0
"691",10694,1,22849,33.60813333,-86.70830833,1,1,12,2,16,6,0,14,0,3,3,0,5,3,2,1,1,3,3,1,1,1,2,2,2,2,2,3,2,2,2,2,1,2,"Alabama",0
"692",10695,1,19974,34.60711944,-85.72939167,2,2,12,3,17,3,0,12,0,2,3,0,1,2,5,1,1,3,3,1,1,2,2,2,2,1,2,3,2,2,2,2,2,2,"Alabama",0
"693",10696,1,27161,30.70858889,-88.20665278,1,1,12,4,3,6,0,42,0,1,1,0,4,3,2,1,1,3,3,2,1,1,2,1,2,2,2,1,2,2,2,2,2,2,"Alabama",1
"694",10697,1,23307,33.45938333,-86.88507778,2,2,12,4,10,6,0,12,0,2,2,0,1,1,1,1,1,3,3,1,1,2,1,2,2,2,2,3,2,1,2,2,2,2,"Alabama",0
"695",10698,1,23883,33.15943889,-87.60145833,2,2,12,6,18,6,0,12,0,1,1,0,1,2,2,1,1,3,3,2,2,2,2,2,2,2,2,3,2,2,2,2,2,2,"Alabama",0
"696",10699,1,19370,34.89904167,-86.81999167,1,1,12,3,4,3,0,34,0,1,1,0,4,2,1,1,1,3,3,2,1,1,2,2,2,1,2,3,1,2,2,2,1,2,"Alabama",0
"697",10700,1,25163,32.56511667,-88.19975556,1,1,10,7,6,4,0,1,0,1,1,0,4,4,10,1,1,3,3,1,2,1,2,2,2,1,2,1,2,2,2,2,2,1,"Alabama",1
"698",10701,1,26679,31.30448889,-85.81487778,5,5,12,4,7,2,0,12,0,1,1,0,1,1,10,3,1,3,3,1,1,2,2,2,2,2,2,2,2,2,2,2,2,2,"Alabama",0
"699",10702,1,19866,34.65942222,-86.4833,1,1,12,5,21,2,0,8,0,1,1,0,1,2,1,1,1,3,3,2,1,1,2,2,1,2,2,3,2,2,2,2,2,2,"Alabama",0
"700",10703,1,23350,33.44533889,-86.79119722,3,3,12,7,11,2,0,12,0,2,2,0,1,1,1,1,1,3,3,1,2,3,2,2,2,2,2,3,2,1,2,2,2,2,"Alabama",0
"701",10704,1,21322,34.03717222,-86.89168333,7,7,12,5,17,3,0,12,0,1,1,0,1,2,10,2,1,3,3,1,1,3,2,2,2,2,2,3,2,2,1,2,2,2,"Alabama",1
"702",10705,1,26837,31.09479167,-88.03418889,1,1,12,1,12,4,0,30,0,1,1,0,4,1,10,1,1,3,3,1,2,1,2,1,2,1,2,2,2,2,2,2,2,2,"Alabama",0
"703",10706,1,27133,30.73862778,-88.22566111,2,2,12,2,2,4,0,18,0,1,1,1,1,2,10,1,1,3,3,2,2,1,2,2,2,2,2,1,2,2,1,2,2,2,"Alabama",1
"704",10707,1,26854,31.07761667,-85.88289722,2,2,12,3,7,3,0,12,0,1,1,0,1,1,10,1,1,3,3,1,1,2,2,2,2,2,2,3,2,2,2,2,2,1,"Alabama",0
"705",10708,1,23861,33.17265,-87.45599722,1,1,12,4,18,1,0,8,0,1,1,1,1,3,1,1,1,3,3,2,1,1,2,2,1,2,2,3,2,2,2,1,2,2,"Alabama",0
"706",10709,1,23905,33.14714167,-87.61471667,1,1,12,3,7,1,0,35,0,1,1,1,3,1,1,1,1,3,3,1,1,1,2,2,2,2,2,3,1,2,2,2,2,2,"Alabama",0
"707",10710,1,25311,32.47407222,-86.34071667,5,5,9,7,1,4,0,42,0,1,1,0,5,2,1,3,1,1,2,2,2,1,2,1,2,2,2,2,1,2,2,2,2,2,"Alabama",1