"","ST_CASE","OBJECT_ID","FID","LATITUDE","LONGITUD","PERMVIT","PERSONS","MONTH","DAY_WEEK","HOUR","ROUTE","SP_JUR","HARM_EV","RELJCT1","RELJCT2","TYP_INT","WRK_ZONE","REL_ROAD","LGT_COND","WEATHER","FATALS","STATE","A_RU","A_INTER","A_TOD","A_DOW","A_CT","A_MC","A_SPCRA","A_PED","A_ROLL","A_POLPUR","A_POSBAC","A_D15_20","A_D65PLS","A_D21_24","A_HR","A_DIST","A_DROWSY","STATE_NAME","drunkDr"
"1011",40249,4,18696,35.17146944,-111.6518306,4,4,4,5,14,1,0,12,0,7,1,0,1,1,10,1,4,2,1,1,1,2,2,2,2,2,2,3,2,1,2,2,2,2,"Arizona",0
"1012",40250,4,23852,33.17978889,-112.0017444,3,3,4,5,11,3,3,12,0,8,1,0,1,1,1,1,4,1,2,1,1,3,2,1,2,2,2,1,2,2,2,2,2,2,"Arizona",1
"1013",40251,4,26415,31.614125,-110.7201194,2,2,4,6,3,3,0,12,0,1,1,0,1,3,1,1,4,1,2,2,1,2,2,2,2,2,2,3,2,2,2,2,2,2,"Arizona",0
"1014",40252,4,18585,35.20765833,-111.6134639,1,1,4,4,20,6,0,8,0,3,3,0,1,3,1,1,4,2,2,2,1,1,2,2,1,2,2,2,2,2,2,2,2,2,"Arizona",0
"1015",40253,4,26056,31.98536389,-110.6810833,1,1,1,3,99,3,0,99,0,99,99,0,99,1,99,1,4,1,2,3,1,1,1,2,2,2,2,3,2,1,2,2,2,2,"Arizona",0
"1016",40258,4,22984,33.56159444,-112.4096194,1,1,4,1,23,4,0,8,0,1,1,0,1,2,1,1,4,2,2,2,2,1,2,2,1,2,2,3,2,2,2,1,2,2,"Arizona",0
"1017",40261,4,22808,33.61975,-112.275175,1,1,4,4,20,6,0,33,0,3,3,0,4,3,1,1,4,2,2,2,1,1,2,1,2,2,2,2,2,2,2,2,2,2,"Arizona",0
"1018",40262,4,23530,33.37748611,-112.1784528,8,8,4,5,19,6,0,8,0,1,1,0,1,2,1,1,4,2,2,2,1,3,2,2,1,2,2,3,2,2,2,2,2,2,"Arizona",0
"1019",40263,4,22102,33.82822778,-109.9720444,1,1,4,7,19,3,3,8,0,3,3,0,1,6,1,1,4,2,2,2,2,1,2,2,1,2,2,2,2,2,2,2,2,2,"Arizona",0
"1020",40264,4,24119,32.99950278,-112.5002472,2,2,4,1,17,3,0,1,0,1,1,0,4,1,1,1,4,1,2,1,2,1,1,2,2,2,2,1,2,2,2,2,2,2,"Arizona",1
"1021",40265,4,23529,33.37772222,-112.1171444,2,2,4,1,6,6,0,12,0,1,1,0,1,4,1,1,4,2,2,1,2,2,2,1,2,2,2,2,2,2,2,2,1,2,"Arizona",0
"1022",40266,4,23069,33.53116944,-112.1613167,3,3,4,1,23,6,0,31,0,1,1,0,5,3,1,1,4,2,2,2,2,1,2,1,2,1,2,1,1,2,2,2,1,2,"Arizona",1
"1023",40269,4,23520,33.38475833,-112.1683667,5,5,4,6,15,6,0,12,0,2,2,0,1,1,1,1,4,2,2,1,1,2,2,1,2,2,2,1,1,2,2,2,2,2,"Arizona",1
"1024",40270,4,23406,33.42266667,-112.1953917,4,4,4,6,16,6,0,12,0,2,2,0,1,1,1,1,4,2,2,1,1,2,2,2,2,2,2,3,1,2,2,2,2,2,"Arizona",0
"1025",40271,4,22925,33.58204722,-112.0996333,1,1,4,7,1,6,0,8,0,3,2,0,1,6,1,1,4,2,2,2,2,1,2,2,1,2,2,2,2,1,2,2,2,2,"Arizona",0
"1026",40272,4,23216,33.4823,-112.1185472,1,1,4,7,7,2,0,14,0,1,1,0,2,1,1,1,4,2,2,1,2,1,1,1,2,2,2,2,2,2,1,2,2,2,"Arizona",0
"1027",40273,4,23305,33.460425,-112.1691278,2,2,4,7,15,6,0,12,0,2,3,0,1,1,99,1,4,2,2,1,2,2,1,2,2,2,2,2,2,1,2,2,2,2,"Arizona",0
"1028",40275,4,23718,33.26188889,-111.9529278,1,1,3,7,10,1,3,99,0,99,99,0,99,1,99,1,4,2,1,1,2,1,1,2,2,2,2,1,2,2,2,2,2,2,"Arizona",1
"1029",40276,4,23288,33.46298611,-112.1738306,1,1,5,6,7,1,0,1,1,19,1,0,4,1,1,1,4,2,1,1,1,1,2,1,2,1,2,2,1,2,2,2,2,2,"Arizona",0
"1030",40277,4,23409,33.422325,-111.5577056,6,6,5,6,20,6,0,12,0,1,1,0,1,3,1,1,4,2,2,2,2,2,2,1,2,2,2,3,2,1,1,2,2,2,"Arizona",0
"1031",40278,4,25765,32.22160556,-110.8830389,1,1,5,7,8,6,0,1,0,1,1,0,1,1,1,1,4,2,2,1,2,1,1,2,2,2,2,2,2,1,2,2,2,2,"Arizona",0
"1032",40279,4,19409,34.88349722,-111.6403,7,7,5,1,19,1,0,1,0,1,1,0,3,2,1,1,4,1,1,2,2,1,2,2,2,1,2,3,2,2,2,2,2,2,"Arizona",0
"1033",40280,4,23660,33.29643889,-111.7406056,1,1,5,4,22,6,0,33,0,1,1,0,4,3,1,1,4,2,2,2,1,1,1,2,2,2,2,2,2,2,2,2,2,2,"Arizona",0
"1034",40281,4,20190,34.492675,-111.70805,1,1,5,6,11,3,0,1,0,1,1,0,1,1,10,1,4,1,2,1,1,1,1,2,2,2,2,2,2,2,2,2,2,2,"Arizona",0
"1035",40282,4,17884,35.50431667,-111.5492889,1,1,5,6,12,2,0,1,0,1,1,0,4,1,6,1,4,1,2,1,1,1,1,2,2,2,2,2,2,2,2,2,2,2,"Arizona",0
"1036",40283,4,23509,33.38673889,-111.8912528,1,1,5,7,23,3,0,25,0,5,1,0,4,3,1,1,4,2,2,2,2,1,1,1,2,2,2,1,2,2,2,2,2,2,"Arizona",1
"1037",40284,4,23226,33.480375,-111.9066472,2,2,5,2,2,6,0,8,0,1,1,0,1,3,1,1,4,2,2,2,2,1,2,2,1,2,2,3,2,2,2,2,2,2,"Arizona",0
"1038",40285,4,18476,35.24477778,-111.5637306,1,1,5,3,13,4,0,33,0,1,1,0,4,1,1,1,4,2,2,1,1,1,2,2,2,2,2,2,2,1,2,2,2,2,"Arizona",0
"1039",40286,4,23284,33.46373611,-112.3408806,1,1,5,3,14,6,0,33,0,1,1,0,4,1,1,1,4,2,2,1,1,1,2,1,2,1,2,2,2,2,2,2,2,2,"Arizona",0
"1040",40287,4,22807,33.62005278,-111.9092361,1,1,5,4,1,6,0,33,0,3,3,0,4,3,1,1,4,2,2,2,1,1,2,2,2,1,2,1,1,2,2,2,2,2,"Arizona",1
"1041",40288,4,23626,33.32073889,-111.8240222,1,1,5,4,22,6,0,1,0,2,2,0,1,3,1,1,4,2,2,2,1,1,1,2,2,2,2,3,2,2,2,2,2,2,"Arizona",0
"1044",40291,4,25841,32.177275,-111.1057722,2,2,5,7,9,6,0,12,0,3,3,0,1,1,1,1,4,2,2,1,2,2,2,1,2,2,2,1,2,1,1,2,2,2,"Arizona",1
"1045",40292,4,26631,31.35632778,-110.9173917,3,3,5,7,11,3,0,12,0,2,3,0,1,1,1,2,4,2,2,1,2,2,2,2,2,2,2,3,2,1,2,2,2,2,"Arizona",0
"1046",40293,4,15631,36.61231111,-111.0288222,1,1,5,1,5,3,3,52,0,1,1,0,4,4,1,1,4,1,2,2,2,1,2,2,2,1,2,3,2,2,2,2,2,2,"Arizona",0
"1047",40294,4,23642,33.30716667,-111.6866944,4,4,5,2,11,6,0,12,0,2,2,0,1,1,1,1,4,2,2,1,1,3,2,2,2,1,2,2,2,2,2,2,2,2,"Arizona",0
"1048",40295,4,19060,35.0381,-111.4546667,3,3,5,2,13,8,0,1,0,1,1,0,4,1,10,2,4,1,2,1,1,1,2,1,2,1,2,2,2,2,1,2,2,1,"Arizona",0
"1049",40296,4,22932,33.58144167,-112.2175639,3,3,5,2,21,6,0,12,0,1,1,0,1,3,1,1,4,2,2,2,1,2,2,1,2,1,2,1,2,2,1,2,2,2,"Arizona",1
"1050",40297,4,23315,33.45695,-112.5190528,1,1,5,3,20,1,0,1,0,1,1,0,4,2,1,1,4,2,1,2,1,1,2,2,2,1,2,1,2,2,1,2,2,2,"Arizona",1
"1051",40298,4,25655,32.29446111,-111.025825,1,1,5,5,17,6,0,8,0,1,1,0,4,1,98,1,4,2,2,1,1,1,2,2,1,2,2,3,2,2,2,2,2,2,"Arizona",0
"1052",40299,4,23340,33.44925833,-111.8507139,1,1,5,6,13,3,0,1,1,18,1,1,1,1,10,1,4,2,2,1,1,1,1,2,2,2,2,2,2,2,2,2,2,2,"Arizona",0
"1053",40300,4,23853,33.17786667,-111.5823083,5,5,5,6,20,6,0,12,0,8,1,0,1,3,1,1,4,2,2,2,2,2,2,1,2,2,2,1,2,2,2,1,2,2,"Arizona",1
"1055",40302,4,20495,34.31199722,-109.7699083,1,1,5,7,6,3,0,5,0,1,1,0,4,2,1,1,4,1,2,1,2,1,1,1,2,2,2,1,2,2,2,2,2,2,"Arizona",1
"1056",40303,4,23238,33.47826389,-112.0607222,1,1,5,2,17,6,0,14,0,1,1,0,2,1,1,1,4,2,2,1,1,1,2,2,2,2,2,3,2,1,2,2,2,2,"Arizona",0
"1057",40304,4,23415,33.41811389,-111.8911167,1,1,5,3,0,3,0,59,1,19,1,0,4,3,1,1,4,2,2,2,1,1,2,2,2,1,2,2,2,2,1,2,2,2,"Arizona",0
"1058",40305,4,23279,33.46545833,-111.7867861,1,1,5,3,13,3,0,30,0,1,1,1,4,1,1,1,4,2,2,1,1,1,2,2,2,2,2,1,2,2,2,2,2,2,"Arizona",1
"1059",40306,4,17382,35.78059444,-111.4572222,3,3,5,5,5,2,3,12,0,1,1,0,2,1,1,1,4,1,2,2,1,2,2,1,2,1,2,3,2,2,2,1,2,2,"Arizona",1
"1060",40307,4,25794,32.20601389,-110.8750889,3,3,5,6,21,6,0,8,0,1,1,0,1,3,1,1,4,2,2,2,2,1,2,2,1,2,2,3,2,2,2,1,2,2,"Arizona",0
"1061",40308,4,25475,32.38767222,-111.0964,2,2,5,7,1,6,0,33,0,3,3,0,3,2,1,1,4,2,2,2,2,1,1,1,2,2,2,1,2,2,2,2,2,2,"Arizona",1
"1062",40309,4,20487,34.31778611,-111.1407667,2,2,5,7,22,8,0,1,0,1,1,0,1,2,10,1,4,1,2,2,2,1,2,1,2,1,2,1,2,2,2,2,2,2,"Arizona",1
"1063",40310,4,20302,34.43212222,-110.5899472,3,3,5,1,15,3,0,12,0,1,1,0,1,1,10,2,4,1,2,1,2,2,2,2,2,1,2,3,2,1,2,2,2,2,"Arizona",0
"1064",40311,4,23166,33.49771667,-112.2032222,5,5,5,1,21,6,0,33,0,1,1,0,4,3,1,2,4,2,2,2,2,2,2,1,2,2,2,1,2,2,2,2,2,2,"Arizona",1
"1065",40312,4,23968,33.103925,-111.9096722,1,1,5,5,21,8,3,8,0,1,1,0,1,2,1,1,4,1,2,2,1,1,2,2,1,2,2,2,2,2,2,2,2,2,"Arizona",0
"1066",40313,4,25995,32.03236667,-111.0655806,1,1,5,5,23,8,3,59,0,1,1,0,4,2,1,1,4,1,2,2,1,1,2,1,2,2,2,1,2,2,2,2,2,2,"Arizona",1
"1067",40314,4,23573,33.35016667,-111.7556083,3,3,5,6,0,6,0,12,0,2,2,0,1,3,1,1,4,2,2,2,1,2,2,2,2,2,2,2,1,2,2,2,2,2,"Arizona",0
"1068",40315,4,26009,32.02195,-112.3235111,1,1,5,1,0,8,3,8,0,1,1,0,1,2,1,1,4,1,2,2,2,1,2,2,1,2,2,3,2,2,2,1,2,2,"Arizona",0
"1069",40317,4,23449,33.40756389,-111.7191778,2,2,5,3,9,6,0,12,0,8,1,0,1,1,1,1,4,2,2,1,1,2,2,2,2,2,2,3,2,1,2,2,1,2,"Arizona",0
"1070",40318,4,22708,33.65019444,-112.3804667,2,2,5,6,15,6,0,12,0,1,1,0,1,1,1,1,4,2,2,1,1,2,2,1,2,2,2,3,2,1,2,2,2,1,"Arizona",0
"1071",40319,4,18677,35.17775278,-111.3467944,2,2,5,6,13,1,0,1,0,1,1,0,4,1,10,1,4,1,1,1,1,1,2,2,2,1,2,3,1,2,2,2,2,2,"Arizona",0
"1072",40320,4,25083,32.61724722,-110.8179139,1,1,5,5,18,3,0,9,0,1,1,0,2,1,1,1,4,1,2,2,1,1,2,1,2,2,2,1,2,2,2,2,1,1,"Arizona",1
"1073",40321,4,22806,33.62023611,-112.1684278,1,1,3,3,3,6,0,42,0,1,1,0,4,3,1,1,4,2,2,2,1,1,2,2,2,2,2,2,2,2,2,2,2,1,"Arizona",0
"1074",40323,4,17583,35.65754167,-109.1386694,1,1,5,6,14,3,3,35,0,1,1,0,4,1,1,1,4,1,2,1,1,1,2,2,2,1,2,1,2,2,2,2,2,2,"Arizona",1
"1075",40325,4,22365,33.74828611,-111.9951028,2,2,5,7,19,6,0,12,0,2,2,0,1,3,1,1,4,2,2,2,2,2,1,2,2,2,2,1,2,2,1,2,2,2,"Arizona",1
"1076",40326,4,22889,33.59517222,-112.4350444,1,1,5,4,3,6,0,1,0,3,2,0,4,3,1,1,4,2,2,2,1,1,2,1,2,1,2,2,2,2,1,2,2,2,"Arizona",1
"1077",40327,4,23437,33.41047778,-112.0645889,2,2,5,5,22,6,0,8,0,3,3,0,1,3,1,1,4,2,2,2,1,1,2,2,1,2,2,2,2,2,2,2,2,2,"Arizona",0
"1078",40328,4,23674,33.28972778,-112.798125,1,1,5,6,9,4,0,34,0,1,1,0,4,1,1,1,4,1,2,1,1,1,2,2,2,1,2,2,2,1,2,2,2,2,"Arizona",0
"1079",40329,4,22705,33.65050833,-111.4746778,1,1,5,7,15,8,0,17,0,1,1,0,4,1,1,1,4,1,2,1,2,1,2,1,2,2,2,1,2,2,2,2,2,2,"Arizona",1
"1080",40330,4,22287,33.77015833,-111.98165,4,4,5,7,11,6,0,12,0,2,2,0,1,1,1,1,4,2,2,1,2,2,1,2,2,2,2,2,2,1,1,2,2,2,"Arizona",1
"1081",40331,4,23568,33.35416667,-111.8591028,1,1,5,4,8,6,0,42,0,3,3,0,4,1,1,1,4,2,2,1,1,1,2,2,2,2,2,2,2,1,2,2,2,2,"Arizona",0
"1082",40332,4,22755,33.637675,-112.3248028,3,3,5,4,16,6,0,12,0,1,1,0,1,1,1,1,4,2,2,1,1,2,1,2,2,2,2,3,2,2,2,2,2,2,"Arizona",0
"1083",40333,4,22844,33.61074444,-112.1833028,1,1,5,4,4,6,0,8,0,3,2,0,1,3,1,1,4,2,2,2,1,1,2,2,1,2,2,3,2,2,2,1,2,2,"Arizona",0
"1084",40334,4,23048,33.53835278,-112.0737528,2,2,5,4,7,6,0,12,0,2,2,0,1,1,1,1,4,2,2,1,1,2,2,2,1,1,2,3,1,2,2,2,2,2,"Arizona",0
"1085",40335,4,22552,33.69930833,-112.0257611,2,2,5,4,13,6,0,12,0,2,2,0,1,1,1,1,4,2,2,1,1,2,1,2,2,2,2,3,1,2,2,2,2,2,"Arizona",0
"1086",40336,4,15151,36.94005278,-109.6417139,1,1,5,5,4,2,3,8,0,99,99,0,99,9,99,1,4,1,2,2,1,1,2,2,1,1,2,3,2,2,2,2,2,2,"Arizona",0
"1087",40337,4,23047,33.53845,-112.1514556,2,2,5,5,8,6,0,1,0,3,2,0,1,1,99,1,4,2,2,1,1,2,1,1,2,2,2,3,2,2,1,2,2,2,"Arizona",0
"1088",40339,4,22595,33.68524167,-112.1317528,1,1,5,5,20,6,0,8,0,1,1,0,1,3,1,2,4,2,2,2,1,1,2,1,1,2,2,1,1,2,2,2,1,2,"Arizona",1
"1089",40340,4,23527,33.37921111,-110.7483639,8,8,5,6,22,2,0,12,0,2,2,0,1,3,10,1,4,2,2,2,2,3,2,1,2,2,2,1,1,2,2,2,2,2,"Arizona",1
"1090",40341,4,23222,33.48052222,-112.1863972,3,3,5,6,8,6,0,12,0,2,2,0,1,1,10,1,4,2,2,1,1,2,2,2,2,2,2,1,2,2,2,2,2,2,"Arizona",1
"1091",40343,4,26630,31.35659444,-109.5284222,1,1,5,7,4,6,0,33,0,1,1,0,4,3,1,1,4,2,2,2,2,1,2,1,2,2,2,1,2,2,2,2,2,2,"Arizona",1
"1092",40344,4,23096,33.52320556,-112.2340639,11,11,5,1,11,6,0,12,0,1,1,0,1,1,1,2,4,2,2,1,2,3,2,2,2,2,2,2,2,2,1,2,2,2,"Arizona",0
"1093",40345,4,23257,33.470925,-112.0651,2,2,5,1,20,6,0,8,0,1,1,0,11,3,1,1,4,2,2,2,2,1,2,2,1,2,2,2,2,2,2,2,2,2,"Arizona",0
"1094",40346,4,18668,35.18169444,-111.6526944,1,1,5,7,2,8,4,33,0,1,1,0,4,3,1,1,4,2,2,2,2,1,2,1,2,2,2,1,2,2,2,2,2,2,"Arizona",1
"1095",40348,4,23285,33.46352222,-112.1862,1,1,5,7,14,1,0,25,1,3,2,0,4,1,99,1,4,2,1,1,2,1,2,1,2,1,2,2,1,2,2,2,2,2,"Arizona",0
"1097",40351,4,23199,33.48778611,-112.0172778,2,2,5,6,16,6,0,12,0,2,2,0,1,1,1,1,4,2,2,1,1,2,2,2,2,2,2,2,2,1,2,2,2,2,"Arizona",0
"1098",40354,4,23494,33.39332778,-111.8203333,10,10,6,2,15,6,0,12,0,2,3,0,1,1,1,1,4,2,2,1,1,3,2,2,2,2,2,3,2,1,2,1,2,2,"Arizona",0
"1099",40355,4,23421,33.41562222,-111.7017667,3,3,6,3,11,6,0,12,0,2,2,0,1,1,1,1,4,2,2,1,1,2,2,2,2,2,2,3,2,1,2,2,2,2,"Arizona",0
"1101",40357,4,22688,33.65520556,-113.9587167,2,2,6,5,0,1,0,12,0,1,1,0,1,2,1,1,4,1,1,2,1,2,2,1,2,1,2,1,2,2,2,2,2,2,"Arizona",1
"1102",40358,4,23135,33.50956111,-112.1050806,1,1,6,5,1,6,0,8,0,1,1,0,1,3,1,1,4,2,2,2,1,1,2,2,1,2,2,2,2,2,2,1,2,2,"Arizona",0
"1104",40360,4,23296,33.46195,-112.09425,3,3,6,7,4,1,0,12,1,17,1,0,1,3,10,1,4,2,1,2,2,3,1,2,2,2,2,3,2,2,2,2,2,2,"Arizona",0
"1105",40361,4,20898,34.159325,-111.3231833,2,2,6,7,16,3,0,35,0,1,1,0,4,1,1,1,4,1,2,1,2,1,2,1,2,2,2,3,2,1,2,2,2,2,"Arizona",0
"1106",40362,4,21518,33.9847,-111.3831806,1,1,6,7,20,3,0,1,0,1,1,0,4,2,1,1,4,1,2,2,2,1,2,1,2,1,2,3,2,2,2,2,2,2,"Arizona",0
"1107",40363,4,21144,34.08328056,-109.906375,1,1,6,7,20,3,3,8,0,1,1,0,1,2,1,1,4,1,2,2,2,1,2,2,1,2,2,3,2,2,2,2,2,2,"Arizona",0
"1108",40364,4,19443,34.86684444,-111.7678278,4,4,6,1,13,3,0,12,0,1,1,0,1,1,1,3,4,2,2,1,2,2,2,2,2,2,2,3,2,2,2,2,2,2,"Arizona",0
"1109",40365,4,23493,33.39336111,-111.5781806,2,2,6,1,16,6,0,12,0,1,1,0,1,1,1,1,4,2,2,1,2,2,2,2,2,2,2,2,2,2,2,2,2,2,"Arizona",0
"1110",40366,4,19872,34.65444722,-111.7944972,1,1,6,1,17,1,0,8,0,1,1,0,1,1,1,1,4,1,1,1,2,1,2,2,1,2,2,3,2,2,1,2,2,2,"Arizona",0
"1111",40367,4,20010,34.58524444,-112.4244028,2,2,6,1,17,3,0,1,0,8,1,0,1,1,1,1,4,2,2,1,2,2,1,2,2,2,2,3,2,1,2,2,2,2,"Arizona",0
"1112",40368,4,16357,36.19070833,-111.3934139,1,1,6,2,1,2,3,35,0,1,1,0,4,2,1,1,4,1,2,2,2,1,2,2,2,1,2,3,2,2,2,2,2,2,"Arizona",0
"1113",40369,4,16565,36.13364167,-111.1805556,1,1,6,2,5,2,3,9,0,1,1,0,2,4,1,1,4,1,2,2,2,1,2,1,2,2,2,3,2,2,2,2,1,2,"Arizona",0
"1114",40370,4,22924,33.58212222,-111.932525,4,4,6,2,7,6,0,12,0,2,2,0,1,1,1,1,4,2,2,1,1,2,1,2,2,2,2,3,2,1,1,1,2,2,"Arizona",0
"1115",40371,4,19994,34.59624444,-112.3262528,1,1,6,2,21,5,0,33,0,1,1,0,3,2,1,1,4,2,2,2,1,1,1,1,2,2,2,2,2,2,1,2,2,2,"Arizona",0
"1116",40372,4,19056,35.03946667,-110.7368361,3,3,6,3,18,1,0,1,0,1,1,0,4,1,1,1,4,2,1,2,1,1,2,1,2,1,2,2,2,2,2,2,2,2,"Arizona",0
"1117",40373,4,18424,35.26191944,-112.1545861,2,2,6,5,10,1,9,42,1,19,1,0,4,1,10,1,4,1,1,1,1,1,2,1,2,1,2,2,2,1,2,2,2,2,"Arizona",0
"1119",40375,4,24886,32.71273611,-113.8259222,1,1,6,6,4,1,0,1,0,1,1,0,4,2,1,1,4,1,1,2,1,1,2,1,2,1,2,2,2,2,2,2,2,2,"Arizona",0
"1120",40376,4,23753,33.23910556,-110.513325,5,5,6,7,7,8,3,1,0,1,1,0,4,1,99,2,4,1,2,1,2,1,2,1,2,1,2,1,2,2,1,2,2,2,"Arizona",1
"1121",40377,4,20199,34.488275,-110.0822333,2,2,6,7,9,3,0,12,0,8,1,0,1,1,1,1,4,2,2,1,2,2,2,2,2,2,2,3,2,1,2,2,2,2,"Arizona",0
"1122",40378,4,18645,35.18970833,-110.9378833,1,1,6,1,21,3,0,1,0,1,1,0,4,2,1,1,4,1,2,2,2,1,2,1,2,1,2,1,2,2,2,2,2,2,"Arizona",1
"1123",40379,4,19386,34.89013056,-110.1624694,6,6,6,5,11,3,0,12,0,1,1,0,1,1,1,1,4,1,2,1,1,2,2,2,2,2,2,3,2,1,2,2,2,2,"Arizona",0
"1124",40380,4,23336,33.45127222,-112.2211778,2,2,6,5,14,6,0,12,0,3,2,0,1,1,1,1,4,2,2,1,1,2,2,1,2,2,2,3,2,2,2,2,2,2,"Arizona",0
"1125",40381,4,25665,32.289925,-110.9783139,3,3,6,6,13,3,0,12,0,1,1,0,1,1,1,1,4,2,2,1,1,2,2,2,2,2,2,3,2,1,2,2,2,2,"Arizona",0
"1127",40383,4,23532,33.37581944,-112.1684528,1,1,6,1,1,6,0,8,0,1,1,0,1,3,1,1,4,2,2,2,2,1,2,2,1,2,2,2,2,2,2,2,2,2,"Arizona",0
"1128",40384,4,23369,33.43614167,-111.9124861,4,4,6,2,7,3,0,1,1,18,1,0,1,1,1,1,4,2,2,1,1,3,1,1,2,2,2,3,2,2,2,2,2,2,"Arizona",0
"1129",40385,4,25682,32.27944722,-110.9503028,5,5,6,2,15,6,0,12,0,2,3,0,1,1,1,1,4,2,2,1,1,3,2,2,2,2,2,3,2,1,2,2,2,2,"Arizona",0
"1130",40386,4,25842,32.176575,-111.0213056,1,1,6,2,22,3,0,8,0,1,1,0,2,2,1,1,4,2,2,2,1,1,2,2,1,2,2,2,1,2,2,1,1,2,"Arizona",0
"1131",40387,4,22746,33.6404,-112.0636889,1,1,6,4,6,6,0,8,0,1,1,0,1,1,1,1,4,2,2,1,1,1,2,2,1,2,2,2,2,2,2,2,2,2,"Arizona",0
"1132",40388,4,21832,33.90675278,-113.9818389,1,1,6,4,19,3,0,1,0,1,1,0,1,5,1,1,4,1,2,2,1,1,2,1,2,1,2,2,2,2,2,2,2,2,"Arizona",0
"1133",40389,4,23941,33.12176667,-111.8447694,1,1,6,5,14,1,3,1,1,19,1,0,3,1,1,1,4,1,1,1,1,1,2,2,2,1,2,2,2,2,2,2,2,2,"Arizona",0
"1134",40390,4,24548,32.81088333,-109.7230694,1,1,6,7,6,6,0,1,0,1,1,0,1,2,1,1,4,2,2,1,2,1,1,1,2,2,2,1,2,2,2,2,2,2,"Arizona",1
"1135",40391,4,20786,34.20054167,-109.7244139,1,1,6,7,12,4,0,99,0,98,99,0,98,1,98,1,4,1,2,1,2,1,2,2,2,2,2,3,1,2,2,2,2,2,"Arizona",0
"1136",40392,4,19303,34.92505278,-110.1360306,3,3,6,7,21,1,0,1,0,1,1,0,3,2,10,3,4,1,1,2,2,1,2,1,2,1,2,2,2,2,2,2,2,2,"Arizona",0
"1137",40393,4,23240,33.47727778,-112.8476278,1,1,6,1,18,1,0,1,0,1,1,0,2,1,1,1,4,1,1,2,2,1,2,2,2,1,2,2,2,2,2,2,2,2,"Arizona",0
"1138",40394,4,23372,33.435325,-112.3582444,3,3,6,2,10,6,0,12,0,2,2,0,1,1,1,1,4,2,2,1,1,2,2,2,2,2,2,3,2,2,2,2,2,2,"Arizona",0
"1139",40395,4,19646,34.77456111,-111.763625,2,2,6,2,18,3,0,12,0,8,1,0,1,1,10,1,4,2,2,2,1,2,2,2,2,2,2,1,2,1,2,2,2,2,"Arizona",1
"1140",40396,4,26467,31.55461667,-110.2776083,4,4,6,3,11,6,0,12,0,2,2,0,1,1,1,1,4,2,2,1,1,2,2,2,2,2,2,3,2,1,2,2,2,2,"Arizona",0
"1141",40397,4,23566,33.35525833,-110.6666611,4,4,6,3,20,2,3,8,0,1,1,0,1,6,99,1,4,1,2,2,1,2,2,2,1,2,2,3,2,2,2,2,2,2,"Arizona",0
"1142",40398,4,22717,33.64753333,-112.0655722,5,5,6,2,16,6,0,12,0,2,2,0,1,1,1,1,4,2,2,1,1,2,1,2,2,2,2,3,2,2,2,2,2,2,"Arizona",0
"1144",40400,4,23057,33.53279167,-112.3581722,2,2,6,5,0,6,0,8,0,1,1,0,1,2,1,1,4,2,2,2,1,1,2,2,1,2,2,2,1,2,2,2,2,2,"Arizona",0
"1145",40401,4,22399,33.74040556,-112.1072528,2,2,6,5,1,6,0,8,0,1,1,0,1,2,1,1,4,2,2,2,1,1,2,2,1,2,2,1,2,2,1,1,2,2,"Arizona",1
"1146",40402,4,23231,33.48022222,-112.2119222,5,5,6,5,19,6,0,12,0,2,2,0,1,9,99,1,4,2,2,2,1,2,2,2,2,2,2,3,1,2,2,1,2,2,"Arizona",0
"1147",40404,4,23002,33.5553,-112.134275,1,1,6,1,20,6,0,8,0,1,1,0,1,3,1,1,4,2,2,2,2,1,2,2,1,2,2,2,2,2,2,2,2,2,"Arizona",0
"1148",40405,4,23410,33.42187778,-111.9780972,3,3,6,2,14,6,0,33,1,3,2,0,3,1,1,1,4,2,2,1,1,3,2,1,2,2,2,3,2,1,2,2,2,2,"Arizona",0
"1149",40406,4,23202,33.48753056,-112.0809722,1,1,6,3,13,6,0,8,0,3,3,0,1,1,99,1,4,2,2,1,1,1,2,2,1,2,2,3,2,2,2,1,2,2,"Arizona",0
"1150",40407,4,23317,33.45588333,-111.8573111,2,2,6,3,15,6,3,12,0,2,2,0,1,1,10,1,4,2,2,1,1,2,2,2,2,2,2,2,2,1,2,2,2,2,"Arizona",0
"1151",40409,4,21137,34.08535556,-112.1426389,2,2,6,6,21,9,0,35,0,1,1,0,4,3,1,1,4,1,2,2,2,1,2,1,2,2,2,1,2,2,2,2,2,2,"Arizona",1
"1152",40413,4,22692,33.65461944,-112.152,3,3,6,6,15,6,0,12,0,2,2,0,1,1,1,1,4,2,2,1,1,2,2,2,2,1,2,3,2,2,2,2,2,2,"Arizona",0
"1153",40414,4,23137,33.50950833,-112.1515611,3,3,6,6,22,6,0,12,1,2,7,0,1,6,99,1,4,2,2,2,2,2,1,1,2,2,2,1,2,2,2,2,2,2,"Arizona",1
"1154",40415,4,23181,33.49469167,-112.0489556,3,3,6,7,20,6,0,8,0,1,1,0,1,3,1,1,4,2,2,2,2,1,2,2,1,2,2,3,2,2,2,1,2,2,"Arizona",0
"1155",40416,4,16278,36.22220556,-109.6025083,1,1,6,4,5,2,3,1,0,99,99,0,99,6,99,1,4,1,2,2,1,1,2,2,2,1,2,3,2,2,2,2,2,2,"Arizona",0
"1156",40417,4,23164,33.497975,-112.1380194,1,1,6,5,22,2,0,9,0,1,1,0,1,3,1,1,4,2,2,2,1,1,2,2,2,2,2,3,2,2,2,2,2,2,"Arizona",0
"1157",40418,4,23332,33.45135833,-111.8750222,2,2,6,6,21,4,3,12,0,1,1,0,1,2,1,1,4,2,2,2,2,2,2,1,2,2,2,1,2,2,2,2,2,2,"Arizona",1
"1158",40419,4,23423,33.415175,-111.5876361,1,1,6,6,20,2,0,8,0,1,1,0,1,2,10,1,4,2,2,2,2,1,2,2,1,2,2,2,2,2,2,2,2,2,"Arizona",0
"1159",40420,4,23122,33.51331389,-112.0737333,1,1,6,7,20,6,0,8,0,1,1,0,1,3,1,1,4,2,2,2,2,1,2,2,1,2,2,2,2,2,2,2,2,2,"Arizona",0
"1160",40421,4,23274,33.46591944,-112.1953278,3,3,6,7,22,6,0,12,0,3,2,0,1,3,1,1,4,2,2,2,2,2,2,2,2,2,2,1,2,2,1,2,2,2,"Arizona",1