"","ST_CASE","OBJECT_ID","FID","LATITUDE","LONGITUD","PERMVIT","PERSONS","MONTH","DAY_WEEK","HOUR","ROUTE","SP_JUR","HARM_EV","RELJCT1","RELJCT2","TYP_INT","WRK_ZONE","REL_ROAD","LGT_COND","WEATHER","FATALS","STATE","A_RU","A_INTER","A_TOD","A_DOW","A_CT","A_MC","A_SPCRA","A_PED","A_ROLL","A_POLPUR","A_POSBAC","A_D15_20","A_D65PLS","A_D21_24","A_HR","A_DIST","A_DROWSY","STATE_NAME","drunkDr"
"1317",40602,4,23798,33.21809722,-111.8758167,3,3,9,6,6,4,0,12,0,2,2,0,1,4,1,1,4,2,2,1,1,2,2,2,2,2,2,2,2,1,2,2,2,2,"Arizona",0
"1318",40604,4,23335,33.45131111,-112.0204056,1,1,9,4,20,6,0,15,0,1,1,0,1,3,1,1,4,2,2,2,1,1,2,2,2,2,2,3,2,2,2,2,2,2,"Arizona",0
"1319",40605,4,20258,34.457175,-112.5214917,1,1,9,7,11,3,0,1,0,1,1,0,4,1,10,1,4,1,2,1,2,1,1,1,2,2,2,2,2,2,2,2,1,2,"Arizona",0
"1320",40607,4,22929,33.58174722,-112.0651167,2,2,9,3,17,6,0,12,0,2,2,0,1,1,99,1,4,2,2,1,1,2,2,2,2,2,2,3,2,1,2,2,2,2,"Arizona",0
"1321",40608,4,23176,33.49506389,-112.1864444,2,2,9,4,21,6,0,12,0,2,2,0,1,6,99,1,4,2,2,2,1,2,2,2,2,2,2,3,2,2,2,2,2,2,"Arizona",1
"1322",40610,4,22654,33.66768889,-111.9773167,7,7,9,1,14,6,0,12,0,3,2,0,1,1,99,1,4,2,2,1,2,3,2,2,2,2,2,3,1,1,2,2,2,2,"Arizona",0
"1323",40611,4,23794,33.21901389,-111.8902139,7,7,9,7,16,4,0,12,0,1,1,0,1,1,1,2,4,2,2,1,2,3,2,1,2,2,2,1,2,2,2,2,2,2,"Arizona",1
"1324",40612,4,23136,33.50955278,-112.1092167,3,3,9,7,21,6,0,8,0,1,1,0,1,3,1,1,4,2,2,2,2,1,2,2,1,2,2,3,2,2,2,2,2,2,"Arizona",0
"1325",40613,4,22945,33.57523611,-112.0576333,2,2,9,1,1,6,0,31,0,1,1,0,5,3,1,1,4,2,2,2,2,1,2,1,2,2,2,1,1,2,2,2,2,2,"Arizona",1
"1326",40614,4,22928,33.58186111,-112.1514889,3,3,9,1,16,6,0,12,0,2,2,4,1,1,99,1,4,2,2,1,2,2,2,2,1,2,2,3,1,2,2,2,2,2,"Arizona",0
"1327",40615,4,22733,33.64304167,-112.0997167,1,1,9,2,22,6,0,8,0,1,1,0,1,3,1,1,4,2,2,2,1,1,2,2,1,2,2,3,2,2,2,2,2,2,"Arizona",0
"1328",40617,4,16411,36.17509722,-109.5884889,2,2,5,5,23,2,3,8,0,1,1,0,1,2,10,1,4,1,2,2,1,1,2,2,1,2,2,3,2,1,2,2,1,2,"Arizona",0
"1329",40619,4,25761,32.225,-110.9656,1,1,9,2,17,6,0,1,0,1,1,0,1,1,10,1,4,2,2,1,1,1,1,2,2,2,2,1,2,2,2,2,2,2,"Arizona",1
"1330",40620,4,23508,33.38676111,-111.7569972,1,1,7,7,21,2,0,8,1,20,1,0,1,3,1,1,4,2,2,2,2,1,2,2,1,2,2,3,2,2,2,1,2,2,"Arizona",0
"1331",40621,4,24071,33.02613056,-110.731875,2,2,9,4,16,3,0,12,0,1,1,0,1,1,1,2,4,1,2,1,1,2,2,2,2,2,2,2,2,1,2,2,2,2,"Arizona",0
"1332",40622,4,24131,32.99319167,-111.7448306,2,2,9,2,5,1,0,12,0,1,1,0,1,2,10,2,4,2,1,2,2,2,2,1,2,1,2,2,2,2,1,2,2,2,"Arizona",0
"1333",40623,4,19478,34.85243056,-112.4672,3,3,10,7,18,3,0,12,0,1,1,0,1,2,1,1,4,1,2,2,2,2,1,2,2,2,2,3,2,2,2,2,2,2,"Arizona",0
"1334",40624,4,18433,35.25836667,-112.7125694,7,7,10,1,2,1,0,1,0,1,1,0,1,2,1,3,4,1,1,2,2,1,2,1,2,1,2,3,2,2,2,2,2,1,"Arizona",0
"1335",40625,4,21933,33.88072222,-113.3629389,2,2,10,1,6,2,0,42,0,1,1,0,4,4,1,1,4,1,2,1,2,1,2,1,2,1,2,3,2,2,2,2,2,1,"Arizona",0
"1336",40626,4,22646,33.66983889,-112.1628861,1,1,10,3,6,7,0,1,0,1,1,0,4,2,1,1,4,2,2,1,1,1,1,1,2,2,2,3,2,2,2,2,2,2,"Arizona",0
"1337",40627,4,19756,34.7214,-111.9892167,4,4,10,4,15,3,0,12,0,2,3,0,1,1,1,1,4,2,2,1,1,2,2,2,2,2,2,3,1,2,2,2,2,2,"Arizona",0
"1338",40628,4,23214,33.48278611,-112.263725,1,1,10,5,9,3,0,1,1,19,1,0,4,1,1,1,4,2,2,1,1,1,2,2,2,1,2,2,2,1,2,2,2,2,"Arizona",0
"1339",40629,4,19987,34.59951111,-112.4247333,1,1,10,7,5,3,0,41,0,1,1,0,4,2,1,1,4,2,2,2,2,1,2,2,2,1,2,1,2,2,2,2,2,2,"Arizona",1
"1340",40630,4,19144,34.99800556,-110.5929194,1,1,10,7,16,1,0,1,0,1,1,0,1,5,1,1,4,1,1,1,2,1,2,2,2,1,2,2,2,1,2,2,2,2,"Arizona",0
"1341",40631,4,25733,32.24336111,-110.8583333,1,1,10,2,13,6,0,33,0,3,3,0,3,1,1,1,4,2,2,1,1,1,2,2,1,2,2,1,2,2,2,1,2,2,"Arizona",1
"1342",40632,4,22168,33.80390278,-110.4824639,1,1,10,2,16,2,0,24,0,1,1,0,4,1,1,1,4,1,2,1,1,1,1,2,2,2,2,3,2,2,2,2,2,2,"Arizona",0
"1343",40633,4,21447,34.00518333,-112.7758167,2,2,10,2,16,2,0,12,0,1,1,0,1,1,10,1,4,1,2,1,1,2,1,1,2,2,2,3,2,2,2,2,2,2,"Arizona",0
"1344",40634,4,19919,34.63422222,-111.9842806,1,1,10,3,15,8,0,41,0,1,1,0,4,1,10,1,4,1,2,1,1,1,2,1,2,1,2,3,2,1,2,2,2,2,"Arizona",0
"1345",40635,4,18664,35.184075,-111.6685056,1,1,10,5,6,6,0,8,0,2,2,0,1,4,1,1,4,2,2,1,1,1,2,2,1,2,2,2,2,2,2,2,2,2,"Arizona",0
"1347",40637,4,22774,33.63011667,-113.7626778,2,2,10,6,2,1,0,32,1,19,1,0,3,2,1,1,4,1,1,2,1,1,2,1,2,2,2,3,2,1,2,2,1,2,"Arizona",0
"1350",40640,4,25723,32.25034444,-110.9690861,1,1,10,1,2,6,0,33,0,1,1,0,4,3,10,1,4,2,2,2,2,1,2,2,2,2,2,1,2,2,2,2,2,2,"Arizona",1
"1352",40642,4,23515,33.38607222,-111.7998,3,3,10,2,18,2,0,12,0,1,1,0,1,1,1,1,4,2,2,2,1,3,1,1,2,2,2,3,2,2,1,2,2,2,"Arizona",0
"1353",40643,4,18625,35.197525,-111.6492222,1,1,10,3,0,3,0,8,0,3,3,4,1,3,1,1,4,2,2,2,1,1,2,2,1,2,2,2,2,2,2,2,2,2,"Arizona",0
"1354",40644,4,23433,33.41306667,-111.8744611,3,3,10,3,11,6,0,12,0,2,3,0,1,1,10,1,4,2,2,1,1,2,1,2,2,2,2,3,2,2,1,2,2,2,"Arizona",0
"1355",40645,4,23215,33.48251111,-112.2640389,1,1,10,5,9,3,0,1,1,19,1,0,4,1,1,1,4,2,2,1,1,1,2,1,2,1,2,2,2,2,2,2,2,2,"Arizona",0
"1356",40646,4,25891,32.13424722,-110.9176417,5,5,10,5,12,6,0,12,0,2,3,0,1,1,1,1,4,2,2,1,1,2,2,2,2,2,2,3,2,2,2,2,2,2,"Arizona",0
"1357",40647,4,23376,33.43404167,-112.3408889,6,6,10,5,18,6,0,12,0,2,2,0,1,5,1,1,4,2,2,2,1,2,2,2,2,2,2,1,1,1,2,2,2,2,"Arizona",1
"1358",40648,4,25893,32.13406389,-110.97795,2,2,10,5,19,6,0,8,0,3,2,0,1,3,1,1,4,2,2,2,1,1,2,2,1,2,2,2,1,2,2,2,2,2,"Arizona",0
"1360",40650,4,25974,32.05278333,-110.7599722,2,2,10,7,10,1,0,1,0,1,1,0,3,1,1,1,4,2,1,1,2,1,2,2,2,1,2,3,2,1,2,2,2,2,"Arizona",0
"1361",40651,4,26054,31.98745833,-110.584125,1,1,10,7,17,1,0,1,0,1,1,0,3,1,1,1,4,1,1,1,2,1,2,1,2,1,2,1,2,2,2,2,2,2,"Arizona",1
"1362",40652,4,19078,35.02977778,-110.7118333,2,2,10,7,18,6,0,8,0,1,1,0,1,2,1,1,4,2,2,2,2,1,2,2,1,2,2,2,2,1,2,2,2,2,"Arizona",0
"1363",40653,4,24135,32.99078611,-111.7433861,3,3,10,1,4,1,0,1,0,1,1,0,1,2,1,2,4,2,1,2,2,1,2,2,2,1,2,1,2,2,2,2,2,1,"Arizona",1
"1365",40655,4,23367,33.43633056,-111.8911167,1,1,10,4,19,3,0,25,1,19,1,0,3,3,10,1,4,2,2,2,1,1,2,2,2,2,2,2,2,2,2,2,2,2,"Arizona",0
"1366",40656,4,25852,32.16314167,-110.9355611,2,2,10,5,18,6,0,33,0,3,2,0,3,3,2,1,4,2,2,2,1,1,2,2,2,1,2,2,1,2,2,2,2,2,"Arizona",0
"1367",40657,4,24500,32.82805,-111.9227972,2,2,10,6,3,1,0,1,0,1,1,0,4,2,10,1,4,1,1,2,1,1,2,2,2,1,2,3,2,2,2,2,2,2,"Arizona",0
"1368",40658,4,22547,33.70110833,-112.3170917,3,3,10,6,6,3,0,12,0,1,1,1,1,4,1,1,4,2,2,1,1,2,2,2,2,1,2,1,2,2,1,2,2,2,"Arizona",1
"1369",40659,4,15546,36.66825833,-109.5983556,1,1,10,6,7,2,3,8,0,1,1,0,2,1,2,1,4,1,2,1,1,1,2,1,1,2,2,3,2,2,2,2,1,2,"Arizona",0
"1371",40661,4,23081,33.52719167,-112.1121944,3,3,10,7,3,1,0,12,1,18,1,0,1,3,1,1,4,2,1,2,2,2,2,2,2,2,2,1,2,2,2,2,2,2,"Arizona",1
"1372",40662,4,23187,33.49313333,-112.3625389,5,5,10,7,9,6,0,12,0,2,2,0,1,1,1,1,4,2,2,1,2,2,1,1,2,2,2,1,2,2,1,2,2,2,"Arizona",1
"1373",40663,4,18279,35.32421667,-109.433925,3,3,10,7,11,2,3,12,0,1,1,0,1,1,1,1,4,1,2,1,2,2,2,2,2,2,2,1,2,2,2,2,2,2,"Arizona",1
"1374",40664,4,20162,34.50945,-112.2411667,1,1,10,7,16,3,0,38,0,1,1,0,4,1,1,1,4,2,2,1,2,1,2,2,2,2,2,2,2,2,2,2,2,2,"Arizona",0
"1375",40665,4,25827,32.18335556,-109.93815,4,4,10,7,19,1,0,12,0,1,1,0,1,2,1,2,4,1,1,2,2,2,2,2,2,2,2,1,2,2,1,2,2,2,"Arizona",1
"1376",40666,4,22969,33.56639722,-111.7082278,2,2,9,7,21,3,3,12,0,2,3,0,1,3,1,1,4,2,2,2,2,2,1,1,2,1,2,3,2,2,2,2,2,2,"Arizona",0
"1377",40667,4,23892,33.15191667,-111.7807833,2,2,10,1,2,8,3,1,0,1,1,0,1,2,1,1,4,1,2,2,2,1,2,1,2,1,2,1,2,2,2,2,2,2,"Arizona",1
"1378",40668,4,18663,35.18440833,-111.6614333,1,1,10,6,2,3,0,8,0,1,1,0,1,3,1,1,4,2,2,2,1,1,2,2,1,2,2,2,2,2,2,2,1,2,"Arizona",0
"1379",40669,4,23596,33.33513056,-111.8537889,3,3,10,2,14,6,0,12,0,2,2,0,1,1,1,1,4,2,2,1,1,3,2,1,2,2,2,1,2,2,2,2,2,2,"Arizona",1
"1380",40670,4,22997,33.55705556,-112.1429083,2,2,10,2,16,6,0,12,0,2,2,0,1,1,10,1,4,2,2,1,1,2,2,2,2,2,1,3,2,2,2,2,2,2,"Arizona",0
"1381",40671,4,26079,31.95593889,-110.3430333,2,2,10,6,9,3,0,12,0,2,3,0,1,1,2,1,4,1,2,1,1,2,2,2,2,2,2,3,2,1,2,2,2,2,"Arizona",0
"1382",40672,4,20120,34.52945278,-111.949925,1,1,11,2,11,1,0,1,0,1,1,0,4,1,1,1,4,1,1,1,1,1,2,1,2,1,2,2,2,2,1,2,2,2,"Arizona",0
"1383",40673,4,18576,35.21113333,-111.6074694,6,6,11,3,10,6,0,33,0,1,1,0,4,1,2,1,4,2,2,1,1,1,2,1,2,2,2,1,1,2,2,2,2,2,"Arizona",1
"1384",40674,4,26548,31.45831389,-109.7827972,2,2,11,4,9,4,0,12,0,1,1,0,1,1,10,1,4,1,2,1,1,2,1,1,2,2,2,3,2,2,2,2,2,2,"Arizona",0
"1385",40675,4,18278,35.32446111,-111.5432056,4,4,11,4,15,2,0,51,0,1,1,0,1,1,4,1,4,1,2,1,1,3,2,1,2,2,2,3,2,2,2,2,2,2,"Arizona",0
"1386",40676,4,15146,36.94164444,-109.6508528,7,7,11,6,16,2,3,12,0,1,1,0,1,5,10,1,4,1,2,1,1,3,2,1,2,2,2,3,2,1,2,2,2,2,"Arizona",0
"1387",40677,4,22879,33.59921389,-112.277725,3,3,11,7,16,2,0,1,0,2,3,0,1,1,1,1,4,2,2,1,2,2,1,2,2,2,2,3,2,1,2,2,2,2,"Arizona",0
"1388",40678,4,23323,33.4538,-112.4871556,2,2,11,7,19,6,0,38,0,1,1,0,4,2,1,1,4,2,2,2,2,1,2,1,2,2,2,2,2,2,2,2,2,2,"Arizona",0
"1389",40679,4,23371,33.43537778,-112.3066444,5,5,11,1,5,4,0,12,0,2,2,0,1,3,1,2,4,2,2,2,2,3,2,1,2,2,2,1,1,2,1,2,2,2,"Arizona",2
"1390",40680,4,15430,36.74848056,-110.2266361,5,5,11,1,8,2,3,38,0,1,1,0,4,1,1,2,4,1,2,1,2,1,2,2,2,1,2,3,2,2,2,2,2,2,"Arizona",1
"1391",40681,4,23398,33.42583889,-112.0267889,11,11,11,1,22,1,0,12,1,18,1,0,1,3,1,1,4,2,1,2,2,3,1,1,2,2,2,1,2,2,1,2,2,2,"Arizona",1
"1392",40682,4,23000,33.55659444,-112.2203694,2,2,11,3,1,6,0,33,0,1,1,0,4,3,1,1,4,2,2,2,1,1,2,1,2,1,2,1,2,2,1,2,2,2,"Arizona",1
"1393",40683,4,23647,33.30570556,-111.9029333,2,2,11,3,6,6,0,8,0,3,2,0,1,3,10,1,4,2,2,1,1,2,2,2,1,2,2,3,2,2,2,2,2,2,"Arizona",0
"1394",40684,4,24024,33.06105278,-111.6885,5,5,11,3,19,3,3,12,0,2,2,0,1,2,1,1,4,1,2,2,1,2,2,2,2,2,2,3,2,2,2,2,2,2,"Arizona",0
"1395",40685,4,22700,33.65243611,-112.30775,1,1,11,4,13,6,0,8,0,2,3,0,1,1,1,1,4,2,2,1,1,1,2,2,1,2,2,3,2,1,2,2,2,2,"Arizona",0
"1396",40686,4,17166,35.8947,-111.4064333,2,2,11,7,12,2,3,12,0,1,1,0,1,1,1,2,4,1,2,1,2,2,2,2,2,2,2,2,2,2,2,2,2,2,"Arizona",0
"1397",40687,4,19900,34.64050833,-112.3150778,1,1,11,7,16,3,0,1,1,19,1,0,8,1,1,1,4,2,2,1,2,1,1,2,2,2,2,1,2,2,2,2,2,2,"Arizona",1
"1398",40688,4,22763,33.63355556,-112.1162889,6,6,11,7,23,1,0,12,1,18,1,0,1,3,1,1,4,2,1,2,2,3,1,1,2,2,2,1,2,2,1,1,2,2,"Arizona",1
"1399",40689,4,25758,32.22811389,-110.8238222,1,1,11,1,6,6,0,8,0,2,2,0,1,3,2,1,4,2,2,1,2,1,2,2,1,2,2,3,2,2,2,2,2,2,"Arizona",0
"1400",40690,4,22977,33.56474722,-111.9434611,1,1,11,1,17,6,0,8,0,2,2,0,1,5,2,1,4,2,2,1,2,1,2,1,1,2,2,3,1,2,2,2,2,2,"Arizona",0
"1401",40691,4,25721,32.25070833,-110.8952389,1,1,11,1,17,6,0,33,0,1,1,0,4,3,1,1,4,2,2,1,2,1,2,1,2,1,2,1,2,2,2,2,2,2,"Arizona",1
"1402",40692,4,18613,35.20176389,-111.4472361,1,1,11,2,17,1,0,1,0,1,1,0,4,5,10,1,4,1,1,1,1,1,2,2,2,1,2,1,2,2,2,2,2,2,"Arizona",1
"1403",40693,4,20117,34.53054722,-112.1131194,3,3,11,3,17,3,0,12,0,1,1,0,1,5,1,1,4,1,2,1,1,3,2,2,2,1,2,3,2,2,2,2,2,2,"Arizona",0
"1404",40694,4,25754,32.22905833,-110.9824222,2,2,11,4,1,1,0,12,0,1,1,0,1,3,1,1,4,2,1,2,1,2,2,2,2,2,2,1,2,2,2,2,2,2,"Arizona",1
"1405",40695,4,23514,33.38650833,-111.6457028,1,1,11,4,13,2,0,25,1,19,1,0,4,1,1,1,4,2,2,1,1,1,2,2,2,2,2,1,2,1,2,2,2,2,"Arizona",1
"1406",40696,4,25722,32.25036944,-110.9865083,6,6,11,6,13,6,0,12,0,2,2,0,1,1,1,1,4,2,2,1,1,3,2,2,2,1,2,3,1,1,1,2,2,2,"Arizona",0
"1407",40697,4,19299,34.92625833,-110.1351028,2,2,11,7,0,1,0,12,0,1,1,0,1,2,1,1,4,1,1,2,2,2,2,2,2,1,2,1,2,2,2,2,2,2,"Arizona",1
"1408",40698,4,21799,33.91348333,-113.9915806,1,1,11,7,19,5,0,59,0,1,1,0,4,3,1,1,4,1,2,2,2,1,2,1,2,2,2,1,2,1,2,2,2,2,"Arizona",1
"1409",40699,4,23311,33.45856667,-112.3984639,3,3,11,2,16,6,0,1,0,3,10,0,1,1,1,1,4,2,2,1,1,2,1,1,2,2,2,1,1,2,2,2,2,2,"Arizona",1
"1411",40701,4,22267,33.77573889,-113.61035,1,1,11,3,18,5,0,9,0,1,1,0,1,2,10,1,4,1,2,2,1,1,2,2,2,2,2,3,2,2,2,2,1,2,"Arizona",0
"1412",40702,4,19292,34.93009444,-110.1326972,3,3,11,1,12,1,0,12,0,1,1,0,1,1,10,2,4,1,1,1,2,2,2,2,2,1,2,3,2,1,2,2,2,2,"Arizona",0
"1413",40703,4,19508,34.83660833,-111.8885361,1,1,11,2,22,3,0,1,0,1,1,0,1,2,1,1,4,1,2,2,1,1,2,1,2,1,2,1,2,2,2,2,2,2,"Arizona",1
"1415",40705,4,25822,32.18706944,-111.0016694,1,1,10,7,19,6,0,33,0,1,1,0,3,3,2,1,4,2,2,2,2,1,2,1,2,2,2,3,2,1,2,2,2,2,"Arizona",0
"1416",40706,4,22711,33.64856667,-112.070075,1,1,10,1,13,6,0,33,0,1,1,0,4,1,1,1,4,2,2,1,2,1,1,2,2,2,2,2,2,1,2,2,2,2,"Arizona",0
"1417",40707,4,22693,33.6546,-112.1475583,2,2,11,4,11,6,0,12,0,2,3,0,1,1,1,1,4,2,2,1,1,2,2,1,2,2,2,1,1,2,2,2,2,2,"Arizona",1
"1418",40708,4,22884,33.59641389,-112.1326306,4,4,10,2,18,6,0,12,0,3,2,0,1,3,1,1,4,2,2,2,1,3,1,1,2,2,2,3,2,2,2,2,1,2,"Arizona",0
"1419",40709,4,23009,33.553025,-112.0565944,2,2,10,6,19,6,0,12,0,2,2,0,1,3,1,1,4,2,2,2,2,2,1,2,2,2,2,3,2,2,2,2,2,2,"Arizona",0
"1420",40710,4,23046,33.53853333,-112.1343444,2,2,10,5,14,6,0,12,0,2,2,0,1,1,99,1,4,2,2,1,1,2,1,2,2,2,2,1,2,2,2,2,2,2,"Arizona",1
"1421",40713,4,21688,33.94049167,-109.9344917,1,1,10,2,8,3,3,1,0,1,1,0,4,1,10,1,4,1,2,1,1,1,2,2,2,1,2,3,2,2,2,2,2,2,"Arizona",1
"1422",40714,4,23156,33.50162778,-112.1516417,1,1,10,3,19,6,0,8,0,1,1,0,1,3,10,1,4,2,2,2,1,1,2,2,1,2,2,2,2,2,2,2,2,2,"Arizona",0
"1423",40715,4,23138,33.50944722,-112.1169222,1,1,10,4,5,6,0,8,0,3,2,0,1,9,99,1,4,2,2,2,1,1,2,2,1,2,2,3,2,2,2,2,2,2,"Arizona",0
"1424",40717,4,23380,33.43221389,-112.2011694,3,3,10,4,2,6,0,38,0,3,3,0,4,6,99,1,4,2,2,2,1,1,2,2,2,2,1,2,2,2,2,1,2,2,"Arizona",0
"1425",40720,4,23089,33.52412778,-112.10295,1,1,10,1,18,6,0,8,0,1,1,0,1,3,1,1,4,2,2,2,2,1,2,2,1,2,2,3,2,1,2,2,2,2,"Arizona",0
"1426",40721,4,23333,33.45134444,-111.8962417,1,1,10,3,2,4,3,8,0,1,1,0,1,6,99,1,4,2,2,2,1,1,2,2,1,2,2,3,2,2,2,1,2,2,"Arizona",0
"1427",40723,4,23976,33.09482222,-110.0724972,3,3,10,5,22,2,3,12,0,99,99,0,99,6,99,1,4,1,2,2,1,2,2,2,2,2,2,3,2,2,2,2,2,2,"Arizona",0
"1428",40724,4,23007,33.55312222,-112.1083056,2,2,10,6,16,6,0,12,0,2,2,0,1,1,99,1,4,2,2,1,1,2,1,2,2,2,2,3,2,2,2,2,2,2,"Arizona",0
"1429",40725,4,20497,34.31158611,-112.1003611,2,2,10,2,14,5,0,5,0,2,3,0,1,1,1,1,4,1,2,1,1,1,2,2,2,2,2,1,2,2,2,2,2,2,"Arizona",1
"1430",40727,4,23196,33.48853056,-112.1689139,6,6,10,6,4,6,0,12,0,2,2,0,1,6,99,1,4,2,2,2,1,3,2,2,2,2,2,3,2,1,2,1,2,2,"Arizona",0
"1431",40729,4,20945,34.141625,-112.9767722,4,4,11,1,22,2,0,12,0,1,1,0,1,2,10,1,4,1,2,2,2,2,2,2,2,2,2,3,2,2,2,2,2,2,"Arizona",0
"1432",40730,4,23213,33.48320278,-111.8894667,1,1,9,5,4,3,3,20,1,19,1,1,8,3,1,1,4,2,2,2,1,1,2,2,2,1,2,2,2,2,2,2,2,2,"Arizona",0
"1433",40731,4,23670,33.29144722,-111.8395444,2,2,11,5,15,6,0,12,0,8,1,0,1,1,1,1,4,2,2,1,1,2,1,2,2,2,2,3,2,1,2,2,2,2,"Arizona",0
"1434",40732,4,26123,31.90546667,-109.7627222,2,2,11,2,5,2,0,12,0,2,3,0,1,2,1,1,4,1,2,2,2,2,2,2,2,2,2,3,2,1,2,2,2,2,"Arizona",0
"1435",40733,4,24893,32.70846389,-113.9491528,1,1,11,1,3,5,0,35,0,3,3,0,4,2,1,1,4,1,2,2,2,1,1,1,2,2,2,1,2,2,2,2,2,2,"Arizona",1
"1436",40734,4,26455,31.56943333,-110.2743889,2,2,11,2,6,3,0,12,0,3,2,0,1,4,10,1,4,2,2,1,1,2,2,1,2,1,2,3,2,2,2,2,2,1,"Arizona",0
"1437",40735,4,22523,33.70666111,-111.5058639,2,2,11,7,9,3,0,52,0,1,1,0,4,1,1,1,4,1,2,1,2,2,1,2,2,2,2,3,2,1,2,2,2,2,"Arizona",0
"1438",40736,4,23118,33.51653333,-112.1598306,2,2,11,2,18,2,0,12,0,2,3,0,1,3,1,1,4,2,2,2,1,2,1,1,2,2,2,2,2,2,2,2,2,2,"Arizona",0
"1439",40737,4,23720,33.26153611,-111.880975,5,5,11,1,12,6,0,12,0,2,2,0,1,1,1,1,4,2,2,1,2,3,2,1,2,2,2,3,1,2,2,2,2,2,"Arizona",0
"1440",40738,4,18653,35.18815833,-111.7167639,3,3,9,6,21,1,0,42,1,19,1,0,3,2,1,1,4,2,1,2,2,1,2,2,2,2,2,3,2,2,2,2,1,2,"Arizona",0
"1441",40739,4,22015,33.85661389,-110.1785417,1,1,11,4,14,3,3,34,0,1,1,0,4,1,10,1,4,1,2,1,1,1,2,2,2,1,2,2,2,2,2,2,2,2,"Arizona",0
"1442",40740,4,22691,33.65469167,-112.0961556,2,2,11,6,18,6,0,8,0,1,1,0,1,3,1,1,4,2,2,2,2,2,2,2,1,2,2,3,2,2,2,2,2,2,"Arizona",0
"1443",40741,4,22574,33.691425,-111.5026333,2,2,11,7,15,3,0,24,0,1,1,0,4,1,1,2,4,1,2,1,2,1,2,2,2,1,2,1,2,2,2,2,2,2,"Arizona",1
"1444",40742,4,15911,36.4065,-109.6081889,5,5,6,3,0,2,3,8,0,1,1,0,1,2,1,1,4,1,2,2,1,1,2,2,1,2,2,3,2,2,2,2,2,2,"Arizona",0
"1445",40743,4,18119,35.39454722,-110.3313444,1,1,9,7,2,8,3,1,0,1,1,0,99,6,99,1,4,1,2,2,2,1,2,2,2,1,2,3,2,2,2,2,2,2,"Arizona",1
"1446",40744,4,24233,32.93644444,-112.7730833,1,1,11,1,7,7,0,23,0,1,1,0,4,1,99,1,4,1,1,1,2,1,2,2,2,2,2,1,2,2,2,2,2,2,"Arizona",1
"1447",40745,4,23641,33.307725,-110.4944333,3,3,11,2,99,2,3,12,0,1,1,0,1,1,99,1,4,1,2,3,3,2,2,2,2,2,2,3,2,2,2,2,2,2,"Arizona",0
"1448",40747,4,23405,33.42286389,-112.2110139,1,1,11,3,20,4,0,9,0,1,1,0,1,2,10,1,4,2,2,2,1,1,2,2,2,2,2,3,2,2,2,2,2,2,"Arizona",0
"1449",40748,4,23051,33.5378,-112.2377111,3,3,11,6,16,6,0,12,0,2,2,0,1,1,99,1,4,2,2,1,1,2,1,2,2,2,2,1,1,2,2,2,2,2,"Arizona",1
"1450",40751,4,21482,33.99546111,-109.1242861,3,3,11,6,2,8,0,5,0,1,1,0,4,2,1,1,4,1,2,2,1,1,2,2,2,2,2,1,2,2,2,2,2,2,"Arizona",1
"1451",40752,4,23091,33.52392222,-112.1515056,1,1,11,5,18,6,0,9,0,3,2,0,1,6,99,1,4,2,2,2,1,1,2,2,2,2,2,3,2,2,2,1,2,2,"Arizona",0
"1452",40753,4,17810,35.541575,-109.5299611,2,2,11,5,99,2,3,2,0,99,99,0,99,9,99,1,4,1,2,3,1,1,2,2,2,2,2,2,2,2,2,2,2,2,"Arizona",0
"1453",40756,4,23355,33.44110278,-111.9551111,2,2,11,6,3,6,0,33,0,1,1,0,4,3,1,1,4,2,2,2,1,1,2,1,2,2,2,2,1,2,2,2,2,2,"Arizona",0
"1454",40757,4,23821,33.20366389,-111.8647194,5,5,11,1,21,4,0,12,0,1,1,0,1,6,99,5,4,2,2,2,2,2,2,2,2,2,2,1,2,1,2,2,2,2,"Arizona",2
"1455",40758,4,23622,33.32116944,-111.7503417,2,2,12,4,7,6,0,12,0,2,3,0,1,1,1,1,4,2,2,1,1,2,2,2,2,2,2,3,1,1,2,2,2,2,"Arizona",0
"1457",40760,4,26409,31.63008333,-110.1726056,2,2,12,1,16,4,0,1,0,1,1,0,4,5,1,2,4,1,2,1,2,1,1,2,2,2,2,1,2,2,2,2,2,2,"Arizona",1
"1458",40761,4,23313,33.45798056,-112.3422917,13,13,12,1,18,1,0,8,1,18,1,0,1,3,1,1,4,2,1,2,2,3,2,2,1,2,2,3,2,2,2,2,1,2,"Arizona",0
"1459",40762,4,16263,36.2281,-111.0342139,1,1,12,3,18,2,3,35,0,1,1,0,4,2,1,1,4,1,2,2,1,1,2,2,2,1,2,3,2,2,2,2,2,2,"Arizona",0
"1460",40763,4,16592,36.123675,-111.2071278,2,2,12,3,19,2,3,8,0,1,1,0,1,2,1,1,4,1,2,2,1,1,2,2,1,2,2,3,2,2,2,2,2,2,"Arizona",0
"1461",40764,4,23306,33.46031111,-112.4249917,1,1,12,4,17,1,0,38,0,5,1,0,4,5,1,1,4,2,1,1,1,1,2,1,2,2,2,2,2,2,2,2,2,2,"Arizona",0
"1462",40765,4,23474,33.39871944,-111.8400528,1,1,12,4,17,3,0,8,0,1,1,0,1,5,1,1,4,2,2,1,1,1,2,2,1,2,2,3,2,2,2,2,2,2,"Arizona",0
"1463",40766,4,23435,33.41106111,-111.8566361,2,2,12,5,10,6,0,8,0,1,1,0,1,1,1,1,4,2,2,1,1,1,2,2,1,2,2,3,2,1,2,2,2,2,"Arizona",0
"1464",40767,4,23345,33.44731667,-111.8224444,4,4,12,7,10,6,0,12,0,2,3,0,1,1,10,1,4,2,2,1,2,2,1,2,2,2,2,3,2,1,2,2,2,2,"Arizona",0
"1465",40768,4,23303,33.46123333,-112.2832417,7,7,12,1,9,1,0,12,1,18,1,0,1,1,1,1,4,2,1,1,2,2,2,2,2,2,2,3,1,2,2,2,2,2,"Arizona",0
"1466",40769,4,24105,33.00586111,-111.7550222,2,2,12,1,11,1,0,12,1,18,1,0,1,1,1,1,4,1,1,1,2,2,2,2,2,2,2,2,2,1,2,2,2,2,"Arizona",0