"","ST_CASE","OBJECT_ID","FID","LATITUDE","LONGITUD","PERMVIT","PERSONS","MONTH","DAY_WEEK","HOUR","ROUTE","SP_JUR","HARM_EV","RELJCT1","RELJCT2","TYP_INT","WRK_ZONE","REL_ROAD","LGT_COND","WEATHER","FATALS","STATE","A_RU","A_INTER","A_TOD","A_DOW","A_CT","A_MC","A_SPCRA","A_PED","A_ROLL","A_POLPUR","A_POSBAC","A_D15_20","A_D65PLS","A_D21_24","A_HR","A_DIST","A_DROWSY","STATE_NAME","drunkDr"
"1610",50097,5,19052,35.040325,-92.07944167,4,4,3,1,10,3,0,12,0,1,1,0,1,1,2,1,5,1,2,1,2,2,2,2,2,2,2,2,2,1,2,2,2,2,"Arkansas",0
"1611",50098,5,21816,33.90920278,-94.3953,1,1,3,2,2,3,0,52,0,1,1,0,4,2,1,1,5,1,2,2,2,1,2,2,2,2,2,2,2,2,2,2,2,2,"Arkansas",0
"1612",50099,5,19721,34.73499444,-92.34169167,3,3,3,2,16,6,0,12,0,2,2,0,1,1,1,1,5,2,3,1,1,2,2,2,2,2,2,3,2,2,2,2,2,2,"Arkansas",0
"1613",50100,5,18228,35.35128056,-93.12573611,5,5,3,3,20,3,0,12,0,2,3,0,1,2,1,1,5,2,2,2,1,2,1,2,2,2,2,3,1,2,2,2,2,2,"Arkansas",0
"1614",50101,5,19353,34.90415556,-92.08649167,3,3,3,4,12,2,0,12,0,1,1,0,1,1,1,1,5,2,2,1,1,2,2,2,2,2,2,2,2,1,2,2,2,2,"Arkansas",1
"1615",50102,5,15948,36.38384722,-93.40886111,2,2,3,4,17,3,0,42,0,1,1,0,5,1,2,1,5,1,2,1,1,1,2,2,2,1,2,3,2,2,2,2,2,2,"Arkansas",0
"1616",50104,5,18399,35.27263056,-93.07375833,1,1,3,5,4,1,0,32,0,1,1,0,4,2,2,1,5,2,1,2,1,1,2,2,2,2,2,3,2,2,2,2,2,2,"Arkansas",0
"1617",50105,5,15960,36.37787222,-91.85482778,1,1,3,5,4,2,0,42,0,1,1,0,4,2,2,1,5,1,2,2,1,1,2,2,2,1,2,1,2,2,1,2,2,2,"Arkansas",1
"1618",50106,5,23927,33.13113611,-92.47401944,2,2,3,5,6,2,0,12,0,1,1,0,1,2,1,2,5,1,2,1,1,2,2,2,2,1,2,1,2,2,2,2,2,2,"Arkansas",1
"1619",50107,5,20291,34.43633056,-94.13147778,2,2,3,5,16,4,0,12,0,8,1,0,1,1,1,1,5,1,3,1,1,2,2,2,2,2,2,3,2,2,2,2,2,2,"Arkansas",0
"1620",50108,5,21896,33.889875,-93.14626944,3,3,3,5,23,2,0,12,0,2,2,0,1,2,1,1,5,1,2,2,1,2,2,2,2,2,2,2,2,1,2,2,2,2,"Arkansas",0
"1621",50109,5,20644,34.24754444,-91.90688889,2,2,3,7,1,2,0,12,0,1,1,0,1,2,1,1,5,1,2,2,2,2,2,2,2,2,2,1,2,2,2,2,2,2,"Arkansas",2
"1622",50110,5,20441,34.345175,-93.49087778,1,1,3,7,7,2,0,42,0,1,1,0,4,9,1,1,5,1,2,1,2,1,2,2,2,2,2,2,2,2,2,2,2,2,"Arkansas",0
"1623",50111,5,17109,35.92325,-90.81363333,1,1,3,1,1,2,0,32,0,1,1,0,4,2,1,1,5,1,2,2,2,1,2,2,2,2,2,3,2,2,2,2,2,2,"Arkansas",0
"1624",50112,5,20500,34.30820556,-94.34266944,4,4,3,1,16,2,0,12,0,1,1,0,1,1,1,1,5,1,2,1,2,3,2,2,2,2,2,2,1,2,2,2,2,2,"Arkansas",0
"1625",50113,5,23221,33.48070556,-93.63545,3,3,4,4,1,3,0,42,0,1,1,0,4,2,1,2,5,1,2,2,1,1,2,2,2,2,2,3,2,2,2,2,2,2,"Arkansas",0
"1626",50114,5,22900,33.58865,-93.84483889,2,2,4,6,19,2,0,34,0,1,1,0,4,2,1,2,5,1,2,2,2,1,1,2,2,2,2,1,2,2,2,2,2,2,"Arkansas",1
"1627",50115,5,17100,35.92956667,-90.64326111,2,2,4,6,20,3,0,12,0,2,3,0,1,2,1,1,5,1,2,2,2,2,2,2,2,2,2,2,2,2,1,2,2,2,"Arkansas",0
"1628",50116,5,16673,36.09768611,-90.46315,5,5,4,7,10,2,0,12,0,1,1,0,1,1,1,1,5,2,2,1,2,2,2,2,2,2,2,1,2,1,2,2,2,2,"Arkansas",0
"1629",50117,5,19407,34.88370833,-92.38529722,1,1,4,7,17,3,0,1,0,8,1,0,1,1,1,1,5,2,2,1,2,1,1,2,2,2,2,2,2,2,2,2,2,2,"Arkansas",0
"1630",50118,5,15950,36.38340556,-90.51981944,2,2,4,1,16,3,0,12,0,1,1,0,1,1,1,1,5,1,2,1,2,2,2,2,2,2,2,1,2,1,2,2,2,2,"Arkansas",1
"1631",50119,5,20257,34.45798611,-94.39531389,4,4,4,2,13,2,0,12,0,1,1,0,1,1,8,3,5,1,2,1,1,2,2,2,2,2,2,2,2,2,1,2,2,2,"Arkansas",0
"1632",50120,5,23387,33.42843056,-94.04053056,2,2,4,3,15,2,0,12,0,2,2,0,1,1,1,1,5,2,2,1,1,2,1,2,2,2,2,3,1,2,2,2,2,2,"Arkansas",0
"1633",50121,5,17798,35.54828889,-90.69313333,5,5,4,3,21,3,0,12,0,1,1,0,1,2,1,1,5,1,2,2,1,2,2,2,2,2,2,1,2,2,2,2,2,2,"Arkansas",1
"1634",50122,5,15844,36.45768889,-94.36864167,1,1,4,5,14,6,0,1,0,1,1,0,5,1,1,1,5,2,2,1,1,1,2,1,2,1,2,1,2,2,2,2,2,2,"Arkansas",1
"1635",50123,5,18773,35.14668889,-90.22454722,3,3,4,5,20,2,0,12,0,2,2,0,1,3,1,1,5,2,2,2,1,2,1,2,2,2,2,2,2,2,1,2,2,2,"Arkansas",0
"1636",50124,5,23952,33.11533056,-94.02308611,2,2,4,6,7,4,0,12,0,1,1,0,1,1,1,1,5,1,2,1,1,2,2,2,2,2,2,3,2,1,2,2,2,2,"Arkansas",0
"1637",50125,5,22725,33.64473056,-91.82188333,3,3,4,7,22,6,0,32,0,1,1,0,4,2,1,1,5,2,2,2,2,1,2,2,2,1,2,1,2,2,2,2,2,2,"Arkansas",1
"1638",50126,5,18022,35.44462778,-94.32903889,1,1,4,7,22,6,0,8,0,1,1,0,1,2,1,1,5,2,2,2,2,1,2,2,1,2,2,2,2,2,2,2,2,2,"Arkansas",0
"1639",50127,5,18743,35.15658056,-92.643025,1,1,4,3,11,6,0,43,0,1,1,0,4,1,1,1,5,2,2,1,1,1,2,1,2,1,2,2,2,1,2,2,2,2,"Arkansas",0
"1640",50128,5,20405,34.36863333,-93.43927778,2,2,4,3,20,2,0,24,0,1,1,0,4,2,2,1,5,1,2,2,1,2,2,2,2,2,2,3,2,2,1,2,2,2,"Arkansas",0
"1641",50129,5,17880,35.50758056,-93.98657778,1,1,4,3,21,2,0,8,0,1,1,0,2,2,1,1,5,1,2,2,1,1,2,2,1,2,2,3,2,2,2,1,2,2,"Arkansas",0
"1642",50130,5,17241,35.85755278,-90.78754444,1,1,4,3,22,3,0,42,0,1,1,0,4,2,1,1,5,1,2,2,1,1,2,2,2,2,2,2,2,2,2,2,2,2,"Arkansas",0
"1643",50131,5,23522,33.38308889,-93.92364722,1,1,4,5,20,4,0,42,0,1,1,0,4,2,1,1,5,1,2,2,1,1,1,2,2,2,2,1,2,2,2,2,2,2,"Arkansas",1
"1644",50132,5,23944,33.12090278,-91.25518056,5,5,4,7,11,2,0,24,0,1,1,0,4,1,1,3,5,1,2,1,2,2,2,2,2,2,2,2,2,2,2,2,2,2,"Arkansas",0
"1645",50133,5,19991,34.5986,-90.72659167,1,1,4,1,9,3,0,42,0,1,1,0,4,1,1,1,5,1,2,1,2,1,2,2,2,2,2,2,1,2,2,2,2,2,"Arkansas",0
"1646",50134,5,22778,33.62913611,-91.42110278,1,1,4,3,9,3,0,43,0,1,1,0,4,1,1,1,5,1,2,1,1,1,1,2,2,2,2,3,2,2,2,2,2,2,"Arkansas",0
"1647",50135,5,18637,35.19282778,-92.39163611,3,3,4,5,9,2,0,12,0,1,1,0,1,1,8,1,5,1,2,1,1,2,2,2,2,1,2,3,2,2,2,2,2,2,"Arkansas",0
"1648",50136,5,18483,35.24149722,-90.72486667,3,3,4,7,6,2,0,12,0,1,1,0,1,1,8,1,5,1,2,1,2,2,2,1,2,2,2,3,1,2,1,2,2,2,"Arkansas",0
"1649",50137,5,16917,36.0186,-90.69299444,1,1,4,1,19,3,0,42,0,1,1,0,4,1,1,1,5,1,2,2,2,1,1,2,2,2,2,2,2,2,2,2,2,2,"Arkansas",0
"1650",50138,5,20159,34.50978333,-93.17806944,2,2,4,2,0,4,0,1,0,1,1,0,4,2,1,1,5,1,2,2,2,1,2,1,2,1,2,1,2,2,1,2,2,2,"Arkansas",1
"1651",50139,5,18575,35.21126389,-91.72401667,2,2,4,3,10,2,0,12,0,1,1,0,1,1,1,1,5,2,2,1,1,2,1,2,2,2,2,1,2,2,1,2,2,2,"Arkansas",1
"1652",50140,5,18332,35.30561111,-93.164675,2,2,4,4,13,3,0,12,0,1,1,0,1,1,1,1,5,2,2,1,1,2,1,2,2,2,2,2,2,2,2,2,2,2,"Arkansas",0
"1653",50141,5,20156,34.51011667,-93.20062222,1,1,4,5,0,2,0,8,0,1,1,0,2,2,1,1,5,1,2,2,1,1,2,2,1,2,2,3,2,2,2,1,2,2,"Arkansas",0
"1654",50142,5,16842,36.04799167,-94.21959167,2,2,4,5,7,2,0,12,0,2,3,0,1,1,1,1,5,2,2,1,1,2,2,2,2,2,2,3,2,1,2,2,2,2,"Arkansas",0
"1655",50144,5,19835,34.67948611,-92.26814444,4,4,4,5,17,1,0,12,0,1,1,4,1,1,1,1,5,1,1,1,1,3,2,2,2,2,2,3,2,2,1,2,2,2,"Arkansas",0
"1656",50145,5,18040,35.43481111,-94.25804722,4,4,4,5,18,3,0,12,0,2,2,0,1,1,1,1,5,1,2,2,1,2,1,2,2,2,2,2,2,2,2,2,2,2,"Arkansas",0
"1657",50146,5,21009,34.120325,-93.05634722,1,1,5,6,11,6,0,7,0,3,2,0,4,1,1,1,5,2,2,1,1,1,1,2,2,2,2,2,1,2,2,2,2,2,"Arkansas",0
"1658",50147,5,18011,35.45069167,-92.07363333,1,1,5,7,14,3,0,35,0,1,1,0,4,1,1,1,5,1,2,1,2,1,1,1,2,2,2,2,2,2,2,2,2,2,"Arkansas",0
"1659",50148,5,19896,34.64182778,-92.30841111,4,4,5,7,16,3,0,12,0,1,1,0,1,1,1,1,5,2,2,1,2,3,2,2,2,2,2,1,2,2,2,2,2,2,"Arkansas",1
"1660",50149,5,16527,36.14414167,-93.73769444,2,2,5,7,16,3,0,34,0,1,1,0,4,1,1,1,5,1,2,1,2,1,1,2,2,2,2,3,2,2,2,2,2,2,"Arkansas",0
"1661",50150,5,16104,36.30391389,-91.41737222,7,7,5,7,18,2,0,1,0,1,1,0,1,1,1,1,5,1,2,2,2,3,1,2,2,2,2,2,2,2,2,2,2,2,"Arkansas",0
"1662",50151,5,15877,36.42692778,-93.78513056,1,1,5,7,20,3,0,1,0,1,1,0,4,2,1,1,5,1,2,2,2,1,2,1,2,1,2,1,2,2,2,2,2,2,"Arkansas",1
"1663",50152,5,18052,35.42657222,-92.446025,1,1,5,1,19,3,0,59,0,1,1,4,4,1,1,1,5,1,2,2,2,1,2,2,2,2,2,1,2,1,2,2,2,2,"Arkansas",1
"1664",50153,5,18000,35.45755278,-94.32791389,3,3,5,1,21,1,0,8,0,1,1,0,1,2,1,1,5,2,1,2,2,3,2,2,1,1,2,3,1,2,2,2,2,2,"Arkansas",0
"1665",50154,5,23590,33.34049722,-91.2899,3,3,5,2,18,4,0,12,0,8,1,0,1,1,1,1,5,1,2,2,1,2,1,1,2,2,2,2,1,2,2,2,2,2,"Arkansas",0
"1666",50155,5,19041,35.04509722,-92.33835556,1,1,5,3,13,3,0,32,0,1,1,0,4,1,1,1,5,1,2,1,1,1,2,2,2,1,2,1,2,2,2,2,2,2,"Arkansas",1
"1667",50156,5,21737,33.92638333,-93.15826389,2,2,5,4,10,3,0,32,0,1,1,0,4,1,1,1,5,1,2,1,1,1,2,2,2,2,2,1,2,2,2,2,2,2,"Arkansas",0
"1668",50157,5,18829,35.12261389,-92.74644167,2,2,5,6,16,3,0,12,0,1,1,0,1,1,1,1,5,1,2,1,1,2,2,2,2,2,2,3,2,1,2,2,2,2,"Arkansas",0
"1669",50158,5,20099,34.54039167,-92.88931389,9,9,5,7,0,2,0,12,0,1,1,0,1,2,2,1,5,1,2,2,2,2,2,2,2,2,2,2,2,2,1,2,2,2,"Arkansas",0
"1670",50159,5,18728,35.16051111,-92.77328056,2,2,5,4,17,3,0,12,0,1,1,0,1,1,1,1,5,2,2,1,1,2,2,2,2,2,2,3,2,2,2,2,2,2,"Arkansas",0
"1671",50160,5,19298,34.92629722,-92.08113056,3,3,5,6,1,2,0,12,0,1,1,0,1,2,1,1,5,2,2,2,1,2,2,2,2,1,2,1,2,2,2,2,2,2,"Arkansas",1
"1672",50161,5,19715,34.74045,-92.3168,2,2,5,2,14,6,0,12,0,2,2,0,1,1,1,1,5,2,2,1,1,2,1,2,2,2,2,1,2,2,2,2,2,2,"Arkansas",0
"1673",50162,5,20009,34.585575,-94.13533611,3,3,5,2,18,3,0,12,0,1,1,0,1,1,1,1,5,1,2,2,1,2,2,2,2,2,2,2,2,2,2,2,2,2,"Arkansas",0
"1674",50163,5,18259,35.33138611,-93.06927222,2,2,5,2,23,3,0,59,0,1,1,0,4,2,1,1,5,1,2,2,1,1,2,2,2,1,2,1,2,2,2,2,1,2,"Arkansas",1
"1675",50164,5,20247,34.46441111,-93.07348333,3,3,5,3,14,3,0,12,0,8,1,0,1,1,1,1,5,2,2,1,1,3,2,2,2,2,2,3,2,1,2,2,2,2,"Arkansas",0
"1676",50165,5,20419,34.36013611,-93.17465833,5,5,5,3,15,3,0,12,0,1,1,0,1,1,1,4,5,1,2,1,1,2,2,2,2,1,2,3,2,2,2,2,2,2,"Arkansas",0
"1677",50166,5,17175,35.88762222,-92.23510556,3,3,5,4,0,3,0,12,0,1,1,0,1,2,1,2,5,1,2,2,1,2,2,2,2,2,2,1,1,2,2,2,2,2,"Arkansas",1
"1678",50167,5,20088,34.54291111,-93.48359722,1,1,5,4,12,2,0,35,0,1,1,0,4,1,1,1,5,1,2,1,1,1,2,2,2,1,2,3,2,1,2,2,2,2,"Arkansas",0
"1679",50168,5,22931,33.58160833,-94.02648611,2,2,5,4,21,4,0,8,0,1,1,0,1,2,1,1,5,1,2,2,1,1,2,2,1,2,2,3,2,2,2,1,2,2,"Arkansas",0
"1680",50169,5,17964,35.467025,-90.32498333,1,1,5,6,8,2,0,42,0,1,1,0,4,1,1,1,5,1,2,1,1,1,2,2,2,2,2,1,2,2,2,2,2,2,"Arkansas",1
"1681",50170,5,19514,34.82961944,-92.18398611,3,3,5,7,21,7,0,12,0,1,1,0,2,2,1,1,5,2,2,2,2,3,1,1,2,2,2,1,2,2,1,2,2,2,"Arkansas",1
"1682",50172,5,23717,33.26200278,-92.36496667,1,1,5,2,10,3,0,1,0,1,1,0,1,1,1,1,5,1,2,1,1,1,2,1,2,1,2,3,2,1,2,2,2,2,"Arkansas",0
"1683",50173,5,17371,35.78466389,-90.71413611,3,3,5,2,20,3,0,12,0,2,2,0,1,3,1,1,5,2,2,2,1,2,1,2,2,2,2,3,1,2,1,2,2,2,"Arkansas",0
"1684",50174,5,18598,35.20460278,-90.20400556,2,2,5,3,15,1,0,57,0,1,1,0,3,1,1,1,5,2,1,1,1,1,2,2,2,1,2,3,1,2,2,2,2,2,"Arkansas",0
"1685",50175,5,18339,35.3011,-92.40392778,5,5,5,5,15,2,0,12,0,1,1,0,1,1,2,1,5,1,2,1,1,3,2,1,2,2,2,3,2,2,2,2,2,2,"Arkansas",0
"1686",50176,5,16609,36.11773889,-94.14535,1,1,5,6,17,2,0,21,1,5,1,0,4,1,2,1,5,2,2,1,1,1,2,2,2,2,2,1,1,2,2,2,2,2,"Arkansas",1
"1687",50177,5,22475,33.721925,-93.48395278,4,4,5,6,17,2,0,12,0,1,1,0,1,1,2,2,5,1,2,1,1,2,2,1,2,2,2,1,2,2,2,2,2,2,"Arkansas",1
"1688",50178,5,20243,34.465475,-93.06179444,1,1,5,7,21,2,0,25,0,1,1,0,3,2,1,1,5,2,2,2,2,1,2,2,2,1,2,1,2,2,2,2,2,2,"Arkansas",1
"1689",50179,5,19075,35.03010833,-92.44713611,1,1,5,1,0,6,0,42,0,1,1,0,4,2,1,1,5,2,2,2,2,1,2,2,2,2,2,1,2,2,2,2,2,2,"Arkansas",1
"1690",50180,5,19793,34.70342222,-92.344675,1,1,5,1,4,2,0,32,0,1,1,0,4,2,2,1,5,2,2,2,2,1,2,2,2,1,2,3,2,2,1,2,2,2,"Arkansas",0
"1691",50181,5,17949,35.47278889,-90.33313611,1,1,5,1,7,2,0,35,1,5,1,0,4,2,2,1,5,1,2,1,2,1,2,2,2,1,2,1,2,1,2,2,2,2,"Arkansas",1
"1692",50182,5,20208,34.48420833,-94.03695556,1,1,6,5,19,4,0,1,0,1,1,0,5,5,1,1,5,1,2,2,1,1,2,2,2,1,2,1,2,2,2,2,2,2,"Arkansas",1
"1693",50183,5,17352,35.79816111,-90.69110833,1,1,6,5,21,2,0,38,0,1,1,0,5,2,1,1,5,2,2,2,1,1,1,2,2,2,2,1,2,2,2,2,2,2,"Arkansas",1
"1694",50184,5,15895,36.415625,-94.22171667,1,1,6,6,0,2,0,18,0,1,1,2,4,2,1,1,5,2,2,2,1,1,2,2,2,2,2,1,2,2,2,2,2,2,"Arkansas",1
"1695",50185,5,22471,33.72206667,-93.64753333,2,2,6,7,11,2,0,12,0,2,2,0,1,1,1,1,5,1,2,1,2,2,2,2,2,2,2,2,2,1,2,2,2,2,"Arkansas",0
"1696",50186,5,15939,36.38883611,-93.71166111,3,3,6,7,16,2,0,12,0,1,1,0,1,1,1,1,5,1,2,1,2,2,1,2,2,2,2,3,2,2,2,2,2,2,"Arkansas",0
"1697",50187,5,20196,34.49052778,-93.27594444,1,1,6,1,6,3,0,21,0,1,1,0,4,2,1,1,5,1,2,1,2,1,2,2,2,1,2,3,2,2,2,2,2,2,"Arkansas",0
"1698",50188,5,18719,35.16293889,-92.63596667,4,4,6,2,4,1,0,8,0,1,1,0,1,2,1,1,5,1,1,2,2,1,2,2,1,2,2,3,2,2,2,2,2,2,"Arkansas",0
"1699",50189,5,22726,33.64455,-91.63912778,3,3,6,3,13,2,0,12,0,1,1,0,1,1,1,1,5,1,2,1,1,2,2,2,2,2,2,3,2,2,1,2,2,2,"Arkansas",0
"1700",50190,5,19424,34.87685833,-92.77495,2,2,6,4,15,3,0,44,0,1,1,0,1,1,1,1,5,1,2,1,1,1,1,2,2,2,2,2,2,2,2,2,2,2,"Arkansas",0
"1701",50191,5,18444,35.25516944,-91.86384167,3,3,6,4,18,3,0,12,0,2,3,0,1,1,1,1,5,1,2,2,1,2,1,2,2,2,2,1,1,2,2,2,2,2,"Arkansas",1
"1702",50192,5,19042,35.04469444,-90.70756111,1,1,6,5,3,1,0,8,0,1,1,0,1,2,1,1,5,1,1,2,1,1,2,2,1,2,2,2,2,2,2,2,2,2,"Arkansas",0
"1703",50193,5,18776,35.14617222,-90.12465,4,4,6,5,11,1,0,12,0,1,1,0,1,1,1,2,5,2,1,1,1,2,2,2,2,2,2,2,2,2,1,2,2,2,"Arkansas",0
"1704",50194,5,18303,35.31764444,-91.17964167,1,1,6,5,18,3,0,34,0,1,1,0,4,1,1,1,5,1,2,2,1,1,2,2,2,1,2,3,2,1,2,2,2,2,"Arkansas",0
"1705",50195,5,16689,36.09156389,-94.16158611,1,1,6,5,22,6,0,59,0,1,1,0,4,3,1,1,5,2,2,2,1,1,1,1,2,2,2,1,2,2,1,2,2,2,"Arkansas",1
"1706",50196,5,19258,34.94716111,-92.0659,2,2,6,6,2,2,0,1,0,1,1,0,1,2,1,1,5,2,2,2,1,1,1,2,2,2,2,3,2,2,2,2,2,2,"Arkansas",0
"1707",50197,5,18183,35.36880278,-90.27978889,2,2,6,6,16,1,0,12,0,5,1,0,1,1,1,1,5,1,1,1,1,2,2,2,2,2,2,3,2,1,2,2,2,2,"Arkansas",0
"1708",50198,5,23702,33.27217778,-91.19729444,3,3,6,6,16,2,0,12,0,1,1,0,1,1,2,1,5,1,2,1,1,3,2,1,2,2,2,2,2,2,2,2,2,2,"Arkansas",0
"1709",50199,5,20552,34.27989444,-92.14712778,2,2,6,7,0,2,0,12,0,1,1,0,1,2,1,1,5,1,2,2,2,2,2,2,2,1,2,1,2,2,1,2,2,2,"Arkansas",1
"1710",50200,5,23247,33.47538333,-93.00151389,2,2,6,7,14,2,0,1,0,1,1,0,2,1,2,1,5,1,2,1,2,1,1,2,2,2,2,3,2,2,2,2,2,2,"Arkansas",0
"1711",50201,5,19970,34.61148333,-92.01759444,2,2,6,7,17,2,0,34,0,1,1,0,4,1,1,1,5,1,2,1,2,1,2,2,2,1,2,3,2,2,2,2,2,2,"Arkansas",0
"1712",50202,5,18835,35.119825,-92.47025556,2,2,6,1,5,1,0,12,0,1,1,0,1,1,1,1,5,2,1,2,2,2,2,2,2,2,2,3,2,2,2,2,2,2,"Arkansas",0
"1713",50203,5,16027,36.34013056,-94.07268333,4,4,6,1,8,3,0,12,0,1,1,0,1,1,1,1,5,2,2,1,2,2,2,2,2,2,2,3,2,1,2,2,2,1,"Arkansas",0
"1714",50204,5,18841,35.11888333,-90.54691667,5,5,6,1,17,1,0,12,0,1,1,0,1,1,1,1,5,1,1,1,2,2,2,2,2,1,2,2,2,1,2,2,2,2,"Arkansas",0
"1715",50205,5,19965,34.61265833,-92.79482778,1,1,6,1,18,3,0,38,0,1,1,0,5,1,2,1,5,1,2,2,2,1,2,1,2,2,2,3,2,2,2,2,2,2,"Arkansas",0
"1716",50206,5,22449,33.72772778,-92.007575,3,3,6,2,18,2,0,12,0,1,1,0,1,1,1,1,5,1,2,2,1,2,2,2,2,2,2,2,2,1,2,2,2,2,"Arkansas",0
"1717",50207,5,16072,36.31985833,-93.76909444,1,1,6,2,19,3,0,42,0,1,1,0,5,1,2,1,5,1,2,2,1,1,2,1,2,2,2,3,2,2,2,2,2,2,"Arkansas",0
"1718",50208,5,17996,35.45919722,-91.43413333,3,3,6,3,6,3,0,53,0,1,1,0,4,1,1,1,5,1,2,1,1,1,2,2,2,1,2,2,2,2,2,2,2,2,"Arkansas",0
"1719",50209,5,22326,33.76168611,-93.49044167,6,6,6,4,5,1,0,12,0,1,1,0,1,2,1,1,5,1,1,2,1,3,2,2,2,1,2,2,2,1,2,2,2,2,"Arkansas",0
"1720",50210,5,17874,35.51028611,-94.07308889,1,1,6,4,11,2,0,24,0,1,1,0,4,1,1,1,5,1,2,1,1,1,2,2,2,1,2,2,2,2,2,2,2,2,"Arkansas",0
"1721",50211,5,17485,35.72245,-90.69299722,4,4,6,7,17,3,0,12,0,1,1,0,1,1,1,1,5,1,2,1,2,2,2,2,2,2,2,2,2,2,2,2,2,2,"Arkansas",0
"1722",50212,5,15892,36.41846111,-94.06773611,3,3,6,2,18,2,0,9,0,1,1,1,1,1,1,1,5,1,2,2,1,1,2,2,2,2,2,3,2,2,2,2,2,2,"Arkansas",0
"1723",50213,5,16404,36.17648889,-93.93383333,2,2,6,3,9,2,0,12,0,2,2,0,1,1,1,1,5,1,2,1,1,2,1,2,2,2,2,2,2,2,2,2,2,2,"Arkansas",0
"1724",50214,5,16508,36.14892778,-93.85401111,2,2,6,3,16,2,0,12,0,1,1,0,1,1,1,1,5,1,2,1,1,2,1,2,2,2,2,1,2,2,2,2,2,2,"Arkansas",1
"1725",50215,5,19739,34.72895556,-92.33502222,1,1,6,5,4,6,0,33,0,1,1,0,4,3,1,1,5,2,2,2,1,1,2,1,2,1,2,3,2,2,1,2,2,2,"Arkansas",0
"1726",50216,5,16076,36.31745278,-92.36773611,3,3,6,5,9,2,0,12,0,2,2,0,1,1,1,1,5,2,2,1,1,2,2,2,2,2,2,2,2,1,2,2,2,2,"Arkansas",0
"1727",50217,5,17684,35.60119722,-91.28779444,2,2,6,5,10,3,0,12,0,2,2,4,1,1,1,1,5,2,2,1,1,2,2,1,2,2,2,3,2,2,2,2,2,2,"Arkansas",0
"1728",50218,5,17614,35.64345556,-90.66024444,5,5,6,5,20,3,0,12,0,1,1,0,1,5,1,1,5,1,2,2,1,2,2,2,2,2,2,1,1,2,2,2,2,2,"Arkansas",1
"1729",50219,5,20121,34.52935833,-92.23693056,4,4,6,6,15,1,0,42,0,1,1,0,4,1,1,1,5,1,1,1,1,1,2,2,2,1,2,2,2,2,2,2,2,2,"Arkansas",0
"1730",50220,5,19485,34.84931667,-90.9438,4,4,6,6,20,3,0,12,0,1,1,0,1,2,1,2,5,1,2,2,2,2,2,2,2,1,2,1,2,2,2,2,2,2,"Arkansas",1
"1731",50221,5,18549,35.21734722,-91.72132778,1,1,6,1,18,2,0,57,0,1,1,0,3,1,1,1,5,2,2,2,2,1,1,1,2,2,2,2,2,2,2,2,2,2,"Arkansas",0
"1732",50222,5,19532,34.82416944,-92.32493056,2,2,6,2,17,3,0,12,0,3,3,0,1,1,1,1,5,1,2,1,1,2,1,2,2,2,2,1,2,2,2,2,2,2,"Arkansas",1
"1733",50223,5,18308,35.31423889,-94.42270556,1,1,6,2,22,2,0,33,0,1,1,0,4,2,1,1,5,2,2,2,1,1,1,2,2,2,2,1,2,2,2,2,2,2,"Arkansas",1
"1734",50224,5,20008,34.58618056,-92.56987222,2,2,7,4,17,1,0,8,0,1,1,0,1,1,1,1,5,2,1,1,1,1,2,2,1,2,2,3,2,2,2,1,2,2,"Arkansas",0
"1735",50225,5,23704,33.271475,-91.49949167,1,1,7,6,11,4,0,10,0,6,1,0,1,1,1,1,5,1,2,1,1,1,2,2,2,1,2,3,2,1,2,2,2,2,"Arkansas",0
"1736",50226,5,19742,34.72724167,-92.26436667,6,6,7,6,13,1,0,12,0,1,1,0,1,1,1,1,5,2,1,1,1,3,2,2,2,2,2,2,2,2,1,2,2,2,"Arkansas",0
"1737",50227,5,20069,34.55171111,-92.25483889,2,2,7,6,9,1,0,12,0,1,1,0,1,1,2,1,5,1,1,1,1,2,2,1,2,2,2,3,2,2,2,2,2,2,"Arkansas",0
"1738",50228,5,19186,34.97891111,-92.14533333,1,1,7,7,19,3,0,59,0,1,1,0,4,1,1,1,5,1,2,2,2,1,2,1,2,2,2,3,1,2,2,2,2,2,"Arkansas",0
"1739",50229,5,17046,35.954375,-92.18413056,2,2,7,1,13,3,0,12,0,1,1,0,1,1,1,1,5,1,2,1,2,2,1,2,2,2,2,3,2,2,2,2,2,2,"Arkansas",0
"1740",50230,5,21254,34.05472778,-92.62678889,1,1,7,1,15,3,0,42,0,1,1,0,4,1,1,1,5,1,2,1,2,1,2,1,2,2,2,2,1,2,2,2,2,2,"Arkansas",0
"1741",50231,5,20052,34.55751944,-92.58078333,1,1,7,2,8,3,0,18,0,1,1,0,4,1,1,1,5,2,2,1,1,1,2,2,2,2,2,2,2,1,2,2,2,2,"Arkansas",0
"1742",50232,5,16277,36.22226944,-93.53016667,1,1,7,3,2,3,0,35,0,1,1,0,4,2,1,1,5,1,2,2,1,1,2,2,2,1,2,1,2,2,1,2,2,2,"Arkansas",1
"1743",50233,5,15898,36.41315556,-92.36209444,2,2,7,5,15,3,0,12,0,1,1,0,1,1,1,1,5,1,2,1,1,2,2,2,2,2,2,3,2,2,2,2,2,2,"Arkansas",0
"1744",50234,5,20238,34.46890556,-93.13789167,5,5,7,6,10,2,0,12,0,1,1,0,1,1,1,1,5,2,2,1,1,3,2,2,2,2,2,3,2,2,2,2,2,2,"Arkansas",0
"1745",50235,5,17056,35.95023333,-92.72878611,1,1,7,6,18,2,0,1,0,1,1,0,4,1,1,1,5,1,2,2,2,1,2,2,2,1,2,2,2,2,2,2,2,2,"Arkansas",0
"1746",50236,5,18502,35.23385556,-90.32625556,6,6,7,7,12,2,0,12,0,2,2,0,1,1,1,3,5,1,2,1,2,2,2,2,2,2,2,2,2,2,2,2,2,2,"Arkansas",0
"1747",50237,5,18264,35.32895278,-94.31446944,3,3,7,7,17,3,0,12,0,1,1,0,1,1,1,1,5,2,2,1,2,2,2,2,2,2,2,3,2,2,1,2,2,2,"Arkansas",0
"1748",50238,5,20446,34.34312222,-92.90534722,1,1,7,7,20,1,0,42,0,1,1,0,4,5,1,1,5,1,1,2,2,1,2,2,2,2,2,3,2,2,2,2,2,2,"Arkansas",0