"","ST_CASE","OBJECT_ID","FID","LATITUDE","LONGITUD","PERMVIT","PERSONS","MONTH","DAY_WEEK","HOUR","ROUTE","SP_JUR","HARM_EV","RELJCT1","RELJCT2","TYP_INT","WRK_ZONE","REL_ROAD","LGT_COND","WEATHER","FATALS","STATE","A_RU","A_INTER","A_TOD","A_DOW","A_CT","A_MC","A_SPCRA","A_PED","A_ROLL","A_POLPUR","A_POSBAC","A_D15_20","A_D65PLS","A_D21_24","A_HR","A_DIST","A_DROWSY","STATE_NAME","drunkDr"
"1749",50239,5,17819,35.53756667,-91.61907778,2,2,7,7,22,2,0,8,0,1,1,0,1,2,1,1,5,1,2,2,2,1,2,2,1,2,2,2,2,2,2,2,2,2,"Arkansas",0
"1750",50241,5,19234,34.95646667,-92.21993056,2,2,7,2,11,4,0,34,0,1,1,0,4,1,1,1,5,1,2,1,1,1,2,2,2,1,2,3,2,2,2,2,1,2,"Arkansas",0
"1751",50242,5,17139,35.90736111,-90.57723056,3,3,7,3,18,2,0,12,0,2,2,0,1,1,8,1,5,2,2,2,1,2,2,2,2,2,2,3,1,2,2,2,2,2,"Arkansas",0
"1752",50243,5,17069,35.94429722,-91.38533889,1,1,7,3,22,3,0,59,0,1,1,0,4,3,1,1,5,1,2,2,1,1,2,1,2,1,2,1,2,2,2,2,2,2,"Arkansas",1
"1753",50244,5,21568,33.97160278,-94.22289167,1,1,7,4,7,3,0,24,0,1,1,4,4,1,1,1,5,1,2,1,1,1,2,2,2,1,2,3,1,2,2,2,2,2,"Arkansas",0
"1754",50245,5,22351,33.75469167,-94.39131389,1,1,7,5,11,3,0,1,0,1,1,0,4,1,1,1,5,1,2,1,1,1,1,1,2,2,2,2,2,2,2,2,2,2,"Arkansas",0
"1755",50246,5,15878,36.42686389,-94.50303611,2,2,7,5,22,3,0,12,0,2,3,0,1,2,1,2,5,1,2,2,1,2,2,2,2,1,2,1,2,2,2,2,2,2,"Arkansas",1
"1756",50247,5,17010,35.972575,-90.94195278,2,2,7,6,6,3,0,12,0,1,1,0,1,1,1,1,5,1,2,1,1,2,2,2,2,2,2,3,1,2,2,2,2,2,"Arkansas",0
"1757",50248,5,18713,35.165275,-90.17566944,1,1,7,6,23,1,0,8,0,1,1,0,1,2,1,1,5,2,1,2,2,1,2,2,1,2,2,2,2,2,2,2,2,2,"Arkansas",0
"1758",50249,5,23061,33.53239722,-91.3744,3,3,7,6,17,2,0,12,1,2,98,0,1,1,1,1,5,1,2,1,1,2,2,2,2,2,2,1,2,2,2,2,2,2,"Arkansas",0
"1759",50250,5,19729,34.73311111,-92.26296389,2,2,7,6,22,1,0,12,1,20,1,0,1,2,1,1,5,2,1,2,2,2,1,2,2,2,2,2,2,2,2,2,2,2,"Arkansas",0
"1760",50251,5,19236,34.95548333,-92.80033889,6,6,7,7,16,3,0,12,0,1,1,0,1,1,1,1,5,1,2,1,2,2,1,2,2,2,2,1,2,2,2,2,2,2,"Arkansas",1
"1761",50252,5,21467,33.99844167,-93.93648611,3,3,7,7,20,2,0,35,0,3,3,0,4,2,1,3,5,1,2,2,2,1,2,2,2,1,2,1,2,2,1,2,2,2,"Arkansas",1
"1762",50253,5,18735,35.158675,-93.606125,2,2,7,7,21,3,0,42,0,1,1,0,4,2,1,1,5,1,2,2,2,1,2,2,2,2,2,1,2,2,2,2,2,2,"Arkansas",1
"1763",50254,5,16942,36.00323056,-93.18518611,2,2,7,2,14,3,0,59,0,1,1,0,4,1,1,1,5,1,2,1,1,1,1,2,2,2,2,3,2,1,2,2,2,2,"Arkansas",0
"1764",50255,5,17030,35.96026944,-90.83582778,1,1,7,2,14,4,0,10,0,6,1,0,1,1,1,1,5,1,2,1,1,1,2,2,2,2,2,1,2,2,2,2,2,2,"Arkansas",0
"1765",50256,5,19637,34.77810556,-92.20274167,1,1,7,4,9,3,0,8,0,20,1,0,1,1,1,1,5,2,2,1,1,1,2,2,1,2,2,3,2,2,2,1,2,2,"Arkansas",0
"1766",50257,5,17277,35.83990278,-90.37056389,3,3,7,5,2,3,0,12,0,1,1,0,1,2,2,2,5,2,2,2,1,2,2,2,2,2,2,2,1,2,2,2,2,2,"Arkansas",0
"1767",50258,5,16566,36.13353889,-94.14566111,2,2,7,5,11,2,0,12,0,2,2,0,1,1,1,1,5,2,2,1,1,2,1,2,2,2,2,3,2,1,1,2,2,2,"Arkansas",0
"1768",50259,5,17671,35.60800833,-91.25875833,2,2,7,6,13,6,0,12,0,2,3,0,1,1,1,1,5,2,2,1,1,2,1,2,2,2,2,3,2,2,2,2,2,2,"Arkansas",0
"1769",50260,5,20151,34.512575,-92.93328056,8,8,7,7,7,2,0,42,0,1,1,0,4,1,1,2,5,1,2,1,2,1,2,2,2,1,2,2,2,2,2,2,2,1,"Arkansas",0
"1770",50261,5,16318,36.20502222,-92.67443056,4,4,7,1,15,3,0,12,0,1,1,0,1,1,1,1,5,1,2,1,2,2,2,2,2,2,2,3,1,2,2,2,2,2,"Arkansas",0
"1771",50262,5,17240,35.85761944,-92.43911944,1,1,7,1,23,3,0,1,0,1,1,0,4,2,1,1,5,1,2,2,2,1,2,2,2,1,2,3,2,2,2,2,2,2,"Arkansas",1
"1772",50263,5,15811,36.48721944,-93.22002778,2,2,7,2,19,2,0,12,0,1,1,0,1,1,1,2,5,1,2,2,1,2,2,1,2,2,1,1,2,2,2,2,2,2,"Arkansas",1
"1773",50264,5,20503,34.30717222,-92.213325,2,2,7,6,13,2,0,12,0,1,1,0,2,1,1,1,5,1,2,1,1,2,2,1,2,2,2,1,2,2,2,2,2,2,"Arkansas",1
"1774",50265,5,18475,35.24498333,-92.99241389,2,2,7,6,17,1,0,42,0,1,1,0,4,1,1,1,5,1,1,1,1,1,2,2,2,1,2,2,2,2,2,2,2,2,"Arkansas",0
"1775",50266,5,19197,34.97381944,-91.9639,1,1,3,4,3,4,0,42,0,1,1,0,4,2,1,1,5,1,2,2,1,1,2,2,2,1,2,1,2,2,2,2,2,2,"Arkansas",1
"1776",50268,5,22871,33.60098056,-93.56819444,2,2,8,7,10,4,0,1,0,1,1,0,4,1,1,1,5,1,2,1,2,1,2,2,2,1,2,1,2,2,2,2,2,2,"Arkansas",1
"1777",50269,5,20106,34.53792778,-92.74053056,5,5,8,7,17,2,0,12,0,1,1,0,1,1,1,1,5,1,2,1,2,2,2,1,2,1,2,2,2,1,2,2,2,2,"Arkansas",0
"1778",50270,5,15792,36.49883889,-91.53675833,2,2,8,1,9,2,0,12,0,8,1,0,1,1,1,1,5,1,2,1,2,2,2,2,2,1,2,3,2,1,2,2,2,2,"Arkansas",0
"1779",50271,5,17520,35.69939167,-90.23621111,2,2,8,3,13,3,0,32,0,1,1,0,4,1,1,1,5,1,2,1,1,1,2,2,2,1,2,3,2,2,2,2,2,2,"Arkansas",0
"1780",50272,5,20046,34.56098611,-92.63313056,1,1,8,3,21,4,0,34,0,1,1,0,4,2,1,1,5,1,2,2,1,1,2,1,2,2,2,1,2,2,2,2,2,2,"Arkansas",1
"1781",50273,5,20797,34.1968,-91.97453056,6,6,8,4,2,1,0,12,0,1,1,0,1,2,1,3,5,2,1,2,1,2,2,2,2,2,2,1,2,2,2,2,2,2,"Arkansas",1
"1782",50274,5,18372,35.28823889,-92.39485,2,2,8,4,2,2,0,12,0,1,1,0,1,2,10,1,5,1,2,2,1,2,2,2,2,2,2,2,2,2,2,2,2,1,"Arkansas",0
"1783",50275,5,21233,34.05974444,-91.53425,3,3,8,4,13,3,0,12,0,1,1,0,1,1,1,2,5,1,2,1,1,2,2,1,2,1,1,3,2,2,2,2,2,2,"Arkansas",0
"1784",50276,5,20509,34.30501111,-91.33299444,3,3,8,4,19,4,0,34,0,1,1,0,4,1,1,1,5,1,2,2,1,1,2,1,2,1,2,2,1,2,2,2,2,2,"Arkansas",0
"1785",50277,5,18486,35.23973611,-92.85762778,5,5,8,5,6,1,0,12,0,1,1,0,2,1,1,1,5,1,1,1,1,2,2,2,2,1,2,2,1,2,2,2,1,2,"Arkansas",0
"1786",50278,5,17760,35.56295,-93.86307222,2,2,8,6,15,3,0,1,0,1,1,0,4,1,1,1,5,1,2,1,1,1,2,2,2,1,2,3,2,2,2,2,2,2,"Arkansas",0
"1787",50279,5,19929,34.62954167,-94.20415278,2,2,8,6,16,2,0,12,0,8,1,0,1,1,1,1,5,1,2,1,1,2,1,2,2,2,2,3,2,2,2,2,2,2,"Arkansas",0
"1788",50280,5,15855,36.44541667,-93.74361944,3,3,8,1,0,3,0,12,0,1,1,0,1,2,1,1,5,1,2,2,2,2,2,2,2,2,2,1,2,2,2,2,2,2,"Arkansas",2
"1789",50282,5,17278,35.83940556,-90.35906389,2,2,8,1,17,4,0,12,0,2,3,0,1,1,1,1,5,1,2,1,2,2,2,2,2,2,2,3,1,2,2,2,2,2,"Arkansas",0
"1790",50283,5,23095,33.52321389,-93.95266667,3,3,8,4,10,4,0,12,0,1,1,0,1,1,1,1,5,1,2,1,1,2,2,1,2,1,2,2,2,2,2,2,1,2,"Arkansas",0
"1791",50284,5,19092,35.02371944,-90.68495,1,1,8,5,0,3,0,43,0,6,1,0,1,3,1,1,5,1,2,2,1,1,2,1,2,2,1,1,2,2,2,2,2,2,"Arkansas",1
"1792",50285,5,18923,35.09014722,-90.81254167,2,2,8,5,16,3,0,12,0,1,1,0,1,1,1,2,5,1,2,1,1,2,2,2,2,1,2,3,2,1,2,2,2,2,"Arkansas",0
"1793",50286,5,19146,34.99708333,-92.63622222,1,1,8,6,12,3,0,32,0,1,1,0,4,1,1,1,5,1,2,1,1,1,1,2,2,2,2,2,2,1,2,2,2,2,"Arkansas",0
"1794",50287,5,15926,36.39663333,-91.9846,2,2,8,6,12,2,0,32,0,1,1,0,4,1,1,1,5,1,2,1,1,1,2,2,2,2,2,3,2,2,2,2,2,2,"Arkansas",0
"1795",50288,5,16864,36.04006944,-92.81063611,1,1,8,6,16,2,0,8,0,1,1,0,1,1,1,1,5,1,2,1,1,1,2,2,1,2,2,2,2,1,2,2,2,2,"Arkansas",0
"1796",50289,5,20095,34.54145,-93.44871667,2,2,8,6,16,2,0,12,0,1,1,0,1,1,1,1,5,1,2,1,1,2,2,2,2,2,2,1,2,2,1,2,2,2,"Arkansas",0
"1797",50290,5,16255,36.23156944,-93.0945,7,7,8,1,11,2,0,12,0,1,1,0,1,1,1,2,5,2,2,1,2,2,2,2,2,2,2,3,2,2,2,2,2,2,"Arkansas",0
"1798",50291,5,16385,36.18154167,-93.97678889,3,3,8,1,11,2,0,12,0,2,2,0,1,1,1,2,5,1,2,1,2,2,2,2,2,1,2,3,2,1,2,2,2,2,"Arkansas",0
"1799",50292,5,15965,36.37648056,-90.19366111,1,1,8,1,15,6,0,10,0,6,1,0,1,1,1,1,5,2,2,1,2,1,2,2,2,2,2,3,2,2,2,2,2,2,"Arkansas",0
"1800",50293,5,22598,33.68475833,-92.10856667,1,1,8,1,16,3,0,42,0,1,1,0,4,1,1,1,5,1,2,1,2,1,2,2,2,1,2,2,2,1,2,2,2,2,"Arkansas",0
"1801",50294,5,18886,35.10359444,-90.59177222,1,1,8,2,2,1,0,8,0,1,1,0,1,2,1,1,5,1,1,2,2,1,2,2,1,2,2,2,2,2,2,1,2,2,"Arkansas",0
"1802",50295,5,22180,33.79954444,-92.70576389,2,2,8,2,8,3,0,12,0,1,1,0,1,1,1,1,5,1,2,1,1,2,2,2,2,2,2,2,2,2,2,2,2,2,"Arkansas",0
"1803",50296,5,19239,34.95475,-92.04744722,3,3,8,2,23,3,0,24,0,1,1,0,4,2,1,1,5,2,2,2,1,1,2,2,2,1,2,2,1,2,2,2,2,2,"Arkansas",0
"1804",50297,5,22390,33.74335556,-91.82228333,2,2,8,3,9,2,0,12,0,2,3,0,1,1,1,1,5,1,2,1,1,2,2,2,2,2,2,2,2,2,2,2,2,2,"Arkansas",0
"1805",50298,5,15805,36.49125,-93.76510278,1,1,8,3,14,4,0,42,0,1,1,0,5,9,99,1,5,1,2,1,1,1,2,2,2,2,2,2,2,1,2,2,2,2,"Arkansas",0
"1806",50299,5,19883,34.64965,-92.47908056,1,1,8,3,17,4,0,42,0,3,3,0,4,1,1,1,5,1,2,1,1,1,2,2,2,2,2,1,2,2,2,2,2,2,"Arkansas",1
"1807",50300,5,20318,34.42285556,-93.309075,5,5,8,3,18,2,0,12,0,8,1,0,1,1,1,2,5,1,2,2,1,3,1,2,2,2,2,1,2,2,2,2,2,2,"Arkansas",1
"1808",50301,5,18458,35.25143056,-90.96906389,4,4,8,3,18,2,0,12,0,2,2,0,1,1,1,1,5,1,2,2,1,2,2,2,2,2,2,2,1,2,2,2,2,2,"Arkansas",0
"1809",50302,5,20467,34.3282,-92.79281667,1,1,8,4,21,3,0,1,0,1,1,0,4,2,1,1,5,1,2,2,1,1,2,2,2,1,2,2,1,2,2,2,2,2,"Arkansas",0
"1810",50303,5,20271,34.44879167,-93.08486667,1,1,8,4,22,3,0,8,0,1,1,0,1,2,1,1,5,2,2,2,1,1,2,2,1,2,2,1,2,2,2,2,2,2,"Arkansas",1
"1811",50304,5,19927,34.63050278,-94.24636111,1,1,8,5,14,3,0,35,0,1,1,0,4,1,1,1,5,1,2,1,1,1,1,2,2,2,2,3,2,2,2,2,2,2,"Arkansas",0
"1812",50305,5,20404,34.368925,-93.43848611,2,2,8,6,6,2,0,12,0,1,1,0,1,4,1,1,5,1,2,1,1,2,2,2,2,2,2,2,2,2,2,2,2,2,"Arkansas",0
"1813",50306,5,15977,36.36899444,-92.32295833,1,1,8,6,22,2,0,8,0,1,1,0,1,2,1,1,5,2,2,2,2,1,2,2,1,2,2,2,2,2,2,2,2,2,"Arkansas",0
"1814",50307,5,16286,36.21847222,-94.18099167,1,1,8,7,3,1,0,8,0,1,1,0,1,2,1,1,5,2,1,2,2,1,2,2,1,2,2,2,2,2,2,2,2,2,"Arkansas",0
"1815",50308,5,20436,34.34983611,-92.89313333,1,4,8,7,4,1,0,14,1,5,1,0,2,2,2,1,5,1,1,2,2,1,2,1,2,2,2,2,2,2,2,2,2,2,"Arkansas",0
"1816",50309,5,17600,35.64940556,-91.25477778,2,2,8,1,0,3,0,12,0,1,1,0,1,2,1,1,5,2,2,2,2,2,2,2,2,2,2,1,1,2,2,2,2,2,"Arkansas",1
"1817",50310,5,16162,36.27929167,-93.46005833,3,3,8,1,16,3,0,12,0,1,1,0,1,1,1,1,5,1,2,1,2,2,2,1,2,2,2,3,2,2,2,2,2,2,"Arkansas",0
"1818",50311,5,19869,34.65730556,-90.79644167,2,3,8,2,17,3,0,14,0,1,1,0,1,1,1,1,5,1,2,1,1,1,2,2,2,2,2,2,2,2,2,2,1,2,"Arkansas",0
"1819",50312,5,15985,36.36089444,-92.41321389,1,1,8,4,1,4,0,59,0,1,1,0,4,2,1,1,5,2,2,2,1,1,2,2,2,1,2,1,2,2,1,2,2,2,"Arkansas",1
"1820",50313,5,16798,36.06109444,-90.96318056,1,1,8,4,13,6,0,9,0,2,2,0,1,1,1,1,5,2,2,1,1,1,2,2,2,2,2,3,2,2,2,2,2,2,"Arkansas",0
"1821",50314,5,22905,33.58671944,-93.61079722,1,1,8,5,12,3,0,53,0,1,1,0,4,1,1,1,5,1,2,1,1,1,2,2,2,1,2,2,2,1,2,2,2,2,"Arkansas",0
"1822",50315,5,23441,33.40938611,-93.74480278,2,2,8,5,20,2,0,12,0,2,3,0,1,2,1,1,5,1,2,2,1,2,2,1,2,2,2,1,2,2,2,2,2,2,"Arkansas",1
"1823",50316,5,19586,34.8037,-91.914275,2,2,8,6,20,1,0,12,1,20,1,0,1,2,1,2,5,1,1,2,2,2,2,2,2,1,2,1,2,2,2,2,2,2,"Arkansas",1
"1824",50317,5,20231,34.47126944,-93.09878611,2,2,8,7,1,2,0,12,0,1,1,0,1,2,1,1,5,2,2,2,2,2,1,2,2,2,2,1,2,2,1,2,2,2,"Arkansas",1
"1825",50318,5,20489,34.31563333,-92.27645,1,1,8,7,6,2,0,1,0,1,1,0,4,2,1,1,5,1,2,1,2,1,2,2,2,1,2,1,2,2,2,2,2,2,"Arkansas",1
"1826",50319,5,16154,36.28311389,-94.12971667,8,8,8,7,21,2,0,12,0,3,2,0,1,2,1,1,5,2,2,2,2,3,1,2,2,2,2,1,2,2,1,2,1,2,"Arkansas",1
"1827",50320,5,20153,34.51084444,-93.04095,1,1,8,1,13,2,0,33,0,3,2,0,4,1,1,1,5,2,2,1,2,1,1,2,2,2,2,1,2,2,2,2,2,2,"Arkansas",1
"1828",50321,5,16599,36.12184167,-93.69194722,2,2,9,3,8,2,0,12,0,1,1,0,1,1,1,1,5,1,2,1,1,2,1,1,2,2,2,2,2,2,2,2,2,2,"Arkansas",0
"1829",50322,5,18795,35.13841111,-93.92716944,4,4,9,3,16,6,0,12,0,2,2,0,1,1,1,1,5,2,2,1,1,2,2,1,2,2,2,2,1,2,2,2,2,2,"Arkansas",0
"1830",50323,5,23037,33.54013333,-92.85047778,1,1,9,4,7,6,0,42,0,1,1,0,4,1,1,1,5,2,2,1,1,1,2,2,2,2,2,2,2,2,2,2,2,2,"Arkansas",0
"1831",50324,5,16034,36.33545833,-94.20746389,2,2,9,4,14,2,0,12,0,8,1,0,1,1,1,1,5,2,2,1,1,2,2,2,2,2,2,2,2,1,2,2,2,2,"Arkansas",0
"1832",50325,5,20415,34.36122222,-92.87720278,1,1,9,5,14,3,0,32,0,1,1,0,4,1,1,1,5,1,2,1,1,1,2,2,2,1,2,1,2,2,2,2,2,2,"Arkansas",1
"1833",50326,5,15802,36.49290556,-94.11368333,1,1,9,7,0,4,0,42,0,1,1,0,5,2,1,1,5,1,2,2,2,1,2,1,2,2,2,3,2,2,2,2,2,2,"Arkansas",0
"1834",50327,5,20413,34.36250833,-92.87304722,3,3,9,1,2,1,0,12,0,1,1,0,1,2,1,1,5,1,1,2,2,3,1,1,2,2,2,3,2,2,1,2,2,2,"Arkansas",0
"1835",50328,5,16382,36.18471944,-94.12241944,5,5,9,1,4,6,0,31,0,1,1,0,4,6,1,2,5,2,2,2,2,1,2,1,2,1,2,1,2,2,2,2,2,2,"Arkansas",1
"1836",50329,5,19081,35.02923889,-92.24043056,1,1,9,1,15,4,2,38,0,1,1,0,5,1,1,1,5,1,2,1,2,1,2,1,2,1,2,2,2,2,2,2,2,2,"Arkansas",0
"1837",50331,5,20128,34.52561944,-92.91594167,6,6,9,2,10,2,0,12,0,1,1,0,1,1,1,1,5,1,2,1,1,2,2,2,2,2,2,2,2,2,2,2,2,2,"Arkansas",0
"1838",50332,5,23318,33.45585278,-91.84449722,2,2,9,3,10,2,0,12,0,2,3,0,1,1,1,1,5,1,2,1,1,2,1,2,2,2,2,2,2,2,2,2,2,2,"Arkansas",0
"1839",50333,5,17776,35.5568,-94.181475,3,3,9,3,23,4,0,12,0,8,1,0,1,6,1,1,5,1,2,2,1,2,1,1,2,2,2,3,2,2,1,2,2,2,"Arkansas",0
"1840",50334,5,22599,33.68428056,-93.57627778,1,1,9,4,7,2,0,42,0,1,1,0,5,1,10,1,5,2,2,1,1,1,2,2,2,2,2,2,2,2,2,2,2,2,"Arkansas",0
"1841",50335,5,19259,34.94680278,-92.98506667,1,1,9,5,5,3,0,8,0,1,1,0,1,2,5,1,5,1,2,2,1,1,2,2,1,2,2,2,2,2,2,2,2,2,"Arkansas",0
"1842",50336,5,20689,34.22961389,-93.64079167,1,1,9,5,13,3,0,35,0,1,1,0,4,1,1,1,5,1,2,1,1,1,1,2,2,2,2,2,2,2,2,2,2,2,"Arkansas",0
"1843",50337,5,17567,35.66625556,-94.16720833,3,3,9,5,14,1,0,1,0,1,1,0,3,1,1,1,5,1,1,1,1,1,2,2,2,1,2,2,2,1,2,2,2,2,"Arkansas",0
"1844",50338,5,16026,36.34036389,-94.07394444,1,1,9,6,22,3,0,24,0,1,1,0,4,2,1,1,5,2,2,2,2,1,1,2,2,2,2,1,2,2,2,2,2,2,"Arkansas",1
"1845",50339,5,21964,33.87206667,-93.89901389,1,1,9,7,14,3,0,59,0,1,1,0,4,1,1,1,5,1,2,1,2,1,2,2,2,1,2,1,2,2,2,2,2,2,"Arkansas",1
"1846",50340,5,19871,34.65489444,-92.26333889,7,7,9,1,2,1,0,12,0,1,1,0,1,2,1,3,5,1,1,2,2,3,2,2,2,2,2,1,1,2,1,2,2,2,"Arkansas",3
"1847",50341,5,19865,34.65968333,-92.36295,4,4,9,3,18,6,0,12,0,1,1,0,1,1,1,1,5,2,2,2,1,2,2,2,1,1,2,3,2,2,1,2,2,2,"Arkansas",0
"1848",50342,5,19553,34.81639722,-92.32895556,5,5,9,4,7,1,0,12,0,1,1,0,1,1,1,1,5,2,1,1,1,3,1,1,2,2,2,3,2,2,1,2,2,2,"Arkansas",0
"1849",50343,5,17568,35.66557222,-91.60834167,2,2,9,4,13,4,0,35,0,1,1,0,4,1,1,1,5,1,2,1,1,1,2,2,2,1,2,1,2,2,2,2,1,2,"Arkansas",1
"1850",50344,5,23874,33.16919444,-91.93731944,2,2,9,5,15,3,0,12,0,4,1,0,1,1,1,1,5,1,2,1,1,2,1,2,2,2,2,3,2,1,2,2,2,2,"Arkansas",0
"1851",50345,5,17716,35.58692778,-94.18728333,2,2,9,5,17,2,0,1,0,1,1,0,4,1,1,1,5,1,2,1,1,1,2,2,2,1,2,2,2,2,2,2,2,2,"Arkansas",0
"1852",50346,5,18324,35.30748333,-92.46427222,1,1,9,6,13,3,0,42,0,1,1,0,5,1,1,1,5,1,2,1,1,1,2,1,2,2,2,1,2,2,2,2,2,2,"Arkansas",1
"1853",50347,5,20002,34.5921,-94.30113889,2,2,9,1,14,3,0,12,0,1,1,0,1,1,2,1,5,1,2,1,2,2,2,1,2,2,2,1,2,1,2,2,2,2,"Arkansas",0
"1854",50348,5,16269,36.22421389,-94.10348889,3,3,9,1,19,3,0,12,0,8,1,0,1,2,1,2,5,2,2,2,2,2,2,2,2,2,2,1,2,2,2,2,2,2,"Arkansas",2
"1855",50349,5,16625,36.11375278,-93.77502222,4,4,9,2,7,2,0,12,0,1,1,0,1,1,1,1,5,1,2,1,1,2,2,2,2,2,2,3,1,2,2,2,2,2,"Arkansas",0
"1856",50350,5,21706,33.93646944,-91.84073056,1,1,9,4,20,6,0,8,0,1,1,0,1,2,1,1,5,2,2,2,1,1,2,2,1,2,2,1,2,2,2,2,2,2,"Arkansas",0
"1857",50351,5,16192,36.261125,-92.576375,2,2,9,5,7,2,0,12,0,2,3,0,1,1,1,1,5,1,2,1,1,2,1,1,2,2,2,3,1,2,1,2,2,2,"Arkansas",0
"1858",50352,5,20001,34.59218333,-94.30163611,1,1,9,5,23,3,0,34,0,3,2,0,4,2,1,1,5,1,2,2,1,1,2,2,2,2,2,3,1,2,2,2,2,2,"Arkansas",0
"1859",50353,5,20499,34.30906111,-92.23270556,3,3,9,6,6,2,0,12,0,1,1,0,1,2,1,1,5,1,2,1,1,3,2,2,2,2,2,2,2,2,2,2,2,2,"Arkansas",0
"1860",50354,5,16443,36.167275,-94.13993889,1,1,9,7,0,2,0,8,0,1,1,0,1,2,1,1,5,2,2,2,2,1,2,2,1,2,2,3,2,2,2,1,2,2,"Arkansas",0
"1861",50355,5,17838,35.52777778,-90.43503333,2,2,9,7,12,2,0,26,0,1,1,0,3,1,10,1,5,1,2,1,2,1,1,2,2,2,2,3,2,2,2,2,2,2,"Arkansas",0
"1862",50356,5,23900,33.14968889,-92.12928889,1,1,9,1,18,2,0,43,0,1,1,0,1,1,10,1,5,1,2,2,2,1,1,1,2,2,2,1,2,2,2,2,2,2,"Arkansas",0
"1863",50357,5,18816,35.12603333,-92.400975,3,3,9,2,5,2,0,12,0,1,1,0,1,2,1,2,5,2,2,2,2,2,2,2,2,1,2,2,2,2,2,2,2,2,"Arkansas",0
"1864",50358,5,16153,36.28330833,-92.49505833,4,4,6,2,8,3,0,12,0,1,1,0,1,1,1,1,5,1,2,1,1,2,2,2,2,2,2,3,2,2,2,2,2,1,"Arkansas",0
"1865",50359,5,15806,36.49098056,-90.54008056,2,2,7,5,9,2,0,5,0,1,1,0,1,1,1,1,5,1,2,1,1,1,2,2,2,2,2,2,2,2,2,2,2,2,"Arkansas",0
"1866",50360,5,20076,34.548275,-92.398675,2,2,10,5,17,4,0,12,0,8,1,0,1,1,1,1,5,1,2,1,1,2,2,2,2,2,2,3,2,1,2,2,2,2,"Arkansas",0
"1867",50361,5,22350,33.75481111,-91.27544722,2,2,10,1,1,3,0,1,0,1,1,0,1,2,1,1,5,1,2,2,2,1,2,2,2,1,2,1,1,2,2,2,2,2,"Arkansas",1
"1868",50362,5,15859,36.44130833,-90.726175,4,4,10,1,10,3,0,12,0,1,1,0,1,1,1,1,5,1,2,1,2,2,2,2,2,2,2,1,2,2,2,2,2,2,"Arkansas",1
"1869",50363,5,18382,35.27843333,-93.12046667,2,2,10,2,4,2,0,12,0,2,2,0,1,2,1,1,5,2,2,2,2,2,1,2,2,2,2,2,2,2,1,2,2,2,"Arkansas",0
"1870",50364,5,16434,36.17037222,-94.139075,1,1,10,3,11,2,0,8,0,1,1,0,1,1,1,1,5,2,2,1,1,1,2,2,1,2,2,3,2,1,2,2,2,2,"Arkansas",0
"1871",50365,5,16268,36.22489722,-94.13751111,1,1,10,3,1,2,0,8,0,2,2,0,1,3,1,1,5,2,2,2,1,1,2,2,1,2,2,2,2,2,2,2,2,2,"Arkansas",0
"1872",50366,5,19469,34.85516389,-92.13623889,1,1,10,3,16,2,0,42,0,1,1,1,4,1,1,1,5,1,2,1,1,1,2,1,2,2,2,2,2,2,2,2,2,2,"Arkansas",0
"1873",50367,5,19123,35.00962778,-90.74845278,2,2,10,4,8,2,0,12,0,1,1,0,1,1,10,1,5,2,2,1,1,2,2,2,2,1,2,1,2,2,2,2,2,2,"Arkansas",0
"1874",50368,5,23486,33.39446389,-93.49953889,2,2,10,5,10,4,0,12,0,1,1,0,1,1,1,1,5,1,2,1,1,2,1,2,2,2,2,3,2,2,2,2,2,2,"Arkansas",0
"1875",50369,5,22652,33.66806111,-93.57255556,1,1,10,5,19,2,0,42,0,1,1,0,4,5,1,1,5,2,2,2,1,1,2,2,2,2,2,1,2,2,2,2,2,2,"Arkansas",1
"1876",50370,5,16100,36.30593333,-92.36241667,4,4,10,5,23,4,0,12,0,1,1,0,1,2,1,1,5,1,2,2,1,2,2,2,2,2,2,2,2,2,1,2,2,2,"Arkansas",0
"1877",50371,5,16634,36.11066111,-94.16938333,1,1,10,6,10,1,0,23,0,1,1,0,4,1,2,1,5,2,1,1,1,1,2,2,2,1,2,2,2,2,2,2,2,2,"Arkansas",0
"1878",50372,5,18805,35.13283889,-92.51726944,9,9,10,6,14,1,0,12,0,1,1,0,1,1,10,1,5,1,1,1,1,3,2,2,2,2,2,3,2,2,1,1,2,2,"Arkansas",0
"1879",50373,5,19826,34.68430833,-92.30920556,1,1,10,6,19,1,0,8,0,1,1,0,1,2,1,1,5,2,1,2,2,1,2,2,1,2,2,3,1,2,2,2,2,2,"Arkansas",0
"1880",50374,5,20252,34.46025833,-92.57250833,1,1,10,1,3,3,0,32,0,1,1,0,4,2,1,1,5,1,2,2,2,1,2,2,2,1,2,1,1,2,2,2,2,2,"Arkansas",0
"1881",50375,5,18368,35.29078889,-93.50933889,2,2,10,1,20,3,0,12,0,2,3,0,1,2,1,1,5,1,2,2,2,2,1,1,2,2,2,2,2,2,1,2,2,2,"Arkansas",0
"1882",50376,5,18007,35.45393889,-90.25108889,2,2,10,3,11,3,0,34,0,1,1,0,4,1,1,1,5,1,2,1,1,1,2,2,2,1,2,2,2,2,2,2,2,2,"Arkansas",0
"1883",50377,5,15839,36.46049444,-94.24474444,3,3,10,3,17,2,0,12,0,2,3,0,1,1,1,2,5,2,2,1,1,2,2,2,2,2,2,2,2,1,2,2,2,2,"Arkansas",0
"1884",50378,5,21291,34.04580278,-94.27891389,2,2,10,4,17,2,0,12,0,2,3,0,1,1,10,1,5,1,2,1,1,2,2,2,2,1,2,1,2,1,2,2,2,2,"Arkansas",1
"1885",50379,5,15986,36.36045833,-93.56408333,1,1,10,5,20,2,0,8,0,2,4,0,1,2,2,1,5,1,2,2,1,1,2,2,1,2,2,2,2,2,2,2,2,2,"Arkansas",0
"1886",50380,5,18944,35.08489444,-92.32986944,2,2,10,6,19,2,0,12,0,2,3,0,1,2,1,1,5,1,2,2,2,2,1,2,2,2,2,1,2,2,2,2,2,2,"Arkansas",0
"1887",50381,5,23125,33.51165833,-92.93319167,1,1,10,7,4,2,0,35,0,1,1,0,4,2,1,1,5,1,2,2,2,1,2,2,2,1,2,1,2,2,2,2,2,2,"Arkansas",1
"1888",50382,5,18989,35.06997222,-94.18138056,4,4,10,7,9,2,0,12,0,1,1,0,1,1,10,1,5,1,2,1,2,2,1,2,2,2,2,3,2,2,2,2,2,2,"Arkansas",0