"","ST_CASE","OBJECT_ID","FID","LATITUDE","LONGITUD","PERMVIT","PERSONS","MONTH","DAY_WEEK","HOUR","ROUTE","SP_JUR","HARM_EV","RELJCT1","RELJCT2","TYP_INT","WRK_ZONE","REL_ROAD","LGT_COND","WEATHER","FATALS","STATE","A_RU","A_INTER","A_TOD","A_DOW","A_CT","A_MC","A_SPCRA","A_PED","A_ROLL","A_POLPUR","A_POSBAC","A_D15_20","A_D65PLS","A_D21_24","A_HR","A_DIST","A_DROWSY","STATE_NAME","drunkDr"
"1889",50383,5,19472,34.85435833,-91.3331,5,5,10,1,17,1,0,12,0,1,1,0,1,1,1,1,5,1,1,1,2,2,2,2,2,1,2,3,2,1,2,2,2,2,"Arkansas",0
"1890",50384,5,20443,34.343875,-92.81965833,2,2,10,2,19,4,0,12,0,1,1,0,1,2,1,1,5,1,2,2,1,2,2,2,2,2,2,2,2,1,2,2,2,2,"Arkansas",0
"1891",50385,5,17327,35.81070833,-90.72340833,1,1,10,3,6,2,0,8,0,1,1,0,1,4,1,1,5,2,2,1,1,1,2,2,1,2,2,2,2,2,2,2,2,2,"Arkansas",0
"1892",50386,5,16113,36.29950278,-92.71678333,1,1,10,3,17,3,0,32,0,1,1,0,4,1,1,1,5,1,2,1,1,1,2,2,2,1,2,1,2,2,2,2,2,2,"Arkansas",1
"1893",50387,5,19319,34.91881667,-92.17495,1,1,10,4,9,4,0,43,0,1,1,0,4,1,1,1,5,1,2,1,1,1,2,2,2,2,2,3,2,2,2,2,2,2,"Arkansas",0
"1894",50388,5,17272,35.84125,-92.577175,4,4,10,4,21,2,0,12,0,1,1,0,1,3,1,1,5,1,2,2,1,2,2,2,2,2,2,3,2,2,2,2,1,2,"Arkansas",0
"1895",50389,5,17337,35.80684167,-90.64228611,2,2,10,5,16,2,0,12,0,2,3,0,1,1,1,1,5,2,2,1,1,2,1,2,2,2,2,3,2,2,2,2,2,2,"Arkansas",0
"1896",50390,5,23921,33.13393611,-91.82035,1,1,10,6,9,2,0,34,0,1,1,0,4,1,10,1,5,1,2,1,1,1,2,2,2,1,2,2,2,2,2,2,2,2,"Arkansas",0
"1897",50391,5,20038,34.56476667,-92.26554167,1,1,10,6,10,1,0,42,0,1,1,0,4,1,2,1,5,1,1,1,1,1,2,2,2,2,2,2,2,2,2,2,2,2,"Arkansas",0
"1898",50392,5,23537,33.37238333,-92.76547778,2,2,10,6,14,3,0,12,1,8,1,0,1,1,2,1,5,1,2,1,1,2,2,2,2,2,2,2,2,1,2,2,2,2,"Arkansas",0
"1899",50393,5,17646,35.62393611,-91.26473611,1,1,10,1,23,6,0,53,0,1,1,0,4,2,10,1,5,2,2,2,2,1,2,1,2,2,2,1,2,2,2,2,2,2,"Arkansas",1
"1900",50394,5,16563,36.13430833,-93.55524167,2,2,10,2,11,2,0,12,0,1,1,0,1,1,1,1,5,1,2,1,1,2,2,2,2,1,2,1,2,1,2,2,2,2,"Arkansas",0
"1901",50395,5,19855,34.66863611,-92.33329167,1,1,10,2,11,3,0,30,0,3,3,0,4,1,2,1,5,2,2,1,1,1,2,1,2,2,2,2,2,2,2,2,2,2,"Arkansas",0
"1902",50396,5,17336,35.80704722,-90.59848611,1,1,10,2,16,6,0,24,0,1,1,0,4,1,2,1,5,2,2,1,1,1,2,2,2,1,2,2,2,2,1,2,2,2,"Arkansas",0
"1903",50397,5,17496,35.71676667,-91.65301389,6,6,10,2,22,4,0,42,0,1,1,0,4,2,2,2,5,1,2,2,1,1,2,1,2,2,2,2,1,2,2,2,2,2,"Arkansas",0
"1904",50398,5,16250,36.23480833,-93.80087778,2,2,10,4,17,3,0,24,0,1,1,0,4,1,1,1,5,1,2,1,1,2,2,2,2,2,2,2,2,2,2,2,1,2,"Arkansas",0
"1905",50399,5,17546,35.68262222,-90.52685833,2,2,10,4,6,3,0,8,0,2,4,0,1,2,8,1,5,2,2,1,1,1,2,2,1,2,2,3,2,2,2,2,2,2,"Arkansas",0
"1906",50400,5,19710,34.74277778,-94.07752778,3,3,10,4,21,2,0,19,0,1,1,2,4,2,1,1,5,1,2,2,1,1,2,2,2,2,2,1,2,2,2,2,2,2,"Arkansas",1
"1907",50401,5,18082,35.41011111,-93.82053889,1,1,10,5,6,3,0,1,0,1,1,0,4,2,5,1,5,1,2,1,1,1,2,2,2,1,2,2,2,2,2,2,2,2,"Arkansas",0
"1908",50402,5,17956,35.47001111,-91.84395,1,1,10,5,16,4,0,42,0,1,1,0,4,1,1,1,5,1,2,1,1,1,2,1,2,2,2,2,2,2,2,2,2,2,"Arkansas",0
"1909",50403,5,19837,34.67890278,-92.32553889,1,1,10,6,1,1,0,8,0,1,1,0,1,2,1,1,5,2,1,2,1,1,2,2,1,2,2,2,2,2,2,2,1,2,"Arkansas",0
"1910",50404,5,18544,35.21976667,-91.98646111,4,4,10,7,22,4,0,52,0,1,1,0,4,2,5,4,5,1,2,2,2,1,2,1,2,1,2,1,1,2,2,2,2,2,"Arkansas",1
"1911",50405,5,22070,33.83660833,-92.72038611,3,3,11,1,1,3,0,12,0,1,1,0,1,2,1,2,5,1,2,2,2,2,2,2,2,1,2,1,2,2,2,1,2,2,"Arkansas",2
"1912",50406,5,18608,35.20233889,-94.21458056,1,1,11,3,6,3,0,38,0,1,1,0,4,4,5,1,5,1,2,1,1,1,2,2,2,2,2,3,2,2,2,2,2,2,"Arkansas",0
"1913",50407,5,18349,35.29617778,-93.11976944,1,1,11,3,8,1,0,35,0,1,1,0,4,1,10,1,5,1,1,1,1,1,2,2,2,1,2,2,1,2,2,2,2,2,"Arkansas",0
"1914",50408,5,17903,35.494975,-94.14325,1,1,11,3,9,2,0,53,0,1,1,0,4,1,10,1,5,1,2,1,1,1,2,2,2,2,2,2,2,2,2,2,2,2,"Arkansas",0
"1915",50409,5,18794,35.13911667,-91.89062778,4,4,11,3,12,3,0,12,0,2,2,0,1,1,1,1,5,1,2,1,1,2,2,2,2,2,2,2,1,2,2,2,2,2,"Arkansas",0
"1916",50410,5,23569,33.35344444,-91.84665,1,1,11,4,18,2,0,59,0,3,3,0,4,2,1,1,5,1,2,2,1,1,2,2,2,2,2,2,2,1,2,2,2,2,"Arkansas",0
"1917",50411,5,22858,33.60590278,-91.73508056,3,3,11,5,15,3,0,12,0,1,1,0,1,1,1,1,5,1,2,1,1,2,2,2,2,2,2,1,2,2,1,2,1,1,"Arkansas",0
"1918",50412,5,19640,34.77772778,-92.24190556,14,14,11,6,0,1,0,25,1,19,1,0,4,2,2,6,5,2,1,2,1,1,2,2,2,2,2,3,2,2,2,2,2,2,"Arkansas",0
"1919",50413,5,19590,34.80113056,-92.21360833,1,1,11,6,1,2,0,14,0,1,1,0,5,3,2,1,5,2,2,2,1,1,2,1,2,2,2,3,2,2,1,2,2,2,"Arkansas",0
"1920",50414,5,19926,34.63055833,-92.36407778,1,1,11,6,10,4,0,42,0,1,1,0,4,1,1,1,5,1,2,1,1,1,2,2,2,2,2,3,2,1,2,2,2,2,"Arkansas",0
"1921",50415,5,18734,35.15878889,-90.15914722,1,1,11,6,20,1,0,8,0,1,1,0,1,3,1,1,5,2,1,2,2,1,2,2,1,2,2,2,2,2,2,2,2,2,"Arkansas",0
"1922",50416,5,23750,33.24037778,-93.195175,1,1,11,7,0,4,0,42,0,3,3,0,4,2,2,1,5,1,2,2,2,1,2,1,2,1,2,1,2,2,2,2,2,2,"Arkansas",1
"1923",50417,5,19980,34.60413889,-91.16042778,2,2,11,2,0,3,0,42,0,1,1,0,4,2,1,1,5,1,2,2,2,1,2,2,2,2,2,2,2,2,2,2,2,2,"Arkansas",0
"1924",50418,5,16761,36.07008611,-90.92967222,2,2,11,3,17,2,0,12,1,2,2,0,1,5,1,1,5,2,2,1,1,2,2,2,2,2,2,1,2,2,2,2,1,2,"Arkansas",1
"1925",50419,5,20092,34.54172778,-94.17759444,1,1,11,3,23,3,0,35,0,1,1,0,4,2,1,1,5,1,2,2,1,1,2,2,2,1,2,1,2,1,2,2,2,2,"Arkansas",1
"1926",50420,5,18019,35.44693889,-91.90370833,1,1,11,4,0,5,0,32,0,1,1,0,4,2,1,1,5,1,2,2,1,1,2,1,2,2,2,1,2,2,2,2,2,2,"Arkansas",1
"1927",50421,5,19067,35.03493056,-90.74763333,2,2,11,4,7,1,0,12,0,7,1,0,1,1,1,1,5,1,1,1,1,2,2,2,2,2,2,2,2,1,2,2,2,2,"Arkansas",0
"1928",50422,5,19006,35.06088611,-90.681875,4,4,11,5,14,1,0,12,0,1,1,0,1,1,1,1,5,1,1,1,1,3,2,1,2,2,1,2,2,2,2,2,2,2,"Arkansas",1
"1929",50423,5,20191,34.49244722,-93.11311944,1,1,11,6,6,2,0,8,1,3,3,0,1,1,1,1,5,2,2,1,1,1,2,2,1,2,2,2,2,2,2,2,2,2,"Arkansas",0
"1930",50424,5,18311,35.31328333,-93.94160278,1,1,11,6,8,3,0,42,0,1,1,0,4,1,1,1,5,1,2,1,1,1,2,2,2,1,2,2,2,1,2,2,2,2,"Arkansas",0
"1931",50425,5,16206,36.25333889,-91.06061111,1,1,11,6,10,6,0,42,0,1,1,0,4,1,1,1,5,1,2,1,1,1,1,1,2,2,2,2,2,2,2,2,2,2,"Arkansas",0
"1932",50426,5,16884,36.03318889,-90.54851667,1,1,11,6,23,6,0,11,0,1,1,0,1,6,1,1,5,1,2,2,2,1,1,2,2,2,2,3,2,2,2,2,2,2,"Arkansas",0
"1933",50427,5,23825,33.19838889,-91.78196389,4,4,11,1,11,4,0,12,0,2,3,0,1,1,99,1,5,1,2,1,2,2,2,2,2,2,2,3,2,2,1,2,2,2,"Arkansas",0
"1934",50428,5,16137,36.28928056,-93.18097222,5,5,11,1,12,2,0,12,0,2,3,0,1,1,2,1,5,1,2,1,2,2,2,2,2,1,2,2,2,1,2,2,2,2,"Arkansas",0
"1935",50429,5,18172,35.37438333,-94.42126389,1,1,11,2,17,2,0,8,0,2,2,0,1,3,2,1,5,2,2,1,1,1,2,2,1,2,2,2,2,2,2,2,2,2,"Arkansas",0
"1936",50430,5,23813,33.20729722,-92.65505556,5,5,11,2,20,2,0,12,0,2,2,0,1,6,2,1,5,2,2,2,1,2,1,2,2,2,2,3,2,2,1,2,2,2,"Arkansas",0
"1937",50431,5,20059,34.55594444,-92.54886111,4,4,11,3,7,3,0,12,0,1,1,0,1,1,2,1,5,2,2,1,1,3,2,2,2,2,2,2,2,2,1,2,2,2,"Arkansas",1
"1938",50432,5,20412,34.36334444,-92.18144444,1,1,11,3,21,6,0,1,0,1,1,0,1,6,1,1,5,1,2,2,1,1,2,2,2,1,2,1,2,2,2,2,2,2,"Arkansas",1
"1939",50433,5,15860,36.4402,-94.03268611,6,6,11,4,22,2,0,12,0,2,3,0,1,2,1,1,5,1,2,2,1,2,2,2,2,2,2,1,2,2,1,2,2,2,"Arkansas",0
"1940",50434,5,16814,36.05633333,-90.51141667,2,2,11,5,17,2,0,12,0,2,2,0,1,3,1,1,5,2,2,1,1,2,1,2,2,2,2,2,2,2,1,2,2,2,"Arkansas",0
"1941",50435,5,15833,36.466125,-94.22846944,2,2,11,6,21,6,0,42,0,1,1,0,4,6,1,2,5,2,2,2,2,1,2,1,2,2,2,1,1,2,2,2,2,2,"Arkansas",0
"1942",50436,5,19703,34.74536944,-92.34350833,3,3,11,7,9,1,0,12,1,5,1,0,1,1,1,1,5,2,1,1,2,2,2,1,2,2,2,1,2,1,2,2,2,2,"Arkansas",0
"1943",50437,5,16711,36.08732222,-90.56218056,1,1,11,7,15,6,0,53,0,1,1,0,4,1,1,1,5,1,2,1,2,1,1,2,2,2,2,1,2,2,2,2,2,2,"Arkansas",1
"1944",50438,5,22694,33.65372778,-94.12464444,1,1,11,7,18,3,0,8,0,1,1,0,1,3,1,1,5,1,2,2,2,1,2,2,1,2,2,1,2,2,2,2,2,2,"Arkansas",1
"1945",50439,5,19707,34.74413056,-92.29670833,2,2,11,1,2,1,0,33,0,1,1,0,4,3,1,2,5,2,1,2,2,1,2,1,2,1,2,1,2,2,1,2,2,2,"Arkansas",1
"1946",50440,5,17249,35.85491667,-90.76068333,2,2,11,2,17,3,0,8,0,3,3,0,1,3,1,1,5,2,2,1,1,2,2,2,1,2,2,2,2,2,2,2,2,2,"Arkansas",0
"1947",50441,5,15964,36.37648333,-92.53405556,1,1,11,2,20,3,0,11,0,1,1,0,1,2,1,1,5,1,2,2,1,1,1,2,2,2,2,3,2,1,2,2,2,2,"Arkansas",0
"1948",50442,5,23759,33.23671389,-92.44978611,1,1,11,2,21,2,0,42,0,1,1,0,4,2,1,1,5,1,2,2,1,1,2,2,2,1,2,1,2,2,2,2,2,2,"Arkansas",1
"1949",50443,5,17227,35.86427778,-90.63250833,4,4,11,4,9,2,0,12,0,1,1,0,1,1,1,1,5,2,2,1,1,3,2,2,2,2,2,1,2,1,2,2,2,2,"Arkansas",0
"1950",50444,5,20659,34.24138611,-92.06973333,2,2,11,4,1,6,0,42,0,1,1,0,4,3,1,1,5,2,2,2,1,1,2,2,2,2,2,1,2,2,1,2,2,2,"Arkansas",1
"1951",50445,5,17231,35.86146389,-92.04606667,1,1,11,4,13,3,0,24,0,1,1,0,4,1,10,1,5,1,2,1,1,1,2,2,2,1,2,2,2,1,2,2,2,2,"Arkansas",0
"1952",50446,5,19348,34.90510556,-92.00023056,1,1,11,4,19,3,0,1,0,1,1,0,4,2,1,1,5,1,2,2,1,1,1,2,2,2,2,1,2,2,2,2,2,2,"Arkansas",1
"1953",50447,5,19764,34.71658889,-92.22981667,3,3,11,5,18,1,0,12,0,1,1,0,1,2,1,1,5,2,1,2,1,2,2,2,2,1,2,1,2,2,2,2,2,2,"Arkansas",1
"1954",50448,5,18246,35.3435,-93.86292222,1,1,11,6,0,3,0,53,0,1,1,0,4,2,2,1,5,1,2,2,1,1,2,1,2,1,2,1,2,2,2,2,1,2,"Arkansas",1
"1955",50449,5,20399,34.37171667,-92.78373056,1,1,11,6,0,4,0,35,0,1,1,0,4,2,2,1,5,1,2,2,1,1,2,2,2,1,2,1,2,2,2,2,1,2,"Arkansas",1
"1956",50450,5,20249,34.46292222,-92.94079167,2,2,11,2,9,2,0,12,0,1,1,0,1,1,2,1,5,1,2,1,1,2,2,2,2,1,2,2,2,2,1,2,1,2,"Arkansas",0
"1957",50451,5,19737,34.730575,-90.81278889,1,1,11,2,19,4,0,8,0,1,1,0,1,2,2,1,5,1,2,2,1,1,2,2,1,2,2,1,2,2,2,1,1,2,"Arkansas",1
"1958",50452,5,19851,34.67008056,-92.37603333,1,1,12,3,6,3,0,8,0,8,1,0,1,6,1,1,5,2,2,1,1,1,2,2,1,2,2,3,2,2,2,2,2,2,"Arkansas",0
"1959",50453,5,16826,36.05258611,-90.430075,1,1,12,3,18,2,0,8,0,1,1,0,1,2,1,1,5,1,2,2,1,1,2,2,1,2,2,3,2,2,2,2,2,2,"Arkansas",0
"1960",50454,5,19912,34.63778889,-92.10716667,1,1,12,4,12,3,0,59,0,1,1,0,4,1,1,1,5,1,2,1,1,1,2,2,2,1,2,3,2,2,2,2,1,2,"Arkansas",0
"1961",50455,5,19049,35.04181111,-93.23388611,2,2,12,5,9,3,0,12,0,1,1,0,1,1,1,1,5,1,2,1,1,2,2,2,2,1,2,3,2,2,2,2,2,2,"Arkansas",0
"1962",50456,5,18377,35.28235833,-90.23832778,7,7,12,5,11,1,0,12,0,1,1,0,1,1,1,2,5,1,1,1,1,3,2,2,2,1,2,3,2,2,2,2,1,2,"Arkansas",0
"1963",50457,5,20129,34.5245,-92.91682778,2,2,12,6,1,2,0,34,0,1,1,0,4,2,1,2,5,1,2,2,1,1,2,1,2,2,2,3,2,2,2,2,2,2,"Arkansas",0
"1964",50458,5,19595,34.79820278,-94.04375833,3,3,12,6,13,2,0,12,0,3,3,0,1,1,1,1,5,1,2,1,1,2,2,2,2,1,2,3,2,1,2,2,2,2,"Arkansas",0
"1965",50459,5,19061,35.03714167,-92.31578889,2,2,12,7,17,4,0,12,0,1,1,0,1,2,1,1,5,1,2,1,2,2,2,2,2,2,2,2,2,2,2,2,2,1,"Arkansas",0
"1966",50460,5,16841,36.04901944,-90.517,1,1,12,2,4,6,0,32,0,1,1,0,4,3,1,1,5,2,2,2,2,1,2,2,2,1,2,3,2,2,1,2,2,2,"Arkansas",0
"1967",50461,5,19550,34.81816667,-92.2114,1,1,12,3,23,6,0,42,0,1,1,0,5,2,1,1,5,2,2,2,1,1,2,1,2,1,2,3,2,2,1,2,2,2,"Arkansas",0
"1968",50462,5,22343,33.75705,-91.99696944,2,2,12,4,7,2,0,12,0,1,1,0,1,1,10,1,5,1,2,1,1,2,2,2,2,2,2,1,2,2,2,2,1,2,"Arkansas",0
"1969",50463,5,17725,35.58262222,-90.394325,1,1,12,5,0,3,0,1,0,1,1,0,4,2,1,1,5,1,2,2,1,1,2,2,2,1,2,1,2,2,2,2,1,2,"Arkansas",1
"1970",50464,5,18524,35.22762222,-90.21210556,1,1,12,6,17,1,0,1,0,1,1,0,1,2,1,1,5,2,1,1,1,1,1,2,2,2,2,2,2,2,2,2,2,2,"Arkansas",0
"1971",50465,5,23811,33.20941111,-94.0266,1,1,12,1,1,3,0,42,0,1,1,0,4,6,99,1,5,1,2,2,2,1,1,2,2,2,2,3,2,2,2,2,2,2,"Arkansas",0
"1972",50466,5,15828,36.471425,-92.46969444,2,2,12,1,12,3,0,12,0,1,1,0,1,1,2,1,5,1,2,1,2,2,2,1,2,2,2,2,2,2,1,1,2,2,"Arkansas",1
"1973",50467,5,22160,33.80730278,-93.38986111,4,4,12,1,15,2,0,12,0,1,1,0,1,1,2,1,5,1,2,1,2,2,2,2,2,2,2,2,1,2,2,2,1,2,"Arkansas",0
"1974",50468,5,16355,36.19143056,-93.43357778,2,2,12,2,11,2,0,12,0,1,1,0,1,1,1,1,5,1,2,1,1,2,2,1,2,2,2,3,1,1,2,2,1,2,"Arkansas",0
"1975",50469,5,18667,35.1831,-91.89535556,7,7,12,2,16,4,0,35,0,1,1,0,4,1,1,1,5,1,2,1,1,1,2,1,2,1,2,2,2,2,2,2,1,2,"Arkansas",0
"1976",50470,5,18462,35.25106111,-91.059675,4,4,12,3,13,2,0,12,0,8,1,0,1,1,1,2,5,1,2,1,1,3,2,2,2,2,2,2,2,1,2,2,1,2,"Arkansas",0
"1977",50471,5,16315,36.20624444,-92.49438056,1,1,12,4,20,4,0,34,0,1,1,0,4,2,1,1,5,1,2,2,1,1,2,2,2,2,2,3,2,1,2,2,2,2,"Arkansas",0
"1978",50472,5,20343,34.407275,-92.81189167,1,1,12,6,8,1,0,42,0,1,1,0,4,1,1,1,5,1,1,1,1,1,2,2,2,2,2,3,2,2,2,2,2,2,"Arkansas",0
"1979",50473,5,17818,35.53758333,-91.97155,3,3,12,2,9,3,0,12,0,1,1,0,1,1,1,2,5,1,2,1,1,2,2,2,2,2,2,3,2,1,2,2,2,2,"Arkansas",0
"1980",50474,5,23669,33.29145,-93.92001111,8,8,12,2,23,1,0,12,0,1,1,0,1,2,5,2,5,1,1,2,1,3,2,2,1,2,2,2,2,2,1,2,1,2,"Arkansas",0
"1981",50475,5,23671,33.29143056,-93.92000278,2,2,12,2,23,1,0,8,0,1,1,0,1,2,5,1,5,1,1,2,1,1,2,2,1,2,2,2,2,2,2,2,1,2,"Arkansas",0
"1982",50476,5,19157,34.99233333,-92.41498056,1,1,12,7,5,1,0,59,0,1,1,0,3,2,2,1,5,2,1,2,2,1,2,2,2,2,2,2,2,1,2,2,1,2,"Arkansas",1
"1983",50477,5,19858,34.66601389,-92.39157778,2,2,12,7,18,1,0,8,0,1,1,0,1,2,10,1,5,2,1,2,2,1,2,2,1,2,2,2,2,2,2,2,2,2,"Arkansas",0
"1984",50479,5,21442,34.00673889,-94.17755556,4,4,12,1,13,2,0,12,0,1,1,0,1,1,2,1,5,1,2,1,2,2,2,1,2,2,2,2,2,2,1,2,1,2,"Arkansas",0
"1985",50480,5,17677,35.60546111,-90.72246389,1,1,12,3,16,3,0,34,0,1,1,0,4,5,1,1,5,1,2,1,1,1,2,2,2,2,2,2,2,2,2,2,1,2,"Arkansas",0
"1986",50481,5,19610,34.78920833,-92.08733056,2,2,12,4,19,1,0,12,0,1,1,0,1,2,1,1,5,1,1,2,1,2,2,2,2,2,2,1,2,2,2,2,1,2,"Arkansas",1
"1987",50482,5,18191,35.36571667,-90.77099444,1,1,12,4,20,3,0,23,0,1,1,0,4,2,1,1,5,1,2,2,1,1,2,2,2,2,2,2,2,2,2,2,2,2,"Arkansas",1
"1988",50483,5,20175,34.50295,-92.53832222,2,2,12,5,23,3,0,12,0,1,1,0,2,2,1,1,5,1,2,2,1,2,2,2,2,2,2,2,1,2,2,2,1,2,"Arkansas",0
"4914",80001,8,13299,38.06830556,-107.6952583,1,1,1,5,4,2,0,42,0,1,1,0,4,2,1,1,8,1,2,2,1,1,2,1,2,2,2,1,2,2,2,2,2,2,"Colorado",1
"4915",80002,8,10389,39.55342222,-105.2425083,2,5,1,7,14,2,0,8,0,1,1,0,2,1,4,1,8,1,2,1,2,1,2,1,1,2,2,2,2,2,1,2,2,2,"Colorado",0
"4916",80003,8,9661,39.84895,-105.0060667,5,5,1,1,18,4,0,12,0,2,2,0,1,3,1,1,8,2,2,2,2,3,2,1,2,2,2,3,2,2,2,2,2,2,"Colorado",0
"4917",80004,8,11961,38.78195833,-105.1236472,5,5,1,2,20,3,0,12,0,1,1,0,1,2,1,1,8,1,2,2,1,2,2,1,2,2,2,3,2,2,2,2,2,2,"Colorado",0
"4918",80005,8,9848,39.76971667,-105.4484556,3,3,1,3,12,3,0,12,0,1,1,0,1,1,1,1,8,1,2,1,1,2,2,1,2,2,2,1,2,2,2,2,2,2,"Colorado",1
"4919",80006,8,11832,38.83863889,-104.4613667,2,2,1,3,17,3,0,12,0,3,2,0,1,5,1,1,8,1,2,1,1,2,2,2,2,2,2,3,2,2,2,2,1,2,"Colorado",0
"4920",80007,8,13016,38.24321667,-104.2337861,1,1,1,5,13,3,0,31,0,1,1,0,4,1,1,1,8,1,2,1,1,1,2,2,2,1,2,1,2,2,2,2,1,2,"Colorado",1
"4921",80008,8,10052,39.71123889,-105.0254833,3,3,1,5,20,3,0,8,0,1,1,0,1,3,4,1,8,2,2,2,1,2,2,2,1,2,2,3,2,2,2,2,2,2,"Colorado",0
"4922",80009,8,8879,40.14545,-104.6031056,1,1,1,6,9,4,0,59,0,3,3,0,4,1,1,1,8,1,2,1,1,1,2,1,2,1,2,2,2,1,2,2,2,2,"Colorado",0
"4923",80010,8,12404,38.59138889,-107.9228889,2,2,1,7,10,4,0,1,0,1,1,0,5,1,1,2,8,1,2,1,2,1,2,1,2,1,2,1,2,2,2,2,2,2,"Colorado",1
"4924",80011,8,13307,38.06062778,-103.2434111,1,1,1,1,5,2,0,1,0,2,2,0,1,2,1,1,8,1,2,2,2,1,2,1,2,1,2,2,2,2,2,2,2,2,"Colorado",0
"4925",80012,8,14017,37.66967222,-104.0028222,2,2,1,4,10,2,0,1,0,1,1,0,4,1,4,1,8,1,2,1,1,1,2,1,2,1,2,3,2,2,2,2,2,2,"Colorado",0
"4926",80013,8,12269,38.64444444,-104.6940528,3,3,1,2,9,1,0,31,0,1,1,0,3,1,4,2,8,1,1,1,1,2,2,1,2,2,2,3,2,2,2,2,2,2,"Colorado",0
"4927",80014,8,9811,39.78,-104.9636111,2,2,1,3,7,6,0,33,0,1,1,0,4,1,1,1,8,2,2,1,1,1,2,1,2,2,1,3,2,2,1,2,2,2,"Colorado",0
"4928",80015,8,8484,40.34845,-104.5656944,1,1,1,7,17,4,0,1,0,3,2,0,4,2,1,1,8,1,2,1,2,1,2,1,2,1,2,2,2,2,2,2,2,2,"Colorado",0
"4929",80016,8,9032,40.08054444,-104.9024444,2,2,1,7,23,3,0,12,0,1,1,0,2,2,1,1,8,2,2,2,2,2,2,1,2,2,2,3,2,2,2,2,2,2,"Colorado",0
"4930",80017,8,9852,39.76925,-104.9035278,2,2,1,3,7,6,0,12,0,2,3,0,1,1,1,1,8,2,2,1,1,2,2,1,2,1,2,3,1,2,2,2,2,2,"Colorado",1
"4931",80018,8,10049,39.71194444,-105.1457639,1,1,1,3,2,6,0,42,0,1,1,0,4,3,4,1,8,2,2,2,1,1,2,1,2,2,2,1,2,2,2,2,2,1,"Colorado",1
"4932",80019,8,9480,39.92253333,-104.7711639,1,1,1,5,18,4,0,8,0,1,1,0,1,2,1,1,8,1,2,2,1,1,2,2,1,2,2,3,2,2,2,2,2,2,"Colorado",0
"4933",80020,8,11747,38.88403333,-104.9510417,1,1,1,6,13,2,0,17,0,1,1,0,3,1,1,1,8,1,2,1,1,1,2,2,2,1,2,2,2,2,2,2,1,2,"Colorado",0
"4934",80021,8,10087,39.69829167,-104.8470806,1,1,1,6,13,6,0,15,0,4,1,0,1,1,1,1,8,2,2,1,1,1,2,2,2,2,2,2,2,2,2,2,2,2,"Colorado",0
"4935",80022,8,12947,38.27504444,-104.4965694,1,1,1,7,18,2,0,8,0,3,3,0,1,2,1,1,8,2,2,2,2,1,2,2,1,2,2,3,2,2,2,2,2,2,"Colorado",0
"4936",80023,8,9879,39.76118611,-105.4380556,3,3,1,1,11,3,0,12,0,1,1,0,1,1,1,2,8,1,2,1,2,2,1,2,2,2,2,3,2,1,2,2,2,2,"Colorado",0
"4937",80024,8,10146,39.67477778,-104.8240694,5,5,1,1,17,6,0,12,0,2,2,0,1,3,1,1,8,2,2,1,2,2,1,1,2,2,2,2,1,2,2,2,2,2,"Colorado",0
"4938",80025,8,8512,40.33726667,-104.7141389,5,5,1,1,21,2,0,33,0,1,1,0,3,2,1,4,8,1,2,2,2,2,2,2,2,1,2,1,2,2,2,2,2,2,"Colorado",1
"4939",80026,8,11229,39.10847222,-108.5428556,1,1,1,6,21,6,0,8,0,1,1,0,1,3,1,1,8,2,2,2,2,1,2,2,1,2,2,2,2,2,2,2,2,2,"Colorado",0
"4940",80027,8,10302,39.60473056,-105.1102,1,1,1,2,12,4,0,33,0,3,3,0,8,1,1,1,8,2,2,1,1,1,2,2,2,2,2,2,2,1,2,2,2,2,"Colorado",1
"4941",80029,8,6799,40.95027778,-104.9243333,3,3,1,5,11,1,0,1,0,1,1,0,3,1,1,1,8,1,1,1,1,1,2,1,2,1,2,3,2,2,2,2,2,2,"Colorado",0
"4942",80030,8,8110,40.53458333,-105.1152306,3,3,1,5,20,4,0,12,0,1,1,0,1,3,1,1,8,2,2,2,1,2,2,2,2,1,2,3,2,2,2,2,2,2,"Colorado",0
"4943",80031,8,9252,40.00052222,-104.7911278,1,1,1,1,2,4,0,38,0,1,1,0,5,2,1,1,8,2,2,2,2,1,2,1,2,2,2,1,2,2,1,2,2,2,"Colorado",1
"4944",80032,8,9922,39.74833333,-105.0393333,1,1,1,6,19,6,0,1,0,1,1,0,1,3,1,1,8,2,2,2,2,1,1,1,2,2,2,1,2,2,2,2,2,2,"Colorado",1
"4945",80033,8,12622,38.47467222,-107.9229278,3,3,1,7,1,4,0,18,0,1,1,0,4,2,2,3,8,1,2,2,2,1,2,1,2,1,1,1,2,2,1,2,2,2,"Colorado",1
"4946",80034,8,9980,39.73762222,-105.3813056,8,8,1,6,20,2,0,12,0,1,1,0,1,2,1,1,8,1,2,2,2,3,2,2,2,2,2,3,2,2,2,2,1,2,"Colorado",0
"4947",80035,8,9002,40.09423611,-104.8125472,9,9,1,7,14,2,0,12,0,3,2,0,1,1,1,2,8,2,2,1,2,3,2,2,2,2,2,3,2,2,2,2,2,2,"Colorado",0
"4948",80036,8,9241,40.00391667,-105.1029583,3,3,1,3,11,2,0,12,0,2,2,0,1,1,1,1,8,2,2,1,1,2,2,2,2,2,2,3,2,1,2,2,2,2,"Colorado",0
"4949",80037,8,8867,40.14936944,-105.8891528,2,2,2,3,5,2,0,12,0,1,1,0,1,2,4,1,8,1,2,2,1,2,2,1,2,2,2,2,2,2,2,2,1,2,"Colorado",1
"4950",80038,8,10856,39.29463056,-102.5327778,4,4,2,4,7,1,0,1,0,1,1,0,3,1,4,1,8,1,1,1,1,1,2,1,2,1,2,3,2,2,2,2,1,2,"Colorado",0
"4951",80039,8,10649,39.39607222,-108.1241667,1,1,2,1,3,1,0,31,0,1,1,0,3,2,1,1,8,1,1,2,2,1,2,2,2,1,2,2,2,2,1,2,2,1,"Colorado",0
"4952",80040,8,11797,38.85523889,-104.7202417,1,1,2,2,0,3,0,9,0,1,1,0,1,3,1,1,8,2,2,2,2,1,2,2,2,2,2,3,1,2,2,2,2,2,"Colorado",0