"","ST_CASE","OBJECT_ID","FID","LATITUDE","LONGITUD","PERMVIT","PERSONS","MONTH","DAY_WEEK","HOUR","ROUTE","SP_JUR","HARM_EV","RELJCT1","RELJCT2","TYP_INT","WRK_ZONE","REL_ROAD","LGT_COND","WEATHER","FATALS","STATE","A_RU","A_INTER","A_TOD","A_DOW","A_CT","A_MC","A_SPCRA","A_PED","A_ROLL","A_POLPUR","A_POSBAC","A_D15_20","A_D65PLS","A_D21_24","A_HR","A_DIST","A_DROWSY","STATE_NAME","drunkDr"
"4953",80041,8,8840,40.16365833,-104.6782417,2,2,2,4,7,4,0,12,0,1,1,0,1,1,4,1,8,1,2,1,1,2,2,1,2,2,2,3,1,2,2,2,2,2,"Colorado",0
"4954",80042,8,8371,40.40659722,-104.8323389,4,4,2,7,17,2,0,12,0,2,2,0,1,1,1,1,8,2,2,1,2,2,2,2,2,1,2,3,2,1,2,2,2,2,"Colorado",0
"4955",80043,8,9963,39.74011111,-104.9936194,4,4,2,1,2,2,0,8,0,1,1,0,1,3,1,1,8,2,2,2,2,1,2,2,1,2,2,3,2,2,2,1,2,2,"Colorado",1
"4956",80044,8,9457,39.93193056,-104.7898611,4,4,2,1,12,6,0,12,0,1,1,0,1,1,1,1,8,2,2,1,2,3,2,1,2,2,2,3,2,2,1,1,2,2,"Colorado",0
"4957",80045,8,13845,37.7481,-106.1581389,2,2,2,6,17,3,0,23,0,1,1,0,4,1,1,1,8,1,2,1,1,1,2,2,2,2,2,2,2,1,2,2,2,2,"Colorado",0
"4958",80046,8,9871,39.76358333,-105.4445833,4,4,2,4,20,3,0,12,0,1,1,0,1,2,1,1,8,1,2,2,1,3,2,2,2,2,2,3,2,2,2,2,2,2,"Colorado",0
"4959",80047,8,10072,39.70197778,-104.9593972,1,1,2,6,16,6,0,8,0,3,2,0,1,1,1,1,8,2,2,1,1,1,2,2,1,2,2,3,2,1,2,2,2,2,"Colorado",0
"4960",80048,8,14056,37.65018333,-106.4021778,1,1,2,3,23,4,0,31,0,1,1,0,5,2,1,1,8,1,2,2,1,1,2,2,2,1,2,1,1,2,2,2,2,2,"Colorado",1
"4961",80049,8,14722,37.21725,-107.3392917,2,2,2,2,15,2,0,31,0,1,1,0,4,1,1,1,8,1,2,1,1,1,2,2,2,1,2,3,2,1,2,2,2,1,"Colorado",0
"4962",80050,8,8718,40.23230556,-104.0993667,7,7,2,5,14,1,0,31,0,1,1,0,3,1,1,1,8,1,1,1,1,1,2,1,2,1,2,3,2,2,2,2,1,2,"Colorado",0
"4963",80051,8,8129,40.52488333,-104.8058889,2,2,2,7,13,4,0,12,0,1,1,0,1,1,4,1,8,1,2,1,2,2,2,1,2,2,2,3,2,2,1,2,2,2,"Colorado",0
"4964",80052,8,9860,39.76681389,-105.4482944,2,2,2,7,14,3,0,1,0,1,1,0,5,1,4,1,8,1,2,1,2,1,2,1,2,1,2,3,2,2,2,2,2,2,"Colorado",0
"4965",80053,8,8756,40.2125,-105.1023333,4,4,2,7,21,2,0,8,0,1,1,0,1,2,4,1,8,1,2,2,2,1,2,2,1,2,2,3,2,2,2,2,2,2,"Colorado",0
"4966",80054,8,12636,38.46616944,-104.9974722,3,3,2,3,19,3,0,12,0,1,1,0,1,2,1,1,8,1,2,2,1,2,2,1,2,2,2,1,2,2,2,2,2,2,"Colorado",1
"4967",80055,8,11373,39.04799444,-105.5606333,1,1,2,4,9,2,0,1,0,1,1,0,4,1,1,1,8,1,2,1,1,1,2,1,2,1,2,2,2,1,2,2,2,2,"Colorado",0
"4968",80056,8,7099,40.82941667,-105.2441111,1,1,2,4,13,2,0,59,0,1,1,0,4,1,1,1,8,1,2,1,1,1,2,2,2,1,2,2,2,2,2,2,2,2,"Colorado",0
"4969",80057,8,11484,38.99841667,-104.6847222,6,6,2,5,15,4,0,12,0,3,3,0,1,1,1,1,8,1,2,1,1,3,2,1,2,2,2,2,2,2,2,2,2,2,"Colorado",0
"4970",80058,8,10084,39.69931389,-105.7120139,1,1,2,4,14,1,0,17,0,5,1,0,8,1,1,1,8,1,1,1,1,1,2,1,2,2,2,2,2,2,1,2,2,2,"Colorado",0
"4971",80059,8,14120,37.61679167,-106.1491944,2,2,2,5,6,2,0,12,0,1,1,0,1,1,1,1,8,1,2,1,1,2,2,1,2,2,2,3,2,2,2,2,2,2,"Colorado",0
"4972",80060,8,9962,39.74012222,-104.9095306,3,3,2,3,16,2,0,12,0,3,2,0,1,1,1,1,8,2,2,1,1,3,2,2,2,2,2,3,2,1,2,2,2,2,"Colorado",0
"4973",80061,8,11313,39.07735556,-108.5559333,4,4,2,2,15,2,0,12,0,2,2,0,1,1,1,1,8,2,2,1,1,3,2,2,2,2,2,3,2,1,1,2,2,2,"Colorado",0
"4974",80062,8,9791,39.78732222,-105.174675,4,4,2,7,8,4,0,12,0,1,1,0,1,1,1,1,8,2,2,1,2,2,2,1,2,2,2,3,2,2,2,2,2,2,"Colorado",0
"4975",80063,8,9964,39.74009444,-104.8755278,2,2,2,2,14,2,0,12,0,3,2,0,1,1,1,1,8,2,2,1,1,2,2,2,2,2,2,3,2,1,2,2,2,2,"Colorado",0
"4976",80064,8,10406,39.54481389,-107.6330556,1,1,3,1,2,1,0,1,0,1,1,0,3,2,1,1,8,1,1,2,2,1,2,2,2,1,2,1,2,2,1,2,2,2,"Colorado",1
"4977",80065,8,10395,39.55208333,-104.9544889,1,1,3,2,23,4,0,33,0,1,1,0,3,3,1,1,8,2,2,2,1,1,2,1,2,2,2,1,2,2,2,2,2,2,"Colorado",1
"4978",80066,8,10155,39.67213889,-105.0249778,1,1,3,3,1,3,0,8,0,1,1,0,1,3,1,1,8,2,2,2,1,1,2,2,1,2,2,3,2,2,2,1,2,2,"Colorado",0
"4979",80067,8,7917,40.61048333,-103.6089167,2,2,3,4,0,3,0,12,0,1,1,0,1,2,4,1,8,1,2,2,1,2,2,2,2,2,2,1,2,2,2,2,2,2,"Colorado",1
"4980",80068,8,9902,39.75445556,-104.8098222,4,4,3,6,12,6,0,43,0,3,3,0,4,1,1,2,8,2,2,1,1,1,2,1,2,2,2,2,2,2,2,2,2,2,"Colorado",1
"4981",80069,8,10122,39.6875,-106.7522222,1,1,3,6,15,1,0,1,0,1,1,0,3,1,1,1,8,1,1,1,1,1,2,2,2,1,2,1,2,2,2,2,1,2,"Colorado",1
"4982",80070,8,10145,39.67490278,-104.8240639,2,2,3,6,20,6,0,12,0,2,2,0,1,3,1,1,8,2,2,2,2,2,2,1,2,2,2,1,2,2,2,2,2,2,"Colorado",1
"4983",80071,8,10245,39.63409722,-104.9032056,2,2,3,7,2,1,0,42,1,5,1,0,4,3,1,2,8,2,1,2,2,1,2,1,2,1,2,1,2,2,2,2,2,2,"Colorado",1
"4984",80073,8,9978,39.73780556,-105.0252944,1,1,3,1,19,3,0,8,0,1,1,0,1,3,1,1,8,2,2,2,2,1,2,1,1,2,2,2,2,2,2,2,2,2,"Colorado",1
"4985",80074,8,10001,39.72726667,-105.0814861,1,1,3,5,19,3,0,9,0,1,1,0,1,3,1,1,8,2,2,2,1,1,2,2,2,2,2,3,2,2,2,2,2,2,"Colorado",0
"4986",80075,8,8786,40.19390556,-104.8857194,2,2,3,7,10,4,0,30,0,1,1,0,4,1,1,1,8,1,2,1,2,1,2,2,2,2,2,3,1,2,2,2,2,2,"Colorado",0
"4987",80076,8,9920,39.74881111,-104.7723889,3,3,3,3,1,6,0,12,0,3,3,0,1,2,1,2,8,2,2,2,1,3,2,1,2,2,2,1,2,2,2,2,2,2,"Colorado",2
"4988",80078,8,8816,40.17555556,-108.3858333,1,1,3,7,3,3,0,35,0,1,1,0,4,2,1,1,8,1,2,2,2,1,2,2,2,2,2,2,1,2,2,2,2,1,"Colorado",0
"4989",80079,8,10679,39.38020833,-104.7208333,1,1,3,1,1,3,0,41,0,1,1,0,4,2,1,1,8,1,2,2,2,1,1,2,2,2,2,1,2,2,2,2,2,2,"Colorado",1
"4990",80080,8,8519,40.33408333,-104.8831806,2,2,3,1,16,3,0,12,0,1,1,0,1,1,1,1,8,2,2,1,2,2,1,2,2,2,2,3,2,2,2,2,2,2,"Colorado",0
"4991",80081,8,10142,39.67615278,-104.9030667,6,6,3,3,0,4,0,33,0,1,1,0,3,3,1,1,8,2,2,2,1,2,2,1,2,1,2,1,2,2,1,1,2,2,"Colorado",1
"4992",80082,8,9784,39.79351667,-104.9033528,3,3,3,3,17,3,0,12,0,2,2,0,1,1,1,1,8,2,2,1,1,2,2,1,2,2,2,3,2,2,1,2,1,2,"Colorado",0
"4993",80083,8,10697,39.37195833,-104.6833833,3,3,3,7,12,3,0,1,0,3,3,0,1,1,1,1,8,1,2,1,2,2,1,2,2,2,2,3,2,2,2,2,1,2,"Colorado",0
"4994",80084,8,14708,37.22377778,-108.0581778,3,3,3,7,12,3,0,12,0,1,1,0,1,1,1,1,8,1,2,1,2,2,2,2,2,1,2,3,2,2,1,2,2,2,"Colorado",0
"4995",80085,8,10513,39.48098333,-105.3656861,6,6,3,7,17,2,0,12,1,18,1,0,1,1,1,2,8,1,2,1,2,2,1,2,2,2,2,1,2,2,2,2,2,2,"Colorado",1
"4996",80086,8,10211,39.64766667,-104.7962222,2,2,3,1,4,6,0,42,0,1,1,0,3,3,1,1,8,2,2,2,2,1,2,1,2,1,2,1,2,2,1,2,2,2,"Colorado",1
"4997",80087,8,9809,39.78015,-104.9991389,1,1,3,1,2,6,0,19,0,3,3,0,5,3,1,1,8,2,2,2,2,1,2,1,2,2,2,2,1,2,2,2,2,2,"Colorado",1
"4998",80088,8,9670,39.84323611,-105.1634833,3,3,3,4,20,4,0,12,0,1,1,0,1,2,1,1,8,2,2,2,1,2,2,2,2,2,2,1,1,2,2,2,2,2,"Colorado",1
"4999",80089,8,9552,39.89402222,-104.9874889,2,2,3,1,22,1,0,12,0,1,1,0,1,3,1,1,8,2,1,2,2,2,2,2,2,2,2,3,2,1,2,2,2,2,"Colorado",0
"5000",80090,8,10080,39.70044444,-105.2395139,1,1,3,2,4,1,0,1,0,1,1,0,4,2,1,1,8,2,1,2,2,1,2,1,2,1,2,2,2,2,2,2,2,1,"Colorado",0
"5001",80091,8,11307,39.08314167,-108.58945,4,4,3,4,18,3,0,12,0,2,2,0,1,1,1,1,8,2,2,2,1,2,1,2,2,2,2,3,2,2,2,2,2,2,"Colorado",0
"5002",80092,8,9968,39.73993056,-104.6810417,1,1,3,2,22,1,0,52,0,1,1,0,4,2,1,1,8,1,1,2,1,1,1,2,2,2,2,3,2,1,2,2,1,2,"Colorado",0
"5003",80093,8,9863,39.76570556,-104.7903694,3,3,3,3,7,1,0,12,1,18,1,0,1,1,1,1,8,2,1,1,1,3,2,2,2,2,2,3,2,2,2,2,1,2,"Colorado",0
"5004",80094,8,12592,38.48919444,-105.2787028,4,4,3,4,12,2,0,12,0,1,1,0,1,1,4,1,8,1,2,1,1,2,2,2,2,2,2,3,2,2,2,2,2,2,"Colorado",0
"5005",80095,8,9874,39.76201111,-104.9407167,1,1,3,6,7,3,0,8,0,2,2,0,1,4,1,1,8,2,2,1,1,1,2,2,1,2,2,3,2,1,2,2,2,2,"Colorado",0
"5006",80096,8,10235,39.64061111,-105.0042639,2,2,3,6,14,6,0,12,0,1,1,0,1,1,1,1,8,2,2,1,1,2,1,1,2,2,2,3,2,2,1,2,2,2,"Colorado",1
"5007",80097,8,10266,39.62128056,-105.1963694,2,2,3,7,16,2,0,24,0,1,1,0,4,1,1,1,8,1,2,1,2,1,1,2,2,2,2,1,2,2,2,2,2,2,"Colorado",1
"5008",80098,8,11707,38.90053889,-104.6355278,1,1,3,7,17,2,0,1,0,1,1,0,3,1,1,1,8,1,2,1,2,1,2,2,2,1,2,1,2,2,2,2,2,2,"Colorado",1
"5009",80099,8,11841,38.83566111,-104.7574889,3,3,1,6,19,6,0,8,0,3,2,0,1,3,1,1,8,2,2,2,2,1,2,2,1,2,2,3,2,2,2,2,2,2,"Colorado",0
"5010",80100,8,11646,38.92633333,-104.7194361,1,1,1,7,23,3,0,8,0,3,2,0,1,3,4,1,8,2,2,2,2,1,2,2,1,2,2,3,2,2,2,2,2,2,"Colorado",0
"5011",80101,8,11914,38.80315833,-104.8223611,1,1,1,2,9,3,0,8,0,1,1,0,1,1,4,1,8,2,2,1,1,1,2,2,1,2,2,3,2,2,2,2,2,2,"Colorado",0
"5012",80102,8,8037,40.56719167,-105.0958611,1,1,1,5,6,6,0,8,0,3,2,0,1,3,1,1,8,2,2,1,1,1,2,2,1,2,2,3,2,2,2,2,2,2,"Colorado",0
"5013",80103,8,10542,39.46305556,-104.4413056,1,1,1,5,17,4,0,1,0,1,1,0,1,5,1,1,8,1,2,1,1,1,2,1,2,1,2,1,2,2,2,2,2,2,"Colorado",1
"5014",80104,8,8654,40.26333333,-104.9795556,1,1,2,7,1,7,0,1,0,1,1,0,4,2,1,1,8,1,1,2,2,1,2,2,2,1,2,2,2,1,2,2,2,1,"Colorado",0
"5015",80105,8,11836,38.837625,-104.6612139,2,2,2,4,9,3,0,12,0,1,1,0,1,1,1,1,8,1,2,1,1,2,2,2,2,2,2,2,2,2,2,2,2,2,"Colorado",0
"5016",80106,8,11751,38.88086111,-104.7568889,1,1,2,3,19,6,0,8,0,1,1,0,1,3,1,1,8,2,2,2,1,1,2,2,1,2,2,2,2,2,2,2,2,2,"Colorado",0
"5017",80107,8,9804,39.78147222,-104.9939306,1,1,4,6,0,1,0,25,1,19,1,0,4,3,4,1,8,2,1,2,1,1,2,1,2,1,2,2,2,1,2,2,2,2,"Colorado",0
"5018",80108,8,8919,40.13077778,-104.8107222,1,1,4,7,1,2,0,31,0,3,2,0,3,2,1,1,8,1,2,2,2,1,2,2,2,1,2,1,2,2,2,2,2,2,"Colorado",1
"5019",80109,8,11053,39.18881944,-108.2447222,3,3,4,7,12,3,0,24,0,1,1,0,4,1,1,1,8,1,2,1,2,2,1,2,2,2,2,1,2,2,2,2,1,2,"Colorado",1
"5020",80110,8,7609,40.69745556,-105.2768194,1,1,4,1,12,3,0,1,0,1,1,0,2,1,1,1,8,1,2,1,2,1,1,1,2,2,2,1,2,2,2,2,2,2,"Colorado",1
"5021",80111,8,12631,38.46805556,-107.4585944,1,1,4,1,21,3,0,42,0,1,1,0,4,2,1,1,8,1,2,2,2,1,2,1,2,1,2,1,2,2,2,2,2,2,"Colorado",1
"5022",80112,8,12505,38.53618333,-105.2219111,2,2,4,2,15,4,0,32,0,1,1,0,4,1,1,1,8,1,2,1,1,1,2,1,2,2,2,3,2,2,2,2,2,2,"Colorado",0
"5023",80113,8,9331,39.97246667,-104.9882917,5,5,4,4,15,1,0,24,1,19,1,0,4,1,1,1,8,2,1,1,1,3,2,2,2,2,2,3,2,2,2,2,2,2,"Colorado",0
"5024",80114,8,10015,39.72497222,-104.8250972,3,3,4,6,4,1,0,1,1,18,1,0,1,3,1,1,8,2,1,2,1,2,2,1,2,1,2,3,2,2,1,2,2,2,"Colorado",0
"5025",80115,8,10070,39.70305556,-105.0251111,1,1,4,5,21,3,0,8,0,3,3,0,1,3,1,1,8,2,2,2,1,1,2,1,1,2,2,3,2,2,2,1,2,2,"Colorado",0
"5026",80116,8,10274,39.6184,-105.0897222,2,2,4,5,17,6,0,12,0,8,1,0,1,1,1,1,8,2,2,1,1,2,1,2,2,2,2,3,2,1,2,2,2,2,"Colorado",0
"5027",80117,8,8255,40.452825,-104.7501778,1,1,4,6,17,6,0,59,0,1,1,0,4,1,1,1,8,2,2,1,1,1,2,1,2,1,2,2,2,2,2,2,1,2,"Colorado",0
"5028",80118,8,8832,40.16666944,-105.2672,1,1,4,6,20,2,0,31,0,1,1,0,4,2,1,1,8,1,2,2,2,1,2,2,2,1,2,1,2,2,2,2,2,2,"Colorado",1
"5029",80119,8,9843,39.77088889,-104.8278889,3,3,4,7,4,1,0,1,1,5,1,0,4,3,1,2,8,2,1,2,2,1,2,1,2,1,2,2,2,2,1,2,2,1,"Colorado",0
"5030",80120,8,10109,39.69187222,-105.36405,3,3,4,7,10,3,0,12,0,2,2,0,1,1,1,1,8,2,2,1,2,3,2,1,2,2,2,3,2,1,2,2,2,2,"Colorado",0
"5031",80121,8,10028,39.71910278,-104.9874556,3,3,4,1,2,6,0,12,0,1,1,0,1,3,1,1,8,2,2,2,2,2,1,1,2,2,2,1,2,2,2,2,2,2,"Colorado",2
"5032",80122,8,9965,39.74006111,-104.98205,1,1,4,1,2,2,0,8,0,1,1,0,1,3,1,1,8,2,2,2,2,1,2,1,1,2,2,1,2,2,2,2,2,2,"Colorado",1
"5033",80123,8,9817,39.77816667,-104.9055,1,1,4,1,6,1,0,33,1,5,1,0,8,3,1,1,8,2,1,1,2,1,1,2,2,2,2,1,2,2,2,2,2,1,"Colorado",1
"5034",80124,8,12738,38.40526111,-104.9913694,4,4,4,3,11,2,0,12,0,2,2,0,1,1,1,1,8,1,2,1,1,2,2,2,2,2,2,3,2,2,2,2,2,2,"Colorado",0
"5035",80125,8,11706,38.900925,-104.7451806,1,1,4,7,18,4,0,38,0,1,1,0,5,1,1,1,8,2,2,2,2,1,1,1,2,2,2,1,2,2,2,2,2,2,"Colorado",1
"5036",80126,8,8723,40.23069444,-104.980075,6,6,4,4,19,1,0,57,1,19,1,0,3,1,1,2,8,1,1,2,1,3,2,2,2,1,2,3,2,2,2,2,2,2,"Colorado",0
"5037",80127,8,10128,39.68221111,-105.0815556,2,2,4,5,2,3,0,12,0,2,2,0,1,3,1,1,8,2,2,2,1,2,2,1,2,2,2,1,1,2,2,2,2,2,"Colorado",1
"5038",80128,8,13458,37.98176389,-107.6545833,1,1,4,5,23,2,0,1,0,1,1,0,4,2,4,1,8,1,2,2,1,1,2,1,2,1,2,2,1,2,2,2,2,2,"Colorado",0
"5039",80129,8,10575,39.44657778,-104.7598417,2,2,4,6,1,3,0,12,0,1,1,0,1,2,4,1,8,2,2,2,1,2,1,2,2,2,2,1,1,2,2,2,2,2,"Colorado",1
"5040",80130,8,9973,39.73833333,-104.6368694,2,2,4,6,9,2,0,12,0,1,1,0,1,1,1,1,8,1,2,1,1,2,2,1,2,2,2,3,1,2,2,2,2,2,"Colorado",0
"5041",80131,8,10430,39.52975,-107.7394444,2,2,4,6,23,1,0,1,0,1,1,0,3,2,1,1,8,1,1,2,2,1,2,1,2,1,2,3,1,2,2,2,2,1,"Colorado",0
"5042",80132,8,9822,39.77710278,-104.8822222,3,3,4,1,2,1,0,12,1,18,1,0,1,3,1,1,8,2,1,2,2,2,1,1,2,2,2,1,1,2,2,2,2,2,"Colorado",1
"5043",80133,8,10009,39.72537778,-105.1896861,2,2,4,4,20,2,0,8,0,5,1,0,1,2,1,1,8,2,2,2,1,1,2,2,1,2,2,3,2,2,2,2,2,2,"Colorado",0
"5044",80134,8,10064,39.705,-105.2000417,5,5,4,7,6,1,0,12,0,1,1,0,1,1,1,1,8,2,1,1,2,3,2,2,2,1,2,3,2,1,2,2,1,2,"Colorado",0
"5045",80135,8,12242,38.655,-105.4724306,2,2,4,1,9,3,0,31,0,1,1,0,4,1,4,1,8,1,2,1,2,1,2,1,2,1,2,3,2,2,2,2,2,2,"Colorado",0
"5046",80136,8,7407,40.75238611,-105.3669889,5,5,4,3,19,4,0,12,0,1,1,0,1,2,1,3,8,1,2,2,1,2,2,2,2,1,2,3,2,2,2,2,2,2,"Colorado",0
"5047",80137,8,9217,40.01471111,-105.2522389,1,1,4,1,20,3,0,8,0,1,1,0,1,3,1,1,8,2,2,2,2,1,2,2,1,2,2,3,2,2,2,2,2,2,"Colorado",0
"5048",80138,8,10383,39.56083333,-104.9403556,1,1,4,4,10,3,0,1,0,1,1,0,4,1,1,1,8,2,2,1,1,1,2,2,2,1,2,2,2,2,2,2,1,2,"Colorado",0
"5049",80139,8,8546,40.32066667,-104.9325,1,1,4,4,19,4,0,35,0,1,1,0,4,2,1,1,8,2,2,2,1,1,2,1,2,1,2,1,2,2,2,2,2,2,"Colorado",1
"5050",80140,8,13030,38.23444444,-104.6641667,3,3,4,6,12,3,0,12,0,8,1,0,1,1,1,1,8,2,2,1,1,2,2,2,2,1,2,2,1,2,2,2,2,2,"Colorado",1
"5051",80141,8,9816,39.77837222,-104.9176389,2,2,4,5,7,1,0,1,0,1,1,0,1,1,1,1,8,2,1,1,1,2,1,2,2,2,2,3,2,2,2,2,2,2,"Colorado",0
"5052",80142,8,14432,37.40053333,-108.5845556,7,7,4,1,8,4,0,12,0,8,1,0,1,1,1,1,8,1,2,1,2,2,2,2,2,2,2,3,2,2,1,2,2,2,"Colorado",0
"5053",80143,8,12948,38.27479444,-104.5871833,1,1,4,3,1,6,0,59,0,1,1,0,4,3,1,1,8,2,2,2,1,1,2,1,1,2,2,2,2,2,2,2,2,2,"Colorado",1
"5054",80144,8,14223,37.54552778,-106.0392611,3,3,4,6,11,4,0,12,0,2,2,0,1,1,1,1,8,1,2,1,1,2,2,1,2,1,2,3,2,1,2,2,2,2,"Colorado",0
"5055",80145,8,8576,40.30444444,-103.5225722,2,2,4,2,12,1,0,1,0,1,1,0,1,1,1,1,8,1,1,1,1,1,2,2,2,1,2,3,2,1,2,2,2,1,"Colorado",0
"5056",80146,8,10393,39.55229444,-107.3318278,1,1,4,6,10,1,0,31,0,1,1,0,3,1,1,1,8,2,1,1,1,1,2,1,2,1,2,2,2,1,2,2,2,2,"Colorado",1
"5057",80147,8,10953,39.24422222,-104.5707778,2,2,4,1,21,4,0,1,0,1,1,0,4,2,1,1,8,1,2,2,2,1,2,1,2,1,2,2,2,2,2,2,2,2,"Colorado",0
"5058",80148,8,8443,40.371,-105.2248889,1,1,4,7,14,4,0,1,0,1,1,0,1,1,1,1,8,1,2,1,2,1,1,1,2,2,2,3,2,2,2,2,2,2,"Colorado",0
"5059",80149,8,11885,38.81515278,-104.7662917,2,2,4,2,6,2,0,12,0,2,2,0,1,4,1,1,8,2,2,1,1,2,1,1,2,2,2,3,2,2,2,2,2,2,"Colorado",0
"5060",80150,8,8135,40.52355556,-105.0784333,1,1,4,1,0,6,0,43,0,1,1,0,3,3,2,1,8,2,2,2,2,1,2,1,2,1,1,1,1,2,2,2,2,2,"Colorado",1
"5061",80151,8,11792,38.85868333,-104.82025,1,1,1,1,1,6,0,14,0,1,1,0,7,3,1,1,8,2,2,2,2,1,2,1,2,1,2,1,2,2,1,2,2,2,"Colorado",1
"5062",80152,8,11777,38.86631111,-104.7404028,2,2,2,3,13,6,0,12,0,1,1,0,1,1,1,1,8,2,2,1,1,2,2,2,2,2,2,3,2,1,2,2,2,2,"Colorado",0
"5063",80153,8,8136,40.52321667,-104.8746833,3,3,2,5,13,4,0,12,0,2,3,0,1,1,1,1,8,1,2,1,1,3,2,1,2,2,2,3,2,1,2,2,2,2,"Colorado",0
"5064",80154,8,9016,40.08796111,-104.9420944,3,3,3,1,12,3,0,12,0,2,2,0,1,1,1,1,8,2,2,1,2,2,1,2,2,2,2,3,2,2,2,2,2,2,"Colorado",0
"5065",80155,8,8336,40.42153333,-104.794325,1,1,5,6,17,2,0,46,0,3,2,0,4,1,1,1,8,2,2,1,1,1,2,2,2,2,2,2,2,2,2,2,2,2,"Colorado",0
"5066",80156,8,7835,40.64015278,-107.4155333,2,2,5,1,17,4,0,1,0,1,1,0,4,1,1,1,8,1,2,1,2,1,2,1,2,1,2,1,1,2,2,2,2,2,"Colorado",1
"5067",80157,8,9824,39.77681111,-104.89,1,1,5,7,16,1,0,52,1,5,1,0,8,1,1,1,8,2,1,1,2,1,2,2,2,2,2,3,2,1,2,2,2,2,"Colorado",0
"5068",80158,8,12732,38.40857778,-105.1705444,3,3,5,3,14,3,0,12,0,1,1,0,1,1,1,1,8,1,2,1,1,2,2,2,2,2,2,3,2,2,2,2,1,2,"Colorado",0
"5069",80159,8,8226,40.47194444,-103.2872833,3,3,5,7,13,1,0,1,0,1,1,0,3,1,2,1,8,1,1,1,2,1,2,1,2,1,2,3,2,2,2,2,2,2,"Colorado",0
"5070",80160,8,12692,38.43278889,-106.3895389,1,1,5,1,19,2,0,35,0,1,1,0,4,1,4,1,8,1,2,2,2,1,2,1,2,1,2,2,2,2,2,2,2,2,"Colorado",0
"5071",80161,8,9570,39.88538889,-104.8090056,2,2,5,1,20,4,0,12,0,3,2,0,1,5,1,1,8,2,2,2,2,2,2,1,2,2,2,3,2,1,2,2,2,2,"Colorado",0
"5072",80162,8,9748,39.81361111,-104.9921667,1,1,5,1,22,4,0,1,0,1,1,0,1,3,1,1,8,2,2,2,2,1,1,1,2,2,2,1,2,2,2,2,2,2,"Colorado",1
"5073",80163,8,12675,38.43916667,-106.3663889,1,1,5,2,7,2,0,1,0,1,1,0,5,1,1,1,8,1,2,1,1,1,2,2,2,1,2,2,2,2,2,2,2,1,"Colorado",0
"5074",80164,8,11702,38.90306944,-105.2663889,4,4,5,3,6,4,0,12,0,1,1,0,1,4,1,1,8,1,2,1,1,2,1,2,2,2,2,3,2,2,1,2,1,2,"Colorado",0
"5075",80165,8,10594,39.431125,-105.5765194,2,2,5,3,8,2,0,12,0,1,1,0,1,1,1,1,8,1,2,1,1,2,2,2,2,1,2,3,2,1,2,2,2,2,"Colorado",0
"5076",80166,8,9997,39.72885,-104.273625,2,2,5,4,1,1,0,12,0,1,1,0,1,2,1,1,8,1,1,2,1,2,2,2,1,1,2,3,2,2,2,2,2,2,"Colorado",0
"5077",80167,8,8608,40.29254167,-104.6022444,3,3,5,2,6,4,0,12,0,1,1,0,1,4,1,1,8,1,2,1,1,2,2,1,2,1,2,3,2,2,2,2,2,2,"Colorado",0
"5078",80168,8,10326,39.59272222,-105.0456111,1,1,5,3,17,3,0,1,0,1,1,0,4,1,1,1,8,2,2,1,1,1,2,2,2,1,2,3,2,2,2,2,2,2,"Colorado",0
"5079",80169,8,11282,39.09188889,-108.5523556,3,3,5,5,9,6,0,12,0,2,2,0,1,1,1,1,8,2,2,1,1,2,2,2,2,2,2,3,2,1,2,2,2,2,"Colorado",0
"5080",80170,8,9774,39.79833889,-104.8594167,2,2,5,5,7,6,0,12,0,8,1,0,1,1,1,1,8,2,2,1,1,2,2,2,2,2,2,3,2,1,2,2,1,2,"Colorado",0
"5081",80171,8,11894,38.80950833,-106.8979639,5,5,5,5,14,3,0,12,0,1,1,0,1,1,1,1,8,1,2,1,1,3,2,2,2,1,2,3,1,1,2,2,2,2,"Colorado",0
"5082",80172,8,12493,38.54177778,-106.2173222,4,4,5,6,14,2,0,12,0,1,1,1,1,1,1,1,8,1,2,1,1,3,2,1,2,1,2,3,2,2,1,2,2,2,"Colorado",0
"5083",80173,8,11312,39.07741389,-108.5153528,1,1,5,3,12,2,0,8,0,3,2,0,1,1,1,1,8,2,2,1,1,1,2,2,1,2,2,2,2,2,2,2,2,2,"Colorado",0
"5084",80174,8,10055,39.71099444,-104.8560139,2,2,5,5,15,6,0,15,0,1,1,0,4,1,1,1,8,2,2,1,1,2,2,2,2,2,2,3,1,2,2,2,2,2,"Colorado",0
"5085",80175,8,10090,39.69678333,-105.0059833,1,1,5,5,16,6,0,8,0,1,1,0,1,1,1,1,8,2,2,1,1,1,2,2,1,2,2,3,2,2,2,2,2,2,"Colorado",0
"5086",80176,8,13159,38.15330556,-104.6502667,1,1,5,7,1,1,0,11,0,1,1,0,1,2,1,1,8,1,1,2,2,1,2,2,2,2,2,3,1,2,2,2,2,2,"Colorado",0
"5087",80177,8,10088,39.69825,-104.8099583,1,1,5,5,20,6,0,8,0,3,3,0,1,3,1,1,8,2,2,2,1,1,2,2,1,2,2,2,2,2,2,2,2,2,"Colorado",0
"5088",80178,8,10611,39.41595,-106.0454056,1,1,5,2,17,3,0,1,0,1,1,0,4,1,1,1,8,2,2,1,1,1,2,2,2,1,2,1,2,2,2,2,2,2,"Colorado",1
"5089",80179,8,12956,38.270875,-104.5998,7,7,5,1,19,3,0,12,0,2,2,0,1,1,1,1,8,2,2,2,2,3,2,2,2,2,2,1,2,2,2,2,2,2,"Colorado",2
"5090",80180,8,8469,40.35527778,-104.9814778,2,2,5,5,21,7,0,8,0,1,1,0,1,2,1,1,8,2,1,2,1,1,2,2,1,2,2,3,2,2,2,2,2,2,"Colorado",0
"5091",80181,8,9714,39.82736111,-105.0720917,4,4,5,6,20,6,0,12,0,2,2,0,1,3,1,2,8,2,2,2,2,2,2,1,2,2,2,1,2,2,2,2,2,2,"Colorado",1
"5092",80182,8,10292,39.61027778,-105.2258333,2,2,5,7,14,4,0,1,0,1,1,0,5,1,1,1,8,1,2,1,2,1,2,1,2,1,2,3,2,2,2,2,2,2,"Colorado",0