"","ST_CASE","OBJECT_ID","FID","LATITUDE","LONGITUD","PERMVIT","PERSONS","MONTH","DAY_WEEK","HOUR","ROUTE","SP_JUR","HARM_EV","RELJCT1","RELJCT2","TYP_INT","WRK_ZONE","REL_ROAD","LGT_COND","WEATHER","FATALS","STATE","A_RU","A_INTER","A_TOD","A_DOW","A_CT","A_MC","A_SPCRA","A_PED","A_ROLL","A_POLPUR","A_POSBAC","A_D15_20","A_D65PLS","A_D21_24","A_HR","A_DIST","A_DROWSY","STATE_NAME","drunkDr"
"6194",120399,12,30347,28.00898056,-82.16517222,1,1,3,1,20,3,0,8,0,1,1,0,1,2,1,1,12,2,2,2,2,1,2,2,1,2,2,3,2,2,2,2,2,2,"Florida",0
"6195",120400,12,31438,26.12294167,-80.35647778,7,7,3,4,9,1,0,1,1,5,1,0,1,1,1,2,12,2,2,1,1,1,2,2,2,1,2,2,2,2,2,2,2,2,"Florida",0
"6196",120401,12,27490,30.47925278,-81.57726111,2,2,3,5,17,9,0,12,0,2,3,0,1,1,10,1,12,3,3,1,1,2,1,2,2,2,2,3,1,1,2,2,2,2,"Florida",0
"6197",120402,12,29934,28.5348,-82.47353611,1,1,3,3,22,3,0,8,0,3,2,0,1,2,1,1,12,2,2,2,1,1,2,2,1,2,2,3,2,2,2,2,2,2,"Florida",0
"6198",120403,12,31140,26.52033056,-80.68163611,7,7,3,3,5,2,0,18,0,1,1,0,1,2,5,4,12,1,2,2,1,3,2,2,2,2,2,3,2,2,2,2,2,2,"Florida",0
"6199",120404,12,30179,28.19716389,-82.19645278,5,5,3,4,6,2,0,12,0,8,1,0,1,2,5,2,12,2,2,1,1,3,2,2,2,2,2,3,2,1,2,2,2,2,"Florida",1
"6200",120405,12,29431,29.33916111,-82.09050833,1,1,3,5,2,4,0,38,0,1,1,0,5,3,1,1,12,1,2,2,1,1,2,2,2,2,2,1,2,2,2,2,2,2,"Florida",1
"6201",120406,12,27298,30.604525,-87.31608611,5,5,3,5,15,2,0,12,0,3,3,0,1,1,1,1,12,2,2,1,1,3,2,2,2,2,2,3,2,2,2,2,2,2,"Florida",0
"6202",120407,12,28177,30.172,-83.5975,2,2,3,6,7,2,0,12,0,2,2,0,1,4,5,1,12,3,3,1,1,2,2,2,2,1,2,3,2,1,1,2,2,2,"Florida",0
"6203",120408,12,29059,29.64888056,-81.66226944,3,3,3,7,22,6,0,12,0,1,1,0,1,2,1,1,12,2,2,2,2,2,2,2,2,1,2,3,1,2,2,2,1,2,"Florida",0
"6204",120409,12,27250,30.63653333,-81.7536,3,3,3,1,3,8,0,24,0,1,1,0,4,2,10,1,12,1,2,2,2,1,2,2,2,1,2,1,1,2,2,2,1,2,"Florida",1
"6205",120410,12,31036,26.66501111,-81.82448056,1,1,3,1,14,6,0,42,0,3,2,0,4,1,1,1,12,2,2,1,2,1,2,2,2,2,2,3,2,2,2,2,1,2,"Florida",1
"6206",120411,12,30324,28.02212778,-82.10721111,1,1,3,2,2,9,0,59,0,1,1,0,4,3,1,1,12,2,2,2,2,1,2,1,2,2,2,1,1,2,2,2,2,2,"Florida",1
"6207",120412,12,30618,27.75566111,-82.33515,6,6,3,2,15,2,0,12,0,1,1,0,1,1,1,1,12,2,2,1,1,3,2,2,2,1,2,3,2,1,1,2,2,2,"Florida",0
"6208",120414,12,27441,30.50274167,-87.20665,1,1,3,3,13,1,0,42,0,1,1,0,4,1,10,1,12,2,1,1,1,1,2,2,2,1,2,2,2,2,2,2,2,2,"Florida",0
"6209",120415,12,27981,30.25610556,-81.38963333,1,1,3,3,20,9,0,1,1,5,1,0,4,3,2,1,12,3,3,2,1,1,2,2,2,1,2,3,2,2,2,2,2,2,"Florida",0
"6210",120416,12,28201,30.15981111,-82.92458889,2,2,3,4,15,9,0,12,0,1,1,0,4,1,1,1,12,3,3,1,1,2,2,1,2,1,2,1,2,2,2,2,2,2,"Florida",1
"6211",120417,12,30242,28.09327778,-80.62179444,2,2,3,3,17,9,0,12,0,2,2,0,1,1,1,1,12,3,3,1,1,2,1,2,2,2,2,3,2,2,1,2,2,2,"Florida",0
"6212",120418,12,27350,30.56518889,-81.64319444,1,1,1,2,16,1,0,1,0,1,1,0,1,1,1,1,12,1,1,1,1,1,2,2,2,1,2,2,2,2,2,2,2,2,"Florida",0
"6213",120419,12,30307,28.03285556,-82.45128333,1,1,2,1,20,3,0,8,0,3,2,0,1,3,1,1,12,2,2,2,2,1,2,2,1,2,2,3,2,2,2,2,2,2,"Florida",0
"6214",120420,12,31249,26.28738889,-80.282625,3,3,3,3,5,6,0,12,0,2,2,0,1,3,1,1,12,2,2,2,1,2,2,2,2,2,2,3,1,1,2,2,2,2,"Florida",0
"6215",120421,12,31444,26.11984722,-80.33642778,2,2,3,6,1,1,0,12,1,18,1,0,1,3,10,1,12,2,1,2,1,2,1,2,2,2,2,1,2,2,2,2,2,2,"Florida",1
"6216",120422,12,31475,26.08088333,-80.16676667,5,5,3,7,15,1,0,1,1,5,1,0,4,1,2,1,12,2,2,1,2,1,2,1,2,1,2,3,2,2,2,2,2,2,"Florida",0
"6217",120423,12,29952,28.51458889,-81.397,2,2,3,5,20,2,0,12,0,3,2,0,1,3,10,1,12,2,2,2,1,2,1,2,2,2,2,3,1,2,2,2,1,2,"Florida",0
"6218",120424,12,29888,28.57755278,-81.20306389,1,1,3,3,0,6,0,1,1,2,2,0,1,3,1,1,12,2,2,2,1,1,1,2,2,2,2,1,2,2,2,2,2,2,"Florida",1
"6219",120425,12,31033,26.66793611,-80.25479167,2,2,3,3,11,9,0,12,1,2,2,0,1,1,1,1,12,3,3,1,1,2,1,1,2,2,2,3,2,2,2,2,2,2,"Florida",0
"6220",120426,12,29891,28.57027778,-81.423475,2,2,3,5,16,3,0,1,0,1,1,0,3,1,10,1,12,2,2,1,1,1,2,2,2,1,2,3,2,2,2,2,2,2,"Florida",0
"6221",120427,12,30270,28.05698889,-82.42609722,3,3,3,1,22,8,0,12,0,2,2,0,1,2,1,1,12,1,2,2,2,2,1,2,2,2,2,2,2,2,1,2,2,2,"Florida",0
"6222",120428,12,30048,28.36926389,-81.35304722,2,2,3,6,4,3,0,12,0,1,1,0,1,2,5,1,12,2,2,2,1,2,1,2,2,2,2,3,2,2,2,2,2,2,"Florida",0
"6223",120429,12,29275,29.47244722,-82.61050833,2,2,3,7,20,9,0,1,0,1,1,0,1,2,1,1,12,3,3,2,2,1,1,1,2,2,2,1,2,2,2,2,2,2,"Florida",1
"6224",120430,12,30161,28.24236667,-82.36330833,2,2,3,7,22,8,0,12,1,2,3,0,1,2,1,1,12,1,2,2,2,2,1,2,2,2,2,1,2,2,2,2,2,2,"Florida",2
"6225",120431,12,28403,30.02375,-82.70430278,1,1,3,1,12,9,0,42,0,1,1,0,4,1,10,1,12,3,3,1,2,1,2,2,2,2,2,2,2,2,2,2,2,2,"Florida",0
"6226",120432,12,30073,28.34717222,-81.66223333,3,3,3,7,13,2,0,12,0,1,1,0,1,1,1,1,12,2,2,1,2,2,1,2,2,2,2,3,1,1,2,2,1,2,"Florida",0
"6227",120433,12,27015,30.85781389,-86.87271111,3,3,3,7,16,3,0,12,0,2,2,0,1,1,10,1,12,1,2,1,2,2,2,2,2,1,2,3,1,2,2,2,2,2,"Florida",0
"6228",120434,12,31078,26.61774167,-80.09278611,5,5,3,1,11,3,0,9,0,1,1,0,1,1,1,1,12,2,2,1,2,1,2,2,2,2,2,3,2,2,2,2,2,2,"Florida",0
"6229",120435,12,28043,30.23581389,-85.62798333,2,2,3,4,14,4,0,12,0,2,2,0,1,1,1,1,12,2,2,1,1,2,2,2,2,2,2,3,2,1,2,2,2,2,"Florida",0
"6230",120436,12,27616,30.42371944,-86.60938889,1,1,3,6,4,3,0,33,0,1,1,0,3,3,10,1,12,2,2,2,1,1,1,1,2,2,2,1,2,2,2,2,2,2,"Florida",1
"6231",120437,12,30691,27.56596667,-82.56575833,5,5,3,6,16,2,0,12,0,1,1,0,1,1,2,1,12,2,2,1,1,2,2,2,2,2,2,2,2,2,2,2,2,2,"Florida",1
"6232",120438,12,29614,29.04076944,-81.00538056,1,1,3,6,0,1,0,1,0,1,1,0,4,2,10,1,12,2,1,2,1,1,2,2,2,1,2,2,1,2,2,2,1,2,"Florida",0
"6233",120439,12,30338,28.01506389,-81.73091111,1,1,3,7,2,2,0,33,0,3,3,0,8,3,1,1,12,2,2,2,2,1,1,1,2,2,2,1,2,2,2,2,2,2,"Florida",1
"6234",120441,12,30838,27.24351389,-80.84562778,1,1,1,4,19,2,0,9,0,1,1,0,1,3,1,1,12,2,2,2,1,1,2,2,2,2,2,3,2,2,2,2,2,2,"Florida",0
"6235",120442,12,31848,25.45416944,-80.49346111,8,8,1,7,22,6,0,12,0,2,3,0,1,2,1,1,12,2,2,2,2,3,1,2,2,2,2,3,1,2,1,2,2,2,"Florida",0
"6236",120443,12,30039,28.38334444,-80.73764167,1,1,1,7,19,6,0,33,0,1,1,0,4,3,1,1,12,2,2,2,2,1,1,2,2,2,2,3,2,2,1,2,2,2,"Florida",0
"6237",120444,12,29680,28.89996111,-81.91183611,1,1,1,1,18,2,0,9,0,1,1,0,1,2,1,1,12,2,2,2,2,1,2,2,2,2,2,3,2,2,2,2,2,2,"Florida",0
"6238",120445,12,29847,28.62780556,-81.31708333,4,4,1,7,18,3,0,12,0,2,3,0,1,3,1,1,12,2,2,2,2,2,1,2,2,2,2,3,1,2,2,2,2,2,"Florida",0
"6239",120446,12,30564,27.82440278,-82.38171667,1,1,1,4,18,2,0,8,0,1,1,0,1,2,1,1,12,2,2,2,1,1,2,2,1,2,2,3,2,2,2,2,2,2,"Florida",0
"6240",120447,12,27786,30.33858056,-81.53884167,1,1,1,6,2,3,0,14,1,5,1,0,4,3,10,3,12,2,2,2,1,1,2,2,1,1,2,1,2,2,1,2,2,2,"Florida",1
"6241",120449,12,30831,27.26893611,-82.42111667,3,3,1,2,11,3,3,12,1,2,2,0,1,1,1,1,12,2,2,1,1,2,2,2,2,2,2,3,2,1,2,2,2,2,"Florida",0
"6242",120450,12,31398,26.15266667,-80.11889722,4,4,1,3,12,2,0,12,0,1,1,0,1,1,10,1,12,2,2,1,1,2,2,2,2,2,2,3,2,2,2,2,2,2,"Florida",0
"6243",120451,12,30987,26.70894444,-80.18259722,5,5,1,3,21,3,0,12,0,2,2,0,1,3,1,1,12,2,2,2,1,2,2,2,2,2,2,3,2,2,2,2,2,2,"Florida",0
"6244",120452,12,27810,30.32923889,-81.65707222,1,1,1,5,13,2,0,8,0,3,2,0,1,1,1,1,12,2,2,1,1,1,2,2,1,2,2,3,2,2,2,2,2,2,"Florida",0
"6245",120453,12,31136,26.527525,-80.09855833,2,2,1,7,20,3,0,9,0,1,1,0,1,3,1,1,12,2,2,2,2,1,2,2,2,2,2,3,2,2,1,2,2,2,"Florida",0
"6246",120454,12,31763,25.73225,-80.37571111,1,1,2,5,6,3,0,8,0,1,1,0,1,1,1,1,12,2,2,1,1,1,2,2,1,2,2,3,2,2,2,1,2,2,"Florida",0
"6247",120455,12,31108,26.573725,-82.03822778,1,1,2,5,11,6,0,30,0,3,10,0,4,1,1,1,12,2,2,1,1,1,2,1,2,2,2,1,2,2,2,2,2,2,"Florida",1
"6248",120456,12,29657,28.96203889,-81.59377778,6,6,2,5,23,4,0,12,0,2,2,0,1,2,1,1,12,1,2,2,1,2,2,2,2,2,2,3,2,2,2,2,2,2,"Florida",0
"6249",120457,12,29697,28.88308056,-81.27943889,1,1,3,1,0,9,0,19,0,1,1,0,5,3,2,1,12,3,3,2,2,1,2,2,2,2,2,1,2,2,2,2,2,2,"Florida",1
"6250",120459,12,30079,28.34248889,-82.69931111,2,2,3,3,10,2,0,12,1,2,3,0,1,1,1,1,12,2,2,1,1,2,1,2,2,2,2,3,2,1,1,2,2,2,"Florida",0
"6251",120460,12,30733,27.462375,-82.55795833,1,1,3,5,20,6,0,8,1,2,2,0,1,6,1,1,12,2,2,2,1,1,2,2,1,2,2,3,2,2,2,2,2,2,"Florida",0
"6252",120461,12,30969,26.75504444,-80.05596389,1,1,3,6,20,3,0,8,0,2,2,0,1,3,10,1,12,2,2,2,2,1,2,2,1,2,2,3,2,2,1,2,2,2,"Florida",0
"6253",120462,12,30182,28.19205833,-81.46719444,8,8,3,4,9,9,0,12,0,1,1,0,1,1,1,1,12,3,3,1,1,3,2,2,2,2,2,3,2,1,1,2,2,2,"Florida",0
"6254",120463,12,30820,27.27534722,-81.35227222,4,4,3,6,16,2,0,12,1,2,2,0,1,1,10,1,12,3,3,1,1,2,2,2,2,2,2,3,2,1,2,2,2,2,"Florida",0
"6255",120464,12,28675,29.85336944,-81.66256944,2,2,3,6,8,2,0,12,0,2,3,0,1,4,5,1,12,1,2,1,1,2,2,2,2,2,2,2,2,2,2,2,2,2,"Florida",0
"6256",120465,12,28937,29.70969722,-82.04827778,1,1,3,7,21,3,0,8,0,3,2,0,1,2,1,1,12,1,2,2,2,1,2,2,1,2,2,1,2,2,2,2,1,2,"Florida",1
"6257",120466,12,26925,30.98215,-85.40771944,3,3,3,1,18,2,0,12,0,1,1,0,1,5,2,1,12,1,2,2,2,2,2,2,2,2,2,3,1,2,2,2,2,2,"Florida",0
"6258",120467,12,28975,29.69,-81.6626,2,2,3,1,22,2,0,12,0,1,1,0,1,2,1,1,12,2,2,2,2,2,1,2,2,1,2,1,2,2,1,2,2,2,"Florida",1
"6259",120468,12,31564,25.94031389,-80.26136667,3,3,3,1,17,9,0,12,0,2,2,0,1,1,1,1,12,3,3,1,2,2,1,2,2,2,2,3,2,2,1,2,2,2,"Florida",0
"6260",120470,12,29870,28.5978,-81.49683056,2,2,3,4,11,4,0,12,0,1,1,0,1,1,1,2,12,2,2,1,1,2,2,2,2,1,2,2,2,2,2,2,2,2,"Florida",0
"6261",120471,12,31152,26.49116111,-81.79421944,3,3,3,4,21,1,0,1,0,1,1,0,4,2,1,1,12,2,1,2,1,1,2,2,2,1,2,3,2,2,2,2,2,2,"Florida",0
"6262",120472,12,31805,25.62781111,-80.37058056,3,3,3,5,21,3,0,12,0,2,2,0,1,3,1,2,12,2,2,2,1,3,1,2,2,2,2,3,2,1,2,2,2,2,"Florida",0
"6263",120473,12,30734,27.46236944,-82.59171944,1,1,3,5,21,3,0,8,0,1,1,0,1,3,10,1,12,2,2,2,1,1,2,2,1,2,2,3,2,2,2,2,2,2,"Florida",0
"6264",120474,12,30891,27.05764167,-82.02768333,3,3,3,6,21,4,0,12,0,1,1,0,1,2,10,2,12,2,2,2,2,2,2,2,2,2,2,1,2,2,2,2,2,2,"Florida",1
"6265",120475,12,30566,27.82188889,-82.72858333,2,2,3,6,8,3,0,12,0,1,1,0,1,1,1,1,12,2,2,1,1,2,2,2,2,2,2,3,2,2,2,2,2,2,"Florida",0
"6266",120476,12,31815,25.570125,-80.37783056,1,1,3,7,6,2,0,8,0,1,1,0,1,4,1,1,12,2,2,1,2,1,2,2,1,2,2,3,2,2,2,2,2,2,"Florida",0
"6267",120477,12,27606,30.42856111,-87.21506111,1,1,3,2,18,1,0,39,0,1,1,0,5,1,1,1,12,2,1,2,1,1,1,2,2,2,2,2,1,2,2,2,2,2,"Florida",0
"6268",120478,12,30945,26.8338,-81.18656111,18,18,3,2,0,2,0,35,0,3,3,0,4,2,1,8,12,1,2,2,2,1,2,2,2,2,2,3,2,2,2,2,2,2,"Florida",0
"6269",120479,12,31223,26.32707778,-80.107275,1,1,3,7,12,6,0,19,0,3,3,0,5,1,1,1,12,2,2,1,2,1,1,2,2,2,2,3,2,2,1,2,2,2,"Florida",0
"6270",120480,12,30781,27.36795,-80.54637222,1,1,4,4,16,3,0,1,0,1,1,0,3,1,1,1,12,1,2,1,1,1,2,2,2,1,2,2,1,2,2,2,2,2,"Florida",0
"6271",120481,12,30988,26.70819722,-80.16195,3,3,4,4,16,3,0,12,0,2,3,0,1,1,1,2,12,2,2,1,1,2,2,2,2,2,2,3,2,1,1,2,2,2,"Florida",0
"6272",120482,12,28336,30.0734,-81.53216944,4,4,4,7,2,4,0,42,0,1,1,0,3,2,1,1,12,1,2,2,2,1,2,2,2,2,2,3,1,2,2,2,2,2,"Florida",0
"6273",120483,12,30702,27.51516111,-81.48168056,2,2,2,5,11,6,0,12,0,2,2,0,1,1,10,1,12,2,2,1,1,2,2,2,2,2,2,3,1,1,2,2,2,2,"Florida",0
"6274",120484,12,29549,29.16253056,-81.53388056,2,2,3,3,13,3,0,12,0,3,3,0,1,1,1,1,12,1,2,1,1,2,1,2,2,2,2,3,2,2,2,2,2,2,"Florida",0
"6275",120485,12,30220,28.12574722,-82.69676667,2,2,3,4,11,9,0,12,0,2,2,0,1,1,1,1,12,3,3,1,1,2,2,2,2,2,2,3,2,1,2,2,1,2,"Florida",0
"6276",120486,12,30670,27.61625556,-80.40025833,3,3,3,7,20,9,0,12,0,3,3,0,1,2,1,1,12,3,3,2,2,2,2,2,2,2,2,1,2,2,2,2,2,2,"Florida",1
"6277",120487,12,30087,28.33280833,-81.52831944,2,2,3,1,20,2,0,8,0,1,1,0,1,3,1,1,12,2,2,2,2,1,2,2,1,2,2,3,2,2,2,2,2,2,"Florida",0
"6278",120488,12,28383,30.03838056,-81.89696111,3,3,3,4,12,3,0,12,0,8,1,0,1,1,10,1,12,2,2,1,1,2,2,2,2,1,2,2,2,2,2,2,1,2,"Florida",0
"6279",120489,12,29727,28.83883333,-82.30983611,1,1,3,4,14,3,0,24,0,1,1,0,4,1,10,1,12,2,2,1,1,1,1,2,2,2,2,2,2,1,2,2,2,2,"Florida",0
"6280",120490,12,30142,28.26915833,-82.69819167,1,1,3,6,20,4,0,26,0,1,1,0,5,2,1,1,12,1,2,2,2,1,2,2,2,2,2,3,2,2,2,2,2,2,"Florida",0
"6281",120491,12,30849,27.20834444,-81.27600556,3,3,3,6,15,3,0,12,0,1,1,0,1,1,2,1,12,1,2,1,1,3,2,2,2,2,2,3,2,1,2,2,2,2,"Florida",0
"6282",120492,12,30667,27.62656111,-81.52959722,1,1,3,7,17,6,0,9,0,1,1,0,1,1,1,1,12,2,2,1,2,1,2,2,2,2,2,2,2,1,2,2,2,2,"Florida",0
"6283",120493,12,29714,28.85567778,-82.58424167,1,1,3,3,9,4,0,9,0,2,3,0,1,1,1,1,12,2,2,1,1,1,2,2,2,2,2,3,2,1,2,2,1,2,"Florida",0
"6284",120494,12,30700,27.52113889,-82.56123056,1,1,4,4,2,2,0,25,0,1,1,0,3,3,1,2,12,2,2,2,1,1,2,2,2,2,2,3,2,1,2,2,2,2,"Florida",0
"6285",120495,12,30497,27.89374167,-82.344475,1,1,4,6,20,6,0,8,0,1,1,0,1,2,1,1,12,1,2,2,2,1,2,2,1,2,2,2,2,2,2,2,2,2,"Florida",0
"6286",120496,12,30856,27.17905,-80.3165,12,12,4,7,16,3,0,1,0,1,1,0,4,1,1,3,12,2,2,1,2,1,2,2,2,1,2,3,2,2,2,2,2,2,"Florida",0
"6287",120497,12,31516,25.99886389,-80.20718889,2,2,1,7,9,2,0,12,0,1,1,0,1,1,1,1,12,2,2,1,2,2,2,2,2,2,2,3,2,1,2,2,2,2,"Florida",0
"6288",120498,12,31038,26.66479722,-81.94669444,1,1,2,1,19,3,0,9,0,1,1,0,2,3,1,1,12,2,2,2,2,1,2,2,2,2,2,3,2,2,2,1,2,2,"Florida",0
"6289",120499,12,31421,26.13647222,-80.1548,4,4,2,1,13,3,0,12,0,3,2,0,1,1,1,1,12,2,2,1,2,2,1,2,2,2,2,3,1,1,2,2,2,2,"Florida",0
"6290",120500,12,30558,27.83120833,-82.14566944,2,2,2,7,5,4,0,32,0,1,1,0,4,2,1,1,12,1,2,2,2,1,2,2,2,1,2,1,2,2,1,2,2,1,"Florida",1
"6291",120501,12,28149,30.1868,-81.6412,8,8,3,2,13,9,0,12,0,1,1,0,1,1,10,4,12,3,3,1,1,3,2,2,2,2,2,2,1,2,2,2,2,2,"Florida",0
"6292",120502,12,31630,25.86732222,-80.26679444,2,2,3,6,5,3,0,12,0,2,2,0,1,3,1,1,12,2,2,2,1,2,2,2,2,2,2,3,2,2,2,2,2,2,"Florida",0
"6293",120503,12,31680,25.81073611,-80.48212778,1,1,3,2,9,3,3,1,0,1,1,0,4,1,1,1,12,1,2,1,1,1,2,2,2,1,2,3,2,2,2,2,2,2,"Florida",0
"6294",120504,12,30302,28.035275,-80.64991944,5,5,3,6,22,4,0,12,0,2,2,0,1,3,1,1,12,1,2,2,2,2,1,2,2,2,2,3,2,2,1,2,2,2,"Florida",0
"6295",120505,12,31846,25.46233056,-80.46267222,4,4,3,7,13,3,0,1,0,1,1,0,1,1,1,1,12,2,2,1,2,2,1,2,2,2,2,3,2,1,2,2,2,2,"Florida",0
"6296",120506,12,31370,26.16782778,-81.11441944,4,4,3,1,3,1,0,12,0,1,1,0,1,2,1,2,12,1,1,2,2,2,2,2,2,1,2,3,2,2,2,2,2,2,"Florida",0
"6297",120508,12,28002,30.24928333,-85.55667222,1,1,3,4,20,2,0,8,0,1,1,0,4,2,1,1,12,3,3,2,1,1,2,2,1,2,2,3,2,2,2,1,2,2,"Florida",1
"6298",120509,12,29834,28.65713333,-81.49614167,1,1,3,4,14,9,0,33,0,3,3,0,4,1,1,1,12,3,3,1,1,1,1,2,2,2,2,3,2,2,2,2,2,2,"Florida",0
"6299",120510,12,30058,28.35800278,-80.61053611,1,1,3,6,20,3,0,8,0,3,2,0,1,3,2,1,12,2,2,2,2,1,2,2,1,2,2,3,2,2,2,2,2,2,"Florida",0
"6300",120511,12,31084,26.61518056,-80.07384167,1,1,3,7,2,9,0,38,0,3,3,0,4,6,2,1,12,3,3,2,2,1,1,2,2,2,2,1,2,2,1,2,2,2,"Florida",1
"6301",120512,12,28542,29.95251389,-82.89721944,1,1,3,1,1,9,0,53,0,1,1,0,4,2,1,1,12,3,3,2,2,1,2,2,2,1,2,1,2,2,2,2,2,2,"Florida",1
"6302",120513,12,30435,27.95693333,-82.35607222,1,1,3,1,17,2,0,1,0,1,1,0,4,1,1,1,12,2,2,1,2,1,1,2,2,2,2,2,1,2,2,2,2,2,"Florida",0
"6303",120514,12,30771,27.388525,-82.50137222,1,1,3,2,10,6,0,8,0,1,1,0,1,1,1,1,12,2,2,1,1,1,2,2,1,2,2,3,2,1,2,2,2,2,"Florida",0
"6304",120515,12,30059,28.35799444,-80.78268889,2,2,3,2,1,3,0,39,0,1,1,0,5,3,1,1,12,2,2,2,2,1,2,2,2,2,2,3,2,2,2,2,2,2,"Florida",1
"6305",120516,12,26934,30.96464167,-85.52905,1,1,3,3,18,3,0,1,0,1,1,0,4,5,1,1,12,1,2,2,1,1,2,2,2,1,2,1,2,1,2,2,2,2,"Florida",1
"6306",120517,12,30173,28.20618056,-82.65738056,4,4,3,3,10,3,0,12,0,1,1,0,1,1,1,1,12,2,2,1,1,3,2,2,2,2,2,3,1,1,2,2,2,2,"Florida",0
"6307",120518,12,30515,27.88129722,-80.50175833,2,2,4,4,14,2,0,12,0,3,3,0,1,1,1,1,12,2,2,1,1,2,1,2,2,2,2,3,2,1,2,2,1,2,"Florida",0
"6308",120519,12,30621,27.7545,-80.42680278,2,2,4,4,18,3,0,24,0,1,1,0,4,1,1,1,12,2,2,2,1,2,2,2,2,2,2,1,2,1,2,2,2,2,"Florida",1
"6309",120520,12,27420,30.51526667,-87.30223611,4,4,4,5,22,1,0,12,0,1,1,0,1,3,1,1,12,2,1,2,1,2,2,2,2,2,2,1,2,2,1,2,2,2,"Florida",1
"6310",120521,12,29572,29.12003056,-82.00153056,1,1,4,6,1,9,0,59,0,1,1,0,4,3,1,1,12,3,3,2,1,1,2,1,2,1,2,1,2,2,1,2,1,2,"Florida",1
"6311",120522,12,28234,30.1415,-82.65059167,1,1,4,6,13,3,0,1,0,1,1,0,4,1,1,1,12,2,2,1,1,1,2,2,2,1,2,1,2,2,2,2,2,2,"Florida",1
"6312",120523,12,30071,28.35168889,-81.67566389,2,2,4,5,13,2,0,12,0,3,3,4,1,1,1,3,12,2,2,1,1,2,2,2,1,2,2,3,1,1,2,2,2,2,"Florida",0
"6313",120524,12,31271,26.2606,-80.13293889,1,1,4,6,4,1,0,42,0,1,1,0,4,3,1,1,12,2,1,2,1,1,2,2,2,2,2,2,1,2,2,2,2,2,"Florida",1
"6314",120526,12,30942,26.8396,-80.10206111,1,1,4,7,1,3,0,24,1,5,1,0,4,3,1,1,12,2,2,2,2,1,1,2,2,2,2,1,2,2,2,2,2,2,"Florida",1
"6315",120527,12,29673,28.92425,-80.93828889,1,1,4,1,15,1,0,1,0,1,1,4,4,1,1,1,12,2,1,1,2,1,2,2,2,1,2,2,2,1,2,2,2,2,"Florida",0
"6316",120528,12,29989,28.46341667,-81.46875,3,3,4,1,2,1,0,23,1,19,1,0,4,3,1,1,12,2,2,2,2,1,2,2,2,2,2,1,2,2,1,2,2,2,"Florida",1
"6317",120529,12,30800,27.31448056,-82.10821111,2,2,4,1,10,3,0,38,0,1,1,0,5,1,1,1,12,1,2,1,2,1,2,2,2,2,2,2,2,2,2,2,2,2,"Florida",0
"6318",120530,12,30707,27.49865556,-82.56305556,2,2,4,1,22,2,0,8,0,1,1,0,1,3,2,1,12,2,2,2,2,1,2,2,1,2,2,3,2,2,2,1,2,2,"Florida",0
"6319",120531,12,30872,27.11883889,-81.99928889,2,2,4,5,6,4,0,12,0,2,3,0,1,2,1,1,12,2,2,1,1,2,1,2,2,2,2,3,2,2,1,2,2,2,"Florida",0
"6320",120532,12,30484,27.90425,-82.31350833,1,1,4,5,2,6,0,34,0,1,1,0,4,3,1,1,12,1,2,2,1,1,1,2,2,2,2,1,2,2,2,2,2,2,"Florida",1
"6321",120533,12,31372,26.16769444,-80.11715278,3,3,3,2,20,2,0,8,0,1,1,0,1,3,1,1,12,2,2,2,1,1,2,2,1,2,2,3,1,2,2,2,2,2,"Florida",0
"6322",120534,12,29051,29.65387222,-82.31023056,1,1,4,6,22,3,0,8,0,3,2,0,1,3,1,2,12,2,2,2,2,1,2,2,1,2,2,3,2,2,2,2,2,2,"Florida",0
"6323",120535,12,30916,26.95518333,-80.076925,1,1,4,7,14,9,0,9,0,1,1,0,1,1,1,1,12,3,3,1,2,1,2,2,2,2,2,3,2,1,2,2,2,2,"Florida",0
"6324",120536,12,31067,26.62850833,-80.08879444,2,2,4,1,11,9,0,8,0,2,2,0,1,1,1,1,12,3,3,1,2,1,2,2,1,2,2,3,2,2,2,2,2,2,"Florida",0
"6325",120537,12,30463,27.93709444,-82.36866944,1,1,4,4,0,6,0,33,0,1,1,0,4,3,1,1,12,1,2,2,1,1,2,2,2,2,2,2,2,2,2,2,2,2,"Florida",0
"6326",120538,12,30496,27.89381944,-82.72366389,2,2,1,5,6,3,0,8,0,1,1,0,1,4,1,1,12,2,2,1,1,1,2,2,1,2,2,3,2,2,2,2,2,2,"Florida",0
"6327",120539,12,26979,30.90215,-85.43241944,1,1,3,2,3,4,0,35,0,1,1,0,4,2,1,1,12,1,2,2,2,1,2,2,2,1,2,1,2,2,2,2,2,2,"Florida",1
"6328",120540,12,31198,26.37671667,-80.12101111,2,2,3,6,12,9,0,12,0,2,3,0,1,1,10,1,12,3,3,1,1,2,2,2,2,2,2,3,2,1,2,2,2,2,"Florida",0
"6329",120541,12,29765,28.78646111,-81.07121667,4,4,3,1,15,8,0,5,0,1,1,0,1,1,1,1,12,1,2,1,2,1,2,2,2,2,2,3,2,2,2,2,2,2,"Florida",0
"6330",120542,12,30359,27.99829444,-82.41399722,2,2,3,1,3,6,0,12,0,2,2,0,1,3,1,1,12,2,2,2,2,2,2,1,2,2,2,1,2,2,2,1,2,2,"Florida",1
"6331",120543,12,27308,30.59889167,-81.45969167,1,1,3,6,1,8,0,59,0,1,1,0,4,2,10,1,12,1,2,2,1,1,2,2,2,2,2,1,2,2,2,2,2,2,"Florida",1