"","ST_CASE","OBJECT_ID","FID","LATITUDE","LONGITUD","PERMVIT","PERSONS","MONTH","DAY_WEEK","HOUR","ROUTE","SP_JUR","HARM_EV","RELJCT1","RELJCT2","TYP_INT","WRK_ZONE","REL_ROAD","LGT_COND","WEATHER","FATALS","STATE","A_RU","A_INTER","A_TOD","A_DOW","A_CT","A_MC","A_SPCRA","A_PED","A_ROLL","A_POLPUR","A_POSBAC","A_D15_20","A_D65PLS","A_D21_24","A_HR","A_DIST","A_DROWSY","STATE_NAME","drunkDr"
"6470",120688,12,31054,26.6437,-81.59823889,3,3,5,6,7,9,0,12,0,3,2,0,1,1,1,1,12,3,3,1,1,3,2,2,2,1,2,3,1,2,2,2,2,2,"Florida",0
"6471",120689,12,30286,28.04809167,-80.58722778,2,2,5,7,19,2,0,8,0,1,1,0,1,5,1,1,12,2,2,2,2,1,2,2,1,2,2,3,2,2,2,2,2,2,"Florida",0
"6472",120690,12,31635,25.86095833,-80.234175,4,4,4,2,22,9,0,12,0,2,2,0,1,3,1,1,12,3,3,2,1,3,1,1,2,2,2,3,2,2,1,2,2,2,"Florida",0
"6473",120691,12,27078,30.78474167,-85.01878056,2,2,5,2,4,3,0,30,0,1,1,0,4,2,1,1,12,1,2,2,2,1,2,1,2,2,2,1,2,2,1,2,2,2,"Florida",1
"6474",120692,12,31364,26.17352778,-81.73373889,2,2,4,4,19,9,0,24,0,1,1,0,4,1,1,1,12,3,3,2,1,1,2,2,2,1,2,3,2,2,2,2,2,2,"Florida",0
"6475",120693,12,31828,25.52521944,-80.43712222,4,4,4,4,21,9,0,12,0,2,2,0,1,2,1,1,12,3,3,2,1,2,2,1,2,1,2,3,1,2,1,2,2,2,"Florida",0
"6476",120695,12,31418,26.13667778,-80.16401111,2,2,2,1,5,3,0,33,0,3,3,0,4,3,1,2,12,2,2,2,2,1,2,1,2,2,2,3,2,2,2,2,2,2,"Florida",0
"6477",120696,12,30146,28.26038611,-81.50733333,1,1,4,7,22,2,0,8,1,3,2,0,1,3,1,1,12,2,2,2,2,1,2,2,1,2,2,3,2,2,2,2,2,2,"Florida",0
"6478",120697,12,30975,26.73922222,-82.03910833,1,1,4,2,2,9,0,1,0,1,1,0,4,2,1,1,12,3,3,2,2,1,2,2,2,1,2,3,2,2,2,2,2,2,"Florida",0
"6479",120698,12,30941,26.84015556,-80.17143333,3,3,4,2,6,3,0,12,0,1,1,0,1,2,1,1,12,2,2,1,1,2,1,2,2,2,2,3,2,2,2,2,1,2,"Florida",0
"6480",120699,12,29783,28.75041667,-82.29701667,3,3,4,6,16,2,0,12,0,2,2,0,1,1,1,1,12,2,2,1,1,2,1,2,2,2,2,2,2,2,1,2,2,2,"Florida",0
"6481",120700,12,29979,28.47358333,-81.39671667,2,2,4,7,20,2,0,8,0,1,1,0,1,3,1,1,12,2,2,2,2,1,2,2,1,2,2,3,2,2,2,2,2,2,"Florida",0
"6482",120701,12,30967,26.7731,-80.23035833,3,3,4,5,14,9,0,12,0,2,2,0,1,1,10,1,12,3,3,1,1,2,2,1,2,2,2,3,1,2,2,2,2,2,"Florida",1
"6483",120702,12,29932,28.53828056,-82.3865,2,2,4,4,17,3,0,12,0,6,1,0,1,1,1,1,12,2,2,1,1,2,2,2,2,2,2,1,2,2,2,2,2,2,"Florida",1
"6484",120703,12,30716,27.48651944,-81.41858333,1,1,5,7,9,4,0,11,0,1,1,0,1,1,1,1,12,3,3,1,2,1,1,2,2,2,2,2,2,2,2,2,2,2,"Florida",0
"6485",120704,12,30960,26.8004,-80.69376111,3,3,5,1,2,3,0,34,0,1,1,0,4,2,1,1,12,1,2,2,2,1,2,2,2,1,2,1,2,2,1,2,2,2,"Florida",1
"6486",120705,12,30251,28.08034444,-82.45956944,1,1,5,1,8,2,0,8,0,1,1,0,1,1,1,1,12,2,2,1,2,1,2,2,1,2,2,2,2,2,1,2,1,2,"Florida",0
"6487",120706,12,30578,27.80631389,-82.71643611,2,2,5,1,8,9,0,12,0,8,1,0,1,1,1,1,12,3,3,1,2,2,1,1,2,2,2,3,2,1,1,2,2,2,"Florida",0
"6488",120707,12,29772,28.77502778,-81.362375,1,1,5,1,5,9,0,33,0,1,1,0,4,2,1,1,12,3,3,2,2,1,2,2,2,2,2,1,2,2,2,2,2,2,"Florida",1
"6489",120708,12,29853,28.61889722,-81.31288889,3,3,5,3,13,3,0,12,0,2,2,0,1,1,1,3,12,2,2,1,1,2,2,2,2,2,2,3,2,2,1,2,2,2,"Florida",0
"6490",120709,12,30833,27.26841111,-80.42343056,1,1,5,3,4,1,0,42,0,1,1,0,4,2,2,1,12,2,1,2,1,1,2,1,2,2,2,2,2,2,2,2,2,2,"Florida",0
"6491",120710,12,30874,27.11273056,-82.32128889,1,1,5,3,7,9,0,1,0,1,1,0,3,1,10,1,12,3,3,1,1,1,2,2,2,1,2,2,2,2,2,2,2,2,"Florida",0
"6492",120711,12,31734,25.76173889,-80.35238889,1,1,5,2,22,2,0,9,0,1,1,0,1,3,10,1,12,2,2,2,1,1,2,2,2,2,2,3,2,2,1,2,2,2,"Florida",0
"6493",120712,12,30423,27.96197222,-82.79416667,2,2,4,7,17,2,0,33,0,1,1,0,4,1,1,1,12,2,2,1,2,1,1,1,2,2,2,3,2,2,2,2,2,2,"Florida",0
"6494",120713,12,27586,30.43878333,-81.69309722,2,2,1,4,9,3,0,12,0,2,2,0,1,1,1,1,12,2,2,1,1,2,2,2,2,2,2,3,2,1,1,2,2,2,"Florida",0
"6495",120714,12,31833,25.50303056,-80.44256111,1,1,3,6,6,9,0,8,0,3,2,0,1,3,1,1,12,3,3,1,1,1,2,2,1,2,2,3,1,2,2,2,2,2,"Florida",0
"6496",120715,12,30483,27.90605278,-82.78723333,3,3,4,2,16,2,0,12,0,2,3,0,1,1,1,1,12,2,2,1,1,2,1,2,2,2,2,3,2,2,2,2,2,2,"Florida",0
"6497",120716,12,30513,27.8828,-82.76246111,2,2,4,6,11,9,0,12,0,2,3,0,1,1,1,1,12,3,3,1,1,2,1,2,2,2,2,2,2,1,2,2,2,2,"Florida",0
"6498",120717,12,29936,28.53386111,-82.48363056,2,2,4,4,15,3,0,12,0,8,1,4,1,1,1,1,12,2,2,1,1,2,2,2,2,2,2,3,2,1,2,2,2,2,"Florida",0
"6499",120718,12,28135,30.19056111,-81.67456111,2,2,4,6,0,9,0,12,0,1,1,0,1,3,10,1,12,3,3,2,1,2,1,2,2,2,2,2,2,2,2,2,2,2,"Florida",0
"6500",120719,12,31666,25.82460278,-80.21831667,1,1,2,7,21,3,0,8,0,3,2,0,1,3,1,1,12,2,2,2,2,1,2,2,1,2,2,3,2,2,2,1,2,2,"Florida",0
"6501",120720,12,28699,29.8375,-81.97458889,3,3,4,3,6,3,0,12,0,1,1,0,1,2,1,1,12,1,2,1,1,3,2,2,2,2,2,3,2,1,1,2,2,2,"Florida",0
"6502",120721,12,27559,30.44952222,-87.21311111,2,2,4,2,9,9,0,12,0,2,2,0,1,1,10,1,12,3,3,1,1,2,1,2,2,2,2,3,2,2,2,2,2,2,"Florida",0
"6503",120722,12,29200,29.53036667,-82.10193333,4,4,4,4,22,2,0,12,0,1,1,0,1,2,1,1,12,1,2,2,1,2,2,2,2,1,2,1,2,1,2,2,2,2,"Florida",1
"6504",120723,12,31471,26.08409722,-80.19689444,1,1,4,4,23,1,0,8,0,1,1,0,1,3,10,1,12,2,1,2,1,1,2,2,1,2,2,3,2,2,2,2,2,2,"Florida",0
"6505",120724,12,28319,30.08581944,-83.223,1,1,5,7,7,9,0,53,0,1,1,0,5,1,1,1,12,3,3,1,2,1,2,2,2,1,2,1,2,2,2,2,2,2,"Florida",1
"6506",120725,12,28464,29.99222778,-82.86778889,2,2,5,2,11,9,0,11,0,1,1,0,1,1,1,1,12,3,3,1,1,1,2,1,2,1,2,2,2,2,2,2,1,2,"Florida",0
"6507",120726,12,29820,28.68006111,-81.44128889,2,2,5,7,8,9,0,12,0,2,3,0,1,1,1,1,12,3,3,1,2,2,1,2,2,2,2,3,1,1,2,2,2,2,"Florida",0
"6508",120727,12,27389,30.53294167,-87.26204167,2,2,5,3,10,9,0,12,0,2,2,0,1,1,1,1,12,3,3,1,1,2,2,2,2,2,2,3,2,1,1,2,2,2,"Florida",0
"6509",120728,12,30458,27.93765833,-82.13294167,5,5,5,6,23,3,0,12,0,2,2,0,1,2,1,2,12,2,2,2,2,3,2,2,2,2,2,1,2,2,1,2,2,2,"Florida",1
"6510",120729,12,31791,25.66933889,-80.39862222,1,1,5,6,1,9,0,25,0,1,1,0,4,6,1,1,12,3,3,2,1,1,1,2,2,2,2,3,1,2,2,2,1,2,"Florida",0
"6511",120730,12,31538,25.96068889,-80.14410833,1,1,5,7,6,9,0,8,0,2,2,1,1,6,1,1,12,3,3,1,2,1,2,2,1,2,2,3,2,2,2,1,2,2,"Florida",0
"6512",120731,12,30799,27.31766111,-80.34955,1,1,3,6,1,9,0,8,0,1,1,0,1,3,1,1,12,3,3,2,1,1,2,2,1,2,2,3,2,2,2,2,2,2,"Florida",0
"6513",120732,12,30264,28.06504722,-82.5074,2,2,5,1,20,9,0,8,0,3,3,0,1,3,1,1,12,3,3,2,2,1,2,2,1,2,2,2,2,2,2,2,2,2,"Florida",1
"6514",120733,12,31095,26.60504444,-81.71814722,1,1,1,5,20,6,0,53,0,1,1,0,4,2,1,1,12,2,2,2,1,1,2,1,2,2,2,3,2,2,2,2,2,2,"Florida",0
"6515",120734,12,31367,26.170175,-80.23381944,1,1,5,1,12,6,0,42,0,1,1,0,3,1,1,1,12,2,2,1,2,1,2,2,2,2,2,3,1,2,2,2,2,2,"Florida",0
"6516",120735,12,31531,25.97647222,-80.166175,1,1,5,5,0,1,0,8,0,1,1,0,1,3,1,1,12,2,1,2,1,1,2,2,1,2,2,3,2,2,2,2,1,2,"Florida",0
"6517",120736,12,30963,26.79669167,-80.05459722,2,2,5,7,21,9,0,8,0,1,1,0,1,3,1,1,12,3,3,2,2,1,2,2,1,2,2,3,2,2,2,2,1,2,"Florida",0
"6518",120737,12,31289,26.23932222,-80.15160833,1,1,5,2,3,3,0,33,0,1,1,0,3,3,1,1,12,2,2,2,2,1,2,2,2,2,2,3,2,2,2,2,2,2,"Florida",0
"6519",120739,12,31478,26.06418056,-80.31526389,1,1,1,5,9,6,0,59,0,1,1,0,4,1,10,1,12,2,2,1,1,1,2,2,2,2,2,3,2,2,2,2,2,2,"Florida",0
"6520",120740,12,30761,27.4195,-80.38821111,4,4,1,6,5,1,0,12,0,1,1,0,1,2,1,1,12,2,1,2,1,2,2,2,2,1,2,3,2,2,2,2,2,1,"Florida",0
"6521",120741,12,31076,26.618,-80.10097778,1,1,1,7,6,3,0,8,0,1,1,0,1,1,1,1,12,2,2,1,2,1,2,2,1,2,2,3,2,2,2,1,2,2,"Florida",0
"6522",120742,12,31168,26.45835278,-80.10239722,4,4,1,3,16,9,0,12,0,2,2,0,1,1,1,1,12,3,3,1,1,3,2,2,2,2,2,3,2,1,2,2,2,2,"Florida",0
"6523",120743,12,27951,30.2678,-81.55166111,1,1,1,4,18,6,0,8,0,1,1,0,1,6,1,1,12,2,2,2,1,1,2,2,1,2,2,3,2,2,2,2,2,2,"Florida",0
"6524",120744,12,31130,26.53251667,-80.06424167,1,1,1,5,18,9,0,8,0,3,2,0,1,3,10,1,12,3,3,2,1,1,2,2,1,2,2,3,2,2,2,2,2,2,"Florida",0
"6525",120745,12,30922,26.93402222,-80.09770833,1,1,1,6,19,9,0,8,0,3,3,0,1,3,1,1,12,3,3,2,2,1,2,2,1,2,2,3,2,2,2,2,2,2,"Florida",0
"6526",120746,12,29032,29.66311944,-82.30413056,1,1,1,6,21,9,0,8,0,3,3,0,1,3,1,1,12,3,3,2,2,1,2,2,1,2,2,2,1,2,2,2,2,2,"Florida",0
"6527",120747,12,30193,28.16272222,-80.60545833,1,1,1,7,4,3,0,33,0,1,1,0,4,3,1,1,12,2,2,2,2,1,2,2,2,2,2,3,2,2,1,2,2,2,"Florida",0
"6528",120748,12,30491,27.89671111,-81.85322778,2,2,1,1,3,3,0,59,1,3,2,0,4,3,1,1,12,2,2,2,2,1,2,2,2,2,2,3,2,2,2,2,2,2,"Florida",1
"6529",120749,12,31790,25.66979444,-80.44977222,1,1,4,6,20,9,0,9,0,1,1,0,1,2,10,1,12,3,3,2,2,1,2,2,2,2,2,3,2,2,2,2,2,2,"Florida",1
"6530",120750,12,28148,30.187,-82.78666111,1,1,1,2,21,4,0,38,0,1,1,0,4,2,5,1,12,2,2,2,1,1,2,2,2,2,2,3,2,1,2,2,2,2,"Florida",0
"6531",120751,12,31000,26.69688889,-80.11136111,3,3,1,3,5,3,0,8,0,1,1,0,1,3,1,1,12,2,2,2,1,1,2,2,1,2,2,3,2,2,2,2,2,2,"Florida",0
"6532",120752,12,30615,27.75726111,-82.64662778,1,1,1,4,20,6,0,8,0,1,1,0,1,3,1,1,12,2,2,2,1,1,2,2,1,2,2,3,2,2,2,2,2,2,"Florida",0
"6533",120753,12,31699,25.79492778,-80.26639444,1,1,1,4,22,9,0,9,0,1,1,0,1,3,1,1,12,3,3,2,1,1,2,2,2,2,2,3,2,2,2,2,2,2,"Florida",0
"6534",120754,12,31158,26.47565833,-80.13889167,1,1,1,5,7,8,0,30,0,3,2,0,4,1,10,1,12,1,2,1,1,1,2,2,2,2,2,3,2,1,2,2,2,2,"Florida",0
"6535",120755,12,31096,26.60460278,-81.84900278,2,2,1,5,11,3,0,12,0,1,1,0,1,1,10,1,12,2,2,1,1,2,2,1,2,2,2,3,2,1,2,2,2,2,"Florida",0
"6536",120756,12,31020,26.68034167,-80.66898333,1,1,1,6,22,3,0,9,0,2,2,0,1,3,1,1,12,2,2,2,2,1,2,2,2,2,2,3,2,2,2,2,2,2,"Florida",0
"6537",120757,12,30627,27.74464167,-82.67522778,2,2,1,6,4,9,0,12,0,3,2,0,1,3,2,1,12,3,3,2,1,2,2,2,2,2,2,3,2,1,2,2,2,2,"Florida",1
"6538",120758,12,30390,27.98303889,-82.41401111,3,3,1,1,15,2,0,33,0,1,1,0,4,1,1,2,12,2,2,1,2,1,2,1,2,2,2,1,2,2,2,2,2,2,"Florida",1
"6539",120759,12,28073,30.22126111,-81.39111944,1,1,1,1,21,9,0,41,0,1,1,0,4,2,1,1,12,3,3,2,2,1,2,2,2,2,2,2,2,1,2,2,2,1,"Florida",0
"6540",120760,12,31768,25.72265278,-80.15122778,1,1,1,4,5,5,0,9,0,1,1,0,4,3,1,1,12,1,2,2,1,1,2,2,2,2,2,3,2,2,1,1,1,2,"Florida",1
"6541",120761,12,29764,28.78654722,-81.32342222,1,1,1,6,20,6,0,8,0,3,2,0,1,2,10,1,12,2,2,2,2,1,2,2,1,2,2,3,2,2,1,2,2,2,"Florida",0
"6542",120762,12,29863,28.60744167,-81.446175,4,4,1,6,22,9,0,42,0,1,1,0,4,2,2,1,12,3,3,2,2,1,2,2,2,2,2,3,2,2,2,2,2,2,"Florida",0
"6543",120763,12,28181,30.17044167,-81.85215278,1,1,2,5,9,8,0,33,0,1,1,0,4,1,10,1,12,1,2,1,1,1,2,2,2,2,2,2,2,2,2,2,1,2,"Florida",0
"6544",120764,12,31483,26.05623056,-80.20775,1,1,2,7,4,2,0,8,0,1,1,0,1,2,1,1,12,2,2,2,2,1,2,2,1,2,2,3,2,2,2,1,2,2,"Florida",0
"6545",120765,12,31166,26.46168611,-80.08840556,5,5,2,1,14,9,0,12,1,3,2,0,1,1,1,1,12,3,3,1,2,3,2,2,2,2,2,3,2,1,2,2,1,2,"Florida",0
"6546",120766,12,31430,26.12960833,-80.37640556,3,3,2,1,12,1,0,12,0,1,1,0,1,1,1,1,12,2,1,1,2,2,1,2,2,2,2,3,2,2,2,1,2,2,"Florida",0
"6547",120767,12,29912,28.55298056,-81.39537778,1,1,2,5,12,9,0,8,0,1,1,0,1,1,1,1,12,3,3,1,1,1,2,2,1,2,2,3,2,2,2,2,2,2,"Florida",0
"6548",120768,12,31337,26.193625,-80.2326,2,2,2,1,18,3,0,12,0,2,3,0,1,1,1,1,12,2,2,2,2,2,1,1,2,2,2,3,2,2,1,2,2,2,"Florida",0
"6549",120769,12,31462,26.09070833,-80.16089722,1,1,2,5,8,3,0,15,0,3,2,0,1,1,1,1,12,2,2,1,1,1,2,2,2,2,2,3,2,2,2,2,2,2,"Florida",0
"6550",120771,12,31056,26.64271389,-80.08810278,2,2,2,2,19,3,0,12,0,2,2,0,1,3,1,1,12,2,2,2,1,2,1,2,2,2,2,3,2,2,2,2,2,2,"Florida",0
"6551",120772,12,30462,27.93728611,-82.47272778,2,2,2,3,12,6,0,12,0,2,2,0,1,1,10,1,12,2,2,1,1,2,2,2,2,2,2,3,2,1,2,2,2,2,"Florida",0
"6552",120773,12,28374,30.04560833,-81.49711944,1,1,2,5,4,1,0,42,0,1,1,0,4,2,10,1,12,1,1,2,1,1,2,2,2,2,2,2,2,1,2,2,2,2,"Florida",0
"6553",120774,12,31131,26.52826389,-80.15905556,2,2,2,7,20,3,0,12,0,2,2,0,1,3,10,1,12,2,2,2,2,2,2,2,2,2,2,3,2,1,2,2,2,2,"Florida",0
"6554",120775,12,27512,30.46886389,-84.2278,2,2,3,2,18,9,0,8,0,3,2,0,1,5,1,1,12,2,2,2,1,1,2,2,1,2,2,3,2,2,1,2,2,2,"Florida",0
"6555",120776,12,27561,30.44901111,-86.61426389,2,2,3,1,8,3,0,12,0,2,3,0,1,1,1,1,12,2,2,1,2,2,2,2,2,2,2,3,2,1,2,2,1,2,"Florida",0
"6556",120777,12,30740,27.44766667,-82.54668611,1,1,3,3,12,3,0,9,0,3,2,0,1,1,1,1,12,2,2,1,1,1,2,2,2,2,2,3,1,2,2,2,1,2,"Florida",0
"6557",120778,12,30746,27.44167778,-82.686825,1,1,3,6,10,9,0,8,0,1,1,0,1,1,1,1,12,3,3,1,1,1,2,2,1,2,2,3,2,1,2,2,2,2,"Florida",0
"6558",120779,12,31748,25.74147222,-80.27877778,2,2,3,1,14,9,0,12,0,2,2,0,1,1,1,1,12,3,3,1,2,2,1,2,2,2,2,3,2,2,2,2,2,2,"Florida",0
"6559",120781,12,30111,28.30807778,-81.41582778,2,2,3,3,22,9,0,8,1,3,2,0,1,3,1,1,12,3,3,2,1,1,2,2,1,2,2,3,2,2,2,2,2,2,"Florida",0
"6560",120782,12,31060,26.64114444,-81.84232222,1,1,3,7,18,3,0,9,0,1,1,0,1,1,1,1,12,2,2,2,2,1,2,2,2,2,2,3,2,2,2,2,2,2,"Florida",0
"6561",120783,12,30915,26.95680833,-81.76080556,1,1,3,1,0,3,0,42,0,1,1,0,4,2,1,1,12,1,2,2,2,1,2,2,2,1,2,3,2,1,2,2,2,2,"Florida",0
"6562",120784,12,31820,25.56061667,-80.36812778,4,4,3,3,9,9,0,12,0,2,2,0,1,1,1,1,12,3,3,1,1,3,2,2,2,2,2,3,2,2,2,2,2,2,"Florida",0
"6563",120785,12,30656,27.64796111,-80.85701944,2,2,4,5,3,3,0,24,0,1,1,0,4,2,1,1,12,1,2,2,1,1,2,2,2,1,2,2,1,2,2,2,2,2,"Florida",0
"6564",120786,12,31343,26.18846667,-80.20379167,3,3,4,1,21,2,0,12,0,1,1,0,1,3,10,1,12,2,2,2,2,2,1,1,2,2,2,3,2,2,2,2,2,2,"Florida",0
"6565",120787,12,27971,30.26023611,-81.55608611,3,3,4,5,22,9,0,12,0,8,1,0,1,3,1,1,12,3,3,2,1,2,1,2,2,2,2,1,1,2,2,1,2,2,"Florida",1
"6566",120788,12,31512,26.00689167,-80.36197778,2,2,4,5,12,9,0,30,0,3,2,0,4,1,1,1,12,3,3,1,1,1,2,2,2,2,2,3,2,1,2,2,2,2,"Florida",0
"6567",120789,12,31019,26.68093889,-80.21645278,2,2,4,7,22,2,0,12,0,1,1,0,1,3,1,1,12,2,2,2,2,2,1,2,2,2,2,3,2,2,2,2,2,2,"Florida",0
"6568",120790,12,31159,26.47289722,-81.57511944,2,2,4,7,23,9,0,5,0,1,1,0,1,2,1,1,12,3,3,2,2,1,2,2,2,2,2,3,2,2,2,2,2,2,"Florida",1
"6569",120791,12,27849,30.31428056,-81.84851111,1,1,4,1,23,9,0,59,0,1,1,0,4,3,10,1,12,3,3,2,2,1,2,2,2,2,2,1,1,2,2,2,1,2,"Florida",1
"6570",120792,12,29357,29.40905,-81.09808889,1,1,4,1,9,9,0,1,0,3,3,0,4,1,10,1,12,3,3,1,2,1,1,2,2,2,2,3,2,1,2,2,2,2,"Florida",0
"6571",120793,12,31132,26.52811111,-80.14735,5,5,4,3,9,3,0,12,0,3,2,0,1,1,1,1,12,2,2,1,1,3,2,2,2,2,2,3,2,1,2,2,2,2,"Florida",0
"6572",120794,12,31653,25.83976389,-80.28600278,7,7,4,7,18,9,0,12,0,2,2,0,1,1,1,1,12,3,3,2,2,2,2,2,2,1,2,3,2,2,2,1,2,2,"Florida",1
"6573",120795,12,30641,27.71679722,-82.40651111,1,1,4,2,23,3,0,30,0,3,2,0,4,3,1,1,12,2,2,2,1,1,2,2,2,2,2,1,2,2,2,2,1,2,"Florida",1
"6574",120796,12,30537,27.85706667,-82.33339722,2,2,4,3,18,9,0,12,0,2,2,0,1,1,1,1,12,3,3,2,1,2,1,2,2,2,2,3,2,2,2,2,2,2,"Florida",0
"6575",120797,12,30096,28.32580278,-82.68954444,2,2,4,4,19,9,0,12,0,2,2,0,1,5,1,1,12,3,3,2,1,2,2,2,2,2,2,3,2,1,2,2,2,2,"Florida",0
"6576",120798,12,28132,30.19246944,-85.69701111,2,2,4,5,8,9,0,12,0,1,1,0,1,1,1,1,12,3,3,1,1,2,1,2,2,2,2,3,2,2,2,2,2,2,"Florida",0
"6577",120799,12,31180,26.42137778,-80.06431944,1,1,4,6,12,3,0,9,0,1,1,0,2,1,1,1,12,2,2,1,1,1,2,2,2,2,2,3,2,2,2,2,2,2,"Florida",0
"6578",120800,12,29060,29.64857778,-81.63761111,8,8,4,7,17,2,0,12,0,2,2,0,1,1,1,1,12,2,2,1,2,2,2,2,2,2,2,1,2,2,2,2,2,2,"Florida",1
"6579",120801,12,29072,29.63671111,-81.93641111,2,2,4,3,20,9,0,1,0,1,1,0,4,2,1,1,12,3,3,2,1,1,2,2,2,1,2,2,1,2,2,2,2,2,"Florida",0
"6580",120802,12,29095,29.6146,-82.42083889,2,2,4,4,1,9,0,42,0,3,10,0,4,3,1,1,12,3,3,2,1,1,2,2,2,2,2,1,2,2,2,2,2,2,"Florida",1
"6581",120803,12,31404,26.14473889,-80.32332778,2,2,5,6,23,4,0,12,0,8,1,0,1,3,1,1,12,2,2,2,2,2,1,1,2,2,2,3,2,2,2,2,2,2,"Florida",0
"6582",120804,12,30005,28.45137222,-80.97812222,3,3,5,6,16,3,0,12,0,5,1,0,1,1,1,1,12,1,2,1,1,2,2,2,2,2,2,3,1,1,2,2,2,2,"Florida",0
"6583",120805,12,30154,28.24729722,-82.67413611,3,3,5,1,2,9,0,12,0,1,1,0,1,2,1,1,12,3,3,2,2,2,1,2,2,2,2,1,2,2,1,2,2,2,"Florida",1
"6584",120806,12,30984,26.71621944,-81.76921111,2,2,5,2,15,3,0,8,0,1,1,0,1,1,1,1,12,2,2,1,1,1,2,2,1,2,2,3,2,1,2,2,2,2,"Florida",0
"6585",120807,12,30052,28.36493056,-82.66603889,1,1,5,2,7,9,0,42,0,1,1,0,3,1,1,1,12,3,3,1,1,1,2,2,2,1,2,3,1,2,2,2,2,2,"Florida",0
"6586",120808,12,27156,30.71121389,-86.10793056,1,1,5,2,5,9,0,42,0,3,3,0,5,2,1,1,12,3,3,2,2,1,2,2,2,2,2,2,2,1,2,2,2,2,"Florida",0
"6587",120809,12,30243,28.08861944,-81.96523889,2,2,5,3,0,9,0,12,0,1,1,0,1,2,2,1,12,3,3,2,1,2,1,2,2,2,2,1,2,2,2,2,2,2,"Florida",1
"6588",120810,12,28743,29.81334167,-81.32264444,2,2,5,5,9,2,0,12,0,8,1,0,1,1,1,1,12,2,2,1,1,2,1,2,2,2,2,3,2,1,2,2,2,2,"Florida",0
"6589",120811,12,30421,27.96349167,-81.62535,3,3,5,5,7,2,0,12,0,2,2,0,1,1,1,1,12,2,2,1,1,2,2,2,2,2,2,3,2,1,2,2,2,2,"Florida",0
"6590",120812,12,31394,26.15373611,-81.609825,2,2,5,6,3,1,0,42,0,1,1,0,4,2,1,1,12,1,1,2,1,1,2,2,2,2,2,3,2,2,1,2,1,2,"Florida",0
"6591",120813,12,29893,28.56867222,-81.37566389,1,1,5,7,20,1,0,24,0,1,1,0,3,3,1,1,12,2,1,2,2,1,2,2,2,1,2,1,2,1,2,2,2,2,"Florida",1
"6592",120814,12,27630,30.41488056,-81.59144444,2,2,5,7,9,9,0,33,0,1,1,0,3,1,10,2,12,3,3,1,2,2,2,2,2,2,2,2,2,1,2,2,2,2,"Florida",0
"6593",120815,12,31595,25.91004167,-80.18737222,2,2,5,7,14,3,0,8,0,1,1,0,1,1,1,1,12,2,2,1,2,1,2,2,1,2,2,3,1,2,2,2,2,2,"Florida",0
"6594",120816,12,28159,30.18216111,-85.78592222,2,2,5,2,19,9,0,12,0,2,2,0,1,5,1,1,12,3,3,2,1,2,1,2,2,2,2,1,2,2,2,1,2,2,"Florida",1
"6595",120817,12,29939,28.53112778,-81.39710556,1,1,5,2,10,2,0,8,0,3,2,0,4,1,1,1,12,2,2,1,1,1,2,2,1,2,2,3,2,2,2,1,2,2,"Florida",0
"6596",120818,12,30407,27.970275,-81.10846111,2,2,5,3,7,3,0,1,0,1,1,0,4,1,10,1,12,1,2,1,1,1,2,2,2,1,2,2,2,2,2,2,2,2,"Florida",0
"6597",120819,12,27353,30.56315,-84.82888889,1,1,5,3,8,6,0,53,0,1,1,0,5,1,1,1,12,1,2,1,1,1,2,1,2,2,2,2,2,2,2,2,2,2,"Florida",0
"6598",120820,12,27162,30.70791111,-86.72106111,1,1,5,3,21,1,0,1,0,1,1,0,4,2,10,1,12,1,1,2,1,1,2,2,2,1,2,1,2,2,2,2,2,2,"Florida",1
"6599",120821,12,31111,26.57218056,-80.06931111,10,10,5,4,14,1,0,1,0,1,1,0,1,1,1,1,12,2,1,1,1,3,2,2,2,1,2,3,1,1,2,2,2,2,"Florida",0
"6600",120822,12,31261,26.27267222,-81.76480278,1,1,4,5,2,4,0,41,0,3,3,0,4,3,10,1,12,2,2,2,1,1,2,1,2,1,2,3,2,2,1,2,1,2,"Florida",0
"6601",120823,12,30680,27.59560556,-81.51439722,4,4,1,5,16,2,0,12,1,2,2,0,1,1,1,1,12,2,2,1,1,2,1,2,2,2,2,3,1,2,2,2,2,2,"Florida",0
"6602",120824,12,29509,29.2123,-81.00714167,1,1,3,3,8,3,0,9,0,1,1,0,1,1,1,1,12,2,2,1,1,1,2,2,2,2,2,3,2,2,1,2,2,2,"Florida",0
"6603",120825,12,28830,29.76314722,-82.00359722,1,1,3,2,10,9,0,42,0,1,1,0,4,1,10,1,12,3,3,1,1,1,2,2,2,2,2,3,2,1,2,2,2,2,"Florida",0
"6604",120826,12,31304,26.2283,-80.21778333,2,2,3,7,2,2,0,8,8,2,2,0,1,3,1,1,12,2,2,2,2,1,2,2,1,2,2,3,2,2,2,2,2,2,"Florida",0
"6605",120827,12,30662,27.63769167,-80.40453056,1,1,3,1,21,3,0,33,0,1,1,0,4,3,1,1,12,2,2,2,2,1,2,1,2,2,2,1,2,2,2,2,2,2,"Florida",1
"6606",120828,12,30081,28.33931389,-80.61017778,1,1,3,3,2,9,0,8,0,3,3,0,1,3,1,1,12,3,3,2,1,1,2,2,1,2,2,3,2,2,2,2,2,2,"Florida",0