"","ST_CASE","OBJECT_ID","FID","LATITUDE","LONGITUD","PERMVIT","PERSONS","MONTH","DAY_WEEK","HOUR","ROUTE","SP_JUR","HARM_EV","RELJCT1","RELJCT2","TYP_INT","WRK_ZONE","REL_ROAD","LGT_COND","WEATHER","FATALS","STATE","A_RU","A_INTER","A_TOD","A_DOW","A_CT","A_MC","A_SPCRA","A_PED","A_ROLL","A_POLPUR","A_POSBAC","A_D15_20","A_D65PLS","A_D21_24","A_HR","A_DIST","A_DROWSY","STATE_NAME","drunkDr"
"6607",120829,12,29956,28.50896389,-81.41853056,1,1,4,6,18,1,0,25,0,1,1,0,4,1,1,1,12,2,2,2,2,1,1,2,2,2,2,2,2,2,1,2,2,2,"Florida",0
"6608",120830,12,31117,26.56269167,-81.96164722,2,2,4,7,23,9,0,12,0,2,2,0,1,3,1,1,12,3,3,2,2,2,1,2,2,2,2,1,2,2,2,2,2,2,"Florida",1
"6609",120831,12,30729,27.46539722,-80.29051944,1,1,4,7,10,3,0,9,0,3,3,0,1,1,1,1,12,2,2,1,2,1,2,2,2,2,2,3,2,2,2,2,2,2,"Florida",0
"6610",120832,12,28098,30.20793889,-85.844925,1,1,4,1,0,9,0,8,0,1,1,0,1,2,1,1,12,3,3,2,2,1,2,2,1,2,2,3,2,2,2,1,2,2,"Florida",0
"6611",120833,12,31726,25.77078333,-80.28876111,1,1,4,5,6,9,0,8,0,1,1,0,1,4,1,1,12,3,3,1,1,1,2,2,1,2,2,3,2,2,2,2,2,2,"Florida",0
"6612",120834,12,31740,25.75128889,-80.40048056,1,1,4,7,9,9,0,8,0,3,2,0,1,1,1,1,12,3,3,1,2,1,2,2,1,2,2,3,2,2,2,2,2,2,"Florida",0
"6613",120835,12,30034,28.39096667,-80.94019722,2,2,4,4,6,3,0,12,1,2,2,0,1,2,1,1,12,1,2,1,1,2,2,2,2,2,2,3,2,2,2,2,2,2,"Florida",0
"6614",120836,12,30671,27.61173889,-80.381375,1,1,4,4,22,3,0,8,0,1,1,0,1,2,1,1,12,2,2,2,1,1,2,2,1,2,2,3,2,2,2,1,2,2,"Florida",0
"6615",120837,12,30523,27.87180833,-81.76123611,3,3,4,1,21,9,0,8,0,1,1,0,1,2,1,1,12,3,3,2,2,1,2,2,1,2,2,3,2,2,1,2,2,2,"Florida",0
"6616",120838,12,30237,28.10152778,-82.73971944,5,5,5,6,16,2,0,12,0,1,1,0,1,1,1,1,12,2,2,1,1,3,2,2,2,2,2,3,2,2,2,2,1,2,"Florida",0
"6617",120839,12,31530,25.97746111,-80.12006111,1,1,5,2,1,3,0,43,0,1,1,0,4,2,1,1,12,2,2,2,2,1,2,2,1,2,2,3,2,2,2,2,2,2,"Florida",0
"6618",120840,12,28334,30.07491111,-81.78215,1,1,5,4,18,9,0,53,0,1,1,0,5,5,10,1,12,3,3,2,1,1,2,2,2,1,2,2,2,2,2,2,2,2,"Florida",0
"6619",120841,12,30076,28.34707778,-81.63326111,2,2,5,5,1,2,0,8,0,2,2,0,1,3,10,1,12,2,2,2,1,1,2,2,1,2,2,3,2,2,2,2,2,2,"Florida",0
"6620",120842,12,30919,26.94255278,-82.02028611,1,1,5,6,15,8,0,1,0,1,1,0,4,1,1,1,12,2,2,1,1,1,1,1,2,2,2,1,2,2,2,2,2,2,"Florida",1
"6621",120843,12,30257,28.07562778,-81.73274167,3,3,5,6,2,9,0,12,1,2,3,0,1,3,1,1,12,3,3,2,1,3,1,2,2,2,2,1,2,2,1,2,2,2,"Florida",1
"6622",120844,12,30318,28.02652778,-82.39345833,7,7,5,7,21,3,0,12,0,2,2,0,1,3,1,2,12,2,2,2,2,2,2,1,2,1,2,3,2,2,2,2,2,2,"Florida",0
"6623",120845,12,30672,27.61115,-82.53971111,4,4,5,1,11,2,0,12,0,1,1,0,1,1,1,1,12,2,2,1,2,2,1,2,2,2,2,3,2,2,2,2,2,2,"Florida",0
"6624",120846,12,31545,25.95632778,-80.17410278,2,2,5,1,4,1,0,12,0,1,1,0,1,2,1,1,12,2,1,2,2,2,1,2,2,2,2,1,2,1,2,2,2,2,"Florida",1
"6625",120847,12,28264,30.12319444,-81.52226111,2,2,5,2,3,9,0,25,0,1,1,4,3,2,10,1,12,3,3,2,2,2,2,2,2,2,2,2,2,2,2,2,2,2,"Florida",0
"6626",120848,12,30473,27.92302778,-81.51691111,1,1,5,4,7,9,0,42,0,1,1,0,4,1,1,1,12,3,3,1,1,1,1,2,2,2,2,2,2,1,2,2,2,2,"Florida",0
"6627",120849,12,31450,26.10933889,-81.73752222,2,2,5,5,19,6,0,9,0,8,1,0,1,5,1,1,12,1,2,2,1,1,2,2,2,2,2,3,2,2,2,2,2,2,"Florida",0
"6628",120850,12,29835,28.65713333,-81.52913611,8,8,5,1,22,3,0,1,1,5,1,0,4,3,1,1,12,2,2,2,2,1,2,2,2,1,2,3,2,2,2,2,2,2,"Florida",0
"6629",120851,12,30817,27.27816389,-82.53066944,1,1,5,4,21,9,0,9,0,8,1,0,1,3,1,1,12,3,3,2,1,1,2,2,2,2,2,3,2,2,1,2,2,2,"Florida",0
"6630",120853,12,30334,28.01849722,-82.14204444,2,2,5,2,23,2,0,12,0,3,2,0,1,3,1,1,12,2,2,2,1,2,1,2,2,2,2,3,2,2,1,2,2,2,"Florida",1
"6631",120854,12,31589,25.91798889,-80.2249,1,1,2,7,21,9,0,1,0,1,1,0,1,3,1,1,12,3,3,2,2,1,1,2,2,2,2,3,2,2,2,2,2,2,"Florida",0
"6632",120855,12,30181,28.19361111,-82.74003056,3,3,5,6,7,2,0,12,1,2,3,0,1,1,1,1,12,2,2,1,1,2,2,2,2,2,2,3,2,2,2,2,2,2,"Florida",0
"6633",120856,12,30440,27.95351667,-82.78751944,1,1,5,6,15,2,0,8,0,3,2,0,1,1,1,1,12,2,2,1,1,1,2,2,1,2,2,3,2,2,2,2,2,2,"Florida",0
"6634",120857,12,31520,25.99465556,-80.29589444,2,2,5,6,16,9,0,33,0,1,1,0,3,1,10,1,12,3,3,1,1,1,2,2,2,1,2,3,2,2,2,2,1,2,"Florida",1
"6635",120858,12,30222,28.12090556,-80.95034722,1,1,5,5,19,2,0,8,0,1,1,0,2,5,1,1,12,1,2,2,1,1,2,2,1,2,2,3,2,2,2,1,2,2,"Florida",0
"6636",120859,12,27707,30.38248889,-87.29095,1,1,5,7,20,9,0,15,0,1,1,0,1,2,1,1,12,3,3,2,2,1,2,2,2,2,2,3,2,2,2,1,2,2,"Florida",0
"6637",120860,12,30959,26.80458333,-80.24464167,1,1,5,7,15,9,0,42,0,1,1,0,4,1,1,1,12,3,3,1,2,1,2,1,2,1,2,3,2,2,2,2,1,2,"Florida",0
"6638",120861,12,30413,27.96726389,-82.547375,1,1,5,1,11,3,0,1,1,5,1,0,1,1,1,1,12,2,2,1,2,1,1,1,2,2,2,3,2,2,2,2,2,2,"Florida",0
"6639",120862,12,30095,28.32618611,-81.40847222,1,1,5,1,5,9,0,9,0,3,2,0,2,4,1,1,12,3,3,2,2,1,2,2,2,2,2,3,2,2,2,2,2,2,"Florida",0
"6640",120863,12,31599,25.90075556,-80.20998611,2,2,5,1,4,1,0,25,0,1,1,0,3,3,1,1,12,2,1,2,2,1,2,2,2,2,2,3,2,2,1,2,2,2,"Florida",1
"6641",120864,12,31133,26.52801667,-80.13908889,4,4,5,1,17,3,0,12,0,2,2,0,1,1,1,1,12,2,2,1,2,3,2,2,2,1,2,3,1,1,2,2,2,2,"Florida",0
"6642",120865,12,29661,28.95128889,-82.62606111,1,1,5,2,21,2,0,8,0,3,2,0,1,2,1,1,12,1,2,2,1,1,2,2,1,2,2,3,1,2,2,2,2,2,"Florida",0
"6643",120866,12,31758,25.73296944,-80.31865,4,4,5,2,15,3,0,12,0,2,3,0,1,1,1,1,12,2,2,1,1,3,2,2,2,2,2,3,2,1,2,2,2,2,"Florida",0
"6644",120867,12,29739,28.81891944,-81.77361389,4,4,5,3,9,2,0,12,0,3,2,0,1,1,1,2,12,2,2,1,1,3,2,2,2,2,2,3,2,1,2,2,2,2,"Florida",0
"6645",120868,12,29535,29.17806944,-81.87998056,2,2,5,3,19,3,0,12,0,8,1,0,1,2,1,1,12,2,2,2,1,2,2,2,2,2,2,3,2,2,2,2,1,2,"Florida",0
"6646",120869,12,27181,30.69213333,-81.91851667,3,3,5,4,15,2,0,12,0,2,2,0,1,1,1,1,12,1,2,1,1,2,2,2,2,2,2,2,2,1,2,2,2,2,"Florida",0
"6647",120870,12,31124,26.55399444,-81.91133889,6,6,5,4,17,3,0,12,0,8,1,0,1,1,10,2,12,2,2,1,1,3,2,2,2,2,2,3,2,1,2,2,2,2,"Florida",0
"6648",120871,12,30297,28.03908889,-80.6793,1,1,5,4,23,9,0,42,0,1,1,0,4,2,1,1,12,3,3,2,1,1,2,1,2,1,2,1,2,2,2,2,2,2,"Florida",1
"6649",120872,12,26927,30.97597778,-85.99783611,5,5,5,5,13,3,0,12,0,2,2,0,1,1,10,2,12,1,2,1,1,2,2,2,2,1,2,1,2,2,2,2,2,2,"Florida",1
"6650",120873,12,29988,28.46531389,-81.39209722,2,2,5,5,18,9,0,12,0,2,3,0,1,1,1,1,12,3,3,2,1,2,1,1,2,2,2,3,2,1,2,2,2,2,"Florida",0
"6651",120874,12,30235,28.10348056,-82.50226944,3,3,5,5,19,3,0,12,0,2,3,0,1,5,10,1,12,2,2,2,1,2,2,2,2,2,2,3,1,2,2,2,2,2,"Florida",0
"6652",120875,12,30013,28.43861111,-82.19048611,3,3,5,5,11,2,0,12,0,1,1,0,1,1,1,1,12,2,2,1,1,2,2,2,2,2,2,3,2,1,2,2,2,2,"Florida",0
"6653",120876,12,31234,26.31798056,-80.13059167,2,2,5,6,10,3,0,12,0,2,2,0,1,1,1,1,12,2,2,1,1,2,2,2,2,2,2,3,2,1,2,2,2,2,"Florida",0
"6654",120877,12,28977,29.6887,-82.37232778,1,1,5,7,0,3,0,42,0,3,2,0,4,3,1,1,12,2,2,2,2,1,2,2,2,2,2,3,2,2,2,2,2,2,"Florida",0
"6655",120878,12,29613,29.04162778,-81.91869444,1,1,5,7,2,9,0,8,0,1,1,0,2,2,1,1,12,3,3,2,2,1,2,2,1,2,2,3,2,2,2,1,1,2,"Florida",0
"6656",120879,12,29716,28.85256667,-81.76278333,3,3,5,7,19,6,0,42,0,1,1,0,4,1,1,1,12,3,3,2,2,1,2,2,2,1,2,1,2,2,2,2,2,2,"Florida",1
"6657",120881,12,29604,29.0501,-81.77831944,5,5,5,1,3,9,0,1,0,1,1,0,1,2,10,3,12,3,3,2,2,1,2,2,2,1,2,2,2,2,2,2,2,2,"Florida",0
"6658",120882,12,31749,25.739875,-80.25419722,1,1,5,2,21,9,0,8,0,3,3,0,1,3,1,1,12,3,3,2,1,1,2,2,1,2,2,3,2,2,1,2,2,2,"Florida",0
"6659",120883,12,27475,30.48460278,-82.99995556,1,1,5,3,7,1,0,42,0,1,1,0,4,1,1,1,12,1,1,1,1,1,2,2,2,1,2,2,2,2,2,2,2,1,"Florida",0
"6660",120884,12,27175,30.69721111,-85.3165,2,2,5,7,15,4,0,1,0,1,1,0,1,1,1,1,12,2,2,1,2,1,1,2,2,2,2,3,2,2,2,2,2,2,"Florida",0
"6661",120885,12,27580,30.439975,-81.64158611,1,1,5,1,22,9,0,9,0,1,1,0,1,2,1,1,12,3,3,2,2,1,2,2,2,2,2,2,2,2,2,2,2,2,"Florida",0
"6662",120886,12,29483,29.26043056,-81.11715,1,1,5,3,7,1,0,24,0,1,1,0,3,1,10,1,12,2,1,1,1,1,1,2,2,2,2,2,2,2,2,2,2,2,"Florida",0
"6663",120887,12,29682,28.89720556,-81.17547778,3,3,5,1,3,9,0,1,0,1,1,0,6,2,1,1,12,3,3,2,2,1,2,2,2,1,2,3,1,2,2,2,2,2,"Florida",1
"6664",120888,12,30612,27.76291944,-82.23969444,1,1,5,2,19,9,0,1,0,1,1,0,1,1,1,1,12,3,3,2,1,1,2,2,2,1,2,2,2,2,1,2,2,2,"Florida",0
"6665",120889,12,31043,26.65929444,-81.81825278,1,1,5,2,8,9,0,9,0,1,1,0,1,1,1,1,12,3,3,1,1,1,2,2,2,2,2,3,2,2,1,1,2,2,"Florida",0
"6666",120890,12,31097,26.60395278,-80.06365556,6,6,1,7,1,9,0,12,0,2,2,0,1,3,10,1,12,3,3,2,2,2,2,1,2,1,2,3,2,2,1,2,2,2,"Florida",1
"6667",120891,12,30998,26.69884444,-80.14635,2,2,2,3,13,9,0,12,0,1,1,0,1,1,1,1,12,3,3,1,1,2,2,1,2,1,2,3,2,2,1,2,2,2,"Florida",0
"6668",120892,12,29875,28.58961111,-81.77005,1,1,5,2,12,4,0,42,0,1,1,0,4,1,1,1,12,3,3,1,1,1,2,2,2,1,2,2,2,2,2,2,2,2,"Florida",0
"6669",120893,12,31574,25.92972222,-80.13676667,3,3,4,7,10,9,0,12,0,2,3,0,1,1,1,1,12,3,3,1,2,2,2,2,2,2,2,3,2,1,2,2,1,2,"Florida",0
"6670",120894,12,30992,26.70690556,-80.11921389,1,1,2,3,10,3,0,8,0,3,2,0,1,1,1,1,12,2,2,1,1,1,2,2,1,2,2,3,2,2,2,2,2,2,"Florida",0
"6671",120895,12,31596,25.90915833,-80.25815278,2,2,4,7,5,9,0,12,9,2,3,0,1,3,1,1,12,3,3,2,2,2,1,1,2,2,2,3,2,2,1,2,2,2,"Florida",0
"6672",120896,12,29908,28.55420278,-81.45561944,1,1,4,4,22,9,0,1,0,1,1,0,1,3,10,1,12,3,3,2,1,1,1,2,2,2,2,1,2,2,2,2,2,2,"Florida",1
"6673",120897,12,30004,28.45165278,-81.08602778,1,2,5,5,14,3,0,45,0,1,1,4,3,1,1,1,12,1,2,1,1,1,2,2,2,2,2,3,2,2,2,2,2,2,"Florida",0
"6674",120898,12,30258,28.07488889,-81.51094444,4,4,5,7,21,9,0,12,0,2,2,0,1,2,1,1,12,3,3,2,2,2,2,2,2,2,2,1,2,2,2,2,2,2,"Florida",1
"6675",120899,12,31673,25.81674444,-80.22423333,2,2,5,7,2,9,0,12,0,1,1,0,1,3,1,1,12,3,3,2,2,2,2,2,2,2,2,3,2,1,2,2,2,2,"Florida",0
"6676",120900,12,31498,26.02115833,-80.21611944,1,1,5,1,18,9,0,42,0,1,1,0,4,1,1,1,12,3,3,2,2,1,2,1,2,2,2,3,2,2,2,2,2,2,"Florida",0
"6677",120901,12,31685,25.80908611,-80.24028056,5,5,5,1,23,3,0,12,0,2,2,0,1,3,1,1,12,2,2,2,2,2,2,2,2,2,2,3,2,2,2,1,1,2,"Florida",0
"6678",120902,12,30723,27.47330556,-82.552025,1,1,5,7,1,9,0,8,0,1,1,0,1,2,1,1,12,3,3,2,2,1,2,2,1,2,2,3,2,2,2,1,2,2,"Florida",0
"6679",120903,12,30371,27.99609167,-82.43474444,2,2,5,7,22,2,0,8,0,3,2,0,1,2,1,1,12,2,2,2,2,1,2,2,1,2,2,2,2,2,2,2,2,2,"Florida",0
"6680",120904,12,29157,29.56155,-82.95901944,1,1,5,1,5,9,0,1,0,1,1,0,4,2,1,1,12,3,3,2,2,1,2,2,2,1,2,1,1,2,2,2,2,2,"Florida",1
"6681",120905,12,30905,27.016125,-81.958525,4,4,5,1,17,2,0,1,0,1,1,0,3,1,10,2,12,1,2,1,2,1,2,2,2,1,2,2,2,2,2,2,2,2,"Florida",0
"6682",120906,12,29928,28.54096944,-82.4588,2,2,5,4,11,3,0,12,0,2,3,0,1,1,1,1,12,2,2,1,1,2,1,2,2,2,2,3,2,1,2,2,2,2,"Florida",0
"6683",120907,12,30369,27.99610278,-82.45115,2,2,5,5,14,2,0,8,0,3,2,0,1,1,1,1,12,2,2,1,1,1,2,2,1,2,2,3,2,2,2,2,2,2,"Florida",0
"6684",120908,12,30283,28.04990278,-81.84596944,3,3,5,7,15,2,0,12,1,2,3,0,1,1,1,1,12,2,2,1,2,2,1,2,2,2,2,2,2,1,2,2,2,2,"Florida",0
"6685",120909,12,29485,29.25324444,-81.20833889,10,10,5,2,13,3,0,1,0,1,1,0,1,1,1,1,12,1,2,1,1,1,2,2,2,1,2,2,2,2,2,2,2,2,"Florida",0
"6686",120910,12,30305,28.034025,-82.73836389,3,3,5,3,17,2,0,12,0,2,3,0,1,1,1,1,12,2,2,1,1,2,2,2,2,2,2,2,1,1,2,2,2,2,"Florida",0
"6687",120911,12,31752,25.73478056,-80.26211667,3,3,5,2,18,9,0,12,0,2,2,0,1,1,1,1,12,3,3,2,1,2,2,2,2,2,2,3,2,2,1,2,2,2,"Florida",0
"6688",120912,12,28813,29.77654167,-81.987925,2,2,5,3,16,9,0,12,0,1,1,0,1,1,10,1,12,3,3,1,1,2,2,2,2,1,2,1,2,2,1,2,2,2,"Florida",1
"6689",120913,12,30844,27.216925,-80.34958056,1,1,5,1,23,6,0,32,0,1,1,0,4,2,10,1,12,2,2,2,2,1,1,2,2,2,2,1,2,2,1,2,2,2,"Florida",1
"6690",120914,12,30887,27.08414167,-82.33550833,1,2,5,7,7,9,0,8,0,1,1,0,1,1,1,1,12,3,3,1,2,1,2,2,1,2,2,3,2,2,2,2,2,2,"Florida",0
"6691",120915,12,30151,28.24944167,-82.30341667,2,2,5,2,5,9,0,5,0,3,3,0,1,3,1,1,12,3,3,2,2,1,2,2,2,2,2,3,2,2,2,2,2,2,"Florida",0
"6692",120916,12,31232,26.31840833,-80.09571667,1,1,5,7,21,3,0,42,0,1,1,0,4,3,1,1,12,2,2,2,2,1,2,2,2,2,2,3,2,1,2,2,2,2,"Florida",0
"6693",120917,12,31301,26.23137222,-80.1447,2,2,5,7,2,3,0,12,0,3,3,0,1,3,1,1,12,2,2,2,2,2,2,2,2,2,2,3,1,2,2,1,2,2,"Florida",0
"6694",120918,12,31660,25.8299,-80.23302222,1,1,1,1,4,9,0,11,0,1,1,0,1,3,1,1,12,3,3,2,2,1,1,2,2,2,2,1,2,2,2,2,2,2,"Florida",1
"6695",120919,12,30789,27.350875,-82.54695,1,1,2,7,19,2,0,9,1,2,3,0,1,3,1,1,12,2,2,2,2,1,2,2,2,2,2,1,2,2,2,2,2,2,"Florida",1
"6696",120920,12,31776,25.69428889,-80.32373056,1,1,2,1,9,9,0,42,0,1,1,0,4,1,1,1,12,3,3,1,2,1,2,2,2,2,2,3,2,1,2,2,2,2,"Florida",0
"6697",120921,12,31754,25.73431389,-80.27326944,1,1,3,5,3,9,0,9,0,1,1,0,1,3,1,1,12,3,3,2,1,1,2,2,2,2,2,3,2,2,2,1,2,2,"Florida",0
"6698",120922,12,30505,27.89139167,-81.83125,2,2,4,7,7,9,0,33,0,1,1,0,4,1,1,1,12,3,3,1,2,1,2,2,2,1,2,1,2,2,2,2,2,2,"Florida",1
"6699",120923,12,31051,26.6522,-80.12911944,2,2,4,5,19,3,0,33,0,3,3,0,4,1,1,2,12,2,2,2,1,1,2,1,2,2,2,3,2,2,2,2,2,2,"Florida",0
"6700",120924,12,31667,25.82417222,-80.23278889,2,2,4,3,20,3,0,12,0,2,2,0,1,3,1,1,12,2,2,2,1,2,2,1,2,2,2,1,2,2,1,2,2,2,"Florida",1
"6701",120925,12,27912,30.28333056,-81.61666389,1,1,5,6,20,9,0,8,0,2,2,0,1,3,1,1,12,3,3,2,2,1,2,2,1,2,2,3,2,2,2,2,2,2,"Florida",0
"6702",120926,12,28212,30.15446944,-81.74811111,1,1,5,6,14,9,0,1,1,2,2,0,1,1,1,1,12,3,3,1,1,1,1,2,2,2,2,3,2,2,2,2,2,2,"Florida",0
"6703",120929,12,29645,28.98275,-81.89611944,1,1,5,5,0,9,0,52,0,1,1,0,4,2,1,1,12,3,3,2,1,1,2,2,2,2,2,1,2,2,2,2,2,2,"Florida",1
"6704",120930,12,29781,28.75999722,-81.26946944,3,3,5,7,22,3,0,12,1,2,2,0,1,3,1,1,12,1,2,2,2,2,2,2,2,2,2,3,2,1,1,2,2,2,"Florida",0
"6705",120931,12,30330,28.01977222,-82.57564722,1,1,5,7,23,9,0,8,0,2,3,0,1,3,1,1,12,3,3,2,2,1,2,2,1,2,2,3,2,2,2,2,2,2,"Florida",0
"6706",120932,12,27976,30.25788056,-82.13116111,1,1,5,1,2,9,0,8,0,1,1,0,1,2,1,1,12,3,3,2,2,1,2,2,1,2,2,2,2,2,2,2,2,2,"Florida",0
"6707",120933,12,27290,30.60978333,-85.38562778,1,1,5,1,13,6,0,1,0,2,3,0,1,1,1,1,12,2,2,1,2,1,1,1,2,2,2,3,2,2,2,2,2,2,"Florida",0
"6708",120934,12,27905,30.28661667,-81.54240556,2,2,5,3,13,9,0,12,0,1,1,0,1,1,1,1,12,3,3,1,1,2,1,2,2,2,2,3,2,2,2,2,2,2,"Florida",0
"6709",120935,12,27574,30.44126111,-86.59683889,2,2,5,5,7,3,0,1,0,2,3,0,1,1,1,1,12,2,2,1,1,2,1,2,2,2,2,3,2,1,2,2,2,2,"Florida",2
"6710",120937,12,29281,29.46821111,-81.27495,2,2,5,7,15,3,0,12,0,8,1,0,1,1,1,1,12,1,2,1,2,2,1,2,2,2,2,1,2,2,2,2,1,2,"Florida",1
"6711",120938,12,28399,30.02526111,-82.3225,6,6,5,2,11,9,0,12,0,1,1,1,1,1,10,1,12,3,3,1,1,3,2,2,2,2,2,3,2,1,2,2,2,2,"Florida",0
"6712",120939,12,28326,30.07985,-81.70686111,3,3,5,3,12,2,0,12,1,2,2,0,1,1,10,2,12,2,2,1,1,2,2,2,2,2,2,2,2,1,2,2,2,2,"Florida",0
"6713",120940,12,31500,26.02042222,-80.28688611,1,1,5,3,8,6,0,8,0,3,2,0,1,1,1,1,12,2,2,1,1,1,2,2,1,2,2,3,2,2,2,2,1,2,"Florida",0
"6714",120941,12,27987,30.25370556,-81.50942222,1,1,5,5,22,9,0,42,1,5,1,0,4,3,10,1,12,3,3,2,1,1,2,2,2,2,2,2,1,2,2,2,2,2,"Florida",0
"6715",120942,12,27082,30.78196944,-84.98333889,2,2,5,5,19,6,0,1,0,1,1,0,1,5,1,1,12,2,2,2,1,1,2,2,2,1,2,3,1,2,2,2,2,2,"Florida",0
"6716",120943,12,30115,28.30448889,-81.411875,2,2,5,7,14,9,0,12,0,2,2,0,1,1,1,1,12,3,3,1,2,2,1,2,2,2,2,3,2,2,2,2,2,2,"Florida",0
"6717",120944,12,30145,28.26051944,-81.43644444,2,2,5,7,1,2,0,12,0,3,2,0,1,2,1,1,12,2,2,2,2,2,2,2,2,1,2,1,2,2,2,2,1,2,"Florida",1
"6718",120945,12,27246,30.63975833,-84.97692778,7,7,5,2,12,1,0,12,0,1,1,0,1,1,10,2,12,1,1,1,1,3,2,2,2,2,2,3,2,2,2,2,2,2,"Florida",0
"6719",120946,12,27592,30.43649444,-87.22910278,4,4,5,2,3,9,0,1,0,3,2,4,1,2,1,1,12,3,3,2,2,2,1,2,2,2,2,3,2,2,2,2,2,2,"Florida",0
"6720",120947,12,27926,30.27728889,-81.6031,1,1,5,3,15,9,0,8,0,3,2,0,1,1,1,1,12,3,3,1,1,1,2,2,1,2,2,3,2,2,2,2,2,2,"Florida",0
"6721",120948,12,30266,28.06126389,-82.35333889,2,2,5,4,23,1,0,8,0,1,1,0,1,2,1,1,12,2,1,2,1,2,2,2,1,2,2,3,2,2,2,2,2,2,"Florida",0
"6722",120949,12,30760,27.41993889,-80.40803333,6,6,5,5,8,3,0,12,0,1,1,0,1,1,10,1,12,1,2,1,1,2,2,2,2,2,2,2,2,2,2,2,2,2,"Florida",0
"6723",120950,12,29244,29.49658889,-82.17166111,1,1,5,5,17,4,0,42,0,1,1,0,4,1,1,1,12,2,2,1,1,1,2,2,2,2,2,2,2,1,2,2,2,2,"Florida",0
"6724",120951,12,31161,26.47011389,-80.64274444,1,1,5,6,19,2,0,38,0,1,1,0,4,1,1,1,12,1,2,2,2,1,2,2,2,2,2,2,2,2,2,2,2,2,"Florida",0
"6725",120952,12,30865,27.14286944,-80.29196944,5,5,5,5,12,3,0,1,0,1,1,0,1,1,1,1,12,2,2,1,1,1,2,2,2,1,2,3,2,2,2,2,2,2,"Florida",0
"6726",120953,12,30198,28.15521944,-82.49298333,3,3,5,1,9,9,0,12,0,2,2,0,1,1,1,1,12,3,3,1,2,3,1,2,2,2,2,3,2,2,2,2,2,2,"Florida",0
"6727",120954,12,30287,28.048025,-82.60659167,3,3,6,2,2,9,0,33,0,1,1,0,3,3,1,1,12,3,3,2,2,2,2,1,2,2,2,1,1,2,2,2,2,2,"Florida",1
"6728",120955,12,31228,26.31874722,-80.10482222,7,7,5,5,15,3,0,12,0,2,2,0,1,1,10,1,12,2,2,1,1,2,2,2,2,2,2,3,2,2,1,2,2,2,"Florida",0
"6729",120956,12,31004,26.69150556,-80.09290556,4,4,2,7,23,9,0,8,0,1,1,0,1,2,1,1,12,3,3,2,2,3,2,2,1,2,2,3,2,2,1,2,2,2,"Florida",0
"6730",120957,12,27696,30.38701944,-86.447475,1,1,3,1,20,2,0,8,0,2,2,0,1,3,1,1,12,2,2,2,2,1,2,2,1,2,2,3,2,2,2,2,2,2,"Florida",0
"6731",120958,12,30547,27.84644722,-82.72861667,6,6,3,6,12,9,0,12,0,3,2,0,1,1,1,1,12,3,3,1,1,3,2,2,2,2,2,3,2,1,2,2,2,2,"Florida",0
"6732",120959,12,30320,28.02531111,-82.47859722,2,2,5,7,0,9,0,8,0,3,2,0,1,2,1,1,12,3,3,2,2,1,2,2,1,2,2,3,2,2,2,2,2,2,"Florida",0
"6733",120960,12,30895,27.04281944,-82.29746111,1,1,5,7,19,9,0,30,0,1,1,0,4,5,1,1,12,3,3,2,2,1,2,1,2,2,2,1,2,2,1,2,2,2,"Florida",1
"6734",120961,12,30757,27.42710278,-81.40373056,1,1,5,3,12,2,0,9,0,1,1,0,1,1,1,1,12,2,2,1,1,1,2,2,2,2,2,3,2,1,2,2,1,2,"Florida",0
"6735",120962,12,27478,30.48396111,-81.78489722,2,2,5,4,22,9,0,12,0,2,2,0,1,3,10,1,12,3,3,2,1,2,2,2,2,2,2,1,2,2,2,2,2,2,"Florida",2
"6736",120963,12,31026,26.67465,-81.88308889,3,3,5,3,8,2,0,12,0,2,2,0,1,1,1,1,12,2,2,1,1,3,2,1,2,2,2,3,2,1,2,2,2,2,"Florida",0
"6737",120964,12,30886,27.08461944,-80.26306389,2,2,5,4,4,9,0,12,0,1,1,0,1,2,1,1,12,3,3,2,1,2,2,2,2,2,2,1,2,2,2,2,2,2,"Florida",1
"6738",120965,12,31139,26.52463056,-81.588,6,6,5,6,23,3,0,12,0,1,1,0,1,2,1,1,12,2,2,2,2,2,2,2,2,2,2,3,2,2,2,2,2,2,"Florida",0
"6739",120966,12,29709,28.86215278,-81.68473333,1,1,5,7,2,3,0,24,0,1,1,0,4,3,1,1,12,2,2,2,2,1,1,1,2,2,2,1,2,2,2,2,2,2,"Florida",1
"6740",120967,12,30607,27.76650278,-82.67936944,3,3,5,1,3,2,0,12,0,2,2,0,1,3,1,1,12,2,2,2,2,2,2,1,2,2,2,1,2,2,2,1,2,2,"Florida",1
"6741",120968,12,29821,28.678925,-82.13655833,2,2,5,2,18,9,0,25,0,1,1,0,3,1,1,1,12,3,3,2,1,1,2,2,2,1,2,3,2,2,1,2,2,2,"Florida",1
"6742",120970,12,30888,27.07260556,-81.408725,2,2,5,4,18,4,0,1,0,1,1,0,2,1,1,1,12,3,3,2,1,1,2,2,2,1,2,2,2,2,2,2,2,2,"Florida",1
"6743",120971,12,30912,26.97593889,-80.17983889,2,2,5,5,2,1,0,12,0,1,1,0,1,2,1,1,12,1,1,2,1,2,2,2,2,2,2,1,2,2,1,2,1,2,"Florida",1
"6744",120972,12,31511,26.00765,-80.33998889,5,5,5,5,23,1,0,12,0,8,1,4,1,2,1,2,12,2,1,2,1,3,2,2,2,2,2,3,1,2,2,2,2,2,"Florida",0