"","ST_CASE","OBJECT_ID","FID","LATITUDE","LONGITUD","PERMVIT","PERSONS","MONTH","DAY_WEEK","HOUR","ROUTE","SP_JUR","HARM_EV","RELJCT1","RELJCT2","TYP_INT","WRK_ZONE","REL_ROAD","LGT_COND","WEATHER","FATALS","STATE","A_RU","A_INTER","A_TOD","A_DOW","A_CT","A_MC","A_SPCRA","A_PED","A_ROLL","A_POLPUR","A_POSBAC","A_D15_20","A_D65PLS","A_D21_24","A_HR","A_DIST","A_DROWSY","STATE_NAME","drunkDr"
"7019",121258,12,30911,26.988225,-82.00732778,1,1,7,7,15,6,0,1,0,1,1,0,4,9,1,1,12,2,2,1,2,1,1,1,2,2,2,2,2,2,1,2,2,2,"Florida",0
"7020",121259,12,31608,25.88960556,-80.30780278,5,5,6,7,14,9,0,12,0,3,2,0,1,1,1,1,12,3,3,1,2,3,2,2,2,2,2,3,2,1,2,2,2,2,"Florida",0
"7021",121261,12,28493,29.9784,-81.89776944,6,6,6,3,14,3,0,12,0,1,1,0,1,1,1,5,12,1,2,1,1,2,2,2,2,2,2,1,2,2,1,2,2,2,"Florida",1
"7022",121262,12,31135,26.52764444,-80.14736389,1,1,6,4,13,9,0,33,0,1,1,0,4,1,1,1,12,3,3,1,1,1,2,2,2,2,2,3,2,1,2,2,2,2,"Florida",0
"7023",121263,12,31079,26.61759444,-80.16500556,4,4,6,6,15,3,0,12,0,2,2,0,1,1,1,1,12,2,2,1,1,2,2,2,2,2,2,3,2,1,1,2,1,2,"Florida",0
"7024",121264,12,30232,28.10668333,-81.62637778,2,2,6,3,11,9,0,8,0,1,1,0,1,1,1,1,12,3,3,1,1,1,2,2,1,2,2,3,2,1,2,2,1,2,"Florida",0
"7025",121265,12,31187,26.41248611,-80.09025556,2,2,7,5,23,1,0,1,0,1,1,0,1,3,1,1,12,2,1,2,1,2,1,1,2,2,2,3,2,2,1,2,1,2,"Florida",0
"7026",121266,12,30120,28.30113056,-81.35913056,2,2,7,7,13,9,0,42,0,1,1,0,4,1,1,1,12,3,3,1,2,1,2,2,2,2,2,3,2,2,2,2,2,2,"Florida",0
"7027",121267,12,31570,25.93288889,-80.21303889,1,1,7,7,12,9,0,24,0,1,1,0,4,1,1,1,12,3,3,1,2,1,1,1,2,2,2,3,2,2,2,2,2,2,"Florida",0
"7028",121268,12,29855,28.61754722,-81.28179167,1,1,7,7,2,9,0,33,0,1,1,0,4,2,1,1,12,3,3,2,2,1,1,2,2,2,2,3,2,2,1,2,2,2,"Florida",0
"7029",121269,12,27507,30.47096111,-84.63371944,2,2,7,1,3,3,0,35,0,1,1,0,4,2,1,1,12,1,2,2,2,1,2,2,2,2,2,1,2,2,1,2,2,2,"Florida",1
"7030",121270,12,27277,30.61646389,-86.961675,2,2,7,1,15,9,0,12,0,2,3,0,1,1,10,1,12,3,3,1,2,2,1,2,2,2,2,3,2,2,1,2,2,2,"Florida",0
"7031",121272,12,29610,29.04321111,-81.92405,4,4,7,4,11,9,0,12,0,1,1,0,1,1,1,1,12,3,3,1,1,2,2,2,2,2,2,3,2,2,2,2,2,2,"Florida",0
"7032",121273,12,31541,25.95928889,-80.16576111,5,5,7,5,4,1,0,12,0,1,1,0,1,3,1,1,12,2,1,2,1,3,2,2,2,2,2,3,2,2,2,2,2,2,"Florida",0
"7033",121274,12,27128,30.74293611,-86.39670556,1,1,7,5,14,2,0,10,0,6,1,0,1,1,10,1,12,1,2,1,1,1,2,2,2,2,2,3,2,1,2,2,2,2,"Florida",0
"7034",121275,12,28221,30.14999167,-81.54614167,2,2,7,1,21,9,0,1,0,1,1,0,4,3,10,1,12,3,3,2,2,1,2,2,2,1,2,1,2,1,2,2,2,2,"Florida",1
"7035",121276,12,29977,28.48127778,-82.30856111,2,2,7,2,1,2,0,12,0,1,1,0,1,3,1,1,12,2,2,2,2,2,2,2,2,2,2,3,2,2,2,2,2,2,"Florida",0
"7036",121277,12,28832,29.76120556,-82.05547778,5,5,7,6,22,3,0,8,0,1,1,0,1,2,10,2,12,2,2,2,2,1,2,2,1,2,2,2,2,2,2,2,2,2,"Florida",0
"7037",121279,12,30354,28.00241111,-82.29966944,5,5,7,6,14,2,0,12,0,3,3,0,1,1,1,1,12,2,2,1,1,2,2,2,2,2,2,3,2,2,2,2,2,2,"Florida",0
"7038",121280,12,28377,30.04263611,-81.86923611,2,2,7,7,3,9,0,32,0,1,1,0,4,2,10,1,12,3,3,2,2,1,1,2,2,2,2,1,2,2,2,2,1,2,"Florida",1
"7039",121281,12,30907,27.00935833,-80.108225,1,1,7,7,17,9,0,1,0,1,1,0,4,1,1,1,12,3,3,1,2,1,1,2,2,2,2,1,2,2,2,2,2,2,"Florida",1
"7040",121282,12,29758,28.80006111,-81.33125,4,4,7,7,2,3,0,12,0,1,1,0,1,3,1,1,12,2,2,2,2,3,2,2,2,1,2,1,2,2,2,2,2,2,"Florida",1
"7041",121283,12,29605,29.04953056,-82.45068056,1,1,7,7,15,9,0,14,0,1,1,0,4,1,10,1,12,3,3,1,2,1,2,2,2,1,2,2,2,1,2,2,2,2,"Florida",0
"7042",121284,12,31859,25.08381667,-80.45186389,1,1,7,1,1,9,0,30,0,1,1,0,4,2,1,1,12,3,3,2,2,1,1,2,2,2,2,3,2,2,2,2,2,2,"Florida",0
"7043",121285,12,28237,30.13978056,-82.67588056,1,1,7,1,5,9,0,42,0,1,1,0,4,2,1,1,12,3,3,2,2,1,2,1,2,1,2,1,2,2,1,2,2,2,"Florida",1
"7044",121286,12,31065,26.63405,-80.088575,7,7,5,1,10,3,0,12,0,2,2,0,1,1,1,1,12,2,2,1,2,3,2,2,2,2,2,1,1,1,1,2,2,2,"Florida",1
"7045",121287,12,31809,25.61283611,-80.37367222,2,2,5,7,17,9,0,12,0,2,2,0,1,1,1,1,12,3,3,1,2,2,1,2,2,2,2,3,2,2,2,2,2,2,"Florida",0
"7046",121288,12,31741,25.75079722,-80.22195278,5,5,5,7,1,9,0,12,0,2,2,0,1,3,1,1,12,3,3,2,2,2,2,2,2,2,2,1,2,2,2,2,2,2,"Florida",1
"7047",121289,12,29622,29.01988333,-80.88609722,4,4,5,1,17,9,0,12,0,1,1,0,1,1,1,1,12,3,3,1,2,3,1,2,2,2,2,3,1,2,1,2,1,2,"Florida",1
"7048",121290,12,30261,28.06918611,-82.43456111,1,1,5,3,22,9,0,8,0,2,2,0,1,3,2,1,12,3,3,2,1,1,2,2,1,2,2,3,2,2,2,2,2,2,"Florida",1
"7049",121291,12,31727,25.77052778,-80.30418056,1,1,5,4,12,9,0,8,0,2,2,0,1,1,1,1,12,3,3,1,1,1,2,2,1,2,2,3,2,2,2,1,2,2,"Florida",0
"7050",121293,12,29812,28.69414444,-81.55844722,1,1,5,1,22,3,0,8,0,1,1,0,1,3,1,1,12,2,2,2,2,1,2,2,1,2,2,3,2,2,2,1,2,2,"Florida",0
"7051",121294,12,30253,28.07919722,-81.81746389,3,3,6,5,20,9,0,12,0,2,3,0,1,2,1,2,12,3,3,2,1,2,1,2,2,2,2,3,2,2,1,2,2,2,"Florida",0
"7052",121295,12,31505,26.00999722,-80.211625,2,2,6,5,23,9,0,8,0,2,2,4,1,3,1,1,12,3,3,2,1,1,2,2,1,2,2,3,2,2,2,2,2,2,"Florida",0
"7053",121296,12,30946,26.82956667,-80.18184722,2,2,6,7,20,3,0,9,0,1,1,0,2,6,1,1,12,1,2,2,2,1,2,2,2,2,2,3,2,2,2,1,1,2,"Florida",0
"7054",121297,12,31503,26.01209722,-80.24816111,3,3,5,6,11,3,0,12,0,2,3,0,1,1,1,1,12,2,2,1,1,2,1,2,2,2,2,3,2,1,2,2,2,2,"Florida",0
"7055",121298,12,31029,26.67364444,-80.1122,5,5,3,7,19,3,0,12,0,2,2,0,1,1,1,1,12,2,2,2,2,3,1,2,2,2,2,3,2,2,1,2,2,2,"Florida",1
"7056",121299,12,31557,25.9437,-80.26155278,1,1,6,7,11,9,0,8,0,1,1,0,1,1,10,1,12,3,3,1,2,1,2,2,1,2,2,3,2,2,2,2,2,2,"Florida",0
"7057",121300,12,29497,29.23140833,-81.09643333,2,2,6,2,21,9,0,12,0,2,3,0,1,2,1,1,12,3,3,2,1,2,1,2,2,2,2,3,2,2,1,2,2,2,"Florida",0
"7058",121301,12,29742,28.81292778,-81.73325556,1,1,6,2,21,9,0,8,0,1,1,0,1,3,1,1,12,3,3,2,1,1,2,2,1,2,2,1,2,2,2,2,2,2,"Florida",1
"7059",121302,12,30295,28.04069444,-82.029725,5,5,6,5,17,9,0,12,0,2,3,0,1,1,2,1,12,3,3,1,1,2,2,2,2,2,2,2,2,2,1,2,2,2,"Florida",0
"7060",121303,12,29561,29.14080556,-81.12645556,4,4,7,4,14,2,0,12,1,2,3,0,1,1,1,1,12,2,2,1,1,2,2,2,2,2,2,3,2,1,2,2,2,2,"Florida",0
"7061",121304,12,29039,29.65990556,-84.87131111,3,3,7,4,0,9,0,12,0,3,3,0,1,2,1,1,12,3,3,2,1,2,2,2,2,1,2,3,2,2,2,2,2,2,"Florida",0
"7062",121305,12,30485,27.904175,-81.61684167,1,1,7,5,19,9,0,8,0,1,1,0,5,1,1,1,12,3,3,2,1,1,2,2,1,2,2,2,2,2,2,2,2,2,"Florida",0
"7063",121306,12,27179,30.693575,-86.76450833,6,6,7,7,17,1,0,12,0,1,1,0,1,1,1,1,12,1,1,1,2,2,2,2,2,1,2,3,2,2,2,2,2,2,"Florida",0
"7064",121307,12,31784,25.68555278,-80.35266111,3,3,7,1,14,3,0,1,0,1,1,0,1,1,10,1,12,2,2,1,2,2,1,2,2,2,2,3,2,2,1,2,2,2,"Florida",0
"7065",121308,12,30023,28.41163889,-82.19186111,3,3,7,1,3,2,0,12,0,1,1,0,1,3,1,1,12,2,2,2,2,2,2,1,2,1,2,1,2,2,2,2,2,2,"Florida",1
"7066",121309,12,29586,29.09373056,-82.05353056,2,2,7,3,7,3,0,12,1,2,3,0,1,1,1,1,12,2,2,1,1,2,2,2,2,2,2,3,2,1,1,2,2,2,"Florida",0
"7067",121310,12,27642,30.41108056,-86.70131111,3,3,7,3,16,9,0,1,0,8,1,0,1,1,1,1,12,3,3,1,1,2,1,2,2,2,2,3,2,1,2,2,2,2,"Florida",0
"7068",121311,12,27016,30.85772222,-86.87260556,2,2,7,4,16,9,0,12,1,2,2,0,1,1,10,1,12,3,3,1,1,2,2,2,2,1,2,3,1,2,2,2,1,2,"Florida",0
"7069",121312,12,27751,30.35612222,-81.66674722,3,3,7,4,19,1,0,12,1,3,3,0,1,5,10,1,12,2,2,2,1,2,1,2,2,2,2,2,2,2,2,2,2,2,"Florida",0
"7070",121313,12,30352,28.00380556,-81.14433889,7,7,7,5,14,3,0,24,0,1,1,0,3,1,10,2,12,1,2,1,1,2,2,2,2,1,2,3,2,2,2,2,2,2,"Florida",0
"7071",121314,12,31188,26.40988889,-80.08993611,7,7,7,7,5,1,0,12,0,1,1,0,1,3,1,2,12,2,1,2,2,3,2,2,2,2,2,1,2,2,1,2,2,2,"Florida",1
"7072",121315,12,30752,27.43216111,-82.42289722,1,1,7,1,1,3,0,30,0,1,1,0,4,2,10,1,12,2,2,2,2,1,2,2,2,2,2,2,2,2,1,2,2,2,"Florida",0
"7073",121316,12,31837,25.4846,-80.4609,4,4,7,1,20,2,0,12,0,2,2,0,1,3,1,1,12,2,2,2,2,3,1,2,2,2,2,3,2,2,1,2,2,2,"Florida",0
"7074",121317,12,31090,26.6072,-82.0223,3,3,7,3,22,9,0,12,0,1,1,0,1,3,1,1,12,3,3,2,1,2,1,2,2,2,2,1,2,1,2,2,2,2,"Florida",1
"7075",121318,12,30713,27.49143056,-82.54361389,1,1,7,5,11,9,0,38,0,1,1,0,5,1,2,1,12,3,3,1,1,1,2,2,2,2,2,3,2,2,1,2,2,2,"Florida",0
"7076",121319,12,30601,27.77176944,-82.70679167,1,1,7,5,4,9,0,42,0,1,1,0,5,3,1,1,12,3,3,2,1,1,2,2,2,2,2,3,2,2,2,2,2,2,"Florida",0
"7077",121320,12,27079,30.78418889,-86.87948056,1,1,7,1,11,9,0,35,0,1,1,0,4,1,1,1,12,3,3,1,2,1,1,2,2,2,2,2,2,1,2,2,2,2,"Florida",0
"7078",121323,12,30355,28.00240833,-81.89780556,5,5,5,2,12,2,0,12,1,3,3,0,1,1,1,1,12,2,2,1,1,3,2,2,2,2,2,3,2,1,2,2,2,2,"Florida",0
"7079",121324,12,29568,29.12559722,-81.2855,2,2,5,5,22,3,0,12,0,1,1,0,1,2,1,1,12,1,2,2,1,2,2,2,2,2,2,3,2,2,2,2,2,2,"Florida",1
"7080",121325,12,29676,28.91563333,-80.86965833,1,1,3,3,3,2,0,30,0,1,1,0,4,2,1,1,12,2,2,2,1,1,2,1,2,1,2,3,2,2,1,2,2,2,"Florida",1
"7081",121326,12,30996,26.69949167,-80.16597222,1,1,2,7,17,9,0,8,0,2,2,0,1,1,1,1,12,3,3,1,2,1,2,2,1,2,2,3,2,2,2,2,2,2,"Florida",0
"7082",121327,12,31037,26.66495278,-80.26001667,1,1,2,4,21,9,0,9,0,2,3,0,1,2,1,1,12,3,3,2,1,1,2,2,2,2,2,3,2,2,2,2,2,2,"Florida",0
"7083",121328,12,30503,27.893175,-81.83440278,9,9,4,1,17,9,0,12,0,2,2,0,1,1,10,1,12,3,3,1,2,2,2,2,2,2,2,3,2,2,1,2,2,2,"Florida",0
"7084",121329,12,30762,27.41816944,-80.38229722,2,2,5,7,16,9,0,12,0,8,1,0,1,1,1,1,12,3,3,1,2,2,2,2,2,2,2,3,2,1,2,2,2,2,"Florida",0
"7085",121330,12,31615,25.87703611,-80.31527778,1,1,6,7,23,9,0,8,0,2,2,0,1,3,1,1,12,3,3,2,2,1,2,2,1,2,2,3,2,2,2,2,2,2,"Florida",0
"7086",121331,12,29931,28.53925278,-81.25720833,3,3,7,4,22,9,0,8,0,1,1,0,1,3,2,1,12,3,3,2,1,2,2,2,1,2,2,3,1,2,2,1,2,2,"Florida",0
"7087",121332,12,31392,26.15396944,-81.60379722,3,3,7,6,6,1,0,12,0,1,1,0,1,1,1,2,12,1,1,1,1,2,2,2,2,2,2,3,2,2,2,2,1,1,"Florida",0
"7088",121333,12,30745,27.44313333,-80.34279444,1,1,5,7,22,9,0,8,0,1,1,0,1,3,5,1,12,3,3,2,2,1,2,2,1,2,2,3,1,2,2,2,2,2,"Florida",0
"7089",121334,12,31151,26.49283611,-81.76854167,2,2,7,3,10,9,0,12,0,1,1,0,1,1,1,1,12,3,3,1,1,2,2,2,2,2,2,3,2,1,2,2,2,2,"Florida",0
"7090",121335,12,30055,28.36185,-81.39806944,3,3,7,6,12,9,0,12,0,1,1,0,1,1,10,1,12,3,3,1,1,2,2,2,2,2,2,1,2,2,2,2,2,2,"Florida",1
"7091",121336,12,30012,28.44099722,-81.33475278,3,3,7,7,6,9,0,12,0,1,1,0,1,4,1,2,12,3,3,1,2,3,2,2,2,2,2,1,2,2,2,2,2,2,"Florida",1
"7092",121337,12,30032,28.39394444,-82.19536389,1,1,7,1,0,2,0,8,0,1,1,0,1,2,1,1,12,2,2,2,2,1,2,2,1,2,2,3,2,2,2,2,2,2,"Florida",0
"7093",121338,12,27294,30.60741667,-86.98296667,1,1,7,2,12,9,0,1,0,1,1,0,4,1,1,1,12,3,3,1,1,1,2,2,2,1,2,2,2,1,2,2,2,2,"Florida",0
"7094",121339,12,30512,27.88373611,-82.32693889,1,1,7,3,5,2,0,9,0,1,1,0,1,3,10,1,12,2,2,2,1,1,2,2,2,2,2,3,2,2,2,2,2,2,"Florida",0
"7095",121340,12,27575,30.441025,-84.32598889,2,2,7,3,9,3,0,12,0,2,2,0,1,1,1,1,12,2,2,1,1,2,2,2,2,2,2,3,2,1,2,2,2,2,"Florida",0
"7096",121341,12,28140,30.18871111,-85.77371389,3,3,7,3,19,9,0,9,0,1,1,0,1,5,10,1,12,3,3,2,1,1,2,2,2,2,2,3,2,1,2,2,2,2,"Florida",0
"7097",121343,12,31492,26.03361389,-80.26463611,1,1,7,7,13,9,0,33,0,1,1,0,3,1,2,1,12,3,3,1,2,1,2,2,2,2,2,3,1,2,2,2,2,2,"Florida",0
"7098",121344,12,31286,26.24246389,-80.16519444,1,1,7,3,3,3,0,8,0,1,1,0,1,2,1,1,12,2,2,2,1,1,2,2,1,2,2,3,2,2,2,2,2,2,"Florida",0
"7099",121345,12,30271,28.05665833,-81.73219167,1,1,7,4,7,9,0,33,0,1,1,0,4,1,1,1,12,3,3,1,1,1,2,2,1,2,2,3,2,2,2,2,2,2,"Florida",0
"7100",121346,12,30591,27.78498889,-82.78318611,1,1,5,6,1,9,0,15,0,3,3,0,1,3,1,1,12,3,3,2,1,1,2,2,2,2,2,3,2,2,1,1,2,2,"Florida",0
"7101",121347,12,30795,27.32849167,-82.53851389,2,2,5,7,1,2,0,12,1,2,2,0,1,3,1,1,12,2,2,2,2,2,1,2,2,2,2,1,2,2,1,2,2,2,"Florida",1
"7102",121348,12,27890,30.29063889,-81.62983889,1,1,7,5,4,9,0,20,0,1,1,0,4,3,1,1,12,3,3,2,1,1,2,2,2,2,2,3,2,2,2,2,2,2,"Florida",0
"7103",121349,12,28517,29.96809722,-81.35196667,3,3,7,6,21,2,0,12,0,1,1,0,1,2,1,2,12,2,2,2,2,2,2,2,2,1,2,1,2,2,2,2,2,2,"Florida",1
"7104",121350,12,31798,25.63774444,-80.50403611,2,2,7,7,17,9,0,1,0,3,3,0,4,1,1,2,12,3,3,1,2,1,2,2,2,1,2,3,2,2,2,2,2,2,"Florida",0
"7105",121351,12,31103,26.58699722,-80.14619444,5,5,7,7,12,9,0,12,0,8,1,0,1,1,10,1,12,3,3,1,2,2,2,1,2,2,2,3,1,1,2,2,2,2,"Florida",0
"7106",121352,12,31679,25.81136111,-80.1894,1,1,7,4,20,1,0,8,0,1,1,0,1,5,10,1,12,2,1,2,1,1,2,2,1,2,2,3,2,2,2,2,2,2,"Florida",0
"7107",121353,12,30249,28.08201944,-82.27706389,1,1,7,5,2,2,0,8,0,1,1,0,1,2,10,1,12,1,2,2,1,1,2,2,1,2,2,3,2,2,1,2,2,2,"Florida",0
"7108",121354,12,31515,26.00219722,-80.432225,2,2,7,1,1,2,0,12,0,1,1,0,1,2,1,1,12,2,2,2,2,2,1,1,2,2,2,3,2,2,1,2,2,2,"Florida",0
"7109",121355,12,28244,30.13556111,-81.754,1,1,7,2,16,9,0,10,0,6,1,0,1,1,1,1,12,3,3,1,1,1,2,2,2,2,2,2,2,2,2,2,2,2,"Florida",0
"7110",121356,12,30854,27.19027778,-80.25104444,1,1,7,2,11,2,0,9,0,1,1,0,1,1,1,1,12,2,2,1,1,1,2,2,2,2,2,3,2,2,2,2,2,2,"Florida",0
"7111",121357,12,28370,30.04891944,-82.07017222,1,1,7,3,17,2,0,8,0,1,1,0,1,1,10,1,12,1,2,1,1,1,2,2,1,2,2,2,2,2,2,2,2,2,"Florida",0
"7112",121358,12,31218,26.33884722,-80.15376944,1,1,7,4,18,3,0,33,0,1,1,0,3,1,10,1,12,2,2,2,1,1,2,2,2,2,2,1,2,2,2,2,2,2,"Florida",1
"7113",121359,12,30426,27.96081111,-81.09923889,2,2,7,7,22,3,0,8,0,1,1,0,1,2,10,1,12,1,2,2,2,1,2,2,1,2,2,3,2,2,2,2,2,2,"Florida",0
"7114",121360,12,29333,29.42864167,-81.22509722,2,2,7,7,0,2,0,30,0,1,1,0,3,2,10,1,12,2,2,2,2,1,2,2,2,1,2,1,2,2,1,2,2,2,"Florida",1
"7115",121361,12,31316,26.21161111,-80.10690833,3,3,7,1,14,2,0,12,0,2,2,0,1,1,1,1,12,2,2,1,2,2,1,2,2,2,2,3,2,1,2,2,2,2,"Florida",0
"7116",121362,12,30853,27.19330278,-80.25655278,2,2,7,1,19,2,0,12,0,2,2,0,1,1,1,1,12,2,2,2,2,2,1,2,2,2,2,1,1,1,2,2,2,2,"Florida",1
"7117",121363,12,30553,27.83958333,-82.63876944,3,3,7,3,23,2,0,8,0,3,3,0,1,3,1,1,12,2,2,2,1,1,2,2,1,2,2,3,2,1,2,2,2,2,"Florida",0
"7118",121364,12,27447,30.49688611,-86.55627778,1,1,7,4,7,3,0,1,0,1,1,0,4,1,1,1,12,1,2,1,1,1,1,2,2,2,2,2,2,2,2,2,2,2,"Florida",0
"7119",121365,12,30351,28.00438056,-80.56381111,2,2,7,1,14,3,0,1,0,1,1,0,4,1,10,1,12,1,2,1,2,1,2,1,2,1,2,1,2,2,2,2,2,2,"Florida",1
"7120",121367,12,31659,25.83276111,-80.29349722,1,1,7,3,11,2,0,30,0,1,1,0,4,1,1,1,12,2,2,1,1,1,2,2,2,2,2,3,2,1,2,2,2,2,"Florida",0
"7121",121368,12,31605,25.89461667,-80.29184444,2,2,7,7,1,3,0,12,1,2,3,0,1,3,1,1,12,2,2,2,2,2,2,2,2,2,2,1,2,2,2,2,2,2,"Florida",1
"7122",121369,12,26933,30.96815,-87.35961944,2,2,7,7,19,9,0,32,0,1,1,0,4,5,1,2,12,3,3,2,2,1,1,2,2,2,2,1,2,2,2,2,2,2,"Florida",1
"7123",121370,12,30196,28.15765,-81.80188056,4,4,7,2,13,9,0,52,0,1,1,0,3,1,10,1,12,3,3,1,1,1,2,1,2,2,2,3,1,2,2,2,2,2,"Florida",0
"7124",121371,12,31006,26.68859167,-80.27923611,1,1,6,7,21,9,0,42,0,1,1,0,4,2,1,1,12,3,3,2,2,1,2,2,2,1,2,1,2,2,2,2,2,2,"Florida",1
"7125",121372,12,31477,26.06556111,-80.24048056,3,3,7,2,7,9,0,12,0,2,3,0,1,1,1,1,12,3,3,1,1,2,1,2,2,2,2,1,2,2,2,2,2,2,"Florida",1
"7126",121373,12,30687,27.57896944,-82.55008056,3,3,7,7,19,9,0,9,0,2,3,0,1,1,1,1,12,3,3,2,2,1,2,2,2,2,2,2,2,2,1,2,2,2,"Florida",0
"7127",121374,12,31525,25.98284722,-80.21889167,5,5,5,1,14,9,0,42,0,1,1,0,4,1,1,1,12,3,3,1,2,1,2,2,2,2,2,1,2,2,1,2,2,2,"Florida",1
"7128",121375,12,30704,27.50713889,-81.76828889,3,3,7,1,2,3,0,32,0,1,1,0,4,2,1,1,12,1,2,2,2,1,2,2,2,1,2,2,2,2,2,2,1,2,"Florida",0
"7129",121376,12,29173,29.54963056,-81.215725,4,4,7,2,2,1,0,12,0,1,1,0,1,2,1,1,12,2,1,2,2,2,2,2,2,2,2,2,2,2,2,2,2,2,"Florida",0
"7130",121377,12,30015,28.43378889,-82.54809444,4,4,7,7,22,9,0,12,0,2,2,0,1,2,1,1,12,3,3,2,2,2,2,2,2,2,2,3,2,1,2,2,2,2,"Florida",0
"7131",121378,12,31841,25.47701389,-80.44061389,2,2,7,1,4,3,0,12,0,1,1,0,1,3,10,2,12,2,2,2,2,2,2,2,2,2,2,1,1,2,1,2,2,2,"Florida",1
"7132",121379,12,27440,30.50326111,-84.45821944,1,1,7,4,20,1,0,1,0,1,1,0,4,1,2,1,12,1,1,2,1,1,2,2,2,1,2,1,2,2,2,2,2,2,"Florida",1
"7133",121380,12,30403,27.97422778,-82.29821389,3,3,7,5,16,9,0,12,0,8,1,0,1,1,1,1,12,3,3,1,1,2,2,2,2,2,2,3,2,2,2,2,1,2,"Florida",0
"7134",121381,12,30914,26.962125,-82.35305556,3,3,7,4,9,9,0,12,0,2,2,0,1,1,10,1,12,3,3,1,1,2,1,2,2,2,2,3,2,2,2,2,1,2,"Florida",0
"7135",121382,12,30570,27.82114444,-82.69407778,2,2,7,6,9,9,0,12,0,7,1,0,1,1,10,1,12,3,3,1,1,2,1,2,2,2,2,2,2,1,2,2,2,2,"Florida",0
"7136",121383,12,29529,29.18628056,-82.15245,4,4,7,5,15,9,0,12,0,2,2,0,1,1,10,1,12,3,3,1,1,2,2,2,2,2,2,3,2,2,2,2,2,2,"Florida",0
"7137",121384,12,31762,25.73236944,-80.36775556,1,1,7,7,2,3,0,33,1,3,3,0,4,3,10,1,12,2,2,2,2,1,2,2,2,1,2,3,2,2,2,2,2,2,"Florida",0
"7138",121385,12,31648,25.84708889,-80.20808056,1,1,7,1,4,1,0,8,0,1,1,0,1,3,10,1,12,2,1,2,2,1,2,2,1,2,2,3,2,2,2,1,2,2,"Florida",0
"7139",121386,12,31093,26.60671111,-81.12741111,2,2,7,1,11,4,0,12,0,2,3,0,1,1,10,1,12,3,3,1,2,2,1,2,2,2,2,3,2,2,2,2,2,2,"Florida",0
"7140",121387,12,30469,27.93026944,-82.37368889,1,1,7,1,5,9,0,8,0,1,1,0,1,2,1,1,12,3,3,2,2,1,2,2,1,2,2,3,2,2,2,2,2,2,"Florida",0
"7141",121388,12,31522,25.99315278,-80.35573611,1,1,7,2,1,9,0,8,0,1,1,0,1,2,1,2,12,3,3,2,2,2,2,2,1,2,2,3,2,2,1,2,2,2,"Florida",0
"7142",121389,12,30445,27.94665,-82.45844722,1,1,7,2,14,3,0,8,0,3,2,0,1,1,2,1,12,2,2,1,1,1,2,2,1,2,2,3,1,2,2,2,2,2,"Florida",0
"7143",121390,12,31268,26.26326111,-80.12321667,2,2,7,3,18,9,0,9,0,8,1,0,1,1,1,1,12,3,3,2,1,1,2,2,2,2,2,3,2,2,1,2,2,2,"Florida",0
"7144",121391,12,31011,26.68655,-80.11190833,2,2,2,3,17,9,0,12,0,2,2,0,1,1,10,1,12,3,3,1,1,2,1,2,2,2,2,3,2,1,2,2,2,2,"Florida",0
"7145",121392,12,29491,29.24236944,-82.35878889,2,2,5,7,4,9,0,12,0,1,1,0,1,2,1,1,12,3,3,2,2,2,2,2,2,1,2,1,1,2,2,2,2,2,"Florida",1
"7146",121393,12,31824,25.551925,-80.36266667,1,1,7,5,22,3,0,24,0,1,1,0,3,3,1,1,12,2,2,2,1,1,2,2,2,2,2,2,1,2,2,2,2,2,"Florida",0
"7147",121394,12,30904,27.01736944,-82.03471944,3,3,7,6,16,6,0,12,0,2,2,0,1,1,10,1,12,2,2,1,1,3,2,2,2,1,2,3,2,1,2,2,2,2,"Florida",0
"7148",121395,12,30078,28.34588056,-81.52908889,1,1,7,3,15,2,0,24,1,5,1,0,4,1,1,1,12,2,2,1,1,1,1,2,2,2,2,3,2,2,2,2,2,2,"Florida",0
"7149",121396,12,30949,26.81290556,-81.33414167,4,4,7,5,13,3,0,12,0,1,1,0,1,1,2,3,12,1,2,1,1,2,2,2,2,2,2,1,2,2,2,2,2,2,"Florida",1
"7150",121397,12,31147,26.49837222,-80.06426111,1,1,7,1,20,9,0,24,0,1,1,0,4,3,1,1,12,3,3,2,2,1,2,2,2,1,2,3,2,2,2,2,2,2,"Florida",1
"7151",121398,12,31177,26.42458889,-81.78843056,1,1,7,1,2,9,0,42,0,1,1,0,3,2,1,1,12,3,3,2,2,1,2,1,2,2,2,1,2,2,1,2,2,2,"Florida",1
"7152",121399,12,30122,28.29556111,-82.18768056,2,2,7,3,22,2,0,8,0,1,1,0,1,2,10,1,12,2,2,2,1,1,2,2,1,2,2,2,2,2,2,2,2,2,"Florida",0
"7153",121400,12,28199,30.16100556,-82.92004722,1,1,7,5,17,9,0,42,0,1,1,0,4,1,1,1,12,3,3,1,1,1,2,2,2,2,2,2,2,2,2,2,2,2,"Florida",0
"7154",121401,12,31270,26.262,-81.6071,1,1,7,6,3,6,0,1,0,1,1,0,4,2,1,1,12,2,2,2,1,1,2,2,2,1,2,1,1,2,2,2,2,2,"Florida",1
"7155",121402,12,30610,27.76576944,-80.60133056,1,1,7,6,5,9,0,8,0,1,1,0,1,2,1,1,12,3,3,2,1,1,2,2,1,2,2,2,1,2,2,2,2,2,"Florida",0
"7156",121403,12,29894,28.56535278,-81.16296944,2,2,7,7,21,3,0,8,0,1,1,0,1,2,1,1,12,2,2,2,2,1,2,2,1,2,2,3,2,2,2,2,2,2,"Florida",0