"","ST_CASE","OBJECT_ID","FID","LATITUDE","LONGITUD","PERMVIT","PERSONS","MONTH","DAY_WEEK","HOUR","ROUTE","SP_JUR","HARM_EV","RELJCT1","RELJCT2","TYP_INT","WRK_ZONE","REL_ROAD","LGT_COND","WEATHER","FATALS","STATE","A_RU","A_INTER","A_TOD","A_DOW","A_CT","A_MC","A_SPCRA","A_PED","A_ROLL","A_POLPUR","A_POSBAC","A_D15_20","A_D65PLS","A_D21_24","A_HR","A_DIST","A_DROWSY","STATE_NAME","drunkDr"
"7569",121834,12,29644,28.98291111,-82.13638889,1,1,9,1,20,9,0,5,0,1,1,0,1,2,1,1,12,3,3,2,2,1,1,2,2,2,2,2,2,2,2,2,2,2,"Florida",0
"7570",121835,12,27839,30.31761389,-81.47754444,1,1,9,1,4,9,0,42,0,1,1,0,3,3,10,1,12,3,3,2,2,1,2,2,2,2,2,1,2,2,1,2,2,2,"Florida",1
"7571",121836,12,27319,30.58838611,-83.31426389,4,4,9,1,12,9,0,12,0,1,1,0,1,1,1,1,12,3,3,1,2,2,2,2,2,2,2,3,2,2,2,2,2,2,"Florida",0
"7572",121837,12,31074,26.62008056,-80.08906389,4,4,9,1,22,3,0,8,0,1,1,0,1,3,1,1,12,2,2,2,2,1,2,2,1,2,2,3,2,2,2,2,2,2,"Florida",0
"7573",121838,12,30192,28.16673056,-82.74023611,2,2,9,2,15,2,0,59,0,3,2,0,4,1,1,2,12,2,2,1,1,1,2,2,2,2,2,3,2,2,2,2,2,2,"Florida",0
"7574",121839,12,30217,28.13206389,-80.70048333,1,1,9,2,6,9,0,18,0,1,1,0,1,2,1,1,12,3,3,1,1,2,2,2,1,2,2,3,2,2,2,2,2,2,"Florida",0
"7575",121840,12,31517,25.99604444,-80.16468056,2,2,9,6,12,3,0,12,0,1,1,0,1,1,1,1,12,2,2,1,1,2,1,2,2,2,2,3,2,2,2,2,2,2,"Florida",0
"7576",121841,12,31440,26.121375,-80.18623056,4,4,9,7,1,3,0,12,0,1,1,0,1,3,1,1,12,2,2,2,2,2,2,2,2,1,2,3,2,2,1,2,2,2,"Florida",0
"7577",121842,12,27626,30.4169,-87.29186944,3,3,9,6,20,9,0,12,0,3,2,0,1,2,10,2,12,3,3,2,2,2,1,2,2,2,2,1,1,2,2,2,2,2,"Florida",1
"7578",121843,12,31105,26.58240833,-81.7152,7,7,9,2,18,3,0,12,0,1,1,0,1,1,10,1,12,2,2,2,1,3,2,2,2,1,2,3,2,2,2,2,1,2,"Florida",0
"7579",121844,12,30531,27.86448889,-82.38510833,2,2,9,4,17,2,0,12,0,2,2,0,1,1,1,1,12,2,2,1,1,2,1,2,2,2,2,3,1,2,2,2,2,2,"Florida",0
"7580",121845,12,29867,28.60038056,-81.36108333,1,1,9,3,9,9,0,9,0,3,2,0,1,1,1,1,12,3,3,1,1,1,2,2,2,2,2,3,2,1,2,2,2,2,"Florida",0
"7581",121846,12,31230,26.3186,-80.10576944,1,1,9,7,1,3,0,8,0,1,1,0,1,3,2,1,12,2,2,2,2,1,2,2,1,2,2,3,2,2,2,1,2,2,"Florida",0
"7582",121847,12,29589,29.08238056,-81.01673056,2,2,10,5,18,1,0,12,0,1,1,4,1,3,1,1,12,2,1,2,1,2,2,2,2,2,2,1,2,2,2,2,1,2,"Florida",1
"7583",121848,12,30744,27.44350278,-80.34150278,1,1,9,1,2,9,0,8,0,1,1,0,1,2,1,1,12,3,3,2,2,1,2,2,1,2,2,3,2,2,2,1,2,2,"Florida",0
"7584",121849,12,29230,29.51237222,-82.30203333,3,3,9,2,20,1,0,42,0,1,1,0,3,2,2,1,12,1,1,2,1,1,2,2,2,2,2,1,2,2,2,2,2,2,"Florida",1
"7585",121850,12,31072,26.62336944,-81.95640833,3,3,10,7,4,9,0,59,0,1,1,0,3,3,1,1,12,3,3,2,2,1,2,1,2,2,2,1,2,2,2,2,2,2,"Florida",1
"7586",121851,12,31122,26.55611389,-80.12285278,2,2,9,7,23,9,0,8,0,1,1,0,1,3,1,1,12,3,3,2,2,2,2,2,1,2,2,3,2,2,2,1,2,2,"Florida",0
"7587",121852,12,30027,28.39951111,-81.29664722,2,2,8,1,22,9,0,12,0,1,1,0,1,3,1,2,12,3,3,2,2,2,1,1,2,2,2,3,1,2,2,2,2,2,"Florida",0
"7588",121853,12,31850,25.45105,-80.45522778,1,1,9,7,3,9,0,42,0,1,1,0,4,2,1,1,12,3,3,2,2,1,2,2,2,1,2,3,1,2,2,2,2,2,"Florida",0
"7589",121854,12,31835,25.49359444,-80.4776,1,1,9,3,6,9,0,24,0,1,1,0,4,4,1,1,12,3,3,1,1,1,2,1,2,2,2,3,2,2,2,2,2,2,"Florida",0
"7590",121855,12,31134,26.52787778,-80.18536389,1,1,7,6,14,3,0,8,0,1,1,0,1,1,10,1,12,2,2,1,1,1,2,2,1,2,2,3,2,2,1,2,2,2,"Florida",0
"7591",121856,12,30805,27.2988,-82.49756944,1,1,8,7,21,3,0,8,0,1,1,0,1,3,10,1,12,2,2,2,2,1,2,2,1,2,2,3,2,2,1,2,2,2,"Florida",0
"7592",121857,12,30892,27.05203889,-82.40093056,2,2,9,1,9,9,0,8,0,1,1,0,1,1,1,1,12,3,3,1,2,1,2,2,1,2,2,3,2,2,2,2,2,2,"Florida",0
"7593",121858,12,31191,26.38613056,-80.07640833,2,2,9,3,13,3,0,12,0,2,2,0,1,1,1,1,12,2,2,1,1,2,1,2,2,2,2,3,2,2,1,2,2,2,"Florida",0
"7594",121859,12,30002,28.4525,-80.97916944,3,3,9,4,8,9,0,12,1,3,4,0,1,1,10,1,12,3,3,1,1,2,2,2,2,2,2,3,2,2,1,2,1,2,"Florida",0
"7595",121860,12,29687,28.89191944,-82.08691667,2,2,9,4,13,9,0,12,0,1,1,0,1,1,1,1,12,3,3,1,1,2,2,2,2,1,2,3,2,2,2,2,2,2,"Florida",0
"7596",121861,12,30933,26.88308889,-80.12706111,1,1,9,5,6,1,0,59,0,1,1,0,4,3,10,1,12,2,1,1,1,1,2,2,2,2,2,1,2,2,2,2,2,2,"Florida",1
"7597",121862,12,31537,25.96471389,-80.35233889,3,3,9,6,23,1,0,12,0,1,1,4,1,2,1,1,12,2,1,2,2,2,2,2,2,2,2,1,2,2,2,2,1,2,"Florida",1
"7598",121863,12,30866,27.13472222,-80.35910833,3,3,9,7,21,1,0,12,0,1,1,0,1,2,10,2,12,1,1,2,2,2,2,2,2,2,2,1,2,2,1,2,2,2,"Florida",1
"7599",121864,12,29269,29.47523056,-82.78076111,2,2,9,4,6,9,0,42,0,1,1,0,4,2,5,1,12,3,3,1,1,1,2,2,2,2,2,2,2,2,2,2,2,2,"Florida",0
"7600",121866,12,31253,26.28106111,-81.80168056,1,1,10,7,11,2,0,15,0,1,1,0,1,1,10,1,12,2,2,1,2,1,2,2,2,2,2,3,2,2,2,2,2,2,"Florida",0
"7601",121867,12,31391,26.15458056,-81.33872778,1,1,10,2,15,1,0,8,0,1,1,0,1,1,1,1,12,2,2,1,1,1,2,2,1,2,2,3,2,2,2,2,2,2,"Florida",0
"7602",121868,12,30400,27.97512778,-82.37303056,1,1,10,2,22,9,0,8,0,1,1,0,1,2,10,1,12,3,3,2,1,1,2,2,1,2,2,3,2,2,2,1,2,2,"Florida",0
"7603",121869,12,31169,26.455375,-80.12245556,1,1,10,2,19,9,0,8,0,2,3,0,1,1,1,1,12,3,3,2,1,1,2,2,1,2,2,3,2,1,2,2,2,2,"Florida",0
"7604",121870,12,27724,30.372025,-81.72495278,1,1,10,4,19,9,0,8,0,1,1,0,1,3,1,1,12,3,3,2,1,1,2,2,1,2,2,3,2,2,2,2,2,2,"Florida",0
"7605",121871,12,30447,27.94475833,-82.48295833,2,2,8,2,2,3,0,12,0,2,2,0,1,3,2,1,12,2,2,2,2,2,1,2,2,2,2,1,2,2,1,2,2,2,"Florida",1
"7606",121872,12,29859,28.61117778,-81.20751389,1,1,9,1,6,3,0,8,0,1,1,0,1,2,1,1,12,2,2,1,2,1,2,2,1,2,2,3,2,2,2,2,2,2,"Florida",0
"7607",121873,12,30276,28.05434167,-82.401775,1,1,9,4,20,3,0,8,0,3,2,0,1,3,1,1,12,2,2,2,1,1,2,2,1,2,2,3,1,2,2,2,2,2,"Florida",0
"7608",121874,12,27635,30.41333333,-86.64814722,1,1,9,7,21,6,0,8,0,1,1,0,1,2,10,1,12,2,2,2,2,1,2,2,1,2,2,3,2,2,2,2,2,2,"Florida",0
"7609",121875,12,27960,30.26551944,-82.098,3,3,9,6,1,1,0,42,0,1,1,0,5,2,2,1,12,1,1,2,1,1,2,2,2,2,2,1,2,2,2,2,2,2,"Florida",1
"7610",121877,12,31176,26.43126111,-81.81056944,1,1,10,6,20,2,0,8,1,2,3,0,1,2,1,1,12,2,2,2,2,1,1,2,1,2,2,2,2,2,2,2,2,2,"Florida",0
"7611",121878,12,27845,30.31577222,-82.68911111,1,1,10,7,1,9,0,1,0,1,1,0,5,2,10,1,12,3,3,2,2,1,2,2,2,1,2,1,2,2,2,2,2,2,"Florida",1
"7612",121879,12,31432,26.12486111,-81.76409167,3,3,10,7,20,2,0,12,0,2,2,0,1,3,10,1,12,2,2,2,2,2,1,2,2,2,2,3,2,2,1,2,2,2,"Florida",0
"7613",121880,12,28872,29.73843056,-82.10446944,1,1,10,1,2,4,0,42,0,1,1,0,4,2,10,1,12,1,2,2,2,1,2,2,2,1,2,1,2,2,1,2,2,2,"Florida",1
"7614",121881,12,30436,27.95607222,-82.35583333,1,1,10,3,9,2,0,32,0,1,1,0,4,1,1,1,12,2,2,1,1,1,2,2,2,1,2,1,2,2,2,2,2,2,"Florida",1
"7615",121882,12,30446,27.94648056,-80.6765,2,2,10,7,22,9,0,8,0,2,3,0,1,2,1,1,12,3,3,2,2,1,2,2,1,2,2,3,1,2,2,2,2,2,"Florida",0
"7616",121883,12,30101,28.32151389,-82.55333333,1,1,10,3,20,3,0,1,0,1,1,0,3,2,1,1,12,1,2,2,1,1,1,2,2,2,2,3,2,2,1,2,1,2,"Florida",0
"7617",121884,12,29780,28.76258889,-80.876475,3,3,10,4,6,2,0,12,1,2,2,0,1,4,10,1,12,1,2,1,1,2,2,2,2,2,2,3,2,2,2,2,2,2,"Florida",0
"7618",121885,12,29948,28.52201667,-81.310275,2,2,10,5,12,3,0,8,0,8,1,0,1,1,10,1,12,2,2,1,1,1,2,2,1,2,2,3,2,1,2,2,2,2,"Florida",0
"7619",121886,12,29429,29.34331111,-81.31096111,4,4,9,1,10,3,0,12,0,3,2,0,1,1,1,1,12,1,2,1,2,2,2,2,2,2,2,3,2,2,2,2,2,2,"Florida",0
"7620",121887,12,30490,27.89731944,-81.82574444,2,2,9,5,1,9,0,42,0,1,1,0,5,3,1,1,12,3,3,2,1,1,2,2,2,2,2,3,2,2,2,2,2,2,"Florida",0
"7621",121888,12,31295,26.23407222,-80.13037222,1,1,10,2,22,9,0,9,0,3,2,0,1,3,1,1,12,3,3,2,1,1,2,2,2,2,2,3,1,2,2,2,2,2,"Florida",0
"7622",121890,12,27897,30.28785833,-81.44498611,1,1,10,4,19,9,0,8,0,1,1,0,1,5,10,1,12,3,3,2,1,1,2,2,1,2,2,2,2,2,2,2,2,2,"Florida",0
"7623",121891,12,29475,29.27646944,-82.85918056,4,4,10,6,14,9,0,5,0,1,1,0,1,1,1,1,12,3,3,1,1,1,2,2,2,2,2,3,2,2,2,2,2,2,"Florida",0
"7624",121892,12,28106,30.20381944,-81.77538333,2,2,10,7,22,9,0,12,0,1,1,0,1,2,1,1,12,3,3,2,2,2,2,2,2,2,2,3,2,1,1,2,2,2,"Florida",0
"7625",121893,12,29466,29.28931111,-81.06646111,2,2,9,4,15,2,0,12,0,2,3,0,1,1,1,1,12,2,2,1,1,2,2,2,2,2,2,3,1,1,2,2,2,2,"Florida",0
"7626",121894,12,29215,29.52141667,-81.22823889,2,2,10,4,8,9,0,8,0,2,2,0,1,1,1,1,12,3,3,1,1,1,2,2,1,2,2,2,2,2,2,2,2,2,"Florida",0
"7627",121895,12,27167,30.70406111,-86.77883889,2,2,10,6,21,2,0,12,0,1,1,0,1,2,1,1,12,1,2,2,2,2,1,2,2,2,2,1,2,2,1,2,2,2,"Florida",1
"7628",121896,12,30528,27.86586111,-81.38257222,3,3,9,6,10,3,0,12,0,1,1,0,1,1,1,2,12,1,2,1,1,2,2,2,2,2,2,2,2,2,2,2,2,2,"Florida",0
"7629",121897,12,30765,27.40225833,-80.32581944,1,1,10,2,6,2,0,8,0,1,1,0,1,4,1,1,12,2,2,1,1,1,2,2,1,2,2,3,2,2,2,2,2,2,"Florida",0
"7630",121899,12,29957,28.50876111,-82.24265,1,1,9,1,2,1,0,42,0,1,1,0,5,2,10,1,12,1,1,2,2,1,2,2,2,2,2,1,2,2,2,2,2,2,"Florida",1
"7631",121900,12,29961,28.50236944,-80.83843889,2,2,10,7,0,3,0,12,0,1,1,0,1,2,1,1,12,1,2,2,2,2,2,2,2,2,2,1,1,2,1,2,2,2,"Florida",1
"7632",121901,12,30526,27.86995,-82.64695,1,1,10,5,0,1,0,25,1,5,1,0,4,3,1,1,12,2,2,2,1,1,1,2,2,2,2,2,1,2,2,2,2,2,"Florida",0
"7633",121902,12,31472,26.08353056,-80.20335,3,3,8,6,17,1,0,12,0,1,1,0,1,1,10,1,12,2,1,1,1,3,1,2,2,2,2,1,2,2,2,2,2,2,"Florida",1
"7634",121903,12,27607,30.42809167,-84.21648333,2,2,8,2,17,2,0,8,0,1,1,0,1,1,1,1,12,2,2,1,1,1,2,2,1,2,2,3,2,2,2,2,2,2,"Florida",0
"7635",121904,12,31786,25.68234444,-80.27294167,1,1,9,6,4,9,0,42,0,1,1,0,4,2,1,1,12,3,3,2,1,1,2,2,2,2,2,3,2,2,2,2,2,2,"Florida",0
"7636",121905,12,30425,27.96121944,-82.32643056,2,2,9,6,21,1,0,12,0,1,1,0,1,2,2,1,12,2,1,2,2,2,2,2,2,2,2,3,1,2,2,2,2,2,"Florida",0
"7637",121906,12,29864,28.60590556,-81.39884722,2,2,9,4,18,3,0,1,0,2,2,0,1,1,1,1,12,2,2,2,1,2,1,2,2,2,2,3,2,1,2,2,2,2,"Florida",0
"7638",121907,12,29584,29.09851111,-81.8578,1,1,9,4,1,9,0,34,0,1,1,0,4,2,10,1,12,3,3,2,1,1,2,2,2,1,2,1,2,2,2,2,2,2,"Florida",1
"7639",121908,12,27899,30.28728333,-81.50192778,2,2,9,4,6,9,0,12,0,8,1,0,1,3,10,1,12,3,3,1,1,2,2,2,2,2,2,3,2,2,1,2,2,2,"Florida",0
"7640",121909,12,30858,27.16895278,-80.48171111,1,1,10,1,19,9,0,1,0,1,1,0,4,2,10,1,12,3,3,2,2,1,1,2,2,2,2,2,2,2,2,2,2,2,"Florida",0
"7641",121910,12,31587,25.92018056,-80.24438889,1,1,10,1,20,3,0,9,1,2,2,0,1,3,1,1,12,2,2,2,2,1,2,2,2,2,2,3,2,2,2,1,1,2,"Florida",0
"7642",121911,12,31395,26.15365,-81.44193056,4,4,10,7,3,1,0,1,0,1,1,0,3,2,1,1,12,1,1,2,2,1,2,2,2,1,2,3,1,2,2,2,2,2,"Florida",1
"7643",121913,12,30973,26.74685,-81.44889722,4,4,10,5,17,4,0,12,0,2,2,0,1,1,1,1,12,2,2,1,1,3,1,2,2,2,2,3,1,2,2,2,2,2,"Florida",0
"7644",121914,12,30461,27.93741111,-82.15295278,4,4,10,5,19,3,0,12,0,1,1,0,1,5,1,1,12,2,2,2,1,2,2,2,2,1,2,1,2,2,2,2,2,2,"Florida",1
"7645",121915,12,28145,30.18769167,-81.64354722,2,2,10,6,17,9,0,12,0,1,1,0,1,1,10,1,12,3,3,1,1,2,1,2,2,2,2,3,2,2,2,2,2,2,"Florida",1
"7646",121916,12,30586,27.79191389,-82.66833333,4,4,10,6,14,9,0,12,0,8,1,0,1,1,1,1,12,3,3,1,1,2,2,2,2,1,2,3,1,2,2,2,2,2,"Florida",0
"7647",121917,12,30349,28.00762778,-81.9488,1,1,10,7,23,9,0,33,0,3,2,0,4,3,1,1,12,3,3,2,2,1,1,1,2,2,2,2,2,2,2,2,2,2,"Florida",0
"7648",121918,12,30028,28.39730833,-81.30457222,1,1,10,1,14,9,0,33,0,1,1,0,4,1,1,1,12,3,3,1,2,1,1,2,2,2,2,3,2,2,2,2,2,2,"Florida",0
"7649",121919,12,27937,30.27387222,-81.84874167,2,2,2,5,21,4,0,32,0,1,1,0,4,2,1,1,12,2,2,2,1,1,2,2,2,1,2,2,2,2,2,2,2,2,"Florida",0
"7650",121920,12,31040,26.66408056,-80.71611944,3,3,5,7,4,9,0,24,0,1,1,0,4,2,10,3,12,3,3,2,2,1,2,2,2,1,2,2,2,2,2,2,2,2,"Florida",0
"7651",121921,12,30272,28.05633333,-81.82264167,1,1,8,1,5,2,0,9,0,1,1,0,1,2,10,1,12,2,2,2,2,1,2,2,2,2,2,2,2,2,2,2,2,2,"Florida",0
"7652",121922,12,30363,27.99667778,-81.755575,3,3,9,2,14,9,0,12,0,2,2,0,1,1,1,1,12,3,3,1,1,2,2,2,2,2,2,2,2,2,2,2,1,2,"Florida",0
"7653",121923,12,28000,30.2498,-81.5845,1,1,10,4,6,9,0,8,0,1,1,0,1,4,1,1,12,3,3,1,1,1,2,2,1,2,2,3,2,2,2,2,2,2,"Florida",0
"7654",121924,12,30666,27.63050556,-82.39947778,1,1,10,6,22,2,0,42,0,3,3,0,4,2,10,1,12,1,2,2,2,1,2,2,2,2,2,1,2,2,2,2,2,1,"Florida",1
"7655",121925,12,30252,28.07954444,-82.54183056,3,3,8,5,5,9,0,12,0,1,1,0,1,2,1,2,12,3,3,2,1,3,2,2,2,1,2,1,1,2,2,2,2,2,"Florida",1
"7656",121926,12,31484,26.05391667,-80.27111389,1,1,9,6,1,9,0,8,0,3,3,0,5,2,1,1,12,3,3,2,1,1,2,1,1,2,2,3,2,2,2,2,1,2,"Florida",1
"7657",121927,12,30061,28.35745833,-81.49696111,2,2,8,2,0,3,0,12,0,2,2,0,1,3,1,1,12,2,2,2,2,2,2,2,2,2,2,3,2,2,2,2,2,2,"Florida",0
"7658",121928,12,30636,27.72373056,-82.67725,2,2,8,1,19,2,0,24,0,1,1,0,3,5,1,1,12,2,2,2,2,1,1,1,2,2,2,2,2,2,2,2,2,2,"Florida",0
"7659",121929,12,30480,27.91240278,-82.79661111,1,1,8,3,21,9,0,19,0,1,1,0,5,3,10,1,12,3,3,2,1,1,1,2,2,2,2,3,2,2,2,2,2,2,"Florida",0
"7660",121930,12,29655,28.964125,-81.64553333,1,1,9,1,17,4,0,1,0,1,1,0,4,5,1,1,12,1,2,1,2,1,1,1,2,2,2,1,2,2,1,2,2,2,"Florida",1
"7661",121931,12,31288,26.24088611,-80.11676667,1,1,9,6,22,9,0,30,0,1,1,0,4,3,1,1,12,3,3,2,2,1,2,2,2,1,2,3,2,2,2,2,1,2,"Florida",0
"7662",121932,12,31677,25.81227222,-80.23773611,1,1,9,1,14,3,0,24,1,19,1,0,3,1,10,1,12,2,2,1,2,1,2,2,1,2,2,3,2,2,2,2,2,2,"Florida",0
"7663",121933,12,30213,28.13543333,-81.97373056,3,3,9,5,18,9,0,12,0,2,2,0,1,1,1,1,12,3,3,2,1,2,2,2,2,2,2,3,2,1,2,2,2,2,"Florida",0
"7664",121934,12,27536,30.45751111,-81.6358,1,1,9,3,23,9,0,8,1,18,1,0,1,3,10,1,12,3,3,2,1,1,2,2,1,2,2,2,2,2,2,2,2,2,"Florida",0
"7665",121935,12,31125,26.54610278,-80.10636111,2,2,10,5,16,9,0,1,0,2,2,0,1,1,1,1,12,3,3,1,1,2,1,2,2,2,2,3,1,2,2,2,2,2,"Florida",0
"7666",121936,12,29119,29.59718333,-81.63829167,2,2,10,1,3,9,0,3,0,1,1,0,5,2,10,1,12,3,3,2,2,1,2,2,2,2,2,1,2,2,2,2,2,2,"Florida",1
"7667",121937,12,30685,27.58523333,-82.51920556,1,1,10,6,12,1,0,24,0,1,1,0,3,1,10,1,12,2,2,1,1,1,1,2,2,2,2,2,2,2,2,2,2,2,"Florida",0
"7668",121938,12,29143,29.57349722,-81.55205556,2,2,10,6,10,3,0,12,0,1,1,0,1,1,10,1,12,1,2,1,1,2,2,2,2,2,2,1,2,2,2,2,1,2,"Florida",1
"7669",121939,12,31181,26.42009722,-81.43252778,2,2,10,7,21,3,0,8,0,1,1,0,1,2,1,1,12,1,2,2,2,1,2,2,1,2,2,3,2,2,2,2,2,2,"Florida",0
"7670",121940,12,30759,27.42355556,-82.42492778,2,2,10,7,5,9,0,33,0,1,1,0,3,3,10,2,12,3,3,2,2,1,2,2,2,2,2,1,1,2,2,2,2,2,"Florida",1
"7671",121941,12,28823,29.77211111,-82.05892222,2,2,10,7,14,9,0,12,0,8,1,0,1,1,10,1,12,3,3,1,2,2,1,2,2,2,2,2,1,2,2,2,2,2,"Florida",0
"7672",121942,12,30698,27.52537778,-81.49175278,1,1,10,7,2,4,0,8,0,1,1,0,1,2,1,1,12,2,2,2,2,1,2,2,1,2,2,1,2,2,2,2,2,2,"Florida",1
"7673",121943,12,27688,30.38860278,-84.64049722,1,1,10,3,7,3,0,1,0,1,1,0,5,1,1,1,12,1,2,1,1,1,1,2,2,2,2,1,2,2,1,2,2,2,"Florida",1
"7674",121944,12,27533,30.45911111,-87.30022222,2,2,10,3,10,9,0,12,1,2,2,0,1,1,10,1,12,3,3,1,1,2,2,2,2,2,2,3,2,1,2,2,2,2,"Florida",0
"7675",121945,12,27429,30.50966944,-81.63421944,2,2,10,4,15,9,0,12,0,1,1,0,1,1,1,1,12,3,3,1,1,2,2,2,2,2,2,3,2,2,2,2,2,2,"Florida",0
"7676",121946,12,30206,28.14381944,-81.06495,1,1,10,4,20,2,0,9,0,1,1,0,4,2,1,1,12,1,2,2,1,1,2,2,2,2,2,3,2,2,2,2,2,2,"Florida",0
"7677",121947,12,31082,26.61734722,-81.66823611,8,8,10,4,21,9,0,33,0,1,1,0,4,2,1,1,12,3,3,2,1,3,2,2,2,2,2,1,1,1,2,2,2,2,"Florida",1
"7678",121948,12,28137,30.18954167,-85.78798611,1,1,10,2,19,9,0,12,0,1,1,0,1,2,10,1,12,3,3,2,1,2,2,2,1,2,2,1,2,2,2,2,1,2,"Florida",1
"7679",121949,12,30628,27.74429167,-82.75140833,1,1,10,4,0,3,0,8,0,1,1,0,1,3,1,1,12,2,2,2,1,1,2,2,1,2,2,3,2,2,2,2,2,2,"Florida",0
"7680",121950,12,29496,29.23430833,-81.035425,1,1,7,6,16,9,0,9,0,3,3,0,1,1,10,1,12,3,3,1,1,1,2,2,2,2,2,3,1,2,2,2,2,2,"Florida",0
"7681",121951,12,30816,27.27840833,-80.29250556,6,6,8,4,18,2,0,12,1,2,2,0,1,5,1,2,12,2,2,2,1,3,2,2,2,2,2,3,1,1,2,2,2,2,"Florida",0
"7682",121952,12,30928,26.89752222,-80.10316667,2,2,8,5,13,9,0,12,0,2,2,0,1,1,1,1,12,3,3,1,1,2,2,2,2,2,2,3,2,1,2,2,2,2,"Florida",0
"7683",121953,12,31750,25.73976389,-80.35973056,3,3,8,7,15,9,0,12,0,2,2,0,1,1,1,1,12,3,3,1,2,2,2,2,2,2,2,3,2,1,2,2,2,2,"Florida",0
"7684",121954,12,27762,30.35209722,-81.57291111,3,3,9,6,17,9,0,12,0,8,1,0,1,1,1,1,12,3,3,1,1,2,1,2,2,2,2,2,2,1,2,2,2,2,"Florida",0
"7685",121955,12,27889,30.29286667,-81.39193333,2,2,8,1,0,9,0,8,0,1,1,0,4,3,1,1,12,3,3,2,2,2,2,2,1,2,2,1,2,2,2,2,2,2,"Florida",1
"7686",121956,12,30384,27.98875556,-82.42644722,2,2,8,6,22,9,0,12,0,2,2,0,1,3,1,1,12,3,3,2,2,2,1,1,2,2,2,3,2,2,1,2,2,2,"Florida",0
"7687",121957,12,30459,27.93763056,-82.26876944,5,5,8,7,18,3,0,12,0,1,1,0,1,5,2,1,12,2,2,2,2,2,2,2,2,2,2,3,2,2,1,2,2,2,"Florida",0
"7688",121958,12,30162,28.24178333,-82.72759722,1,1,8,5,23,9,0,8,0,2,3,0,1,3,1,1,12,3,3,2,1,1,2,2,1,2,2,3,2,1,2,2,2,2,"Florida",0
"7689",121959,12,31373,26.16743611,-80.26209167,4,4,8,6,12,9,0,12,0,2,2,0,1,1,1,1,12,3,3,1,1,2,2,2,2,2,2,3,2,2,2,2,2,2,"Florida",0
"7690",121960,12,29531,29.18531944,-82.10315,2,2,8,7,14,9,0,12,0,2,2,0,1,1,10,1,12,3,3,1,2,2,1,2,2,2,2,3,1,2,2,2,1,2,"Florida",0
"7691",121961,12,29674,28.91826111,-81.26524722,2,2,8,7,11,9,0,12,0,2,3,0,1,1,1,1,12,3,3,1,2,2,2,2,2,2,2,3,2,2,2,2,2,2,"Florida",0
"7692",121962,12,31052,26.650625,-80.20485833,1,1,8,3,22,9,0,33,0,1,1,0,3,3,1,1,12,3,3,2,1,1,2,1,2,1,2,3,2,2,2,2,2,2,"Florida",0
"7693",121963,12,29924,28.54589722,-81.35606389,2,2,8,6,15,9,0,12,0,2,2,0,1,1,1,1,12,3,3,1,1,2,2,2,2,2,2,3,2,1,2,2,2,2,"Florida",0
"7694",121964,12,31190,26.40162222,-80.18655833,1,1,8,6,18,9,0,43,0,3,2,0,4,1,1,1,12,3,3,2,2,1,2,2,2,1,2,3,2,1,2,2,2,2,"Florida",0
"7695",121965,12,31708,25.78313333,-80.239525,5,5,8,1,4,9,0,12,0,2,2,0,1,3,2,1,12,3,3,2,2,2,2,2,2,2,2,3,2,2,1,2,2,2,"Florida",0
"7696",121966,12,27952,30.26750833,-81.84870278,4,4,8,1,0,3,0,12,0,2,2,0,1,2,2,1,12,2,2,2,2,2,2,2,2,1,2,1,1,2,2,2,2,2,"Florida",1
"7697",121967,12,28919,29.71581111,-82.01276111,1,1,8,1,20,9,0,38,0,1,1,0,5,2,2,1,12,3,3,2,2,1,1,2,2,2,2,1,2,2,2,2,2,2,"Florida",1
"7698",121969,12,29501,29.22296944,-82.0915,2,2,9,5,5,9,0,12,1,2,3,0,1,2,1,1,12,3,3,2,1,2,1,2,2,2,2,2,2,2,2,2,2,2,"Florida",0
"7699",121970,12,29774,28.7714,-81.55983889,4,4,10,1,10,9,0,12,0,8,1,0,1,1,10,2,12,3,3,1,2,2,1,2,2,2,2,3,2,2,2,2,1,2,"Florida",0
"7700",121971,12,28161,30.18074722,-85.71336389,1,1,10,4,22,9,0,8,0,1,1,0,1,3,1,1,12,3,3,2,1,1,2,2,1,2,2,3,2,2,2,2,2,2,"Florida",0
"7701",121972,12,31849,25.45263056,-80.47509167,3,3,10,4,16,2,0,12,1,3,3,0,1,1,1,1,12,2,2,1,1,2,1,2,2,2,2,3,2,2,2,2,2,2,"Florida",0
"7702",121973,12,27663,30.40176667,-84.26381944,1,1,10,5,10,6,0,33,0,1,1,0,4,1,1,1,12,2,2,1,1,1,1,1,2,2,2,3,2,2,1,2,2,2,"Florida",0
"7703",121974,12,30499,27.89366944,-82.512225,2,2,10,2,21,2,0,12,0,2,3,0,1,3,1,1,12,2,2,2,1,2,1,1,2,2,2,3,2,2,2,2,2,2,"Florida",0
"7704",121975,12,28194,30.16293056,-85.62512222,3,3,10,3,9,9,0,12,0,1,1,0,1,1,1,1,12,3,3,1,1,2,2,2,2,2,2,3,2,2,1,2,1,2,"Florida",0
"7705",121976,12,28285,30.10998889,-84.3817,7,7,10,4,17,2,0,12,0,8,1,0,1,1,1,1,12,1,2,1,1,3,2,2,2,2,2,3,2,1,2,2,1,2,"Florida",0