"","ST_CASE","OBJECT_ID","FID","LATITUDE","LONGITUD","PERMVIT","PERSONS","MONTH","DAY_WEEK","HOUR","ROUTE","SP_JUR","HARM_EV","RELJCT1","RELJCT2","TYP_INT","WRK_ZONE","REL_ROAD","LGT_COND","WEATHER","FATALS","STATE","A_RU","A_INTER","A_TOD","A_DOW","A_CT","A_MC","A_SPCRA","A_PED","A_ROLL","A_POLPUR","A_POSBAC","A_D15_20","A_D65PLS","A_D21_24","A_HR","A_DIST","A_DROWSY","STATE_NAME","drunkDr"
"7706",121977,12,29127,29.59063333,-82.08468056,2,2,10,5,16,2,0,8,0,3,3,0,1,1,1,1,12,1,2,1,1,1,2,2,1,2,2,2,2,2,2,2,2,2,"Florida",0
"7707",121978,12,30216,28.1321,-81.01283056,1,1,10,5,5,2,0,1,0,1,1,0,1,2,1,1,12,1,2,2,1,1,2,2,2,1,2,1,2,2,1,2,2,2,"Florida",1
"7708",121979,12,30596,27.78091944,-82.72846111,4,4,10,5,23,3,0,12,0,2,2,0,1,3,1,1,12,2,2,2,1,2,1,2,2,2,2,1,2,2,1,2,2,2,"Florida",1
"7709",121980,12,31813,25.58056944,-80.43353056,1,1,10,6,4,3,0,8,0,1,1,0,1,2,10,1,12,1,2,2,1,1,2,2,1,2,2,3,2,2,2,2,2,2,"Florida",0
"7710",121981,12,31561,25.94161944,-80.18659722,1,1,10,6,20,3,0,8,1,18,1,0,1,3,2,1,12,2,2,2,2,1,2,2,1,2,2,3,2,2,2,2,2,2,"Florida",0
"7711",121982,12,30068,28.35603889,-81.24010833,7,7,10,6,20,9,0,11,0,1,1,0,1,2,1,1,12,3,3,2,2,3,1,2,2,2,2,3,2,1,2,2,2,2,"Florida",0
"7712",121983,12,30106,28.31043889,-81.46581111,2,2,10,6,22,2,0,9,0,1,1,0,1,3,1,1,12,2,2,2,2,1,2,2,2,2,2,3,1,2,2,2,2,2,"Florida",0
"7713",121984,12,29830,28.66572778,-81.41907778,9,9,10,6,9,9,0,12,0,3,4,0,1,1,1,2,12,3,3,1,1,3,2,2,2,2,2,3,2,1,2,2,1,2,"Florida",0
"7714",121985,12,29817,28.68184722,-81.37379722,1,1,10,6,19,9,0,8,0,1,1,0,1,3,1,1,12,3,3,2,2,1,2,2,1,2,2,3,2,2,2,2,2,2,"Florida",0
"7715",121986,12,29746,28.81171111,-81.27317778,1,1,10,6,1,2,0,59,0,1,1,0,4,3,1,1,12,2,2,2,1,1,1,2,2,2,2,3,2,2,1,2,2,2,"Florida",0
"7716",121987,12,27647,30.41035,-85.43107222,4,4,10,7,16,9,0,12,0,1,1,0,1,1,1,2,12,3,3,1,2,2,1,2,2,2,2,3,1,2,2,2,2,2,"Florida",0
"7717",121988,12,30303,28.03525278,-80.62311389,2,2,10,7,21,9,0,8,0,1,1,0,1,2,1,1,12,3,3,2,2,2,2,2,1,2,2,3,2,2,1,2,2,2,"Florida",0
"7718",121990,12,30525,27.87031944,-81.018,2,2,10,7,9,3,0,12,0,1,1,0,1,1,10,1,12,1,2,1,2,2,1,2,2,2,2,3,2,1,2,2,2,2,"Florida",0
"7719",121991,12,28785,29.78998889,-82.60821944,5,5,10,1,12,2,0,12,0,1,1,0,1,1,10,1,12,1,2,1,2,3,2,2,2,2,2,3,2,1,1,2,1,2,"Florida",0
"7720",121992,12,31250,26.28703611,-80.24829722,2,2,10,1,21,9,0,8,0,1,1,0,1,3,1,1,12,3,3,2,2,1,2,2,1,2,2,1,2,2,2,2,2,2,"Florida",1
"7721",121993,12,31652,25.84287222,-80.20081111,1,1,10,1,3,9,0,42,0,1,1,0,4,6,1,1,12,3,3,2,2,1,2,2,2,2,2,3,2,2,2,2,2,2,"Florida",0
"7722",121994,12,30748,27.44126111,-82.4592,2,2,10,1,19,3,0,12,0,1,1,0,1,5,1,1,12,2,2,2,2,2,1,2,2,2,2,3,1,2,2,2,2,2,"Florida",0
"7723",121995,12,26916,30.99766389,-85.40745833,1,1,10,3,19,2,0,8,0,1,1,0,1,2,1,1,12,1,2,2,1,1,2,2,1,2,2,2,2,2,2,2,2,2,"Florida",0
"7724",121996,12,29299,29.44812778,-81.91281944,3,3,10,3,15,9,0,1,0,8,1,0,1,1,1,2,12,3,3,1,1,2,1,2,2,2,2,2,2,2,2,2,2,2,"Florida",0
"7725",121998,12,30471,27.92329167,-82.52395833,2,2,10,4,2,9,0,30,0,1,1,0,4,3,1,1,12,3,3,2,1,1,2,1,2,2,2,1,2,2,2,2,2,2,"Florida",1
"7726",121999,12,30545,27.85042778,-82.34910556,2,2,10,4,6,9,0,12,1,2,2,0,1,3,1,1,12,3,3,1,1,2,2,1,2,1,2,3,2,2,2,2,2,2,"Florida",0
"7727",122000,12,31575,25.92872222,-80.18629722,2,2,10,5,17,3,0,12,0,2,2,0,1,1,1,1,12,2,2,1,1,2,1,2,2,2,2,3,2,2,2,2,2,2,"Florida",0
"7728",122001,12,27850,30.31415278,-81.84853889,1,1,10,6,6,9,0,8,0,3,2,0,1,3,10,1,12,3,3,1,1,1,2,2,1,2,2,3,2,2,2,1,2,2,"Florida",0
"7729",122002,12,29833,28.65758611,-81.33625,1,1,10,6,0,3,0,8,0,1,1,0,1,3,1,1,12,2,2,2,1,1,2,2,1,2,2,3,2,2,1,2,2,2,"Florida",0
"7730",122003,12,27623,30.41906111,-81.76751944,1,1,10,7,1,9,0,1,0,1,1,0,1,2,1,1,12,3,3,2,2,1,1,2,2,2,2,1,2,2,2,2,2,2,"Florida",1
"7731",122004,12,29904,28.55795278,-81.46763889,2,2,10,7,5,9,0,8,0,1,1,0,1,3,1,1,12,3,3,2,2,1,2,2,1,2,2,3,2,2,2,2,2,2,"Florida",0
"7732",122005,12,27702,30.38476667,-81.70948611,1,1,10,1,19,9,0,8,0,1,1,0,1,3,1,1,12,3,3,2,2,1,2,2,1,2,2,3,2,2,2,2,2,2,"Florida",0
"7733",122006,12,31427,26.13496667,-80.40065278,7,7,6,5,15,3,0,12,0,2,2,0,1,1,1,1,12,2,2,1,1,3,2,2,2,1,2,3,2,2,1,2,2,2,"Florida",0
"7734",122007,12,31422,26.13629444,-80.18082778,1,1,1,3,0,3,0,8,0,1,1,0,1,3,1,1,12,2,2,2,1,1,2,2,1,2,2,3,2,1,2,2,2,2,"Florida",0
"7735",122008,12,31239,26.30493889,-80.09989444,11,11,8,1,17,9,0,12,0,1,1,0,1,3,1,1,12,3,3,1,2,3,2,2,2,2,2,3,1,2,1,2,2,2,"Florida",0
"7736",122009,12,29538,29.17565,-81.07766389,2,2,9,7,1,9,0,33,0,1,1,0,3,2,1,1,12,3,3,2,2,1,1,2,2,2,2,1,2,2,1,2,2,2,"Florida",1
"7737",122010,12,29102,29.61008611,-83.08483333,4,4,9,5,17,2,0,32,0,1,1,0,4,1,10,2,12,1,2,1,1,1,2,2,2,2,2,1,2,2,2,2,2,2,"Florida",1
"7738",122011,12,29609,29.04406111,-81.97786111,1,1,9,1,13,9,0,53,0,1,1,0,4,1,1,1,12,3,3,1,2,1,2,2,2,1,2,2,1,2,2,2,2,2,"Florida",0
"7739",122012,12,31016,26.68208056,-81.88351944,1,1,9,5,20,9,0,9,0,2,3,0,1,2,10,1,12,3,3,2,1,1,2,2,2,2,2,3,2,2,2,1,2,2,"Florida",0
"7740",122013,12,31442,26.119925,-80.33665278,1,1,9,2,5,9,0,35,0,1,1,3,4,2,98,1,12,3,3,2,2,1,2,1,2,2,2,2,2,2,1,2,2,2,"Florida",0
"7741",122014,12,27673,30.39576111,-85.68932222,2,2,10,7,5,9,0,12,0,1,1,0,1,2,10,1,12,3,3,2,2,2,1,1,2,2,2,3,1,1,2,2,2,2,"Florida",0
"7742",122015,12,27058,30.80938056,-85.66123889,2,2,10,1,1,9,0,34,0,1,1,0,4,2,1,2,12,3,3,2,2,1,2,1,2,1,2,3,2,2,2,2,2,2,"Florida",0
"7743",122016,12,30125,28.28953889,-82.12993889,1,1,10,2,10,2,0,42,0,1,1,0,5,1,1,1,12,1,2,1,1,1,2,2,2,1,2,2,2,1,2,2,2,2,"Florida",0
"7744",122017,12,30944,26.83904167,-80.13193889,2,2,10,3,13,3,0,12,0,2,2,0,1,1,1,1,12,2,2,1,1,2,1,2,2,2,2,3,2,2,2,2,2,2,"Florida",0
"7745",122018,12,30488,27.90011111,-81.64913056,2,2,10,6,7,9,0,12,0,2,2,0,1,1,1,1,12,3,3,1,1,2,2,2,2,2,2,3,2,2,2,2,2,2,"Florida",0
"7746",122019,12,31077,26.61784167,-80.05728056,1,1,10,1,2,2,0,8,0,2,2,0,1,3,1,1,12,2,2,2,2,1,2,2,1,2,2,3,2,2,2,1,2,2,"Florida",0
"7747",122020,12,31709,25.78181944,-80.131425,4,4,10,3,2,3,0,8,0,2,2,0,1,3,1,1,12,2,2,2,1,1,2,2,1,2,2,3,2,2,2,1,2,2,"Florida",0
"7748",122021,12,28487,29.98112778,-82.01330556,1,1,10,5,22,3,0,34,0,3,3,0,4,2,1,1,12,1,2,2,1,1,2,2,2,2,2,3,2,1,2,2,2,2,"Florida",0
"7749",122022,12,28455,29.9987,-81.46928056,2,2,10,5,22,1,0,12,0,1,1,0,1,2,1,1,12,1,1,2,1,2,1,2,2,2,2,3,2,2,2,2,2,2,"Florida",0
"7750",122023,12,27834,30.31945,-81.47001667,2,2,10,6,20,9,0,12,0,2,3,0,1,3,10,1,12,3,3,2,2,2,2,2,2,1,2,3,2,2,2,2,1,2,"Florida",0
"7751",122024,12,27511,30.46891667,-87.32400556,2,2,10,1,20,9,0,12,0,2,2,0,1,2,1,1,12,3,3,2,2,2,2,2,2,2,2,3,2,2,2,2,2,2,"Florida",0
"7752",122025,12,30240,28.09521111,-82.2584,4,4,10,3,14,2,0,12,0,1,1,0,1,1,1,1,12,1,2,1,1,2,2,2,2,2,2,3,2,2,2,2,2,2,"Florida",0
"7753",122026,12,29615,29.03935278,-81.962475,3,3,10,3,14,9,0,12,0,2,2,0,1,1,10,1,12,3,3,1,1,2,2,2,2,2,2,2,2,1,2,2,2,2,"Florida",0
"7754",122027,12,29698,28.87918611,-81.96116111,3,3,10,3,15,9,0,12,1,3,3,0,1,1,1,1,12,3,3,1,1,2,2,2,2,2,2,3,2,1,2,2,2,2,"Florida",0
"7755",122028,12,31098,26.60381389,-81.94055,1,1,10,4,13,9,0,8,0,1,1,0,1,1,1,1,12,3,3,1,1,1,2,2,1,2,2,3,2,2,2,1,2,2,"Florida",0
"7756",122030,12,31706,25.78383056,-80.23473056,1,1,10,6,20,3,0,8,0,1,1,0,1,3,1,1,12,2,2,2,2,1,2,2,1,2,2,3,2,2,2,2,2,2,"Florida",0
"7757",122031,12,29954,28.51163056,-82.10786944,2,2,10,6,0,3,0,12,0,1,1,0,1,2,1,1,12,1,2,2,1,2,2,2,2,2,2,2,2,2,2,2,2,2,"Florida",0
"7758",122032,12,28348,30.06368889,-83.16316944,4,4,10,6,7,9,0,12,0,8,1,0,1,1,5,1,12,3,3,1,1,2,2,1,2,2,2,2,2,2,2,2,2,2,"Florida",0
"7759",122033,12,28278,30.11188611,-81.34456944,3,3,10,6,4,3,0,12,0,1,1,0,1,4,10,1,12,1,2,2,1,2,2,2,2,1,2,1,2,2,1,2,2,2,"Florida",1
"7760",122034,12,27965,30.26353611,-81.62271667,1,1,10,5,19,9,0,8,0,1,1,0,1,3,1,1,12,3,3,2,1,1,2,2,1,2,2,3,2,2,2,2,2,2,"Florida",0
"7761",122035,12,29984,28.46748056,-81.43946111,6,6,10,1,21,3,0,12,0,1,1,0,1,3,1,1,12,2,2,2,2,2,2,2,2,1,2,1,2,2,2,2,2,2,"Florida",1
"7762",122036,12,30322,28.02256667,-82.37130278,3,3,10,3,18,9,0,42,0,1,1,0,4,5,2,1,12,3,3,2,1,1,2,1,2,2,2,1,2,2,2,2,2,2,"Florida",1
"7763",122037,12,28115,30.19852778,-81.83851944,1,1,10,4,8,9,0,25,0,1,1,0,4,2,2,1,12,3,3,1,1,1,2,2,2,2,2,2,1,2,2,2,2,2,"Florida",0
"7764",122038,12,27740,30.36209722,-81.70507778,3,3,10,5,18,9,0,12,0,2,2,0,1,5,1,1,12,3,3,2,1,2,2,2,1,2,2,3,1,2,2,2,2,2,"Florida",0
"7765",122039,12,30495,27.89383056,-82.33773056,1,1,10,3,3,2,0,1,1,5,1,0,4,3,1,1,12,2,2,2,1,1,2,2,2,1,2,1,2,2,1,2,1,2,"Florida",1
"7766",122040,12,27683,30.39116111,-86.42686111,6,6,10,5,20,3,0,12,0,2,2,0,1,3,1,1,12,2,2,2,1,2,1,2,2,2,2,3,2,1,2,2,2,2,"Florida",0
"7767",122041,12,29557,29.15031111,-82.18491944,3,3,10,7,19,1,0,1,0,1,1,0,1,5,1,1,12,2,1,2,2,1,2,2,2,1,2,2,2,2,2,2,2,2,"Florida",0
"7768",122042,12,30837,27.24373889,-80.83912222,1,1,10,1,22,2,0,8,0,2,2,0,1,3,1,1,12,2,2,2,2,1,2,2,1,2,2,3,2,1,2,2,2,2,"Florida",0
"7769",122043,12,30889,27.06733056,-80.13556667,1,1,1,6,17,9,0,9,0,2,4,0,1,1,1,1,12,3,3,1,1,1,2,2,2,2,2,3,2,2,2,2,2,2,"Florida",0
"7770",122044,12,31843,25.46983611,-80.48159167,1,1,2,7,22,9,0,8,0,1,1,0,1,3,1,1,12,3,3,2,2,1,2,2,1,2,2,3,2,1,2,2,2,2,"Florida",0
"7771",122045,12,30970,26.75437222,-80.93851389,3,3,3,2,0,6,0,42,0,1,1,0,5,3,1,1,12,3,3,2,2,1,2,2,2,2,2,3,2,2,1,2,1,2,"Florida",1
"7772",122046,12,27253,30.63497778,-87.05572222,1,1,6,5,3,9,0,8,0,1,1,0,1,3,1,1,12,3,3,2,1,1,2,2,1,2,2,3,2,2,2,2,2,2,"Florida",0
"7773",122047,12,31266,26.26819167,-80.19926944,1,1,7,4,18,9,0,41,0,1,1,0,4,1,1,1,12,3,3,2,1,1,2,2,2,2,2,3,2,1,2,2,2,2,"Florida",0
"7774",122048,12,30102,28.32066111,-82.69914722,1,1,7,5,23,2,0,8,0,1,1,0,1,3,10,1,12,2,2,2,1,1,2,2,1,2,2,3,2,2,2,1,2,2,"Florida",0
"7775",122049,12,30086,28.33286389,-81.50366389,4,4,8,3,5,2,0,33,0,1,1,0,4,4,1,1,12,2,2,2,1,2,2,2,2,2,2,3,2,2,2,1,2,2,"Florida",0
"7776",122050,12,31409,26.141875,-80.15443333,2,2,8,7,1,9,0,12,0,1,1,0,1,3,1,1,12,3,3,2,2,2,1,2,2,2,2,3,2,2,2,1,2,2,"Florida",0
"7777",122051,12,31713,25.780975,-80.32296389,1,1,9,7,0,3,0,25,1,19,1,4,3,3,1,1,12,2,2,2,2,1,2,2,2,2,2,3,2,2,1,2,2,2,"Florida",0
"7778",122052,12,31399,26.15084722,-80.26779722,3,3,9,6,20,9,0,8,0,1,1,0,1,2,10,1,12,3,3,2,2,1,2,2,1,2,2,3,2,2,2,2,2,2,"Florida",0
"7779",122053,12,30555,27.83929722,-82.70610556,1,1,9,2,15,3,0,9,0,2,2,0,1,1,10,1,12,2,2,1,1,1,2,2,2,2,2,3,2,2,2,2,2,2,"Florida",0
"7780",122054,12,30003,28.45166111,-81.14680556,2,2,10,5,2,3,0,12,0,1,1,0,1,2,10,1,12,1,2,2,1,2,2,2,2,2,2,3,2,1,2,2,2,2,"Florida",0
"7781",122055,12,30460,27.93761111,-82.28550278,1,1,10,7,20,3,0,1,0,1,1,0,1,3,1,1,12,2,2,2,2,1,1,2,2,2,2,2,2,2,2,2,2,2,"Florida",0
"7782",122056,12,30195,28.1577,-81.63772778,4,4,10,7,12,2,0,12,0,8,1,0,1,1,1,1,12,2,2,1,2,3,1,2,2,2,2,3,2,2,1,2,1,2,"Florida",0
"7783",122057,12,30366,27.99641111,-82.05578889,3,3,10,7,7,9,0,12,0,3,2,4,1,1,5,1,12,3,3,1,2,3,2,2,2,2,2,3,2,2,2,2,2,2,"Florida",0
"7784",122058,12,30306,28.03341389,-82.46970833,1,1,10,3,7,3,0,8,0,1,1,0,1,3,1,1,12,2,2,1,1,1,2,2,1,2,2,3,2,2,2,2,2,2,"Florida",0
"7785",122059,12,30345,28.01073889,-82.39343056,1,1,10,5,21,3,0,8,0,3,2,0,1,3,1,1,12,2,2,2,1,1,2,2,1,2,2,3,2,2,2,2,2,2,"Florida",0
"7786",122060,12,29749,28.80823889,-81.53318056,1,1,10,6,2,3,0,30,0,1,1,0,4,2,1,1,12,2,2,2,1,1,2,1,2,2,2,1,2,2,2,2,2,2,"Florida",1
"7787",122061,12,30508,27.88753889,-82.50631389,3,3,10,1,17,3,0,1,0,2,2,0,1,1,1,1,12,2,2,1,2,2,1,2,2,2,2,3,1,2,2,2,2,2,"Florida",0
"7788",122062,12,27068,30.80310556,-85.70547778,3,3,10,3,12,9,0,34,0,1,1,0,4,1,1,1,12,3,3,1,1,1,2,1,2,1,2,2,2,2,2,2,2,2,"Florida",0
"7789",122063,12,29672,28.92576944,-81.19113333,2,2,10,5,0,9,0,8,0,3,2,0,1,3,1,1,12,3,3,2,1,1,2,2,1,2,2,2,2,2,2,2,2,2,"Florida",0
"7790",122064,12,31203,26.36394722,-80.09389722,2,2,10,6,14,9,0,1,0,2,3,0,1,1,10,1,12,3,3,1,1,2,1,2,2,2,2,3,2,2,1,2,2,2,"Florida",0
"7791",122065,12,31871,24.57216111,-81.75786111,2,2,10,5,9,2,0,12,0,8,1,0,1,1,1,1,12,2,2,1,1,2,1,2,2,2,2,3,2,2,2,2,2,2,"Florida",0
"7792",122067,12,30393,27.98133611,-82.4922,9,9,10,7,12,3,0,12,0,1,1,0,1,1,1,1,12,2,2,1,2,2,2,2,1,2,2,3,1,2,2,2,2,2,"Florida",0
"7793",122068,12,29921,28.54854444,-81.38240833,2,2,10,1,1,1,0,8,1,18,1,0,1,3,1,1,12,2,1,2,2,1,2,2,1,2,2,3,2,2,1,2,2,2,"Florida",0
"7794",122069,12,27854,30.31356111,-82.93708889,2,2,10,1,23,9,0,38,0,1,1,0,4,2,1,2,12,3,3,2,2,1,2,2,2,1,2,1,2,2,2,2,2,2,"Florida",1
"7795",122070,12,31865,24.73008056,-81.03188889,5,5,10,3,20,2,0,12,0,2,3,0,1,3,1,2,12,2,2,2,1,2,1,2,2,2,2,3,2,2,2,2,2,2,"Florida",0
"7796",122071,12,27465,30.48908056,-81.64199444,2,2,10,3,21,9,0,12,0,1,1,0,1,3,2,1,12,3,3,2,1,2,2,2,2,2,2,3,2,2,2,2,2,2,"Florida",0
"7797",122072,12,31382,26.16489444,-80.20429444,1,1,10,5,13,3,0,8,0,1,1,0,4,1,1,1,12,2,2,1,1,1,2,2,1,2,2,3,2,2,2,2,2,2,"Florida",0
"7798",122073,12,28360,30.05646944,-82.6238,2,2,10,6,19,1,0,12,0,1,1,0,1,2,1,1,12,1,1,2,2,2,2,2,2,1,2,2,2,2,2,2,2,2,"Florida",0
"7799",122074,12,31403,26.14595,-80.49666944,1,1,10,7,5,1,0,8,0,1,1,0,1,2,1,1,12,1,1,2,2,1,2,2,1,2,2,3,2,2,2,2,2,2,"Florida",0
"7800",122075,12,28421,30.01405,-82.93770278,2,2,11,1,6,9,0,12,0,2,3,0,1,2,1,1,12,3,3,1,2,2,2,2,2,2,2,2,2,1,2,2,2,2,"Florida",0
"7801",122076,12,30587,27.79177778,-82.35951944,3,3,11,1,1,1,0,12,1,2,3,0,1,6,1,1,12,2,1,2,2,2,1,2,2,2,2,2,2,2,2,2,1,2,"Florida",0
"7802",122077,12,31858,25.12036944,-80.4171,2,2,11,1,19,2,0,8,0,1,1,0,1,2,1,1,12,2,2,2,2,1,2,2,1,2,2,2,2,1,2,2,2,2,"Florida",0
"7803",122078,12,27028,30.84658333,-87.43570556,1,1,11,2,5,9,0,32,0,1,1,0,4,4,2,1,12,3,3,2,2,1,2,2,2,1,2,2,2,2,2,2,2,2,"Florida",0
"7804",122079,12,31568,25.93759444,-80.23719722,2,2,10,6,20,9,0,12,0,2,2,0,1,3,1,1,12,3,3,2,2,2,1,2,2,2,2,3,2,1,2,2,1,2,"Florida",0
"7805",122080,12,30449,27.94209722,-82.26390278,3,3,11,1,1,9,0,42,0,1,1,0,4,2,1,2,12,3,3,2,2,1,2,1,2,2,2,3,2,2,1,2,2,2,"Florida",1
"7806",122081,12,29976,28.48170278,-81.24077222,3,3,10,3,17,3,0,12,1,18,1,0,1,1,1,1,12,2,2,1,1,2,1,2,2,2,2,1,2,2,2,2,2,2,"Florida",1
"7807",122082,12,31590,25.91384444,-80.25846667,1,1,10,4,16,9,0,9,0,1,1,0,1,1,10,1,12,3,3,1,1,1,2,2,2,2,2,3,2,2,1,2,2,2,"Florida",0
"7808",122083,12,30402,27.97484722,-82.81825278,1,1,10,1,20,3,0,8,0,1,1,0,1,3,1,2,12,2,2,2,2,1,2,2,1,2,2,3,2,2,2,1,2,2,"Florida",0
"7809",122084,12,30099,28.32466111,-81.33545556,1,1,10,4,19,9,0,8,8,99,1,0,1,2,1,1,12,3,3,2,1,1,2,2,1,2,2,3,2,2,2,1,2,2,"Florida",0
"7810",122085,12,30529,27.86573056,-82.32653889,1,1,10,2,20,2,0,8,0,1,1,0,1,3,1,1,12,2,2,2,1,1,2,2,1,2,2,3,2,1,2,2,2,2,"Florida",0
"7811",122086,12,29012,29.67641111,-82.85698056,2,2,10,7,23,2,0,42,0,1,1,0,4,2,10,1,12,1,2,2,2,1,2,1,2,2,2,1,2,2,1,2,2,2,"Florida",1
"7812",122087,12,27381,30.53859722,-84.47773333,1,1,10,7,23,2,0,1,0,1,1,0,1,2,1,1,12,1,2,2,2,1,2,2,2,1,2,1,2,2,2,2,2,2,"Florida",1
"7813",122088,12,30773,27.38831944,-82.47876111,2,2,10,7,8,4,0,12,1,2,2,0,1,1,1,1,12,2,2,1,2,2,2,2,2,2,2,3,2,2,2,2,2,2,"Florida",0
"7814",122089,12,29432,29.33898889,-82.09586944,1,1,10,1,20,9,0,38,0,1,1,0,4,2,1,1,12,3,3,2,2,1,2,1,2,2,2,1,2,2,2,2,2,2,"Florida",1
"7815",122091,12,30148,28.25816667,-81.61595278,1,1,10,4,5,1,0,38,1,19,1,0,4,2,10,1,12,2,1,2,1,1,2,2,2,1,2,2,2,2,2,2,2,2,"Florida",0
"7816",122092,12,30267,28.05991944,-82.35396389,5,5,10,6,16,1,0,12,1,18,1,0,1,1,1,1,12,2,1,1,1,3,2,2,2,2,2,3,2,2,2,2,1,2,"Florida",0
"7817",122093,12,30453,27.93850833,-82.745,3,3,10,6,11,9,0,12,0,8,1,0,1,1,1,1,12,3,3,1,1,2,1,1,2,2,2,3,2,1,1,2,2,2,"Florida",0
"7818",122094,12,27486,30.48012222,-87.23465,2,2,10,6,19,9,0,8,0,3,2,0,1,2,1,1,12,3,3,2,2,1,2,2,1,2,2,3,2,2,2,2,2,2,"Florida",0
"7819",122095,12,27187,30.69108333,-86.05675556,1,1,11,2,2,1,0,42,0,1,1,0,4,2,2,1,12,1,1,2,2,1,2,2,2,2,2,2,2,2,2,2,2,2,"Florida",0
"7820",122096,12,31747,25.74195,-80.31950278,2,2,11,2,4,3,0,12,0,1,1,0,1,3,1,2,12,2,2,2,2,2,2,2,2,1,2,1,2,1,1,2,2,2,"Florida",1
"7821",122097,12,30337,28.01511389,-82.30248333,2,2,11,2,19,9,0,8,0,1,1,4,1,2,1,1,12,3,3,2,1,1,2,2,1,2,2,3,2,2,2,2,2,2,"Florida",0
"7822",122098,12,29504,29.21666111,-81.04641944,3,3,10,6,19,3,0,12,0,2,2,0,1,3,1,1,12,2,2,2,2,2,1,2,2,2,2,3,1,2,2,2,2,2,"Florida",0
"7823",122099,12,31435,26.12409722,-80.37174444,2,2,11,1,19,9,0,42,0,1,1,0,3,5,1,2,12,3,3,2,2,1,2,2,2,2,2,3,2,2,2,2,2,2,"Florida",0
"7824",122100,12,31460,26.09575,-80.36973889,6,6,9,2,20,9,0,12,0,1,1,0,1,2,1,3,12,3,3,2,1,2,2,2,2,2,2,1,2,2,2,2,2,2,"Florida",1
"7825",122101,12,31099,26.60300833,-81.63483056,2,2,10,4,19,9,0,12,0,2,2,0,1,2,10,1,12,3,3,2,1,2,2,2,2,2,2,3,2,2,2,2,2,2,"Florida",0
"7826",122102,12,30776,27.38538889,-82.44768056,4,4,10,5,7,9,0,12,0,1,1,2,1,1,1,1,12,3,3,1,1,3,2,2,2,2,2,3,2,1,2,2,2,2,"Florida",0
"7827",122103,12,27134,30.73839722,-85.28530556,1,1,10,4,18,9,0,1,0,1,1,0,5,5,1,1,12,3,3,2,1,1,2,2,2,1,2,3,2,2,2,2,1,2,"Florida",0
"7828",122104,12,30277,28.05319444,-82.01884444,2,2,4,6,19,9,0,12,0,1,1,0,1,5,1,1,12,3,3,2,2,2,2,2,2,2,2,3,2,2,2,2,2,2,"Florida",0
"7829",122105,12,31836,25.48550833,-80.41967222,1,1,10,4,18,9,0,42,0,1,1,0,4,1,1,1,12,3,3,2,1,1,2,2,2,2,2,3,2,2,2,2,2,2,"Florida",0
"7830",122106,12,31789,25.66983056,-80.4438,2,2,10,6,20,3,0,8,0,3,2,0,1,3,1,1,12,2,2,2,2,1,2,2,1,2,2,3,1,2,2,2,2,2,"Florida",0
"7831",122107,12,31651,25.84597222,-80.24586111,1,1,10,1,18,3,0,8,0,1,1,0,1,1,1,1,12,2,2,2,2,1,2,2,1,2,2,3,2,2,2,2,2,2,"Florida",0
"7832",122108,12,31566,25.93996111,-80.27292778,2,2,10,2,17,3,0,8,0,1,1,0,1,1,1,1,12,2,2,1,1,1,2,2,1,2,2,3,2,2,1,2,2,2,"Florida",0
"7833",122109,12,31542,25.95768889,-80.278325,1,1,10,4,8,9,0,8,0,1,1,0,2,4,1,1,12,3,3,1,1,1,2,2,1,2,2,3,2,2,2,1,2,2,"Florida",0
"7834",122110,12,31669,25.81996111,-80.24876389,5,5,11,1,3,9,0,12,0,2,2,0,1,3,1,1,12,3,3,2,2,2,2,2,2,2,2,3,2,2,2,1,2,2,"Florida",0
"7835",122111,12,30502,27.89365278,-82.26463889,5,5,11,4,20,9,0,12,0,1,1,0,1,2,1,1,12,3,3,2,1,3,2,2,2,2,2,3,1,2,2,2,2,2,"Florida",0
"7836",122112,12,27820,30.32451389,-81.54696111,1,1,11,5,18,9,0,8,0,1,1,0,1,3,1,1,12,3,3,2,1,1,2,2,1,2,2,3,2,2,2,2,2,2,"Florida",0
"7837",122113,12,31507,26.00950833,-80.23163056,2,2,11,7,12,3,0,12,0,2,3,0,1,1,1,1,12,2,2,1,2,2,1,2,2,2,2,3,2,1,2,2,2,2,"Florida",0
"7838",122114,12,29829,28.66694167,-81.51776389,3,3,8,7,10,9,0,12,0,2,2,0,1,1,1,1,12,3,3,1,2,2,2,2,2,2,2,3,1,2,2,2,1,2,"Florida",0
"7839",122115,12,30727,27.46586111,-82.54663056,2,2,10,2,6,3,0,12,0,2,3,0,1,4,1,1,12,2,2,1,1,2,1,2,2,2,2,3,2,2,2,2,2,2,"Florida",0
"7840",122116,12,29960,28.50322222,-81.39686667,2,2,10,6,16,2,0,8,0,1,1,0,1,1,1,1,12,2,2,1,1,1,2,2,1,2,2,3,1,2,2,2,2,2,"Florida",0
"7841",122117,12,31014,26.68221389,-80.66779722,3,3,10,6,19,3,0,9,0,2,3,0,1,3,1,1,12,2,2,2,2,2,2,2,2,2,2,3,2,2,2,1,2,2,"Florida",0
"7842",122118,12,29555,29.15385,-81.57219722,1,1,10,4,18,3,0,32,0,1,1,0,4,2,1,1,12,1,2,2,1,1,2,1,2,1,2,2,2,2,2,2,2,2,"Florida",0