"","ST_CASE","OBJECT_ID","FID","LATITUDE","LONGITUD","PERMVIT","PERSONS","MONTH","DAY_WEEK","HOUR","ROUTE","SP_JUR","HARM_EV","RELJCT1","RELJCT2","TYP_INT","WRK_ZONE","REL_ROAD","LGT_COND","WEATHER","FATALS","STATE","A_RU","A_INTER","A_TOD","A_DOW","A_CT","A_MC","A_SPCRA","A_PED","A_ROLL","A_POLPUR","A_POSBAC","A_D15_20","A_D65PLS","A_D21_24","A_HR","A_DIST","A_DROWSY","STATE_NAME","drunkDr"
"7979",122260,12,31233,26.31818889,-80.11818889,1,1,11,6,22,1,0,1,0,1,1,0,1,3,1,1,12,2,1,2,2,1,2,2,2,1,2,1,2,2,2,2,2,2,"Florida",1
"7980",122261,12,31431,26.12658889,-80.36201944,1,1,11,7,1,3,0,8,0,1,1,0,1,3,1,1,12,2,2,2,2,1,2,2,1,2,2,3,2,2,2,2,2,2,"Florida",0
"7981",122262,12,30141,28.26995,-82.31470278,1,1,11,7,15,9,0,18,0,1,1,0,5,1,1,1,12,3,3,1,2,1,2,2,2,2,2,1,2,2,2,2,2,2,"Florida",1
"7982",122263,12,27391,30.53074167,-84.36220278,1,1,11,7,19,3,0,8,0,8,1,0,1,3,10,1,12,2,2,2,2,1,2,2,1,2,2,3,1,2,2,2,2,2,"Florida",0
"7983",122264,12,27256,30.63276389,-81.54620833,1,1,11,1,2,9,0,8,0,1,1,0,1,2,5,1,12,3,3,2,2,1,2,2,1,2,2,2,1,2,2,2,2,2,"Florida",0
"7984",122265,12,30128,28.284675,-82.12136667,1,1,11,1,3,2,0,1,0,1,1,0,4,2,10,1,12,1,2,2,2,1,2,2,2,1,2,2,2,2,1,2,2,2,"Florida",0
"7985",122266,12,28988,29.68307778,-81.31983611,1,1,11,1,4,1,0,42,0,1,1,0,3,2,2,1,12,1,1,2,2,1,2,1,2,2,2,1,1,2,2,2,2,2,"Florida",1
"7986",122267,12,31711,25.78115,-80.32073889,2,3,11,1,7,3,0,18,0,1,1,4,3,1,10,1,12,2,2,1,2,1,2,2,2,2,2,3,2,2,1,2,2,2,"Florida",0
"7987",122268,12,30859,27.16316944,-80.38862222,3,3,11,2,19,1,0,12,1,20,1,0,1,3,1,1,12,1,2,2,1,2,2,2,2,2,2,2,2,2,2,2,1,2,"Florida",0
"7988",122269,12,29599,29.06135278,-81.26703056,4,4,11,6,21,2,0,12,0,2,3,0,1,2,1,1,12,2,2,2,2,3,2,2,2,1,2,3,2,1,2,2,2,2,"Florida",0
"7989",122270,12,30319,28.02603333,-81.97320278,2,2,11,6,19,9,0,9,0,3,2,0,1,3,1,1,12,3,3,2,2,1,2,2,2,2,2,3,2,1,2,2,2,2,"Florida",0
"7990",122271,12,29892,28.56995556,-81.45214444,1,1,11,5,20,9,0,8,0,2,2,0,1,3,10,1,12,3,3,2,1,1,2,2,1,2,2,3,2,2,1,2,2,2,"Florida",0
"7991",122272,12,30219,28.12755,-81.61545556,2,2,11,2,18,9,0,9,0,2,4,0,1,2,1,1,12,3,3,2,1,1,2,2,2,2,2,2,2,1,2,2,2,2,"Florida",0
"7992",122273,12,30448,27.94342222,-82.4532,4,4,10,7,16,9,0,12,0,2,2,0,1,1,1,1,12,3,3,1,2,2,1,2,2,2,2,3,2,1,2,2,1,2,"Florida",0
"7993",122274,12,31069,26.62778889,-80.07551389,1,1,11,6,23,9,0,9,0,1,1,0,1,3,10,1,12,3,3,2,2,1,2,2,2,2,2,3,2,1,2,2,2,2,"Florida",0
"7994",122275,12,30906,27.00968611,-82.14162778,1,1,11,2,14,2,0,9,0,3,2,0,1,1,1,1,12,2,2,1,1,1,2,2,2,2,2,3,2,2,2,2,2,2,"Florida",0
"7995",122276,12,31087,26.61201667,-81.86186111,2,2,11,3,12,9,0,12,0,8,1,0,1,1,10,1,12,3,3,1,1,2,1,2,2,2,2,3,2,2,2,2,2,2,"Florida",0
"7996",122277,12,28763,29.80471944,-82.0623,2,2,11,3,8,3,0,12,0,2,3,0,1,1,1,1,12,2,2,1,1,2,2,2,2,2,2,3,2,2,2,2,2,2,"Florida",0
"7997",122278,12,30062,28.35743611,-80.67801389,1,1,11,5,3,3,0,33,0,3,4,0,3,3,10,1,12,2,2,2,1,1,2,2,2,2,2,2,2,2,2,2,2,2,"Florida",0
"7998",122279,12,31025,26.67613056,-80.07106111,5,5,11,5,5,1,0,33,1,3,2,0,4,3,10,1,12,2,1,2,1,2,2,2,2,2,2,3,2,2,2,2,1,2,"Florida",0
"7999",122280,12,31621,25.87253889,-80.32298056,3,3,11,1,3,3,0,25,0,1,1,0,3,3,10,1,12,2,2,2,2,2,2,2,2,1,2,3,2,2,1,1,1,2,"Florida",0
"8000",122281,12,29824,28.66909444,-81.43659722,1,1,11,1,5,3,0,33,0,1,1,0,4,2,10,1,12,2,2,2,2,1,2,2,2,2,2,3,2,2,1,2,1,2,"Florida",0
"8001",122282,12,30152,28.24909722,-82.72783056,3,3,10,7,23,2,0,8,0,1,1,0,1,3,1,1,12,2,2,2,2,1,2,2,1,2,2,3,1,2,2,2,2,2,"Florida",0
"8002",122283,12,30109,28.30933056,-82.6806,1,1,11,2,14,9,0,38,0,1,1,0,4,1,1,1,12,3,3,1,1,1,1,2,2,2,2,1,2,2,2,2,2,2,"Florida",1
"8003",122284,12,29768,28.78209444,-81.264775,1,1,11,3,18,9,0,8,0,1,1,0,1,2,1,1,12,3,3,2,1,1,2,2,1,2,2,3,2,2,2,2,2,2,"Florida",0
"8004",122285,12,30288,28.04523056,-82.51487222,4,4,11,3,19,9,0,12,0,3,3,0,1,2,1,1,12,3,3,2,1,2,1,2,2,2,2,3,2,2,2,2,2,2,"Florida",0
"8005",122286,12,31369,26.16841944,-81.09453889,3,3,11,4,10,1,0,18,0,1,1,0,1,1,1,1,12,1,1,1,1,2,2,2,2,1,2,3,2,2,2,2,2,2,"Florida",0
"8006",122287,12,31034,26.66589722,-80.06851111,1,1,11,4,20,9,0,26,0,1,1,0,4,3,1,1,12,3,3,2,1,1,1,2,2,2,2,3,1,2,2,2,2,2,"Florida",0
"8007",122288,12,31650,25.84610833,-80.24167222,3,3,11,4,21,3,0,12,0,3,2,0,1,3,10,1,12,2,2,2,1,2,2,2,2,2,2,3,2,2,2,2,2,2,"Florida",0
"8008",122290,12,29850,28.62431389,-81.34191111,2,2,9,4,19,9,0,12,0,2,3,0,1,3,10,1,12,3,3,2,1,2,1,2,2,2,2,3,2,1,2,2,2,2,"Florida",0
"8009",122291,12,31795,25.64403889,-80.33393889,2,2,11,2,6,2,0,30,0,1,1,0,4,1,1,1,12,2,2,1,1,1,2,2,2,2,2,3,1,2,2,2,2,2,"Florida",0
"8010",122292,12,29734,28.82706944,-81.88728056,2,2,9,4,22,9,0,8,0,1,1,0,1,3,2,1,12,3,3,2,1,2,2,2,1,2,2,3,1,2,2,2,2,2,"Florida",0
"8011",122293,12,27269,30.62183056,-87.34416111,1,1,11,7,21,9,0,42,0,1,1,0,4,2,5,1,12,3,3,2,2,1,2,2,2,2,2,1,2,2,2,2,2,2,"Florida",1
"8012",122294,12,31081,26.61751389,-80.08921944,2,2,3,4,16,3,0,12,0,3,2,0,1,1,1,1,12,2,2,1,1,2,1,2,2,2,2,3,2,1,2,2,2,2,"Florida",0
"8013",122295,12,30822,27.27324167,-80.34190556,4,4,10,6,17,3,0,12,0,1,1,0,1,1,10,1,12,2,2,1,1,3,2,2,2,2,2,3,2,1,1,2,2,2,"Florida",0
"8014",122297,12,30710,27.49606667,-82.62948056,1,1,11,6,18,3,0,8,0,1,1,0,1,2,1,1,12,2,2,2,2,1,2,2,1,2,2,3,2,1,2,2,2,2,"Florida",0
"8015",122298,12,30382,27.98908889,-82.57384444,1,1,12,3,21,9,0,8,0,2,3,0,1,2,1,1,12,3,3,2,1,1,2,2,1,2,2,3,2,2,2,2,2,2,"Florida",0
"8016",122299,12,30569,27.82115833,-82.651375,2,2,11,7,19,9,0,12,0,8,1,0,1,3,1,1,12,3,3,2,2,2,1,2,2,2,2,3,2,2,1,2,2,2,"Florida",0
"8017",122300,12,29735,28.82251944,-81.78497778,3,3,11,5,18,2,0,12,0,1,1,0,1,3,2,2,12,2,2,2,1,2,2,2,1,2,2,3,2,1,2,2,2,2,"Florida",0
"8018",122301,12,28240,30.13777222,-85.54971389,1,1,11,3,17,9,0,9,0,1,1,0,1,2,1,1,12,3,3,1,1,1,2,2,2,2,2,3,2,1,2,2,2,2,"Florida",0
"8019",122302,12,29907,28.55518056,-81.11193056,3,3,11,5,19,3,0,8,0,1,1,0,1,2,1,1,12,2,2,2,1,1,2,2,1,2,2,3,2,2,2,2,2,2,"Florida",0
"8020",122303,12,30507,27.89008889,-80.46446111,4,4,11,1,15,3,0,12,0,2,3,0,1,1,1,1,12,2,2,1,2,2,1,2,2,2,2,3,2,1,2,2,2,2,"Florida",0
"8021",122304,12,29713,28.85743889,-82.41933889,3,3,11,4,13,3,0,12,1,2,3,0,1,1,1,1,12,2,2,1,1,2,2,2,2,2,2,2,1,2,2,2,2,2,"Florida",0
"8022",122305,12,29982,28.47218889,-81.42964722,3,3,11,2,6,9,0,33,0,1,1,0,4,6,1,1,12,3,3,1,1,1,2,2,2,1,2,2,2,2,1,2,2,2,"Florida",0
"8023",122306,12,30617,27.75577778,-82.65471111,1,1,10,6,23,9,0,8,0,1,1,0,1,3,1,1,12,3,3,2,2,1,2,2,1,2,2,3,2,2,2,2,2,2,"Florida",0
"8024",122307,12,28060,30.23033889,-85.58338611,1,1,11,6,0,9,0,9,0,1,1,0,1,3,5,1,12,3,3,2,1,1,2,2,2,2,2,2,2,2,1,2,2,2,"Florida",0
"8025",122308,12,31258,26.27400833,-80.19450556,1,1,11,6,20,3,0,8,0,3,2,0,1,3,1,1,12,2,2,2,2,1,2,2,1,2,2,3,2,2,2,2,2,2,"Florida",0
"8026",122309,12,29686,28.89356944,-81.23091111,3,3,11,1,3,9,0,33,0,3,2,0,3,3,1,3,12,3,3,2,2,1,2,2,2,2,2,3,1,2,2,2,2,2,"Florida",0
"8027",122310,12,31842,25.47336111,-80.49231111,1,1,11,7,21,3,0,8,0,3,2,0,1,3,2,1,12,2,2,2,2,1,2,1,1,2,2,3,2,2,2,1,2,2,"Florida",0
"8028",122311,12,31576,25.92831667,-80.19323889,2,2,11,6,9,3,0,12,0,2,3,0,1,1,1,1,12,2,2,1,1,2,1,2,2,2,2,3,2,2,2,2,2,2,"Florida",0
"8029",122312,12,27089,30.77761389,-85.600325,1,1,11,5,6,1,0,42,0,1,1,0,4,4,2,1,12,1,1,1,1,1,2,2,2,2,2,3,2,2,2,2,1,2,"Florida",0
"8030",122313,12,30956,26.80903333,-80.1155,2,2,11,5,0,9,0,12,0,1,1,0,1,3,1,2,12,3,3,2,1,2,2,1,2,2,2,3,2,2,2,2,2,2,"Florida",0
"8031",122314,12,29938,28.5329,-81.38610278,1,1,11,5,15,9,0,8,0,3,2,0,1,1,10,1,12,3,3,1,1,1,2,2,1,2,2,3,2,2,2,2,2,2,"Florida",0
"8032",122315,12,29842,28.64248889,-81.80792222,1,1,11,2,15,2,0,42,0,1,1,0,4,1,1,1,12,2,2,1,1,1,2,2,2,2,2,2,2,1,2,2,2,2,"Florida",0
"8033",122316,12,31143,26.51714722,-81.94662222,2,2,11,3,18,9,0,12,0,3,3,0,1,2,1,1,12,3,3,2,1,2,1,2,2,2,2,3,2,1,2,2,1,2,"Florida",0
"8034",122317,12,31296,26.23406944,-81.71101111,6,6,11,4,0,8,0,31,0,1,1,0,4,2,1,1,12,1,2,2,1,1,2,2,2,2,2,3,1,2,2,2,2,2,"Florida",1
"8035",122318,12,31411,26.13872778,-81.75762222,5,5,11,4,15,3,0,12,0,2,2,0,1,1,1,1,12,2,2,1,1,3,2,2,2,2,2,3,2,1,2,2,1,2,"Florida",0
"8036",122319,12,30588,27.79036389,-82.78800833,2,2,11,5,19,9,0,8,0,1,1,0,1,3,1,1,12,3,3,2,1,1,2,2,1,2,2,3,2,1,2,2,2,2,"Florida",0
"8037",122320,12,30539,27.85379444,-82.73696667,3,3,11,5,14,9,0,12,0,2,2,0,1,1,1,1,12,3,3,1,1,2,2,2,2,2,2,3,1,1,2,2,2,2,"Florida",0
"8038",122321,12,27343,30.57036944,-84.61125556,3,3,11,6,0,9,0,8,0,1,1,0,1,2,1,1,12,3,3,2,1,1,2,2,1,2,2,1,2,2,1,2,2,2,"Florida",1
"8039",122322,12,30573,27.82096944,-82.67953889,1,1,11,6,0,2,0,8,0,2,2,0,1,3,1,1,12,2,2,2,1,1,2,2,1,2,2,2,2,2,2,1,2,2,"Florida",0
"8040",122323,12,30171,28.21659167,-82.179825,4,4,11,7,20,2,0,12,1,2,4,0,1,2,1,1,12,2,2,2,2,2,1,2,2,2,2,2,2,2,2,2,2,2,"Florida",0
"8041",122324,12,27560,30.44935,-86.63864444,1,1,11,7,21,3,0,8,0,3,2,0,1,3,1,1,12,2,2,2,2,1,2,2,1,2,2,3,2,2,2,2,2,2,"Florida",0
"8042",122325,12,30706,27.50438056,-82.4729,1,1,11,1,7,9,0,9,0,3,3,0,4,1,1,1,12,3,3,1,2,1,2,2,2,2,2,3,2,2,2,2,2,2,"Florida",0
"8043",122326,12,31539,25.96062222,-81.49764722,1,1,11,1,12,2,0,24,0,1,1,0,4,1,1,1,12,1,2,1,2,1,1,2,2,2,2,3,2,2,2,2,2,2,"Florida",0
"8044",122327,12,31032,26.66914167,-80.90225278,3,3,12,4,5,4,0,1,0,1,1,0,4,2,10,1,12,1,2,2,1,1,2,2,2,1,2,1,2,2,2,2,2,2,"Florida",1
"8045",122328,12,31451,26.10912222,-81.75865556,1,1,12,4,2,6,0,31,0,1,1,0,4,3,1,1,12,2,2,2,1,1,2,2,2,2,2,3,2,2,1,2,2,2,"Florida",1
"8046",122329,12,30616,27.75666111,-82.65214444,1,1,12,5,19,9,0,8,0,1,1,0,1,2,2,1,12,3,3,2,1,1,2,2,1,2,2,3,2,2,2,2,2,2,"Florida",0
"8047",122331,12,31263,26.27205556,-80.22994444,1,1,12,1,19,3,0,8,0,1,1,0,1,3,1,1,12,2,2,2,2,1,2,2,1,2,2,3,2,2,2,2,2,2,"Florida",0
"8048",122332,12,30389,27.98350833,-82.56818056,3,3,12,2,11,9,0,12,0,1,1,0,1,1,1,1,12,3,3,1,1,2,2,2,2,2,2,3,2,2,2,2,2,2,"Florida",0
"8049",122333,12,30863,27.15113056,-81.88951944,3,3,10,4,11,2,0,12,1,2,2,0,1,1,1,1,12,1,2,1,1,2,2,2,2,2,2,3,2,1,2,2,2,2,"Florida",0
"8050",122334,12,30188,28.18186111,-81.74406111,2,2,11,2,18,9,0,12,1,2,3,0,1,2,10,1,12,3,3,2,1,2,2,2,2,2,2,3,2,1,2,2,2,2,"Florida",0
"8051",122335,12,30511,27.88390833,-82.5064,2,2,11,2,19,3,0,12,0,2,2,0,1,3,1,1,12,2,2,2,1,2,1,2,2,2,2,3,2,2,1,2,2,2,"Florida",0
"8052",122336,12,31041,26.66303333,-80.12390278,1,1,11,4,11,9,0,33,0,1,1,0,4,1,10,1,12,3,3,1,1,1,2,1,2,1,2,3,2,2,1,2,2,2,"Florida",0
"8053",122337,12,30798,27.32307222,-82.49799444,1,1,11,2,18,9,0,8,0,2,2,0,1,3,1,1,12,3,3,2,1,1,2,2,1,2,2,3,2,2,2,2,1,2,"Florida",0
"8054",122338,12,27139,30.73253611,-81.892225,3,3,11,7,19,9,0,24,0,1,1,0,4,5,1,2,12,3,3,2,2,1,2,2,2,1,2,1,2,2,2,2,2,2,"Florida",1
"8055",122339,12,29901,28.55999444,-81.41955556,1,1,11,7,19,9,0,8,0,3,3,0,1,3,1,1,12,3,3,2,2,1,2,2,1,2,2,3,2,2,2,1,2,2,"Florida",0
"8056",122340,12,27484,30.48163611,-84.12598611,2,2,11,2,17,9,0,12,0,2,3,0,1,5,1,1,12,3,3,1,1,2,1,1,2,2,2,3,1,2,2,2,2,2,"Florida",0
"8057",122341,12,30855,27.18591111,-80.24460278,5,5,12,3,12,2,0,12,0,2,2,0,1,1,1,1,12,2,2,1,1,2,2,2,2,1,2,3,2,2,2,2,2,2,"Florida",0
"8058",122342,12,29913,28.552975,-81.39559722,7,7,12,4,2,9,0,12,0,3,2,0,1,3,1,1,12,3,3,2,1,3,2,2,2,2,2,3,2,2,2,2,2,2,"Florida",1
"8059",122344,12,29520,29.20095,-82.08165,2,2,12,5,20,3,0,8,1,18,1,0,1,3,10,1,12,2,2,2,1,1,2,2,1,2,2,3,2,2,2,2,2,2,"Florida",0
"8060",122345,12,30201,28.15268889,-82.71862222,3,3,12,7,17,9,0,12,0,1,1,0,1,1,1,1,12,3,3,1,2,2,2,2,2,2,2,3,2,2,2,2,2,2,"Florida",0
"8061",122346,12,29811,28.69465278,-81.50935556,1,1,12,1,20,9,0,15,0,3,4,0,1,2,10,1,12,3,3,2,2,1,2,2,2,2,2,3,2,2,2,2,2,2,"Florida",0
"8062",122347,12,29453,29.31165833,-81.10091389,3,3,12,2,6,2,0,5,0,1,1,0,1,2,10,1,12,2,2,1,1,2,2,2,2,2,2,3,2,2,2,2,2,2,"Florida",0
"8063",122348,12,28127,30.19605833,-84.19400833,1,1,12,2,16,2,0,42,0,1,1,0,4,1,1,1,12,1,2,1,1,1,2,2,2,2,2,2,2,2,2,2,2,2,"Florida",0
"8064",122349,12,29507,29.21279722,-81.10077222,1,1,12,7,11,1,0,1,0,1,1,0,1,1,2,1,12,2,1,1,2,1,1,2,2,2,2,3,2,2,2,2,2,2,"Florida",0
"8065",122350,12,30741,27.44748611,-80.34980833,1,1,10,1,21,3,0,15,0,3,2,0,1,3,1,1,12,2,2,2,2,1,2,2,2,2,2,3,2,2,2,2,2,2,"Florida",0
"8066",122351,12,30606,27.76883889,-82.3921,2,2,11,3,18,2,0,12,0,8,1,0,1,5,1,1,12,2,2,2,1,2,1,2,2,2,2,3,2,1,2,2,2,2,"Florida",0
"8067",122352,12,31779,25.688175,-80.47373333,1,1,11,1,13,3,0,18,0,1,1,4,4,1,2,1,12,2,2,1,2,1,1,2,2,2,2,3,2,2,1,2,1,2,"Florida",0
"8068",122353,12,28180,30.17051944,-81.62946944,2,2,11,2,10,9,0,12,0,2,2,0,1,1,1,1,12,3,3,1,1,2,2,2,2,2,2,3,2,1,2,2,2,2,"Florida",0
"8069",122354,12,30764,27.40746111,-82.5682,1,1,11,5,7,9,0,42,0,1,1,0,5,1,1,1,12,3,3,1,1,1,2,2,2,2,2,2,2,2,2,2,2,2,"Florida",0
"8070",122355,12,30278,28.05203611,-80.58844444,3,3,11,2,15,2,0,12,0,1,1,0,1,1,1,1,12,2,2,1,1,2,2,2,2,2,2,3,2,2,2,2,2,2,"Florida",0
"8071",122356,12,28296,30.10083333,-81.46944444,1,1,11,3,17,9,0,25,0,1,1,0,4,5,1,1,12,3,3,1,1,1,1,2,2,2,2,2,1,2,2,2,2,2,"Florida",0
"8072",122358,12,31273,26.26018889,-80.15086111,2,2,11,2,19,9,0,33,0,1,1,0,4,3,1,1,12,3,3,2,1,2,2,2,2,2,2,3,2,2,2,2,2,2,"Florida",0
"8073",122359,12,31214,26.34568333,-80.20100556,1,1,12,3,99,9,0,33,0,3,2,0,3,2,10,1,12,3,3,3,1,1,1,2,2,2,2,3,2,1,2,2,2,2,"Florida",0
"8074",122360,12,30492,27.89445278,-82.40174444,1,1,12,4,15,2,0,9,0,1,1,0,1,1,1,1,12,2,2,1,1,1,2,2,2,2,2,2,2,2,2,2,2,2,"Florida",0
"8075",122361,12,29917,28.55123889,-82.23685,2,2,12,5,0,1,0,42,0,1,1,0,4,2,10,1,12,1,1,2,1,1,2,2,2,2,2,2,2,2,2,2,2,2,"Florida",0
"8076",122362,12,29124,29.59106944,-83.05788056,1,1,12,5,16,9,0,34,0,1,1,0,4,1,10,1,12,3,3,1,1,1,2,2,2,1,2,1,2,2,2,2,1,2,"Florida",1
"8077",122363,12,29776,28.76405,-82.552925,3,3,12,6,7,2,0,12,1,2,3,0,1,1,1,1,12,2,2,1,1,2,2,2,2,2,2,2,2,2,2,2,2,2,"Florida",0
"8078",122365,12,27199,30.67976389,-84.82483333,1,1,12,7,6,9,0,42,0,1,1,0,4,2,1,1,12,3,3,1,2,1,2,2,2,2,2,1,2,2,1,2,2,2,"Florida",1
"8079",122366,12,30516,27.88063889,-82.78717778,2,2,12,7,19,2,0,8,0,1,1,0,1,1,1,1,12,2,2,2,2,1,2,2,1,2,2,2,2,2,2,2,2,2,"Florida",0
"8080",122367,12,31760,25.73278889,-80.34571944,3,3,12,1,23,3,0,12,0,8,1,0,1,3,10,1,12,2,2,2,2,2,1,1,2,2,2,1,2,2,1,2,2,2,"Florida",1
"8081",122368,12,29530,29.18534444,-82.62675556,1,1,12,1,18,9,0,8,0,1,1,0,1,2,1,1,12,3,3,2,2,1,2,2,1,2,2,3,2,1,2,2,2,2,"Florida",0
"8082",122369,12,27729,30.36936111,-86.1957,2,2,12,1,15,2,0,12,0,2,2,0,1,1,1,1,12,1,2,1,2,2,1,2,2,2,2,2,2,1,2,2,2,2,"Florida",0
"8083",122370,12,29573,29.11741944,-82.21841944,8,8,12,1,19,3,0,8,0,1,1,0,1,2,1,1,12,2,2,2,2,3,2,2,1,2,2,3,1,2,2,1,2,2,"Florida",0
"8084",122371,12,28827,29.76757778,-82.00783611,4,4,12,1,20,3,0,12,0,2,3,0,1,2,10,1,12,2,2,2,2,2,2,2,2,2,2,3,2,1,2,2,2,2,"Florida",0
"8085",122372,12,30269,28.05739722,-81.238425,1,1,12,2,13,9,0,30,0,1,1,0,4,1,10,1,12,3,3,1,1,1,2,2,2,2,2,2,2,2,2,2,2,2,"Florida",0
"8086",122373,12,26929,30.97070833,-86.45346944,2,2,12,2,15,3,0,35,0,1,1,0,4,1,10,1,12,1,2,1,1,1,2,2,2,1,2,3,2,2,2,2,2,2,"Florida",1
"8087",122374,12,30130,28.28098889,-82.20431944,3,3,12,2,20,9,0,1,0,2,3,0,1,3,1,1,12,3,3,2,1,2,1,2,2,2,2,1,1,2,2,2,2,2,"Florida",1
"8088",122375,12,28147,30.18713056,-82.60705556,3,3,12,3,16,2,0,8,0,3,3,0,1,2,1,1,12,2,2,1,1,2,2,2,1,2,2,3,2,2,2,1,2,2,"Florida",0
"8089",122376,12,29965,28.49899722,-81.30621111,1,1,12,4,18,9,0,8,0,3,3,0,1,3,10,1,12,3,3,2,1,1,2,2,1,2,2,3,2,2,2,2,2,2,"Florida",0
"8090",122377,12,30133,28.28042222,-82.695125,2,2,12,4,16,9,0,12,0,4,1,0,1,1,1,1,12,3,3,1,1,2,1,2,2,2,2,3,2,2,2,2,2,2,"Florida",0
"8091",122378,12,31303,26.22906944,-81.66153611,5,5,12,7,19,4,0,12,0,1,1,0,1,3,1,1,12,2,2,2,2,3,2,2,2,1,2,3,2,2,2,1,2,2,"Florida",1
"8092",122379,12,27904,30.28671667,-81.54859722,2,2,12,1,11,2,0,12,0,2,2,0,1,1,1,1,12,2,2,1,2,2,2,2,2,2,2,3,1,2,2,2,2,2,"Florida",0
"8093",122380,12,27690,30.38806111,-86.45111111,1,1,12,7,3,9,0,1,0,1,1,0,4,2,1,1,12,3,3,2,2,1,1,2,2,2,2,3,2,2,2,2,2,2,"Florida",1
"8094",122381,12,29576,29.11133889,-82.07203056,3,3,4,3,15,3,0,12,0,2,2,0,1,1,1,1,12,2,2,1,1,2,2,2,2,2,2,3,2,1,1,2,2,2,"Florida",1
"8095",122382,12,27267,30.6221,-81.53218056,2,2,9,3,21,3,0,12,0,2,2,0,1,3,10,1,12,2,2,2,1,2,1,2,2,2,2,1,2,2,1,2,2,2,"Florida",2
"8096",122383,12,28232,30.14181111,-81.76741944,4,4,9,5,11,3,0,12,0,2,2,0,1,1,10,1,12,2,2,1,1,3,1,2,2,2,2,3,2,1,2,2,2,2,"Florida",0
"8097",122384,12,30986,26.70900278,-80.19287222,2,2,9,5,16,9,0,12,0,2,3,0,1,1,10,1,12,3,3,1,1,2,1,2,2,2,2,3,2,2,2,2,2,2,"Florida",0
"8098",122385,12,31013,26.68387222,-81.7998,1,1,9,6,3,3,0,33,1,3,2,0,4,3,1,1,12,2,2,2,1,1,1,2,2,2,2,1,2,2,2,2,1,2,"Florida",1
"8099",122386,12,31720,25.77411944,-80.19358611,2,2,9,7,1,9,0,12,0,2,2,0,1,3,1,1,12,3,3,2,2,2,1,2,2,2,2,3,2,2,2,1,2,2,"Florida",0
"8100",122387,12,31501,26.01529444,-80.20844167,2,2,9,2,22,2,0,42,0,1,1,0,4,2,1,1,12,2,2,2,1,1,2,2,2,2,2,3,2,2,2,1,2,2,"Florida",0
"8101",122388,12,27202,30.67929444,-81.67122222,2,2,9,3,13,1,0,12,1,18,1,0,1,1,10,1,12,1,1,1,1,2,2,2,2,2,2,3,2,1,2,2,2,2,"Florida",0
"8102",122389,12,29567,29.12990278,-82.20554444,2,2,9,4,7,9,0,12,0,1,1,0,1,1,1,1,12,3,3,1,1,2,2,2,2,2,2,3,2,2,1,2,2,2,"Florida",0
"8103",122390,12,31670,25.819275,-80.22435,2,2,9,4,20,9,0,12,0,2,3,0,1,2,1,1,12,3,3,2,1,2,2,2,2,2,2,3,2,2,1,2,2,2,"Florida",0
"8104",122392,12,30980,26.72608889,-80.65133611,2,2,10,5,8,9,0,12,0,2,2,0,1,1,1,1,12,3,3,1,1,2,2,2,2,2,2,3,1,1,2,2,2,2,"Florida",0
"8105",122393,12,30321,28.02314167,-82.58325,2,2,10,6,15,9,0,12,0,2,2,0,1,1,1,1,12,3,3,1,1,2,2,2,2,2,2,3,2,1,2,1,2,2,"Florida",0
"8106",122394,12,29759,28.79883889,-81.3269,4,4,10,1,0,9,0,25,0,3,2,0,3,3,1,1,12,3,3,2,2,1,2,2,2,1,2,3,1,2,2,2,2,2,"Florida",0
"8107",122395,12,31744,25.74581111,-80.22193056,1,1,10,2,7,2,0,42,0,1,1,0,4,1,10,1,12,2,2,1,1,1,2,2,2,2,2,3,1,2,2,2,2,2,"Florida",0
"8108",122396,12,30848,27.20873056,-81.79183889,2,2,10,7,13,3,0,42,0,1,1,0,4,1,2,1,12,1,2,1,2,1,2,1,2,1,2,3,1,2,2,2,2,2,"Florida",0
"8109",122397,12,31827,25.53205556,-80.39068333,1,1,10,7,16,9,0,1,0,1,1,0,4,1,1,1,12,3,3,1,2,1,1,2,2,2,2,3,2,2,2,2,2,2,"Florida",0
"8110",122398,12,27515,30.46756944,-81.61336389,5,5,10,2,18,6,0,1,0,1,1,0,1,1,1,1,12,2,2,2,1,2,2,2,2,1,2,1,1,2,2,2,2,2,"Florida",1
"8111",122399,12,31170,26.45390833,-80.14714444,1,1,10,3,5,9,0,9,0,2,2,0,1,3,1,1,12,3,3,2,1,1,2,2,2,2,2,3,2,2,2,2,2,2,"Florida",0
"8112",122400,12,27644,30.41085278,-81.68918333,1,1,10,1,20,3,0,8,0,1,1,0,1,3,1,1,12,2,2,2,2,1,2,2,1,2,2,3,1,2,2,2,1,2,"Florida",0
"8113",122401,12,31655,25.83720278,-80.22524722,1,1,10,1,8,9,0,8,0,1,1,0,1,1,10,1,12,3,3,1,2,1,2,2,1,2,2,3,2,2,2,2,2,2,"Florida",0
"8114",122402,12,31441,26.12101111,-80.13728056,2,2,10,1,21,9,0,1,0,1,1,0,1,3,2,1,12,3,3,2,2,1,1,2,2,2,2,3,2,2,2,2,2,2,"Florida",0