"","ST_CASE","OBJECT_ID","FID","LATITUDE","LONGITUD","PERMVIT","PERSONS","MONTH","DAY_WEEK","HOUR","ROUTE","SP_JUR","HARM_EV","RELJCT1","RELJCT2","TYP_INT","WRK_ZONE","REL_ROAD","LGT_COND","WEATHER","FATALS","STATE","A_RU","A_INTER","A_TOD","A_DOW","A_CT","A_MC","A_SPCRA","A_PED","A_ROLL","A_POLPUR","A_POSBAC","A_D15_20","A_D65PLS","A_D21_24","A_HR","A_DIST","A_DROWSY","STATE_NAME","drunkDr"
"8115",122404,12,30155,28.24590556,-81.29473056,1,1,10,4,17,9,0,8,0,3,2,0,1,1,1,1,12,3,3,1,1,1,2,2,1,2,2,3,2,2,2,2,2,2,"Florida",0
"8116",122405,12,31413,26.13791944,-80.16214722,1,1,10,2,20,9,0,8,0,3,2,0,1,3,1,1,12,3,3,2,1,1,2,2,1,2,2,3,2,2,2,1,2,2,"Florida",0
"8117",122406,12,27978,30.25711111,-81.46643056,3,3,10,3,11,9,0,12,1,2,2,0,1,1,10,1,12,3,3,1,1,2,2,2,2,2,2,3,1,1,2,2,2,2,"Florida",0
"8118",122407,12,31434,26.12410833,-80.13725278,1,1,10,5,21,2,0,8,0,1,1,0,1,3,1,1,12,2,2,2,1,1,2,2,1,2,2,3,2,2,2,2,2,2,"Florida",0
"8119",122408,12,31437,26.12314444,-80.19181111,2,2,10,5,22,9,0,12,0,1,1,0,1,3,1,1,12,3,3,2,1,2,1,2,2,2,2,3,2,2,2,1,2,2,"Florida",0
"8120",122409,12,31682,25.81051667,-80.19313056,2,2,10,7,17,9,0,12,0,2,2,0,1,1,1,1,12,3,3,1,2,2,1,2,2,2,2,3,2,2,2,2,2,2,"Florida",0
"8121",122410,12,30861,27.15340556,-82.46792778,3,3,10,7,5,9,0,12,0,1,1,0,1,1,10,1,12,3,3,2,2,3,1,2,2,2,2,1,2,2,1,2,2,2,"Florida",1
"8122",122411,12,31753,25.73446111,-80.26811944,1,1,11,1,22,3,0,15,0,1,1,0,1,3,1,1,12,2,2,2,2,1,2,2,2,2,2,3,2,2,2,2,2,2,"Florida",0
"8123",122412,12,30708,27.49683333,-82.56302778,1,1,11,3,8,9,0,9,0,1,1,0,1,1,1,1,12,3,3,1,1,1,2,2,2,2,2,3,1,2,2,2,2,2,"Florida",0
"8124",122413,12,31668,25.823075,-80.20806944,2,2,11,5,18,2,0,8,0,2,2,0,1,5,1,1,12,2,2,2,1,1,2,2,1,2,2,3,2,2,2,2,2,2,"Florida",0
"8125",122414,12,30871,27.12141667,-82.25386944,2,2,11,5,18,9,0,59,0,1,1,0,4,2,1,2,12,3,3,2,1,1,2,1,2,2,2,1,2,2,1,2,2,2,"Florida",1
"8126",122415,12,29715,28.85352222,-82.579525,4,4,11,6,8,2,0,12,0,1,1,0,1,1,1,1,12,2,2,1,1,2,2,2,2,1,2,3,2,2,2,2,2,2,"Florida",0
"8127",122416,12,31714,25.77998333,-80.19215,2,2,11,7,18,9,0,12,0,2,2,0,1,5,1,1,12,3,3,2,2,2,1,2,2,2,2,3,2,2,2,2,2,2,"Florida",0
"8128",122417,12,29808,28.69970833,-81.23219444,2,2,11,2,14,9,0,43,0,1,1,0,4,1,1,2,12,3,3,1,1,1,2,2,2,1,2,2,2,2,2,2,2,2,"Florida",0
"8129",122418,12,31377,26.16580833,-80.16697222,1,1,11,3,17,9,0,8,0,2,2,0,1,1,1,1,12,3,3,1,1,1,2,2,1,2,2,3,2,2,2,2,2,2,"Florida",0
"8130",122419,12,28404,30.02336111,-82.72904444,1,1,11,5,15,9,0,42,0,1,1,0,5,1,1,1,12,3,3,1,1,1,2,2,2,2,2,1,2,1,2,2,2,2,"Florida",1
"8131",122420,12,28350,30.06293056,-81.89706944,2,2,11,5,15,9,0,8,0,1,1,2,1,1,1,1,12,3,3,1,1,1,2,2,1,2,2,2,2,2,2,2,2,2,"Florida",0
"8132",122421,12,29560,29.14224444,-82.19309167,1,1,11,5,13,9,0,31,0,3,3,0,4,1,1,1,12,3,3,1,1,1,2,2,2,2,2,2,2,1,2,2,2,2,"Florida",0
"8133",122422,12,31336,26.19389167,-80.2534,2,2,11,6,23,9,0,12,0,1,1,0,1,3,1,1,12,3,3,2,2,3,2,2,1,2,2,3,2,2,2,2,2,2,"Florida",1
"8134",122423,12,29940,28.52686944,-81.37648056,4,4,11,6,14,9,0,12,0,2,3,0,1,1,1,1,12,3,3,1,1,3,2,1,2,2,2,3,1,1,2,2,2,2,"Florida",0
"8135",122424,12,27840,30.31720833,-81.55885833,2,2,11,7,3,9,0,12,0,1,1,0,1,3,1,1,12,3,3,2,2,2,1,2,1,2,2,3,2,2,2,2,2,2,"Florida",0
"8136",122425,12,30688,27.57795278,-80.41405278,1,1,11,7,2,9,0,38,0,1,1,0,5,3,1,1,12,3,3,2,2,1,2,2,2,1,2,1,2,2,2,2,2,2,"Florida",1
"8137",122426,12,28375,30.04523333,-81.84675833,2,2,11,2,6,9,0,12,0,2,3,0,1,4,1,1,12,3,3,1,1,2,1,2,2,2,2,2,2,2,2,2,2,2,"Florida",0
"8138",122427,12,28481,29.98374167,-81.46653611,2,2,11,2,20,3,0,12,0,2,2,0,1,3,1,1,12,2,2,2,1,2,1,2,2,2,2,3,1,2,2,2,2,2,"Florida",0
"8139",122428,12,30001,28.45273056,-80.90065833,1,1,11,2,7,3,0,18,0,1,1,0,1,1,1,1,12,1,1,1,1,1,2,2,1,2,2,3,2,2,2,2,2,2,"Florida",0
"8140",122429,12,30066,28.35695,-80.70693056,4,4,12,5,7,3,0,12,0,2,3,0,1,1,1,1,12,2,2,1,1,2,1,2,2,2,2,3,1,2,2,2,2,2,"Florida",0
"8141",122430,12,27114,30.75445,-85.83934444,1,1,11,3,12,1,0,12,0,1,1,0,1,1,1,1,12,1,1,1,1,2,2,2,1,1,2,3,2,1,2,2,2,2,"Florida",0
"8142",122431,12,28068,30.2237,-81.8089,3,3,11,3,13,9,0,1,0,1,1,0,1,1,10,1,12,3,3,1,1,2,1,2,2,2,2,3,2,2,2,2,2,2,"Florida",0
"8143",122432,12,30006,28.45114444,-81.33360556,1,1,11,4,2,3,0,24,0,1,1,4,4,2,1,1,12,2,2,2,1,1,2,2,2,2,2,1,2,2,2,2,2,2,"Florida",1
"8144",122433,12,30444,27.946725,-82.53053333,1,1,11,4,22,9,0,32,0,1,1,0,4,3,10,1,12,3,3,2,1,1,1,2,2,2,2,2,2,2,2,2,2,2,"Florida",0
"8145",122434,12,31684,25.80913889,-80.20751389,1,1,11,4,17,2,0,15,0,1,1,0,1,3,1,1,12,2,2,1,1,1,2,2,2,2,2,3,2,2,2,2,2,2,"Florida",0
"8146",122435,12,30839,27.23698056,-80.82995833,2,2,11,5,0,2,0,12,0,2,2,0,1,3,1,1,12,2,2,2,1,2,2,2,2,2,2,3,2,2,2,2,2,2,"Florida",0
"8147",122436,12,30796,27.32481111,-81.4658,1,1,11,6,0,9,0,42,0,1,1,0,4,2,10,1,12,3,3,2,1,1,2,2,2,2,2,3,2,2,2,2,2,2,"Florida",0
"8148",122437,12,29915,28.55246111,-81.45656111,3,3,11,6,20,3,0,8,0,3,2,0,1,5,1,1,12,2,2,2,2,1,2,2,1,2,2,3,2,2,2,2,2,2,"Florida",0
"8149",122438,12,29470,29.28131667,-82.017325,2,2,11,7,23,9,0,12,0,1,1,0,1,6,1,1,12,3,3,2,2,2,2,2,2,2,2,1,2,2,2,2,2,2,"Florida",1
"8150",122439,12,30312,28.02962222,-82.56264167,1,1,11,1,10,9,0,33,0,1,1,0,3,1,10,1,12,3,3,1,2,1,1,2,2,2,2,1,2,2,2,2,2,2,"Florida",1
"8151",122440,12,31724,25.77148333,-80.1962,1,1,11,1,6,9,0,8,0,1,1,0,1,3,2,1,12,3,3,1,2,1,2,2,1,2,2,3,2,1,2,2,2,2,"Florida",0
"8152",122441,12,27531,30.45950278,-84.35728056,1,1,11,3,3,2,0,8,0,3,3,0,1,3,1,1,12,2,2,2,1,1,2,2,1,2,2,3,2,2,2,2,2,2,"Florida",0
"8153",122442,12,28007,30.24763611,-81.59505833,6,6,11,4,0,9,0,12,0,3,3,0,1,3,10,1,12,3,3,2,1,3,2,2,2,2,2,3,2,2,1,2,2,2,"Florida",0
"8154",122443,12,29618,29.02588056,-82.08698056,1,1,11,5,19,9,0,8,0,3,2,0,1,2,1,1,12,3,3,2,1,1,2,2,1,2,2,2,1,2,2,2,2,2,"Florida",1
"8155",122444,12,31144,26.51326389,-80.09014444,2,2,11,7,9,9,0,12,0,2,2,0,1,1,1,1,12,3,3,1,2,2,2,2,2,2,2,3,2,2,2,2,2,2,"Florida",0
"8156",122445,12,30054,28.36286944,-81.35437778,1,1,11,1,1,9,0,14,0,1,1,0,2,3,1,1,12,3,3,2,2,1,1,2,2,2,2,1,2,2,2,2,2,2,"Florida",1
"8157",122446,12,30398,27.97718889,-82.70519167,10,10,11,2,17,9,0,8,0,1,1,0,7,3,1,1,12,3,3,1,1,1,2,2,1,2,2,3,2,1,2,2,2,2,"Florida",0
"8158",122447,12,27386,30.53388056,-87.09731944,1,1,12,3,1,9,0,12,0,1,1,4,1,2,10,1,12,3,3,2,1,2,2,2,2,2,2,1,2,2,2,2,2,2,"Florida",1
"8159",122448,12,30683,27.58736667,-82.22790278,4,4,12,3,17,9,0,12,0,1,1,0,1,2,1,1,12,3,3,1,1,2,2,2,2,1,2,3,2,2,2,2,2,2,"Florida",0
"8160",122449,12,30153,28.24776944,-80.73793056,4,4,12,4,18,9,0,8,0,1,1,0,1,2,10,1,12,3,3,2,1,1,2,2,1,2,2,3,2,1,2,2,2,2,"Florida",0
"8161",122450,12,30009,28.44768056,-81.4774,1,1,12,4,0,9,0,8,0,1,1,0,1,3,10,1,12,3,3,2,1,1,2,2,1,2,2,3,2,2,2,2,2,2,"Florida",0
"8162",122451,12,31342,26.189125,-80.11829722,1,1,12,4,18,3,0,8,0,3,2,0,1,5,10,1,12,2,2,2,1,1,2,2,1,2,2,3,1,2,2,2,2,2,"Florida",0
"8163",122452,12,30881,27.09901667,-82.18993611,3,3,12,6,12,9,0,12,0,1,1,0,1,1,10,2,12,3,3,1,1,2,2,2,2,2,2,3,2,2,2,2,2,2,"Florida",0
"8164",122453,12,30753,27.43096944,-82.30358056,3,3,12,6,18,9,0,12,0,1,1,0,1,2,10,1,12,3,3,2,2,2,1,2,2,2,2,3,1,2,2,2,2,2,"Florida",0
"8165",122454,12,29526,29.18701111,-82.10324444,1,1,12,7,0,3,0,33,0,3,2,0,4,3,1,1,12,2,2,2,2,1,1,1,2,2,2,3,2,2,2,2,2,2,"Florida",0
"8166",122455,12,30414,27.96698611,-82.54709444,6,6,12,7,23,9,0,12,0,1,1,0,1,3,10,1,12,3,3,2,2,3,1,1,2,2,2,1,1,2,1,2,2,2,"Florida",1
"8167",122456,12,29140,29.57508889,-82.95786944,1,1,12,1,19,9,0,8,0,1,1,0,1,2,1,1,12,3,3,2,2,1,2,2,1,2,2,3,2,2,2,2,2,2,"Florida",0
"8168",122457,12,30550,27.84335,-82.83944167,1,1,12,1,13,9,9,23,1,5,1,0,4,1,1,1,12,3,3,1,2,1,1,1,2,2,2,3,2,2,1,2,2,2,"Florida",0
"8169",122458,12,27540,30.45628056,-84.37178056,2,2,12,1,19,2,0,8,0,1,1,0,4,2,1,1,12,2,2,2,2,1,2,2,1,2,2,2,2,2,2,2,2,2,"Florida",0
"8170",122459,12,31535,25.96799167,-80.251275,1,1,12,1,20,9,0,8,0,1,1,0,1,3,1,1,12,3,3,2,2,1,2,2,1,2,2,3,2,2,2,2,2,2,"Florida",0
"8171",122460,12,27008,30.87007778,-86.40741944,2,2,12,2,1,9,0,1,0,1,1,0,1,2,1,1,12,3,3,2,2,1,2,2,2,1,2,1,2,2,2,2,2,2,"Florida",1
"8172",122461,12,27943,30.27056944,-85.52621111,2,2,12,2,22,9,0,12,0,2,3,0,1,3,1,1,12,3,3,2,1,2,2,2,2,2,2,3,2,2,1,2,2,2,"Florida",0
"8173",122462,12,28824,29.77203333,-82.52685833,2,2,12,3,7,9,0,12,0,2,2,0,1,1,1,1,12,3,3,1,1,2,2,2,2,2,2,3,2,2,2,2,2,2,"Florida",0
"8174",122463,12,27691,30.38797222,-84.28647778,1,1,12,4,2,3,0,8,0,1,1,0,1,2,1,1,12,2,2,2,1,1,2,2,1,2,2,3,2,2,2,1,2,2,"Florida",0
"8175",122464,12,28944,29.70285,-81.66396944,1,1,12,4,11,9,0,53,0,1,1,0,4,1,1,1,12,3,3,1,1,1,1,2,2,2,2,3,2,2,1,2,1,2,"Florida",0
"8176",122465,12,31583,25.92477222,-80.29658056,4,4,12,4,18,3,0,12,0,1,1,0,1,1,1,1,12,2,2,2,1,3,2,2,2,2,2,3,2,1,2,2,2,2,"Florida",0
"8177",122466,12,29970,28.49247778,-82.37603611,4,4,12,4,18,4,0,12,1,2,2,0,1,2,1,1,12,1,2,2,1,2,2,2,2,2,2,3,1,2,2,2,2,2,"Florida",0
"8178",122467,12,30069,28.35524167,-81.39038889,2,2,12,4,6,9,0,12,0,1,1,0,1,4,10,1,12,3,3,1,1,2,2,2,2,2,2,2,2,2,2,2,1,2,"Florida",0
"8179",122468,12,31821,25.56059167,-80.36891944,1,1,12,6,13,9,0,8,0,1,1,0,1,1,1,1,12,3,3,1,1,1,2,2,1,2,2,3,2,2,2,2,1,2,"Florida",0
"8180",122469,12,31782,25.68735556,-80.357025,1,1,12,6,22,9,0,8,0,1,1,0,1,3,1,1,12,3,3,2,2,1,2,2,1,2,2,3,2,2,2,1,2,2,"Florida",0
"8181",122470,12,30077,28.34591111,-82.32192222,5,5,12,6,5,1,0,12,0,1,1,4,1,2,1,1,12,2,1,2,1,3,2,2,2,1,2,3,2,2,2,2,2,2,"Florida",0
"8182",122471,12,30118,28.30314722,-81.41590833,3,3,12,6,17,9,0,8,0,1,1,0,1,1,1,1,12,3,3,1,1,1,2,2,1,2,2,3,2,2,2,2,2,2,"Florida",0
"8183",122472,12,31112,26.57213611,-81.78142778,1,1,12,6,0,9,0,33,0,1,1,0,3,2,1,1,12,3,3,2,1,1,1,1,2,2,2,3,2,2,2,2,2,2,"Florida",0
"8184",122473,12,30227,28.11685556,-81.81411667,1,1,12,6,6,9,0,9,0,1,1,0,1,2,5,1,12,3,3,1,1,1,2,2,2,2,2,2,2,2,2,2,2,2,"Florida",0
"8185",122474,12,30358,27.998325,-80.61805,2,2,12,7,0,3,0,25,0,1,1,0,4,3,1,1,12,2,2,2,2,1,2,2,2,2,2,3,2,2,2,2,2,2,"Florida",0
"8186",122475,12,28291,30.10325,-82.77188056,1,1,12,7,17,9,0,42,0,1,1,0,4,1,1,1,12,3,3,1,2,1,2,2,2,2,2,2,2,2,2,2,2,2,"Florida",0
"8187",122476,12,30083,28.33632778,-82.16750556,1,1,12,7,18,9,0,9,0,1,1,0,1,2,1,1,12,3,3,2,2,1,2,2,2,2,2,3,2,2,2,2,2,2,"Florida",0
"8188",122477,12,29454,29.31156111,-82.19511111,3,3,12,7,8,9,0,12,1,2,2,0,1,1,1,1,12,3,3,1,2,2,2,2,2,2,2,2,2,1,2,2,2,2,"Florida",1
"8189",122478,12,30934,26.88308889,-80.12458889,2,2,12,1,12,1,0,30,0,1,1,0,4,1,10,2,12,2,1,1,2,1,2,2,2,2,2,3,2,1,2,2,2,2,"Florida",0
"8190",122479,12,30896,27.04060556,-82.22671667,2,2,12,1,9,9,0,12,1,2,2,0,1,1,1,1,12,3,3,1,2,2,2,2,2,2,2,3,2,1,2,2,2,2,"Florida",0
"8191",122480,12,30468,27.93293889,-80.63587778,3,3,12,2,20,9,0,12,0,2,2,0,1,2,1,1,12,3,3,2,1,2,2,2,2,2,2,3,2,1,2,2,2,2,"Florida",0
"8192",122481,12,31616,25.87688611,-80.19962778,5,5,12,2,18,9,0,9,0,1,1,0,1,5,1,1,12,3,3,2,1,3,2,2,2,2,2,3,2,2,2,2,2,2,"Florida",0
"8193",122482,12,30409,27.96903889,-82.57374167,3,3,12,2,18,3,0,25,0,1,1,0,4,3,10,1,12,2,2,2,1,1,2,2,2,1,2,2,1,2,2,2,1,2,"Florida",0
"8194",122483,12,31646,25.8471,-80.20785,4,4,12,3,13,1,0,1,0,1,1,0,1,1,1,1,12,2,1,1,1,2,1,2,2,2,2,3,2,2,1,2,2,2,"Florida",0
"8195",122484,12,27649,30.40990833,-84.13968333,4,4,12,3,9,6,0,42,0,1,1,0,4,1,1,1,12,1,2,1,1,1,2,2,2,2,2,3,2,2,1,2,2,2,"Florida",0
"8196",122485,12,31631,25.86653333,-80.30953611,1,1,12,4,23,3,0,8,0,1,1,0,1,3,1,1,12,2,2,2,1,1,2,2,1,2,2,3,2,2,2,2,2,2,"Florida",0
"8197",122486,12,30652,27.67555278,-82.24089167,1,1,12,4,22,9,0,39,0,1,1,0,4,2,1,1,12,3,3,2,1,1,2,2,2,2,2,2,2,2,2,2,2,2,"Florida",0
"8198",122487,12,31380,26.16546389,-80.17125833,1,1,12,5,21,3,0,8,0,1,1,0,1,3,1,1,12,2,2,2,1,1,2,2,1,2,2,3,2,2,2,2,2,2,"Florida",0
"8199",122488,12,29564,29.13737222,-80.98433611,1,1,10,4,18,3,0,8,0,3,2,0,1,1,10,1,12,2,2,2,1,1,2,2,1,2,2,3,2,2,2,2,2,2,"Florida",0
"8200",122489,12,31606,25.89394444,-80.26336389,1,1,10,1,6,9,0,14,0,1,1,0,4,4,1,1,12,3,3,1,2,1,2,2,2,2,2,3,2,2,2,2,1,2,"Florida",0
"8201",122490,12,30317,28.02716944,-82.47806667,2,2,11,7,2,9,0,30,0,1,1,0,4,3,1,2,12,3,3,2,2,1,1,2,2,2,2,1,2,2,2,2,2,2,"Florida",1
"8202",122491,12,28379,30.04157778,-81.61721111,2,2,11,6,14,9,0,33,0,1,1,0,3,1,10,1,12,3,3,1,1,1,1,2,2,2,2,2,2,2,2,2,2,2,"Florida",0
"8203",122492,12,29778,28.76393056,-82.51561944,2,2,11,1,18,8,0,9,0,1,1,0,1,2,10,1,12,1,2,2,2,1,2,2,2,2,2,3,2,2,1,2,2,2,"Florida",0
"8204",122493,12,31526,25.98188889,-81.56324722,2,2,12,4,21,2,0,12,0,1,1,0,1,2,10,1,12,1,2,2,1,2,2,2,2,2,2,3,2,2,2,2,2,2,"Florida",0
"8205",122494,12,30828,27.26931944,-82.50588056,2,2,12,4,21,9,0,8,0,2,2,0,1,3,1,1,12,3,3,2,1,1,2,2,1,2,2,3,2,1,2,2,2,2,"Florida",0
"8206",122495,12,30981,26.72564722,-80.45138056,6,6,12,7,14,9,0,12,0,1,1,0,1,1,2,1,12,3,3,1,2,2,2,1,2,2,2,3,1,2,2,2,2,2,"Florida",0
"8207",122496,12,30281,28.05030833,-81.84445556,2,2,12,7,18,9,0,9,0,1,1,0,4,2,1,1,12,3,3,2,2,1,2,2,2,2,2,1,2,2,2,1,1,2,"Florida",1
"8208",122497,12,31107,26.57628056,-81.87198056,1,1,12,4,18,2,0,8,0,2,3,0,1,3,1,1,12,2,2,2,1,1,2,2,1,2,2,3,2,2,2,2,2,2,"Florida",0
"8209",122498,12,29570,29.12508333,-80.97825278,2,2,12,6,21,2,0,8,0,3,2,0,1,3,1,1,12,2,2,2,2,1,2,2,1,2,2,3,2,1,2,2,2,2,"Florida",0
"8210",122499,12,27791,30.33566111,-81.76138889,1,1,12,6,18,9,0,8,0,1,1,3,1,3,10,1,12,3,3,2,2,2,2,2,1,2,2,3,2,2,2,2,2,2,"Florida",0
"8211",122500,12,31010,26.68656667,-80.11187778,5,5,12,7,15,9,0,12,0,2,2,0,1,1,1,2,12,3,3,1,2,3,2,2,2,2,2,3,1,1,2,2,2,2,"Florida",0
"8212",122501,12,31048,26.65466667,-81.673675,1,1,12,7,1,9,0,1,0,2,2,0,1,2,1,1,12,3,3,2,2,1,1,2,2,2,2,1,2,2,2,2,2,2,"Florida",1
"8213",122502,12,30711,27.49595,-82.62041111,1,1,12,7,19,9,0,8,0,1,1,0,1,3,1,1,12,3,3,2,2,1,2,2,1,2,2,3,1,2,2,2,2,2,"Florida",0
"8214",122503,12,29963,28.50057778,-81.26915556,1,1,12,7,0,9,0,8,0,1,1,0,1,3,10,1,12,3,3,2,2,1,2,2,1,2,2,3,2,2,1,2,2,2,"Florida",0
"8215",122504,12,29906,28.5572,-81.31071111,4,4,12,7,3,3,0,12,1,2,2,0,1,3,1,1,12,2,2,2,2,2,2,2,2,2,2,1,2,2,1,2,2,2,"Florida",1
"8216",122505,12,30149,28.2564,-81.46256111,2,2,12,7,19,2,0,8,0,1,1,0,1,3,1,1,12,2,2,2,2,1,2,2,1,2,2,3,2,2,1,2,2,2,"Florida",0
"8217",122506,12,30132,28.28056111,-82.71716944,1,1,12,1,7,2,0,8,0,1,1,0,1,4,1,1,12,2,2,1,2,1,2,2,1,2,2,3,2,2,1,2,2,2,"Florida",0
"8218",122507,12,30185,28.18643056,-82.739975,2,2,12,1,17,2,0,8,0,1,1,0,1,3,1,1,12,2,2,1,2,1,2,2,1,2,2,2,2,2,2,2,2,2,"Florida",0
"8219",122508,12,31729,25.76621944,-80.20011111,4,4,12,1,5,9,0,12,0,1,1,0,1,3,10,1,12,3,3,2,2,2,2,2,2,2,2,3,2,2,1,2,2,2,"Florida",0
"8220",122509,12,29861,28.60903889,-82.35936944,1,1,12,1,4,2,0,42,0,3,3,0,4,2,5,1,12,1,2,2,2,1,2,2,2,2,2,1,2,2,2,2,2,2,"Florida",1
"8221",122510,12,31461,26.09108889,-81.73343889,1,1,12,2,21,2,0,8,0,1,1,0,1,3,1,1,12,2,2,2,1,2,2,2,1,2,2,3,1,2,2,2,2,2,"Florida",0
"8222",122511,12,31640,25.85317778,-80.25018611,2,2,10,7,20,9,0,8,0,3,2,0,4,3,1,1,12,3,3,2,2,1,2,2,1,2,2,3,2,2,2,1,2,2,"Florida",0
"8223",122512,12,29942,28.52407222,-82.23689722,2,2,12,3,6,1,0,12,1,18,1,0,1,3,10,1,12,1,1,1,1,2,2,2,2,2,2,3,2,2,1,2,2,2,"Florida",0
"8224",122513,12,30019,28.42085833,-81.42097222,2,2,12,3,12,3,0,1,1,20,1,0,1,1,10,1,12,2,2,1,1,2,1,2,2,2,2,3,2,2,1,2,2,2,"Florida",0
"8225",122514,12,30877,27.10737778,-82.30521111,1,1,12,4,21,9,0,35,0,1,1,1,3,2,1,1,12,3,3,2,1,1,2,2,2,2,2,2,2,2,2,2,2,2,"Florida",0
"8226",122515,12,29974,28.48638056,-81.71501944,1,1,12,5,10,2,0,35,0,1,1,0,4,1,1,1,12,2,2,1,1,1,2,2,2,2,2,2,2,1,2,2,2,2,"Florida",0
"8227",122516,12,27249,30.63701111,-85.15768056,1,1,12,5,19,3,0,42,0,1,1,0,4,2,10,1,12,1,2,2,1,1,2,1,2,2,2,3,2,2,2,2,2,2,"Florida",0
"8228",122517,12,31855,25.27879444,-80.44263333,1,1,12,5,14,2,0,8,0,1,1,4,1,1,10,1,12,1,2,1,1,1,2,2,1,2,2,3,2,2,2,2,2,2,"Florida",0
"8229",122518,12,30791,27.33622222,-81.38564722,2,2,12,6,15,2,0,12,0,1,1,0,1,1,10,1,12,2,2,1,1,2,2,1,2,2,2,3,2,2,2,2,2,2,"Florida",0
"8230",122519,12,29896,28.56341111,-81.25308056,2,2,12,6,17,9,0,12,0,8,1,0,1,5,1,1,12,3,3,1,1,2,2,2,2,2,2,3,2,1,2,2,2,2,"Florida",0
"8231",122520,12,29267,29.47660278,-81.147275,2,2,12,7,0,3,0,8,0,1,1,0,1,2,1,1,12,2,2,2,2,1,2,2,1,2,2,3,2,2,2,1,2,2,"Florida",0
"8232",122521,12,29688,28.89175,-81.68695,5,5,12,4,18,3,0,12,0,2,2,0,1,2,1,2,12,2,2,2,1,3,2,2,2,2,2,3,1,1,2,2,2,2,"Florida",0
"8233",122522,12,29756,28.80239444,-81.27901111,4,4,12,6,3,9,0,12,1,2,2,0,1,3,1,1,12,3,3,2,1,2,2,1,2,1,2,3,2,1,2,1,2,2,"Florida",0
"8234",122523,12,31272,26.26056667,-80.28222222,3,3,11,7,5,9,0,12,0,1,1,0,1,2,10,1,12,3,3,2,2,2,2,2,2,2,2,3,2,2,1,2,2,2,"Florida",0
"8235",122524,12,29880,28.58146389,-81.49683333,2,2,12,6,21,9,0,33,0,1,1,0,4,2,1,2,12,3,3,2,2,1,2,2,2,2,2,1,2,2,2,2,2,2,"Florida",1
"8236",122525,12,31722,25.77305833,-80.19875,2,2,12,1,21,1,0,33,1,5,1,0,4,3,1,1,12,2,2,2,2,1,2,2,2,2,2,3,2,2,2,2,2,2,"Florida",0
"8237",122526,12,29899,28.56156667,-81.30453611,4,4,12,2,16,3,0,12,1,2,2,0,1,1,1,2,12,2,2,1,1,2,2,2,2,2,2,3,2,1,2,2,2,2,"Florida",0
"8238",122527,12,29923,28.54761944,-81.21885,3,3,12,4,22,3,0,12,0,1,1,0,1,2,1,1,12,2,2,2,1,3,1,2,2,2,2,1,2,2,2,2,2,2,"Florida",1
"8239",122528,12,29571,29.12237222,-81.04740833,4,4,12,4,18,1,0,8,0,1,1,4,1,2,10,1,12,2,1,2,1,3,2,2,1,2,2,3,2,2,1,1,2,2,"Florida",0
"8240",122529,12,29594,29.07151944,-81.90413056,1,1,12,3,3,9,0,42,0,1,1,0,4,2,10,1,12,3,3,2,1,1,2,2,2,1,2,1,2,2,2,2,2,2,"Florida",1
"8241",122530,12,31308,26.22665,-80.14481111,1,1,12,6,21,9,0,33,0,1,1,0,3,2,1,1,12,3,3,2,2,1,1,2,2,2,2,3,2,1,2,2,2,2,"Florida",0
"8242",122531,12,31231,26.31859167,-80.10499722,1,1,12,7,18,3,0,8,0,3,2,0,1,3,1,1,12,2,2,2,2,1,2,2,1,2,2,3,1,2,2,2,2,2,"Florida",0
"8243",122532,12,27361,30.55370833,-84.38393333,1,1,12,5,12,2,0,8,0,1,1,0,99,9,99,1,12,2,2,1,1,1,2,2,1,2,2,3,2,2,2,1,2,2,"Florida",0
"8244",122533,12,30544,27.85060833,-82.12146667,1,1,12,1,7,9,0,3,0,1,1,0,4,1,1,1,12,3,3,1,2,1,1,2,2,2,2,2,2,2,1,2,2,2,"Florida",0
"8245",122534,12,31485,26.05136667,-80.22475833,1,1,12,4,11,9,0,59,0,1,1,0,4,1,1,1,12,3,3,1,1,1,1,1,2,2,2,3,2,2,2,2,2,2,"Florida",0
"8246",122535,12,30500,27.89366389,-82.27563889,2,2,12,4,16,9,0,12,0,8,1,0,1,1,10,1,12,3,3,1,1,2,1,1,2,2,2,2,1,2,2,2,2,2,"Florida",0
"8247",122536,12,27983,30.25554167,-81.76715556,8,8,12,5,19,9,0,12,0,3,2,0,1,3,1,1,12,3,3,2,1,2,2,2,2,2,2,1,2,2,1,2,2,2,"Florida",1
"8248",122537,12,31733,25.76175278,-80.32078333,1,1,12,5,5,3,0,14,0,1,1,0,5,3,10,1,12,2,2,2,1,1,2,2,1,2,2,3,2,2,2,1,2,2,"Florida",0
"8249",122538,12,27923,30.27787222,-81.60284167,1,1,12,7,0,9,0,19,0,1,1,0,5,3,1,1,12,3,3,2,2,1,2,2,2,2,2,1,2,2,2,2,2,2,"Florida",1
"8250",122539,12,31694,25.80005556,-80.12726111,1,1,12,6,19,3,0,8,0,2,3,0,1,3,1,1,12,2,2,2,2,1,2,2,1,2,2,3,2,1,2,2,2,2,"Florida",0
"8251",122540,12,30304,28.03505,-82.01931389,1,1,12,5,23,9,0,8,0,2,2,0,1,2,1,1,12,3,3,2,1,1,2,2,1,2,2,3,2,2,2,2,2,2,"Florida",0