"","ST_CASE","OBJECT_ID","FID","LATITUDE","LONGITUD","PERMVIT","PERSONS","MONTH","DAY_WEEK","HOUR","ROUTE","SP_JUR","HARM_EV","RELJCT1","RELJCT2","TYP_INT","WRK_ZONE","REL_ROAD","LGT_COND","WEATHER","FATALS","STATE","A_RU","A_INTER","A_TOD","A_DOW","A_CT","A_MC","A_SPCRA","A_PED","A_ROLL","A_POLPUR","A_POSBAC","A_D15_20","A_D65PLS","A_D21_24","A_HR","A_DIST","A_DROWSY","STATE_NAME","drunkDr"
"8252",122541,12,31536,25.96552778,-80.20585833,2,2,7,7,11,9,0,12,0,3,2,0,1,1,1,1,12,3,3,1,2,2,2,2,2,2,2,3,2,2,1,2,2,2,"Florida",1
"8253",122542,12,31002,26.69164444,-80.18437222,3,3,8,7,14,9,0,12,0,2,2,0,1,1,1,1,12,3,3,1,2,2,2,1,2,2,2,1,2,1,2,2,2,2,"Florida",1
"8254",122543,12,31785,25.68526667,-80.42156944,1,1,9,4,15,9,0,8,0,8,1,0,1,1,1,1,12,3,3,1,1,1,2,2,1,2,2,3,2,2,2,2,2,2,"Florida",0
"8255",122544,12,31439,26.12146944,-80.17915,1,1,9,5,21,9,0,8,0,1,1,0,1,3,1,1,12,3,3,2,1,1,2,2,1,2,2,3,2,2,2,2,2,2,"Florida",0
"8256",122545,12,31703,25.78603889,-80.18913056,1,1,11,5,1,2,0,24,0,1,1,0,3,2,1,1,12,2,2,2,1,1,1,1,2,2,2,3,2,2,2,2,1,2,"Florida",0
"8257",122546,12,30619,27.75549722,-82.6466,1,1,11,7,1,9,0,33,0,1,1,0,3,3,1,1,12,3,3,2,2,1,1,2,2,2,2,1,2,2,2,2,2,2,"Florida",1
"8258",122547,12,31645,25.84746389,-80.19521111,1,1,12,5,23,9,0,9,0,1,1,0,1,2,10,1,12,3,3,2,1,1,2,2,2,2,2,3,2,2,2,1,2,2,"Florida",0
"8259",122548,12,31035,26.66553333,-81.87898889,1,1,12,5,18,2,0,8,0,1,1,0,1,3,1,2,12,2,2,2,1,1,1,2,1,2,2,1,2,2,2,2,2,2,"Florida",1
"8260",122549,12,31781,25.68751944,-80.35145556,4,4,12,6,0,3,0,59,1,3,2,0,4,3,1,1,12,2,2,2,1,3,2,2,2,2,2,3,1,2,2,2,2,2,"Florida",0
"8261",122550,12,27968,30.26168056,-81.764325,1,1,12,6,11,9,0,14,0,1,1,0,3,1,1,1,12,3,3,1,1,1,2,2,2,2,2,2,1,2,2,2,1,2,"Florida",0
"8262",122551,12,30840,27.23676944,-82.50141944,1,1,12,2,20,9,0,8,0,3,3,0,1,2,1,1,12,3,3,2,1,1,2,2,1,2,2,3,2,2,2,2,2,2,"Florida",0
"8263",122552,12,30634,27.72831111,-80.54633889,4,4,12,3,16,1,0,12,0,1,1,4,1,1,1,3,12,1,1,1,1,3,2,2,2,1,2,2,2,2,2,2,2,2,"Florida",0
"8264",122553,12,31127,26.54213056,-81.87153056,1,1,12,5,0,2,0,33,0,1,1,0,4,3,1,1,12,2,2,2,1,1,1,2,2,2,2,3,2,2,2,2,2,2,"Florida",0
"8265",122554,12,30965,26.78748056,-80.27812778,3,3,11,5,19,9,0,12,1,2,2,0,1,3,10,1,12,3,3,2,1,2,1,1,2,2,2,3,2,2,2,2,2,2,"Florida",0
"8266",122555,12,31582,25.92518056,-80.29311111,1,1,12,6,19,3,0,24,0,1,1,0,4,3,1,1,12,2,2,2,2,1,1,2,2,2,2,3,2,2,2,2,2,2,"Florida",0
"8267",122556,12,27602,30.43132222,-83.4565,2,2,12,7,18,9,0,59,0,1,1,0,4,2,1,1,12,3,3,2,2,1,2,2,2,1,2,1,1,2,2,2,2,2,"Florida",1
"8268",122557,12,29902,28.55975278,-81.31082222,1,1,12,7,0,3,0,8,0,1,1,0,1,3,1,1,12,2,2,2,2,1,2,2,1,2,2,3,2,2,1,2,2,2,"Florida",0
"8269",122558,12,30857,27.17240833,-80.27239444,4,4,12,1,18,3,0,42,0,1,1,0,3,3,1,1,12,2,2,2,2,2,2,2,2,2,2,3,2,2,2,1,2,2,"Florida",1
"8270",122559,12,31094,26.60655,-81.74158889,2,2,12,1,18,9,0,12,0,2,3,0,1,3,1,1,12,3,3,2,2,2,1,2,2,2,2,3,2,2,2,2,2,2,"Florida",0
"8271",122560,12,27287,30.61143889,-87.32038056,4,4,12,6,18,9,0,12,0,2,4,0,1,2,1,1,12,3,3,2,2,3,2,2,2,2,2,1,2,2,1,2,2,2,"Florida",1
"8272",122561,12,27390,30.53283056,-87.12569722,2,2,12,1,3,9,0,33,0,1,1,0,4,2,1,2,12,3,3,2,2,1,2,2,2,1,2,1,2,2,2,2,2,2,"Florida",1
"8273",122562,12,27446,30.49753889,-86.43561111,1,1,12,1,3,3,0,33,0,1,1,0,3,2,1,1,12,2,2,2,2,1,2,2,2,1,2,1,2,2,2,2,2,2,"Florida",1
"8274",122563,12,27807,30.3299,-87.1506,2,2,12,1,15,9,0,12,0,8,1,0,1,1,1,1,12,3,3,1,2,2,1,2,2,2,2,3,2,2,2,2,2,2,"Florida",0
"8275",122564,12,27472,30.48571389,-84.40733056,4,4,12,2,3,1,0,12,0,1,1,0,1,2,1,1,12,2,1,2,2,3,2,2,2,1,2,1,1,2,2,2,2,2,"Florida",1
"8276",122565,12,31716,25.77914167,-80.250125,1,1,12,3,18,9,0,8,0,3,2,0,1,3,10,1,12,3,3,2,1,1,2,2,1,2,2,3,2,2,2,2,2,2,"Florida",0
"8277",122566,12,30493,27.89437222,-82.74618889,1,1,12,4,6,3,0,8,0,1,1,0,1,3,1,1,12,2,2,1,1,1,2,2,1,2,2,3,2,2,2,2,2,2,"Florida",0
"8278",122567,12,30131,28.28063056,-82.70848889,1,1,12,7,17,9,0,9,0,2,3,0,1,1,1,1,12,3,3,1,2,1,2,2,2,2,2,3,2,2,2,2,1,2,"Florida",0
"8279",122568,12,31603,25.89650278,-80.18670833,1,1,12,3,6,3,0,8,0,1,1,0,1,3,1,1,12,2,2,1,1,1,2,2,1,2,2,3,2,2,2,1,2,2,"Florida",0
"8280",122569,12,31001,26.69570556,-80.07468611,4,4,12,3,18,5,0,12,0,2,2,0,1,3,2,1,12,2,2,2,1,3,1,1,2,2,2,3,2,1,1,2,2,2,"Florida",0
"8281",122570,12,30026,28.40397778,-82.65575278,3,3,12,3,14,2,0,59,0,3,3,0,3,1,2,1,12,2,2,1,1,3,2,2,2,2,2,3,2,2,2,2,2,2,"Florida",0
"8282",122571,12,29757,28.80066111,-81.5928,4,4,12,4,19,3,0,12,0,1,1,0,1,2,1,2,12,2,2,2,1,3,2,2,2,2,2,1,2,2,2,2,2,2,"Florida",1
"8283",122572,12,30178,28.19736111,-82.16853056,2,2,12,5,20,3,0,8,0,1,1,0,1,3,1,1,12,2,2,2,1,1,2,2,1,2,2,3,2,2,2,2,2,2,"Florida",0
"8284",122573,12,31823,25.55591111,-80.39189444,1,1,12,5,2,3,0,8,0,1,1,0,1,3,10,1,12,2,2,2,1,1,2,2,1,2,2,3,2,2,2,2,2,2,"Florida",0
"8285",122574,12,29233,29.50971944,-82.82315,1,1,12,6,21,9,0,59,0,3,2,0,4,2,1,1,12,3,3,2,2,1,2,2,2,2,2,1,2,2,2,2,2,2,"Florida",1
"8286",122575,12,27120,30.75000278,-86.28105556,1,1,12,7,18,9,0,42,0,1,1,0,5,2,1,1,12,3,3,2,2,1,1,2,2,2,2,3,2,2,2,2,2,2,"Florida",0
"8287",122576,12,29565,29.13365,-81.14875,3,3,12,7,10,2,0,12,0,1,1,0,1,1,1,1,12,1,2,1,2,2,2,2,2,1,2,3,2,2,2,2,2,2,"Florida",0
"8288",122577,12,31868,24.66983056,-81.36356111,3,3,12,1,10,2,0,1,0,1,1,0,1,1,10,1,12,2,2,1,2,2,1,2,2,2,2,3,2,2,2,2,2,2,"Florida",0
"8289",122578,12,27387,30.53387778,-87.1034,2,2,12,1,5,9,0,25,0,1,1,2,4,2,10,1,12,3,3,2,2,2,2,2,2,1,2,1,2,2,2,2,2,2,"Florida",1
"8290",122579,12,30845,27.21639444,-81.308075,4,4,12,1,0,6,0,12,0,1,1,0,1,2,1,1,12,2,2,2,2,2,2,1,2,2,2,3,1,2,1,2,2,2,"Florida",0
"8291",122580,12,29877,28.58848889,-81.45160278,3,3,12,1,19,9,0,8,0,1,1,0,1,3,1,1,12,3,3,2,2,1,2,2,1,2,2,3,2,2,2,2,2,2,"Florida",0
"8292",122581,12,30376,27.99458889,-82.783725,3,3,12,4,21,9,0,8,0,1,1,0,1,3,1,1,12,3,3,2,1,1,2,2,1,2,2,3,2,2,2,2,2,2,"Florida",0
"8293",122582,12,28016,30.24636944,-83.04701111,7,7,12,5,19,9,0,12,0,8,1,0,1,2,1,1,12,3,3,2,1,2,2,2,2,2,2,3,2,2,1,2,2,2,"Florida",1
"8294",122583,12,27278,30.61628056,-87.16102778,1,1,12,6,7,9,0,34,0,1,1,0,4,1,10,1,12,3,3,1,1,1,2,2,2,2,2,2,2,2,2,2,1,2,"Florida",1
"8295",122584,12,30917,26.95101111,-80.08530833,1,1,1,7,21,9,0,9,0,2,2,0,1,3,1,1,12,3,3,2,2,1,2,2,2,2,2,3,2,2,2,2,2,2,"Florida",0
"8296",122585,12,29854,28.61848056,-81.94235,1,1,11,1,4,6,0,42,0,1,1,0,4,2,2,1,12,2,2,2,2,1,2,2,2,2,2,1,2,2,2,2,2,1,"Florida",1
"8297",122586,12,30025,28.40475,-82.37056111,1,1,12,5,6,9,0,59,0,1,1,0,4,2,1,1,12,3,3,1,1,1,1,2,2,2,2,2,2,2,2,2,2,2,"Florida",0
"8298",122587,12,27747,30.35936389,-81.66870278,8,8,12,7,19,9,0,8,1,18,1,0,1,3,10,1,12,3,3,2,2,2,2,2,1,2,2,3,1,2,2,2,2,2,"Florida",0
"8299",122588,12,30653,27.67490556,-82.34884167,2,2,12,1,20,2,0,12,0,2,3,0,1,2,2,1,12,2,2,2,2,2,2,2,2,2,2,1,2,2,2,2,2,2,"Florida",1
"8300",122589,12,31206,26.36037778,-80.18708056,2,2,12,6,17,9,0,12,0,2,2,0,1,1,10,1,12,3,3,1,1,2,1,2,2,2,2,3,2,1,2,2,2,2,"Florida",0
"8301",122590,12,31088,26.60865,-80.06064444,1,1,12,1,20,9,0,9,0,8,1,0,1,3,10,1,12,3,3,2,2,1,2,2,2,2,2,3,2,2,2,2,2,2,"Florida",0
"8302",122591,12,31115,26.56708889,-80.19572222,1,1,12,1,9,9,0,33,0,1,1,0,4,1,10,1,12,3,3,1,2,1,2,1,2,2,2,3,2,2,2,2,2,2,"Florida",0
"8303",122592,12,29528,29.18641389,-82.18485,1,1,12,3,18,3,0,8,0,3,2,0,1,3,2,1,12,2,2,2,1,1,2,2,1,2,2,2,2,2,2,2,2,2,"Florida",0
"8304",122593,12,31008,26.68743889,-80.66991111,1,1,12,7,5,3,0,8,0,2,2,0,1,2,10,1,12,2,2,2,2,1,2,2,1,2,2,3,2,2,2,1,2,2,"Florida",0
"8305",122594,12,29843,28.64175833,-81.34459722,1,1,12,4,15,9,0,8,0,8,1,0,1,1,1,1,12,3,3,1,1,1,2,2,1,2,2,3,2,1,2,2,2,2,"Florida",0
"8306",122595,12,28685,29.84601111,-82.15943889,2,2,12,3,17,2,0,12,0,1,1,0,1,2,10,1,12,1,2,1,1,2,2,2,2,2,2,2,2,2,2,2,2,2,"Florida",0
"8307",122597,12,28647,29.87633611,-81.32401111,2,2,12,4,17,2,0,8,0,1,1,0,1,2,10,1,12,2,2,1,1,1,2,2,1,2,2,3,2,2,2,2,2,2,"Florida",0
"8308",122598,12,29886,28.57768056,-81.47615,6,6,12,6,16,3,0,12,0,8,1,0,1,1,1,1,12,2,2,1,1,2,2,2,2,2,2,3,2,1,2,2,2,2,"Florida",0
"8309",122599,12,27985,30.25401944,-82.3358,4,4,12,7,17,1,0,42,0,1,1,0,4,1,1,3,12,1,1,1,2,1,2,2,2,2,2,2,2,2,2,2,2,2,"Florida",0
"8310",122600,12,29532,29.18481111,-82.67986111,1,1,12,1,12,9,0,1,0,1,1,0,3,1,1,1,12,3,3,1,2,1,2,2,2,1,2,2,2,1,2,2,2,2,"Florida",0
"8311",122601,12,27601,30.43170278,-81.57748611,2,2,12,1,20,9,0,42,0,1,1,0,4,3,10,1,12,3,3,2,2,2,2,2,2,2,2,3,2,2,1,2,2,2,"Florida",0
"8312",122602,12,31692,25.80224722,-80.21535556,2,2,12,1,22,3,0,12,0,3,2,0,1,3,1,1,12,2,2,2,2,2,2,1,2,2,2,3,2,2,2,2,2,2,"Florida",0
"8313",122603,12,29448,29.31599722,-82.76137222,1,1,12,2,20,9,0,1,0,1,1,0,4,2,1,1,12,3,3,2,1,1,2,2,2,1,2,2,2,2,2,2,2,2,"Florida",0
"8314",122604,12,31113,26.57095556,-80.06965556,1,1,12,5,21,9,0,8,0,1,1,0,1,3,10,1,12,3,3,2,1,1,2,2,1,2,2,3,2,2,2,2,2,2,"Florida",0
"8315",122605,12,28396,30.02847222,-82.15791389,1,1,12,3,7,3,0,42,0,1,1,0,4,1,2,1,12,1,2,1,1,1,2,2,2,2,2,3,2,1,2,2,2,2,"Florida",0
"8316",122606,12,29828,28.66704722,-81.43119444,10,10,12,7,18,3,0,12,0,3,2,0,1,3,10,1,12,2,2,2,2,3,1,1,2,2,2,1,2,2,2,2,2,2,"Florida",1
"8317",122607,12,31654,25.83849722,-80.30142778,1,1,12,1,19,2,0,59,0,1,1,0,4,3,10,1,12,2,2,2,2,1,2,2,2,2,2,3,1,2,2,2,2,2,"Florida",0
"8318",122608,12,27463,30.49051944,-82.2176,1,1,12,2,16,9,0,30,0,1,1,0,4,1,1,1,12,3,3,1,1,1,2,2,2,1,2,1,2,2,1,2,2,2,"Florida",1
"8319",122609,12,30880,27.09948611,-82.38994444,2,2,12,3,1,9,0,12,0,1,1,1,1,3,1,1,12,3,3,2,1,2,2,2,2,2,2,1,2,2,1,2,2,2,"Florida",1
"8320",122610,12,30766,27.39551944,-80.39423889,7,7,12,3,7,3,0,1,0,1,1,0,4,1,1,1,12,2,2,1,1,1,2,2,2,1,2,3,2,2,2,2,2,2,"Florida",0
"8321",122611,12,31456,26.10447222,-80.20155,1,1,12,5,11,2,0,8,0,2,2,0,1,1,1,1,12,2,2,1,1,1,2,2,1,2,2,3,2,2,2,2,2,2,"Florida",0
"8322",122612,12,31558,25.94293611,-80.18786389,8,8,12,4,0,1,0,12,0,1,1,0,1,3,1,5,12,2,1,2,1,3,2,2,2,1,2,1,2,2,1,2,2,2,"Florida",1
"8323",122613,12,28134,30.19233611,-85.64994722,1,1,12,5,19,9,0,8,0,1,1,0,1,3,1,1,12,3,3,2,1,1,2,2,1,2,2,2,2,2,2,2,2,2,"Florida",0
"8324",122614,12,29552,29.15741667,-81.07661389,4,4,12,2,22,1,0,12,0,1,1,0,1,3,1,1,12,2,1,2,1,3,2,2,2,2,2,3,2,2,2,2,2,2,"Florida",0
"8325",122615,12,31361,26.17681944,-80.20336111,1,1,12,3,19,2,0,8,0,1,1,0,1,3,1,1,12,2,2,2,1,1,2,2,1,2,2,3,2,2,2,2,2,2,"Florida",0
"8326",122616,12,30310,28.03225556,-80.673025,2,2,12,5,18,9,0,8,0,3,3,0,1,1,10,1,12,3,3,2,1,1,2,2,1,2,2,3,2,2,2,2,2,2,"Florida",0
"8327",122617,12,30827,27.26941944,-82.44876111,1,1,12,5,12,9,0,18,0,1,1,0,1,1,10,1,12,3,3,1,1,1,2,2,2,1,2,2,2,1,2,2,2,2,"Florida",0
"8328",122618,12,28602,29.91383056,-81.52687222,1,1,12,4,23,9,0,9,0,1,1,0,1,2,1,1,12,3,3,2,1,1,2,2,2,2,2,3,2,2,2,2,2,2,"Florida",0
"8329",122619,12,31518,25.99560278,-80.18561667,1,1,12,1,7,3,0,8,0,1,1,0,1,1,10,1,12,2,2,1,2,1,2,2,1,2,2,3,2,2,2,2,2,2,"Florida",0
"8330",122620,12,28042,30.23582222,-81.76271111,2,2,12,3,13,9,0,12,0,1,1,0,1,1,1,1,12,3,3,1,1,2,1,2,2,2,2,3,2,2,2,2,2,2,"Florida",0
"8331",122621,12,30439,27.95468056,-82.78750833,2,2,12,5,6,2,0,12,0,1,1,0,1,4,10,1,12,2,2,1,1,2,2,2,2,2,2,3,2,1,2,2,2,2,"Florida",0
"8332",122622,12,30091,28.33035556,-82.60703889,1,1,12,6,20,9,0,8,0,1,1,0,1,2,10,1,12,3,3,2,2,1,2,2,1,2,2,2,2,2,1,2,2,2,"Florida",0
"8333",122623,12,30841,27.23395,-80.26803056,3,3,12,5,12,2,0,12,0,1,1,0,1,1,10,1,12,2,2,1,1,2,1,2,2,2,2,3,2,2,2,2,2,2,"Florida",0
"8334",122624,12,29643,28.98465833,-81.26441667,7,7,12,1,0,9,0,12,0,2,2,0,1,2,1,1,12,3,3,2,2,3,2,2,2,2,2,3,1,2,2,2,2,2,"Florida",1
"8335",122625,12,30167,28.22421389,-82.73396111,2,2,12,2,1,2,0,8,1,3,2,0,1,3,1,1,12,2,2,2,2,1,2,2,1,2,2,3,2,2,2,2,2,2,"Florida",0
"8336",122626,12,31581,25.92533889,-80.17605,1,1,12,4,5,3,0,59,1,19,1,0,4,3,1,1,12,2,2,2,1,1,2,2,2,1,2,3,2,2,2,2,1,2,"Florida",0
"8337",122627,12,31126,26.54396389,-80.09083889,1,1,12,4,13,9,0,9,0,3,2,0,1,1,1,1,12,3,3,1,1,1,2,2,2,2,2,3,2,1,2,2,2,2,"Florida",0
"8338",122628,12,29625,29.01765,-82.50821111,3,3,12,5,11,8,0,12,0,1,1,0,1,1,1,1,12,1,2,1,1,2,1,2,2,2,2,3,1,1,2,2,1,2,"Florida",0
"8339",122629,12,29860,28.61080278,-81.46384167,1,1,12,5,21,9,0,15,0,1,1,0,1,3,1,1,12,3,3,2,1,1,2,2,2,2,2,3,1,2,2,2,2,2,"Florida",0
"8340",122630,12,28772,29.80041944,-81.32041667,5,5,12,5,19,2,0,12,0,2,2,0,1,2,10,1,12,2,2,2,1,2,2,2,2,2,2,2,2,2,2,2,2,2,"Florida",0
"8341",122631,12,27643,30.41092222,-84.66852778,3,3,12,5,22,3,0,12,0,1,1,0,1,2,1,1,12,1,2,2,1,2,2,2,2,1,2,1,2,2,2,2,2,2,"Florida",1
"8342",122632,12,30191,28.17198056,-80.67738889,1,1,10,7,11,9,0,9,0,1,1,0,2,1,1,1,12,3,3,1,2,1,2,2,2,2,2,3,2,2,2,2,2,2,"Florida",0
"8343",122633,12,30535,27.85911944,-80.49221944,1,1,11,5,14,9,0,1,0,3,3,0,4,1,1,1,12,3,3,1,1,1,1,1,2,2,2,1,2,1,2,2,2,2,"Florida",1
"8344",122634,12,30429,27.96060278,-82.74738889,1,1,11,1,21,3,0,8,0,1,1,0,1,3,2,1,12,2,2,2,2,1,2,2,1,2,2,3,2,2,2,2,2,2,"Florida",0
"8345",122635,12,30821,27.27421944,-80.35296111,2,2,11,7,15,9,0,12,0,8,1,0,1,1,1,1,12,3,3,1,2,2,1,2,2,2,2,3,2,2,1,2,2,2,"Florida",0
"8346",122636,12,29733,28.82725833,-81.9928,2,2,11,5,17,9,0,12,0,3,2,0,1,6,2,1,12,3,3,1,1,2,2,2,2,2,2,3,2,1,2,2,2,2,"Florida",0
"8347",122637,12,29947,28.52218611,-81.50929444,2,2,11,6,2,3,0,25,0,1,1,0,3,3,1,1,12,2,2,2,1,2,2,2,2,2,2,3,2,2,2,2,1,2,"Florida",0
"8348",122638,12,31357,26.17916944,-80.25256667,1,1,11,1,19,9,0,8,0,1,1,0,1,3,1,1,12,3,3,2,2,1,2,2,1,2,2,3,2,1,2,2,2,2,"Florida",0
"8349",122639,12,31676,25.81233333,-80.28926111,1,1,11,1,0,9,0,43,0,1,1,0,3,3,1,1,12,3,3,2,2,1,2,2,2,2,2,3,2,2,2,2,2,2,"Florida",0
"8350",122640,12,31569,25.9352,-80.28153333,1,1,12,5,20,9,0,8,0,1,1,0,1,3,2,1,12,3,3,2,1,1,2,2,1,2,2,3,2,2,2,1,2,2,"Florida",0
"8351",122641,12,29626,29.01726111,-81.37213333,2,2,12,7,21,9,0,12,0,1,1,0,1,2,1,1,12,3,3,2,2,2,2,2,2,2,2,3,1,1,2,2,2,2,"Florida",0
"8352",122642,12,29691,28.89013056,-81.30544722,1,1,12,3,21,9,0,8,0,1,1,0,1,2,1,1,12,3,3,2,1,1,2,2,1,2,2,3,2,2,2,2,2,2,"Florida",0
"8353",122643,12,27761,30.35213889,-81.57755,1,1,12,4,6,6,0,8,0,3,2,0,1,4,1,1,12,2,2,1,1,1,2,2,1,2,2,3,2,2,2,2,2,2,"Florida",0
"8354",122644,12,31495,26.02956111,-80.31240556,2,2,12,4,4,3,0,12,0,2,2,0,1,3,10,1,12,2,2,2,1,2,2,2,2,2,2,3,2,2,2,2,2,2,"Florida",0
"8355",122645,12,31319,26.21158889,-80.10675278,4,4,12,4,12,9,0,12,0,2,2,0,1,1,1,1,12,3,3,1,1,2,2,2,2,2,2,3,2,1,2,2,2,2,"Florida",0
"8356",122646,12,31356,26.17935556,-80.14683889,2,2,12,5,17,9,0,12,0,2,3,0,1,5,1,1,12,3,3,1,1,2,1,2,2,2,2,3,2,2,2,2,2,2,"Florida",0
"8357",122647,12,30532,27.86333056,-82.72895,2,2,12,7,0,3,0,33,0,1,1,0,4,3,1,1,12,2,2,2,2,1,2,1,2,2,2,3,2,2,2,2,2,2,"Florida",0
"8358",122648,12,30908,27.00633056,-82.16495,6,6,12,2,16,3,0,12,0,1,1,0,1,5,1,1,12,2,2,1,1,3,2,2,2,2,2,3,2,1,2,2,1,2,"Florida",0
"8359",122649,12,30899,27.02448333,-82.05765278,1,1,12,4,19,6,0,8,0,1,1,0,1,3,1,1,12,2,2,2,1,1,2,2,1,2,2,3,2,1,2,2,2,2,"Florida",0
"8360",122650,12,30093,28.32846389,-81.47109444,1,1,12,4,23,2,0,8,0,1,1,0,1,3,1,1,12,2,2,2,1,1,2,2,1,2,2,3,2,2,2,1,2,2,"Florida",0
"8361",122651,12,31017,26.68158889,-80.11207778,1,1,12,5,23,3,0,9,0,1,1,0,1,3,1,1,12,2,2,2,1,1,2,2,2,2,2,3,2,2,2,1,2,2,"Florida",0
"8362",122652,12,30165,28.23374167,-81.64765556,11,11,12,7,15,9,0,12,0,1,1,0,1,1,1,1,12,3,3,1,2,3,2,2,2,2,2,3,2,2,2,2,1,2,"Florida",0
"8363",122653,12,30613,27.75983056,-82.37062778,4,4,12,1,20,1,0,12,0,1,1,0,1,2,1,2,12,2,1,2,2,2,2,2,2,2,2,1,2,1,2,2,2,2,"Florida",1
"8364",122654,12,31007,26.68748889,-81.86616111,1,1,12,3,6,3,0,8,0,3,2,0,1,3,1,1,12,2,2,1,1,1,2,2,1,2,2,3,2,2,1,2,2,2,"Florida",0
"8365",122655,12,30749,27.44112222,-82.57544722,1,1,12,3,20,2,0,8,0,3,2,0,1,3,1,1,12,2,2,2,1,1,2,2,1,2,2,3,2,2,2,2,2,2,"Florida",0
"8366",122658,12,30584,27.79444167,-82.33477222,3,3,12,6,14,2,0,12,1,3,3,0,1,1,1,1,12,2,2,1,1,2,1,2,2,2,2,1,2,1,2,2,2,2,"Florida",1
"8367",122659,12,27828,30.3214,-81.54916944,1,1,12,7,20,9,0,8,0,1,1,0,1,3,1,1,12,3,3,2,2,1,2,2,1,2,2,2,2,2,2,2,2,2,"Florida",0
"8368",122660,12,31114,26.57058333,-81.87979722,4,4,12,1,19,3,0,12,0,16,1,0,1,1,1,1,12,2,2,2,2,2,2,2,2,2,2,1,2,2,2,2,2,2,"Florida",2
"8369",122661,12,31298,26.23327222,-80.18643333,1,1,12,1,17,9,0,52,0,1,1,0,3,3,1,1,12,3,3,1,2,1,2,2,2,2,2,2,2,1,2,2,1,2,"Florida",0
"8370",122662,12,31800,25.63276667,-80.44736944,6,6,12,1,4,9,0,12,0,3,3,0,1,3,1,1,12,3,3,2,2,2,2,2,2,2,2,3,2,2,1,2,2,2,"Florida",0
"8371",122663,12,27906,30.28658889,-82.12971944,1,1,12,2,17,9,0,9,0,1,1,0,1,5,10,1,12,3,3,1,1,1,2,2,2,2,2,3,2,2,2,2,2,2,"Florida",0
"8372",122664,12,30385,27.98606667,-81.95677222,1,1,12,3,4,3,0,8,0,1,1,0,1,3,1,1,12,2,2,2,1,1,2,2,1,2,2,3,2,2,2,2,2,2,"Florida",0
"8373",122665,12,30625,27.74814167,-81.88744167,2,2,12,3,13,9,0,12,0,2,2,0,1,1,1,1,12,3,3,1,1,2,2,2,2,2,2,3,2,2,2,2,2,2,"Florida",0
"8374",122666,12,30194,28.158975,-82.75676944,3,3,12,5,20,2,0,8,0,1,1,0,1,2,1,1,12,2,2,2,1,1,2,2,1,2,2,3,1,2,2,2,2,2,"Florida",0
"8375",122667,12,30396,27.979375,-82.45116667,1,1,11,5,10,3,0,9,0,1,1,0,1,1,1,1,12,2,2,1,1,1,2,2,2,2,2,3,2,1,2,2,2,2,"Florida",0
"8376",122668,12,30633,27.73348333,-81.68691111,4,4,12,4,23,9,0,12,0,1,1,0,1,2,1,4,12,3,3,2,1,2,2,2,2,1,2,1,2,2,1,2,2,2,"Florida",1
"8377",122669,12,29930,28.53933333,-81.47912778,1,1,10,5,22,9,0,9,0,1,1,0,1,3,1,1,12,3,3,2,1,1,2,2,2,2,2,3,2,2,2,2,2,2,"Florida",0
"8378",122670,12,29534,29.18359167,-81.00868889,3,3,10,6,18,9,0,1,0,1,1,0,1,5,1,1,12,3,3,2,2,2,1,2,2,2,2,1,2,2,2,2,2,2,"Florida",1
"8379",122671,12,29017,29.67379722,-82.30004167,1,1,8,6,12,9,0,30,0,1,1,0,4,1,1,1,12,3,3,1,1,1,2,2,2,2,2,3,2,2,2,2,2,2,"Florida",0
"8380",122672,12,30434,27.95719444,-82.48501389,2,2,11,4,23,9,0,42,0,1,1,0,4,3,1,2,12,3,3,2,1,1,2,2,2,2,2,2,2,2,1,2,2,2,"Florida",0
"8381",122673,12,30372,27.99608611,-82.46403056,1,1,11,7,2,2,0,8,0,1,1,0,1,3,1,1,12,2,2,2,2,1,2,2,1,2,2,3,2,2,2,1,2,2,"Florida",0
"8382",122674,12,30046,28.37308889,-80.75503889,2,2,11,6,19,9,0,8,0,3,2,0,1,3,1,1,12,3,3,2,2,1,2,2,1,2,2,3,2,2,2,2,2,2,"Florida",0
"8383",122675,12,29763,28.78901667,-81.27306111,2,2,12,3,17,2,0,9,0,3,2,0,1,1,1,1,12,2,2,1,1,2,2,2,2,2,2,3,2,2,1,2,2,2,"Florida",0
"8384",122676,12,31022,26.67735278,-80.10380833,2,2,2,4,22,9,0,12,0,2,2,0,1,3,1,1,12,3,3,2,1,2,2,2,2,2,2,3,2,2,2,2,2,2,"Florida",0
"8385",122677,12,31739,25.75264722,-80.23826111,1,1,7,4,5,9,0,8,0,3,2,0,1,3,1,1,12,3,3,2,1,1,2,2,1,2,2,3,2,2,2,2,2,2,"Florida",0
"8386",122678,12,31683,25.81025278,-80.20143056,1,1,9,1,16,2,0,8,0,3,2,0,1,1,1,1,12,2,2,1,2,1,2,2,1,2,2,3,2,2,1,2,2,2,"Florida",0
"8387",122679,12,29726,28.83944722,-81.89306944,4,4,10,3,20,2,0,8,0,1,1,0,1,3,1,1,12,2,2,2,1,2,2,2,1,2,2,3,2,2,2,2,2,2,"Florida",0