"","ST_CASE","OBJECT_ID","FID","LATITUDE","LONGITUD","PERMVIT","PERSONS","MONTH","DAY_WEEK","HOUR","ROUTE","SP_JUR","HARM_EV","RELJCT1","RELJCT2","TYP_INT","WRK_ZONE","REL_ROAD","LGT_COND","WEATHER","FATALS","STATE","A_RU","A_INTER","A_TOD","A_DOW","A_CT","A_MC","A_SPCRA","A_PED","A_ROLL","A_POLPUR","A_POSBAC","A_D15_20","A_D65PLS","A_D21_24","A_HR","A_DIST","A_DROWSY","STATE_NAME","drunkDr"
"8525",130009,13,26658,31.33051111,-83.84719444,3,3,1,1,13,3,0,42,0,1,1,0,4,1,1,1,13,1,2,1,2,1,2,2,2,2,2,2,2,2,2,2,1,2,"Georgia",0
"8526",130010,13,20424,34.35594444,-82.98546944,5,5,1,1,16,3,0,12,0,1,1,0,1,1,10,2,13,1,2,1,2,2,2,2,2,2,2,3,1,2,2,2,1,2,"Georgia",0
"8527",130011,13,25890,32.13516944,-81.17333333,1,1,1,2,5,3,0,9,0,2,3,0,1,2,10,1,13,1,2,2,2,1,2,2,2,2,2,3,2,2,2,1,2,2,"Georgia",0
"8528",130012,13,26448,31.57535,-84.15651111,2,2,1,2,21,2,0,8,0,1,1,0,1,3,1,1,13,2,2,2,1,1,2,2,1,2,2,3,2,2,2,2,2,2,"Georgia",0
"8529",130013,13,23713,33.26714444,-84.31317778,6,6,1,2,10,4,0,12,0,3,3,0,1,1,1,1,13,2,2,1,1,2,2,1,2,2,1,3,2,1,2,2,2,2,"Georgia",0
"8530",130014,13,23402,33.42451111,-84.603525,2,2,1,3,14,3,0,12,0,2,2,0,1,1,1,1,13,2,2,1,1,2,1,2,2,2,2,3,2,1,2,2,2,2,"Georgia",0
"8531",130015,13,27024,30.8524,-83.22145,1,1,1,3,6,2,0,8,0,1,1,0,1,2,1,1,13,2,2,1,1,1,2,2,1,2,2,2,2,2,2,2,2,2,"Georgia",0
"8532",130016,13,25207,32.53995,-84.95146111,1,1,1,3,17,4,0,8,0,1,1,0,1,1,1,1,13,2,2,1,1,1,2,2,1,2,2,3,2,2,2,2,2,2,"Georgia",0
"8533",130017,13,21653,33.9474,-84.76259722,1,1,1,3,1,4,0,42,0,1,1,0,4,2,1,1,13,2,2,2,1,1,2,1,2,2,2,3,2,2,2,2,2,2,"Georgia",0
"8534",130018,13,26578,31.42847778,-82.21981944,4,4,1,4,18,3,0,12,0,2,3,0,1,5,1,2,13,1,2,2,1,2,2,2,2,2,2,3,1,2,2,2,2,2,"Georgia",0
"8535",130019,13,21827,33.90722222,-84.35737222,8,8,1,5,16,2,0,12,0,1,1,0,1,1,1,1,13,2,2,1,1,3,2,1,2,2,2,3,2,2,2,2,2,2,"Georgia",0
"8536",130020,13,23891,33.15205,-84.31209167,2,2,1,5,0,2,0,12,0,1,1,0,1,2,1,1,13,1,2,2,1,2,2,2,2,2,2,3,2,1,2,2,2,2,"Georgia",0
"8537",130021,13,21111,34.09090833,-84.72413611,1,1,1,6,19,1,0,8,0,1,1,0,4,2,1,1,13,2,1,2,2,1,2,2,1,2,2,2,2,2,2,2,2,2,"Georgia",0
"8538",130022,13,27069,30.797875,-83.27292222,1,1,1,6,7,4,0,34,0,1,1,0,4,1,1,1,13,2,2,1,1,1,2,2,2,2,2,3,2,2,2,2,2,2,"Georgia",0
"8539",130023,13,19209,34.97003333,-85.30343889,1,1,1,6,10,4,0,34,0,3,3,0,4,1,1,1,13,2,2,1,1,1,2,2,2,1,2,3,2,1,2,2,2,2,"Georgia",0
"8540",130024,13,22190,33.79578611,-83.64711111,3,3,1,6,14,3,0,12,0,1,1,0,1,1,10,1,13,1,2,1,1,2,2,2,2,2,2,3,2,1,2,2,1,2,"Georgia",0
"8541",130025,13,25979,32.04432778,-81.19955278,1,1,1,7,6,6,0,32,0,1,1,0,4,4,1,1,13,2,2,1,2,1,2,1,2,2,2,3,2,2,2,2,2,2,"Georgia",0
"8542",130026,13,26039,31.99908611,-81.12658611,1,1,1,7,23,3,0,25,0,1,1,0,3,2,1,1,13,2,2,2,2,1,1,1,2,2,2,1,2,2,2,2,2,2,"Georgia",1
"8543",130027,13,20496,34.31194722,-83.72166111,3,3,1,7,18,4,0,12,0,1,1,0,1,2,1,1,13,1,2,2,2,2,2,2,2,2,2,1,2,2,1,2,2,2,"Georgia",1
"8544",130028,13,24416,32.85873889,-84.98376944,1,1,1,7,2,3,0,59,0,1,1,0,4,2,1,1,13,1,2,2,2,1,2,2,2,2,2,3,2,2,2,2,2,2,"Georgia",1
"8545",130029,13,22851,33.6079,-85.08423056,1,1,1,1,19,2,0,8,0,1,1,0,1,2,10,1,13,2,2,2,2,1,2,2,1,2,2,3,2,1,2,2,2,2,"Georgia",0
"8546",130030,13,23803,33.21510278,-84.51661667,1,1,1,1,13,4,0,34,0,1,1,0,4,1,10,1,13,1,2,1,2,1,2,1,2,1,2,1,2,2,2,2,2,2,"Georgia",1
"8547",130031,13,23663,33.29396389,-84.11113056,1,1,1,1,14,1,0,24,0,1,1,0,3,1,10,1,13,1,1,1,2,1,2,2,2,2,2,3,2,1,2,2,2,2,"Georgia",0
"8548",130032,13,25907,32.11266111,-81.35978056,2,2,1,2,18,1,0,12,0,1,1,0,1,2,5,1,13,2,1,2,1,2,2,2,2,1,2,3,2,2,2,2,1,2,"Georgia",0
"8549",130033,13,26778,31.16589722,-83.84530556,1,1,1,2,8,3,0,32,0,1,1,0,4,1,1,1,13,1,2,1,1,1,2,2,2,2,2,3,2,2,2,2,1,2,"Georgia",0
"8550",130034,13,22100,33.829125,-84.38743056,1,1,1,2,9,2,0,30,0,1,1,0,4,1,10,1,13,2,2,1,1,1,2,1,2,2,2,2,2,2,2,2,2,2,"Georgia",0
"8551",130035,13,22235,33.78385,-85.06379722,2,2,1,2,12,3,0,12,0,2,2,0,1,1,5,1,13,1,2,1,1,2,2,2,2,2,2,3,2,1,1,2,2,2,"Georgia",0
"8552",130036,13,22559,33.69707222,-85.30416111,1,1,1,2,16,4,0,32,0,3,3,0,4,1,10,1,13,1,2,1,1,1,2,1,2,1,2,3,2,2,1,2,2,2,"Georgia",0
"8553",130037,13,26092,31.93636111,-81.05138889,1,1,1,3,22,3,0,42,0,3,2,0,3,3,1,1,13,2,2,2,1,1,2,2,2,1,2,3,2,1,2,2,2,2,"Georgia",0
"8554",130038,13,22410,33.73855278,-84.42703611,1,1,1,3,18,3,0,8,0,1,1,0,1,3,2,1,13,2,2,2,1,1,2,2,1,2,2,3,2,2,2,2,2,2,"Georgia",0
"8555",130039,13,22243,33.78176944,-84.37271111,1,1,1,3,21,6,0,8,0,1,1,0,1,2,2,1,13,2,2,2,1,1,2,2,1,2,2,3,2,2,1,2,2,2,"Georgia",0
"8556",130040,13,20276,34.44464722,-83.98815833,5,5,1,3,21,2,0,12,0,2,2,0,1,2,2,1,13,1,2,2,1,2,2,2,2,1,2,3,2,2,1,2,2,2,"Georgia",0
"8557",130041,13,20288,34.43748056,-82.93282222,1,1,1,4,23,3,0,34,0,1,1,0,4,2,10,1,13,1,2,2,1,1,2,2,2,1,2,1,2,2,1,2,2,2,"Georgia",1
"8558",130042,13,23079,33.528275,-83.85207778,1,1,1,4,19,3,0,8,0,1,1,0,1,2,10,1,13,2,2,2,1,1,2,2,1,2,2,2,2,2,2,2,2,2,"Georgia",0
"8559",130043,13,21214,34.06520833,-84.32035278,1,1,1,5,10,3,0,33,0,1,1,0,4,1,10,1,13,2,2,1,1,1,2,2,2,2,2,2,2,1,2,2,2,2,"Georgia",0
"8560",130044,13,20743,34.21397778,-83.88316667,1,1,1,5,11,1,0,35,0,1,1,0,4,1,10,1,13,2,2,1,1,1,2,2,2,2,2,3,2,1,2,2,2,2,"Georgia",0
"8561",130045,13,21077,34.10186667,-84.02170278,1,1,1,5,22,3,0,8,0,3,2,0,1,2,10,1,13,2,2,2,1,1,2,2,1,2,2,3,2,2,2,2,2,2,"Georgia",0
"8562",130046,13,23352,33.44136944,-81.9847,1,1,1,6,7,2,0,9,0,1,1,0,1,4,10,1,13,2,2,1,1,1,2,2,2,2,2,3,2,2,2,1,2,2,"Georgia",0
"8563",130047,13,21629,33.95443889,-83.57746389,2,2,1,7,7,4,0,12,0,1,1,0,1,1,1,1,13,2,2,1,2,2,2,2,2,2,2,3,2,2,2,2,2,2,"Georgia",0
"8564",130048,13,22057,33.84028889,-84.31302222,2,2,1,7,14,1,0,12,0,1,1,0,1,1,1,1,13,2,1,1,2,2,2,1,2,2,2,3,2,2,2,2,2,2,"Georgia",0
"8565",130049,13,22957,33.57100833,-83.23925833,2,2,1,7,14,2,0,12,0,1,1,0,1,1,1,1,13,1,2,1,2,2,2,2,2,1,2,1,2,2,2,2,2,2,"Georgia",1
"8566",130050,13,19377,34.89294167,-83.59595,3,3,1,7,4,3,0,24,0,1,1,0,4,2,10,1,13,1,2,2,2,1,2,2,2,1,2,2,2,2,2,2,2,2,"Georgia",0
"8567",130051,13,25834,32.17791389,-81.18754167,5,5,1,1,20,3,0,12,0,3,2,0,1,3,1,1,13,2,2,2,2,3,2,2,2,2,2,1,2,2,1,2,2,2,"Georgia",1
"8568",130052,13,26242,31.81742222,-83.72710278,1,1,1,1,23,3,0,59,0,1,1,0,4,2,1,1,13,1,2,2,2,1,2,2,2,2,2,3,2,2,2,2,2,2,"Georgia",0
"8569",130053,13,25035,32.65321389,-83.61208611,2,2,1,1,0,3,0,8,0,1,1,0,1,2,1,1,13,1,2,2,2,1,2,2,1,2,2,3,2,2,2,2,2,2,"Georgia",0
"8570",130054,13,20090,34.54254167,-83.82678611,1,1,1,1,6,3,0,42,0,1,1,0,4,2,1,1,13,1,2,1,2,1,2,2,2,2,2,2,1,2,2,2,2,2,"Georgia",0
"8571",130055,13,22128,33.81908056,-84.65687222,2,2,1,2,16,6,0,12,0,3,2,0,1,1,1,1,13,2,2,1,1,2,2,2,2,2,2,3,2,2,2,2,1,2,"Georgia",0
"8572",130056,13,21066,34.10585278,-84.54427778,1,1,1,3,19,4,0,42,0,1,1,0,3,2,1,1,13,2,2,2,1,1,2,2,2,2,2,1,2,2,2,2,2,2,"Georgia",1
"8573",130057,13,21645,33.95075,-83.98213333,2,2,1,3,18,3,0,8,0,1,1,0,1,2,1,1,13,2,2,2,1,1,2,2,1,2,2,3,2,2,1,2,2,2,"Georgia",0
"8574",130058,13,20450,34.34030556,-83.90406389,2,2,1,3,13,6,0,12,0,1,1,0,1,1,1,1,13,2,2,1,1,2,2,2,2,1,2,3,2,1,2,2,2,2,"Georgia",0
"8575",130059,13,23436,33.41058056,-84.16013611,1,1,1,3,16,1,0,14,0,1,1,1,4,1,1,1,13,2,1,1,1,1,2,2,2,2,2,2,2,2,2,2,2,2,"Georgia",0
"8576",130060,13,23438,33.41027778,-82.25340278,2,2,1,4,13,4,0,1,0,1,1,0,4,1,1,1,13,2,2,1,1,1,2,2,2,1,2,2,2,2,2,2,2,2,"Georgia",0
"8577",130061,13,20432,34.35260833,-83.1741,3,3,1,4,13,6,0,1,0,1,1,0,4,1,1,2,13,1,2,1,1,1,2,2,2,1,2,3,1,2,2,2,2,2,"Georgia",0
"8578",130062,13,20287,34.43763889,-82.95631111,4,4,1,4,19,4,0,12,0,2,3,0,1,2,10,1,13,1,2,2,1,2,2,2,2,2,2,1,1,2,1,2,2,2,"Georgia",1
"8579",130063,13,23286,33.46340833,-85.02821111,1,1,1,5,11,3,0,8,0,1,1,0,1,1,10,1,13,1,2,1,1,1,2,2,1,2,2,3,2,1,2,2,2,2,"Georgia",0
"8580",130064,13,21811,33.91081389,-84.36829722,1,1,1,5,6,1,0,8,0,1,1,0,1,2,1,1,13,2,1,1,1,1,2,2,1,2,2,3,2,2,2,1,2,2,"Georgia",0
"8581",130065,13,22325,33.76169444,-84.56534444,2,2,1,6,21,4,0,38,0,1,1,0,4,3,2,1,13,2,2,2,2,1,2,1,2,2,2,3,2,2,1,2,2,2,"Georgia",0
"8582",130066,13,21217,34.06449167,-84.68787778,6,6,1,6,17,6,0,12,0,1,1,0,1,3,2,1,13,2,2,1,1,3,2,1,2,2,2,3,2,1,2,2,2,2,"Georgia",0
"8583",130067,13,22050,33.84285278,-83.92442222,4,4,1,6,17,6,0,12,0,3,3,0,1,2,10,1,13,2,2,1,1,2,2,2,2,2,2,3,2,1,2,2,2,2,"Georgia",1
"8584",130068,13,23119,33.51554167,-84.09339722,3,3,1,6,6,4,0,12,0,1,1,0,1,2,2,1,13,2,2,1,1,3,2,2,2,2,2,3,2,1,2,2,2,2,"Georgia",0
"8585",130069,13,26804,31.13221667,-82.5823,1,1,1,6,23,4,0,42,0,1,1,0,4,2,2,1,13,1,2,2,2,1,2,1,2,2,2,1,2,2,2,2,2,2,"Georgia",1
"8586",130070,13,26724,31.24371667,-81.99656389,1,1,1,7,17,4,0,59,0,1,1,0,4,1,1,1,13,1,2,1,2,1,2,2,2,2,2,2,2,1,2,2,2,2,"Georgia",0
"8587",130071,13,21807,33.91215556,-84.59499444,1,1,1,7,12,6,0,53,0,1,1,0,4,1,1,1,13,2,2,1,2,1,2,2,2,1,2,3,2,2,2,2,2,2,"Georgia",0
"8588",130072,13,22090,33.831875,-84.33583611,5,5,1,7,1,1,0,12,0,1,1,0,1,2,2,1,13,2,1,2,2,3,2,2,2,2,2,3,2,2,1,2,2,2,"Georgia",0
"8589",130073,13,22185,33.79726944,-84.6433,3,3,1,7,15,3,0,12,0,3,2,0,1,1,1,1,13,2,2,1,2,3,2,1,2,2,2,1,2,2,2,2,2,2,"Georgia",1
"8590",130074,13,21001,34.12103056,-83.87672222,2,2,1,7,22,3,0,12,0,1,1,0,1,2,1,1,13,2,2,2,2,2,2,2,2,2,2,1,2,2,2,2,2,2,"Georgia",1
"8591",130075,13,24899,32.70725556,-81.93381944,5,5,1,7,2,6,0,12,0,2,3,0,1,2,2,1,13,1,2,2,2,2,2,2,2,1,2,1,2,2,2,2,2,2,"Georgia",2
"8592",130076,13,23030,33.54359722,-83.42420556,1,1,1,7,10,4,0,35,0,1,1,0,4,1,1,1,13,1,2,1,2,1,2,1,2,2,2,3,2,2,2,2,2,2,"Georgia",0
"8593",130077,13,19200,34.97231667,-85.29876389,1,1,1,7,13,6,0,15,0,2,3,0,1,1,1,1,13,2,2,1,2,1,2,2,2,2,2,3,2,2,2,1,2,2,"Georgia",0
"8594",130078,13,22272,33.77399444,-84.07623889,6,6,1,1,13,3,0,12,0,1,1,0,1,1,1,1,13,2,2,1,2,3,2,1,2,2,2,3,2,2,2,2,2,2,"Georgia",0
"8595",130079,13,20918,34.14945833,-84.14909444,2,2,1,1,22,4,0,12,0,1,1,1,1,2,2,1,13,2,2,2,2,2,2,2,2,2,2,3,2,2,2,2,2,2,"Georgia",0
"8596",130080,13,19648,34.77289722,-85.4401,2,2,1,1,11,3,0,42,0,1,1,0,4,1,1,2,13,1,2,1,2,1,2,2,2,2,2,3,2,2,2,2,2,2,"Georgia",0
"8597",130081,13,23864,33.17250556,-83.28227778,1,1,1,2,10,3,0,8,0,8,1,0,1,1,10,1,13,2,2,1,1,1,2,2,1,2,2,2,2,2,2,2,2,2,"Georgia",0
"8598",130082,13,22426,33.73346944,-84.52968056,3,3,1,2,3,4,0,42,0,1,1,1,4,2,10,1,13,2,2,2,2,1,2,2,2,2,2,1,2,2,1,2,2,2,"Georgia",1
"8599",130083,13,26626,31.36099167,-82.99600556,1,1,1,3,2,3,0,42,0,1,1,0,4,2,1,1,13,1,2,2,1,1,2,2,2,2,2,2,2,2,1,2,2,2,"Georgia",0
"8600",130084,13,24683,32.77293889,-83.65913056,1,1,1,3,20,6,0,8,0,3,4,0,1,2,1,1,13,2,2,2,1,1,2,2,1,2,2,2,2,1,2,2,2,2,"Georgia",0
"8601",130085,13,23628,33.31941111,-84.05380278,2,2,1,3,7,3,0,12,0,8,1,0,1,1,1,1,13,2,2,1,1,2,2,2,2,2,2,3,2,2,2,2,2,2,"Georgia",0
"8602",130086,13,23603,33.33180278,-84.12240833,3,3,1,3,14,1,0,12,0,1,1,0,1,1,10,1,13,2,1,1,1,2,2,2,2,2,2,3,1,2,2,2,2,2,"Georgia",0
"8603",130087,13,21984,33.865125,-84.84170556,2,2,1,3,16,3,0,12,0,1,1,0,1,1,1,1,13,2,2,1,1,2,2,2,2,2,2,1,1,2,2,2,2,2,"Georgia",1
"8604",130088,13,22505,33.713075,-84.24348889,1,1,1,7,0,1,0,25,0,5,1,0,4,2,1,1,13,2,1,2,2,1,2,2,2,1,2,2,2,2,2,2,2,2,"Georgia",0
"8605",130089,13,21451,34.00404167,-85.27955,2,2,1,3,15,3,0,12,0,2,2,0,1,1,1,1,13,2,2,1,1,2,2,2,2,1,2,3,2,1,2,2,2,2,"Georgia",0
"8606",130090,13,25820,32.18890278,-82.52670833,2,2,1,4,15,3,0,12,0,1,1,0,1,1,1,1,13,1,2,1,1,2,2,2,2,2,2,3,2,2,2,2,2,2,"Georgia",0
"8607",130091,13,24153,32.97978333,-82.81699167,2,2,1,5,14,6,0,12,0,2,3,0,1,1,1,1,13,2,2,1,1,2,1,2,2,2,2,3,1,2,2,2,2,2,"Georgia",0
"8608",130092,13,23576,33.34840278,-83.95723889,4,4,1,7,16,3,0,12,0,1,1,0,1,1,1,1,13,1,2,1,2,2,2,2,2,2,2,3,2,1,2,2,2,2,"Georgia",0
"8609",130093,13,21376,34.02361944,-83.39786944,1,1,1,7,2,2,0,8,0,3,2,0,1,3,1,1,13,2,2,2,2,1,2,2,1,2,2,2,2,2,1,2,2,2,"Georgia",0
"8610",130094,13,23882,33.161325,-84.18996667,3,3,1,7,3,4,0,32,0,1,1,0,4,2,1,1,13,1,2,2,2,1,2,2,2,1,2,1,2,2,1,2,2,2,"Georgia",1
"8611",130095,13,26150,31.88868333,-81.91845278,2,2,1,7,20,3,0,8,0,1,1,0,1,2,1,1,13,1,2,2,2,1,2,2,1,2,2,2,2,2,2,2,2,2,"Georgia",0
"8612",130096,13,21911,33.88671389,-84.46641944,1,1,2,1,5,1,0,59,0,1,1,1,3,2,1,1,13,2,1,2,2,1,2,2,2,2,2,1,2,2,2,2,2,2,"Georgia",1
"8613",130097,13,19232,34.95685278,-85.46174167,3,3,2,1,12,1,0,35,0,1,1,0,4,1,2,1,13,1,1,1,2,1,2,2,2,1,2,3,2,1,2,2,2,2,"Georgia",0
"8614",130098,13,26451,31.57277222,-84.03282778,1,1,2,1,17,2,0,35,0,1,1,0,4,1,2,1,13,2,2,1,2,1,2,2,2,2,2,3,2,2,2,2,2,2,"Georgia",0
"8615",130099,13,22192,33.79525,-84.36746667,8,8,2,1,2,6,0,12,0,1,1,0,1,3,10,1,13,2,2,2,2,3,2,1,2,2,2,1,2,2,1,2,2,2,"Georgia",1
"8616",130100,13,20077,34.54816389,-83.51070556,3,3,2,1,23,4,0,14,0,1,1,0,5,2,2,1,13,2,2,2,2,1,2,2,2,2,2,1,2,2,1,2,2,2,"Georgia",1
"8617",130101,13,26605,31.389625,-84.03986389,2,2,2,1,14,4,0,42,0,1,1,0,5,1,1,1,13,1,2,1,2,1,2,2,2,2,2,1,2,2,2,2,2,2,"Georgia",1
"8618",130102,13,24130,32.99352222,-82.77146944,2,2,2,1,15,3,0,12,0,2,2,0,1,1,1,1,13,1,2,1,2,2,2,2,2,2,2,3,2,2,1,2,2,2,"Georgia",0
"8619",130103,13,24446,32.84526111,-83.66956111,1,1,2,2,12,6,0,34,0,1,1,0,4,1,1,1,13,2,2,1,1,1,2,2,2,2,2,3,2,2,2,2,2,2,"Georgia",0
"8620",130105,13,24577,32.80379722,-84.276175,3,3,2,2,0,2,0,12,0,1,1,0,1,2,10,2,13,1,2,2,2,2,2,1,2,2,1,2,1,2,2,2,2,2,"Georgia",1
"8621",130106,13,23184,33.49348056,-84.23988056,2,2,2,3,8,4,0,12,0,1,1,0,1,1,1,1,13,2,2,1,1,2,2,2,2,2,2,3,1,2,2,2,2,2,"Georgia",0
"8622",130107,13,25998,32.03064722,-81.878,1,1,2,3,21,4,0,42,0,1,1,0,4,2,1,1,13,1,2,2,1,1,2,2,2,2,2,1,2,2,2,2,2,2,"Georgia",1
"8623",130108,13,26110,31.92180833,-82.94505,3,3,2,3,9,2,0,12,0,1,1,0,1,1,1,1,13,1,2,1,1,2,2,2,2,2,2,3,2,1,2,2,2,2,"Georgia",0
"8624",130110,13,19379,34.89271667,-85.40473333,2,2,2,4,16,3,0,24,0,1,1,0,4,1,10,1,13,1,2,1,1,1,2,2,2,2,2,2,2,1,2,2,2,2,"Georgia",0
"8625",130111,13,21139,34.08513611,-85.41751111,2,2,2,5,7,2,0,12,0,1,1,0,1,1,1,1,13,1,2,1,1,2,2,2,2,2,2,3,2,2,2,2,2,2,"Georgia",0
"8626",130112,13,25366,32.451125,-83.38079167,2,2,2,6,21,2,0,12,0,1,1,0,1,2,1,1,13,1,2,2,2,2,1,2,2,2,2,1,2,2,1,2,2,2,"Georgia",1
"8627",130113,13,21378,34.02346111,-84.6154,2,2,2,6,6,6,0,33,0,3,2,0,4,3,1,1,13,2,2,1,1,2,2,2,2,1,2,3,2,2,2,2,2,2,"Georgia",0
"8628",130114,13,21915,33.88558333,-84.25122222,5,5,2,6,16,1,0,12,0,1,1,1,1,1,1,1,13,2,1,1,1,3,1,2,2,2,2,3,2,1,2,2,2,2,"Georgia",0
"8629",130115,13,22136,33.815025,-84.35301111,3,3,2,6,11,6,0,12,0,3,3,0,1,1,1,1,13,2,2,1,1,3,2,2,2,1,2,3,2,2,1,2,2,2,"Georgia",0
"8630",130116,13,21830,33.90701944,-84.43107778,1,1,2,6,4,1,0,8,0,1,1,0,1,2,1,1,13,2,1,2,1,1,2,2,1,2,2,3,2,2,2,2,2,2,"Georgia",0
"8631",130117,13,23634,33.31272222,-85.10075278,3,3,2,6,15,2,0,12,0,2,2,0,1,1,1,2,13,1,2,1,1,2,2,2,2,2,2,2,2,1,2,2,2,2,"Georgia",0
"8632",130118,13,21739,33.92559444,-84.18579722,1,1,2,7,3,6,0,24,0,1,1,0,4,3,1,1,13,2,2,2,2,1,2,1,2,2,2,1,2,2,2,2,2,2,"Georgia",1
"8633",130119,13,26983,30.89764167,-83.28488056,1,1,2,7,13,6,0,33,0,1,1,0,4,1,1,1,13,2,2,1,2,1,1,2,2,2,2,3,2,2,2,2,2,2,"Georgia",0
"8634",130120,13,23553,33.36295833,-81.99697778,1,1,2,7,0,4,0,53,0,1,1,0,4,3,1,1,13,2,2,2,2,1,2,2,2,2,2,3,2,1,2,2,2,2,"Georgia",0
"8635",130121,13,24067,33.028775,-85.00796111,1,1,2,7,16,6,0,15,0,1,1,0,1,1,1,1,13,2,2,1,2,1,2,2,2,2,2,3,2,2,1,2,2,2,"Georgia",0
"8636",130122,13,24056,33.03211667,-85.02883889,3,3,2,7,22,3,0,12,0,8,1,0,1,2,1,2,13,2,2,2,2,2,2,2,2,2,2,3,2,2,2,2,2,2,"Georgia",0
"8637",130123,13,24455,32.84151944,-83.55587222,1,1,2,1,20,2,0,8,0,3,3,0,1,6,99,1,13,2,2,2,2,1,2,2,1,2,2,3,2,2,2,2,2,2,"Georgia",0
"8638",130124,13,25697,32.26691667,-81.282175,1,1,2,1,0,4,0,1,0,1,1,0,4,2,1,1,13,1,2,2,2,1,2,1,2,1,2,1,2,2,2,2,2,2,"Georgia",1
"8639",130125,13,23782,33.22423611,-83.05677222,1,1,2,1,0,3,0,1,0,1,1,0,4,2,1,1,13,1,2,2,2,1,2,1,2,1,2,1,2,2,1,2,2,2,"Georgia",1
"8640",130126,13,20724,34.22074722,-83.46670278,1,1,2,1,15,4,0,30,0,1,1,0,4,1,1,1,13,2,2,1,2,1,2,2,2,1,2,3,2,2,2,2,2,2,"Georgia",0
"8641",130127,13,20105,34.53826944,-83.35104722,5,5,2,1,11,3,0,12,0,2,2,0,1,1,10,2,13,2,2,1,2,2,2,2,2,2,2,3,2,1,2,2,2,2,"Georgia",0
"8642",130128,13,26764,31.18659444,-83.19280278,1,1,2,2,10,3,0,42,0,1,1,0,4,1,10,1,13,1,2,1,1,1,2,1,2,1,2,3,2,2,1,2,2,2,"Georgia",0
"8643",130129,13,23056,33.53370278,-82.31485278,1,1,2,2,1,2,0,42,0,3,3,0,6,2,1,1,13,1,2,2,2,1,2,1,2,2,2,2,2,1,2,2,2,2,"Georgia",0
"8644",130130,13,23152,33.50238056,-82.36608333,3,3,2,2,13,1,0,24,0,1,1,0,3,1,2,1,13,2,1,1,1,2,2,1,2,2,2,3,2,1,2,2,2,2,"Georgia",0
"8645",130131,13,23471,33.40076389,-84.87974444,1,1,2,3,21,4,0,8,0,1,1,0,1,2,1,1,13,2,2,2,1,1,2,2,1,2,2,3,1,2,2,1,1,2,"Georgia",0
"8646",130132,13,22460,33.72606111,-84.16715278,3,3,2,2,8,4,0,53,0,1,1,0,4,1,2,1,13,2,2,1,1,1,2,2,2,2,2,3,2,2,2,2,2,2,"Georgia",0
"8647",130133,13,21641,33.95271944,-84.20078056,2,2,2,2,19,4,0,8,0,1,1,0,1,2,1,1,13,2,2,2,1,1,2,2,1,2,2,1,2,2,1,2,2,2,"Georgia",1
"8648",130134,13,19948,34.62055556,-83.57616667,1,1,2,3,13,3,0,42,0,1,1,0,4,1,1,1,13,1,2,1,1,1,2,2,2,2,2,3,2,1,2,2,2,2,"Georgia",0
"8649",130135,13,20532,34.28899722,-84.16970278,2,2,2,4,22,4,0,35,0,3,99,0,4,2,1,1,13,2,2,2,1,1,2,1,2,1,2,2,1,2,2,2,2,2,"Georgia",0
"8650",130136,13,24041,33.04118056,-84.15351111,1,1,2,4,13,6,0,32,0,1,1,0,4,1,1,1,13,2,2,1,1,1,2,2,2,2,2,3,2,1,2,2,2,2,"Georgia",0
"8651",130137,13,23625,33.32083333,-84.28918333,2,2,2,4,5,2,0,12,0,1,1,0,1,2,1,1,13,2,2,2,1,2,2,2,2,1,2,3,2,2,2,2,2,2,"Georgia",1
"8652",130138,13,25113,32.59696111,-81.90483056,1,1,2,5,2,4,0,1,0,1,1,0,4,3,1,1,13,1,2,2,1,1,2,1,2,1,2,3,2,2,1,2,2,2,"Georgia",1
"8653",130139,13,23268,33.46768889,-85.11826111,3,3,2,5,11,2,0,12,0,1,1,0,1,1,1,1,13,1,2,1,1,2,2,2,2,1,2,3,2,1,2,2,1,2,"Georgia",0
"8654",130140,13,19334,34.91308889,-84.84863056,2,2,2,5,21,4,0,34,0,1,1,0,4,2,1,1,13,1,2,2,1,1,2,1,2,1,2,3,2,2,2,2,2,2,"Georgia",0
"8655",130141,13,20463,34.33133333,-84.12100556,3,3,2,6,19,4,0,12,0,1,1,0,1,2,1,1,13,2,2,2,2,2,2,1,2,2,2,3,1,2,2,2,1,2,"Georgia",0
"8656",130142,13,26800,31.136675,-81.39479722,1,1,2,6,3,4,0,42,0,1,1,0,4,2,1,1,13,2,2,2,1,1,2,2,2,2,2,1,2,2,2,2,2,2,"Georgia",1
"8657",130143,13,21987,33.864425,-84.97809444,2,2,2,6,23,4,0,33,0,1,1,0,4,3,1,1,13,1,2,2,2,1,2,2,2,1,2,1,2,2,2,2,2,2,"Georgia",1
"8658",130144,13,24077,33.02360833,-84.36546389,1,1,2,6,17,4,0,35,0,1,1,0,4,5,1,1,13,1,2,1,1,1,2,2,2,1,2,1,2,2,2,2,2,2,"Georgia",1
"8659",130145,13,26496,31.52237778,-82.12675,3,3,2,6,19,4,0,12,0,1,1,0,1,2,1,1,13,1,2,2,2,2,2,2,2,2,2,2,2,1,2,2,2,2,"Georgia",0
"8660",130146,13,23812,33.20805278,-84.06130278,6,6,2,7,23,1,0,12,0,1,1,0,1,2,1,1,13,1,1,2,2,2,2,2,2,2,2,3,2,1,2,2,2,2,"Georgia",1
"8661",130147,13,26500,31.51996389,-83.82504444,1,1,2,7,22,3,0,8,0,1,1,0,1,2,1,1,13,2,2,2,2,1,2,2,1,2,2,2,2,2,2,2,2,2,"Georgia",0