"","ST_CASE","OBJECT_ID","FID","LATITUDE","LONGITUD","PERMVIT","PERSONS","MONTH","DAY_WEEK","HOUR","ROUTE","SP_JUR","HARM_EV","RELJCT1","RELJCT2","TYP_INT","WRK_ZONE","REL_ROAD","LGT_COND","WEATHER","FATALS","STATE","A_RU","A_INTER","A_TOD","A_DOW","A_CT","A_MC","A_SPCRA","A_PED","A_ROLL","A_POLPUR","A_POSBAC","A_D15_20","A_D65PLS","A_D21_24","A_HR","A_DIST","A_DROWSY","STATE_NAME","drunkDr"
"8662",130148,13,25928,32.0896,-81.12311944,6,6,2,1,10,6,0,9,0,2,2,0,1,1,1,1,13,1,2,1,2,1,2,2,2,2,2,3,2,2,2,2,2,2,"Georgia",0
"8663",130149,13,20539,34.28356667,-83.80047222,2,2,2,1,20,3,0,15,0,3,2,0,1,2,1,1,13,2,2,2,2,1,2,2,2,2,2,2,2,1,2,2,2,2,"Georgia",0
"8664",130150,13,19336,34.91265278,-83.38704444,2,2,2,1,1,3,0,33,0,1,1,0,4,3,1,1,13,1,2,2,2,1,2,2,2,2,2,2,2,2,1,2,2,2,"Georgia",0
"8665",130151,13,23691,33.279925,-83.9219,1,1,2,2,23,3,0,34,0,1,1,0,4,2,2,1,13,2,2,2,1,1,2,2,2,1,2,1,2,2,1,2,2,2,"Georgia",1
"8666",130152,13,26958,30.93387778,-84.64863889,6,6,2,2,17,2,0,12,0,2,2,0,1,1,10,1,13,2,2,1,1,2,2,2,2,2,2,2,2,2,1,2,2,2,"Georgia",0
"8667",130153,13,23343,33.44782778,-84.51842778,3,3,2,2,23,3,0,12,0,2,2,0,1,2,2,1,13,2,2,2,1,3,2,2,2,2,2,3,2,2,1,2,2,2,"Georgia",0
"8668",130154,13,19655,34.76878889,-84.90104722,2,2,2,2,2,4,0,30,0,1,1,0,4,2,1,1,13,2,2,2,2,1,2,1,2,2,2,1,1,2,2,2,2,2,"Georgia",1
"8669",130155,13,24537,32.81330278,-83.17046111,1,1,2,2,15,3,0,30,0,1,1,0,4,1,10,1,13,1,2,1,1,1,2,2,2,2,2,2,2,2,2,2,2,2,"Georgia",0
"8670",130156,13,26541,31.46622778,-82.88169167,3,3,2,3,18,3,0,12,0,2,3,0,1,2,10,1,13,2,2,2,1,2,2,2,2,2,2,3,2,2,2,2,2,2,"Georgia",0
"8671",130157,13,26955,30.93586111,-81.68655,2,2,2,3,23,1,0,42,0,1,1,0,4,2,10,2,13,1,1,2,1,1,2,2,2,2,2,1,2,2,2,2,2,2,"Georgia",1
"8672",130158,13,23465,33.40373889,-84.71522778,3,3,2,4,0,3,0,34,0,1,1,0,4,2,1,1,13,2,2,2,1,1,2,2,2,1,2,2,2,2,2,2,2,2,"Georgia",0
"8673",130159,13,23459,33.40616944,-84.91761944,3,3,2,6,21,6,0,12,0,1,1,0,1,2,1,1,13,1,2,2,2,2,2,1,2,2,2,1,2,2,2,2,2,2,"Georgia",1
"8674",130160,13,26274,31.78503056,-83.68953333,1,2,2,6,3,1,0,14,0,1,1,0,2,2,1,1,13,1,1,2,1,1,2,2,2,1,2,2,2,2,2,2,2,2,"Georgia",0
"8675",130161,13,23840,33.18768889,-84.05560833,1,1,2,7,3,1,0,42,0,1,1,0,4,2,1,1,13,1,1,2,2,1,2,2,2,1,2,3,2,1,2,2,2,2,"Georgia",0
"8676",130162,13,26285,31.77588611,-81.37929444,1,1,2,7,13,1,0,1,0,1,1,0,4,1,1,1,13,1,1,1,2,1,2,2,2,1,2,2,1,2,2,2,1,2,"Georgia",0
"8677",130163,13,25526,32.36353611,-82.41089722,2,2,2,7,23,3,0,34,0,1,1,0,4,2,1,1,13,1,2,2,2,1,2,2,2,1,2,1,2,2,2,2,2,2,"Georgia",1
"8678",130164,13,26649,31.33855278,-82.90775278,2,2,2,1,14,4,0,42,0,1,1,0,4,1,10,1,13,1,2,1,2,1,2,2,2,2,2,1,2,2,2,2,2,2,"Georgia",1
"8679",130165,13,24515,32.82234722,-83.73003333,2,2,2,1,5,1,0,12,0,1,1,0,1,2,2,1,13,2,1,2,2,2,2,2,2,2,2,1,2,2,2,2,2,2,"Georgia",1
"8680",130166,13,22731,33.64325556,-84.22775833,1,1,2,1,3,4,0,42,0,1,1,0,4,3,2,1,13,2,2,2,2,1,2,2,2,2,2,2,1,2,2,2,2,2,"Georgia",0
"8681",130167,13,22765,33.63314167,-84.532475,1,1,2,1,7,6,0,30,0,1,1,0,4,4,2,1,13,2,2,1,2,1,2,1,2,2,2,3,2,2,2,2,2,2,"Georgia",0
"8682",130168,13,21386,34.022325,-84.32649722,1,1,2,1,11,3,0,30,0,3,3,0,4,1,2,1,13,2,2,1,2,1,2,2,2,2,2,2,2,2,2,2,2,2,"Georgia",0
"8683",130169,13,20266,34.451475,-84.88021111,2,2,2,1,14,3,0,12,0,2,3,0,1,1,2,1,13,2,2,1,2,2,2,2,2,2,2,1,2,2,2,2,2,2,"Georgia",1
"8684",130170,13,21907,33.88793056,-84.17028889,2,2,2,1,4,6,0,12,0,1,1,0,1,2,2,2,13,2,2,2,2,2,2,2,2,2,2,1,2,2,2,2,2,2,"Georgia",2
"8685",130171,13,24668,32.77742222,-84.90286667,1,1,2,1,7,4,0,1,0,1,1,0,4,1,2,1,13,2,2,1,2,1,1,1,2,2,2,3,2,2,2,2,2,2,"Georgia",0
"8686",130172,13,22942,33.57676389,-84.34126389,12,12,2,1,19,1,0,12,0,1,1,1,1,2,2,1,13,2,1,2,2,3,2,2,2,2,2,3,2,2,2,2,2,2,"Georgia",0
"8687",130173,13,21646,33.95026667,-83.05949444,1,1,2,1,1,4,0,42,0,1,1,0,4,2,2,1,13,1,2,2,2,1,2,2,2,2,2,3,2,2,2,2,2,2,"Georgia",1
"8688",130174,13,22861,33.60512778,-84.82673333,2,2,2,2,6,6,0,12,0,1,1,0,1,2,2,1,13,1,2,1,1,2,2,2,2,2,2,2,2,2,1,2,2,1,"Georgia",0
"8689",130175,13,23745,33.24656111,-84.08507222,5,5,2,3,3,1,0,12,0,1,1,0,1,2,2,1,13,1,1,2,1,2,2,2,2,1,2,3,2,2,2,2,2,2,"Georgia",0
"8690",130176,13,22062,33.83944167,-84.8084,2,2,2,3,5,6,0,8,0,1,1,0,1,2,2,1,13,2,2,2,1,1,2,2,1,2,2,3,2,2,2,2,2,2,"Georgia",0
"8691",130177,13,27115,30.75428333,-83.30649167,3,3,2,4,16,4,0,12,0,1,1,0,1,1,2,2,13,1,2,1,1,2,2,2,2,2,2,1,2,2,1,2,2,2,"Georgia",1
"8692",130178,13,25817,32.19049722,-82.23988333,1,1,2,4,20,3,0,8,0,1,1,0,1,2,2,1,13,1,2,2,1,1,2,2,1,2,2,3,2,1,2,2,2,2,"Georgia",0
"8693",130179,13,25461,32.39913056,-83.30527778,1,1,2,5,13,3,0,9,0,2,2,0,1,1,10,1,13,1,2,1,1,1,2,2,2,2,2,2,2,2,1,2,2,2,"Georgia",0
"8694",130180,13,22024,33.854425,-83.93343611,3,3,2,5,14,3,0,12,0,2,3,0,1,1,1,1,13,2,2,1,1,2,2,2,2,2,2,3,2,2,2,2,2,2,"Georgia",0
"8695",130181,13,25430,32.41666944,-84.94380556,3,3,2,5,7,3,0,59,0,3,3,0,4,1,10,1,13,2,2,1,1,3,2,1,2,2,2,3,2,2,1,2,2,2,"Georgia",1
"8696",130182,13,23103,33.519925,-84.95048056,2,2,2,6,13,3,0,12,0,2,2,0,1,1,1,2,13,1,2,1,1,2,2,2,2,2,2,3,2,1,2,2,2,2,"Georgia",0
"8697",130183,13,25908,32.11045556,-81.23301667,3,3,2,6,1,2,0,8,0,1,1,0,1,2,1,1,13,2,2,2,1,1,2,2,1,2,2,3,2,2,1,2,2,2,"Georgia",0
"8698",130184,13,22586,33.68694444,-84.40156944,1,1,2,6,3,1,0,42,0,1,1,0,3,3,1,1,13,2,1,2,1,1,2,2,2,2,2,1,2,2,1,2,2,2,"Georgia",1
"8699",130185,13,25632,32.30843056,-81.49259722,3,3,2,7,6,3,0,12,0,1,1,0,1,2,10,1,13,1,2,1,2,2,2,2,2,1,2,3,2,2,2,2,2,2,"Georgia",0
"8700",130186,13,20513,34.30071111,-84.423475,3,3,2,7,2,1,0,12,0,1,1,0,1,2,1,1,13,1,1,2,2,2,2,2,2,1,2,1,2,2,1,2,2,2,"Georgia",1
"8701",130187,13,21652,33.94740278,-84.42183056,2,2,2,7,15,4,0,12,0,3,3,0,1,1,1,1,13,2,2,1,2,2,2,2,2,2,2,1,2,1,2,2,2,2,"Georgia",1
"8702",130188,13,23696,33.27454722,-84.29096111,1,1,2,7,5,3,0,8,0,1,1,0,1,3,1,1,13,2,2,2,2,1,2,2,1,2,2,2,2,2,2,2,2,2,"Georgia",0
"8703",130189,13,24362,32.88625278,-85.16869722,3,3,2,7,2,3,0,59,0,1,1,0,4,3,1,1,13,2,2,2,2,1,2,2,2,2,2,2,2,2,1,2,2,2,"Georgia",0
"8704",130190,13,22545,33.70144167,-84.25204167,2,2,2,4,14,4,0,12,0,1,1,0,1,1,10,1,13,2,2,1,1,2,2,1,2,2,2,3,2,2,2,2,2,2,"Georgia",0
"8705",130191,13,21847,33.90297222,-84.486825,1,1,3,1,0,6,0,8,0,1,1,0,1,2,10,1,13,2,2,2,2,1,2,2,1,2,2,3,2,2,2,2,2,2,"Georgia",0
"8706",130192,13,22479,33.72135833,-84.34946111,6,6,3,1,0,2,0,12,0,8,1,0,1,3,2,1,13,2,2,2,2,2,1,2,2,2,2,1,2,2,2,2,2,2,"Georgia",1
"8707",130193,13,22616,33.67856389,-84.66328611,2,2,3,1,7,3,0,12,0,2,3,0,1,1,10,1,13,1,2,1,2,2,1,2,2,2,2,1,2,2,2,2,2,2,"Georgia",1
"8708",130194,13,25459,32.40096111,-82.30748889,8,8,3,1,11,1,0,12,0,1,1,0,1,1,1,4,13,1,1,1,2,2,2,2,2,1,2,3,2,2,2,2,1,2,"Georgia",0
"8709",130195,13,25181,32.55571111,-82.81693889,1,1,3,1,21,4,0,42,0,1,1,0,5,2,10,1,13,1,2,2,2,1,2,2,2,2,2,3,2,1,2,2,2,2,"Georgia",0
"8710",130196,13,22864,33.60344167,-84.43266944,8,8,3,2,6,3,0,12,0,1,1,0,1,2,5,1,13,2,2,1,1,3,2,2,2,2,2,3,2,2,1,2,2,2,"Georgia",0
"8711",130197,13,22902,33.58745278,-84.37803056,1,1,3,2,19,2,0,8,0,3,2,0,1,2,2,1,13,2,2,2,1,1,2,2,1,2,2,3,2,2,2,2,2,2,"Georgia",0
"8712",130198,13,20540,34.28348889,-83.80041111,2,2,3,2,23,2,0,12,0,2,99,0,1,3,10,1,13,2,2,2,1,2,1,2,2,2,2,1,2,2,2,2,2,2,"Georgia",1
"8713",130199,13,26322,31.74271667,-81.38558889,10,10,3,2,6,1,0,12,0,1,1,0,1,1,5,1,13,1,1,1,1,3,2,2,2,1,2,3,2,1,1,2,2,2,"Georgia",0
"8714",130200,13,25809,32.19640278,-82.32051944,1,1,3,2,15,2,0,16,0,1,1,0,1,1,1,1,13,2,2,1,1,1,1,2,2,2,2,3,2,1,2,2,1,2,"Georgia",0
"8715",130201,13,23032,33.54342222,-84.56441389,2,2,3,3,5,3,0,12,0,3,2,1,1,3,2,1,13,2,2,2,1,2,2,1,2,2,2,3,2,2,1,2,2,2,"Georgia",0
"8716",130202,13,23679,33.28676389,-82.97511111,2,2,3,3,17,3,0,12,0,2,2,0,1,1,10,1,13,1,2,1,1,2,2,2,2,2,2,3,1,2,2,2,2,2,"Georgia",0
"8717",130203,13,25816,32.19053056,-81.47233611,2,2,3,4,21,1,0,12,0,1,1,0,1,2,1,1,13,1,1,2,1,2,2,2,2,2,2,3,2,2,2,2,2,2,"Georgia",0
"8718",130204,13,25283,32.48611944,-83.78805,1,1,3,4,7,2,0,34,0,1,1,0,4,1,10,1,13,1,2,1,1,1,2,2,2,2,2,2,2,2,2,2,2,2,"Georgia",0
"8719",130205,13,20178,34.50098333,-83.93686111,4,4,3,4,19,3,0,12,0,1,1,0,1,2,10,1,13,1,2,2,1,2,2,1,2,1,2,3,2,2,2,2,1,2,"Georgia",0
"8720",130206,13,22156,33.80763056,-83.42838889,1,1,3,4,8,2,0,43,0,1,1,0,4,1,5,1,13,1,2,1,1,1,2,2,2,2,2,3,2,1,2,2,2,2,"Georgia",0
"8721",130207,13,22358,33.75070278,-84.55060278,1,1,3,5,20,3,0,8,0,1,1,2,1,2,1,1,13,2,2,2,1,1,2,2,1,2,2,3,2,2,2,1,2,2,"Georgia",0
"8722",130208,13,27030,30.84631389,-84.23651111,2,2,3,5,11,3,0,34,0,1,1,0,4,1,1,2,13,2,2,1,1,1,2,2,2,1,2,3,2,2,2,2,2,2,"Georgia",0
"8723",130209,13,26785,31.15349167,-83.78923889,2,2,3,6,2,2,0,12,0,1,1,0,1,3,1,1,13,2,2,2,1,2,2,2,2,2,2,1,2,2,2,2,2,2,"Georgia",1
"8724",130210,13,25005,32.66670278,-83.87118611,6,6,3,6,19,3,0,12,0,1,1,0,1,2,1,2,13,1,2,2,2,2,2,1,2,2,2,1,1,2,2,2,2,2,"Georgia",1
"8725",130211,13,20428,34.35471389,-83.16328333,1,1,3,6,23,4,0,42,0,1,1,0,4,2,10,1,13,1,2,2,2,1,2,2,2,2,2,3,2,2,2,2,2,2,"Georgia",0
"8726",130212,13,22534,33.70399722,-84.40802778,2,2,3,6,21,2,0,8,0,1,1,0,1,3,1,1,13,2,2,2,2,1,2,2,1,2,2,3,2,2,2,2,2,2,"Georgia",0
"8727",130213,13,25977,32.04951944,-81.265,2,2,3,7,3,6,0,12,0,1,1,0,1,2,10,1,13,2,2,2,2,2,2,2,2,2,2,1,2,2,1,2,2,2,"Georgia",1
"8728",130214,13,22430,33.732975,-84.34933889,4,4,3,7,1,2,0,12,0,3,3,0,1,3,1,1,13,2,2,2,2,2,2,2,2,2,2,3,2,2,1,2,2,2,"Georgia",0
"8729",130215,13,22388,33.74436944,-84.3933,1,1,3,7,3,6,0,33,0,1,1,0,4,2,1,1,13,2,2,2,2,1,2,1,1,2,1,3,1,2,2,2,2,2,"Georgia",1
"8730",130216,13,25117,32.59367778,-83.613625,2,2,3,7,18,6,0,12,0,2,99,0,1,1,1,1,13,2,2,2,2,2,1,2,2,2,2,1,1,2,2,2,2,2,"Georgia",1
"8731",130217,13,27037,30.83568333,-83.32686111,1,1,3,7,10,1,0,42,0,1,1,0,4,1,1,1,13,2,1,1,2,1,2,2,2,2,2,2,2,2,2,2,2,2,"Georgia",0
"8732",130218,13,24469,32.83781111,-83.62126111,1,1,3,1,19,2,0,33,0,1,1,0,4,1,1,1,13,2,2,2,2,1,1,2,2,2,2,1,2,2,2,2,2,2,"Georgia",1
"8733",130219,13,24358,32.88708889,-83.68495833,1,1,3,1,22,6,0,58,0,1,1,0,4,3,1,1,13,2,2,2,2,1,2,2,2,2,2,3,2,2,2,2,2,2,"Georgia",1
"8734",130220,13,26669,31.31418333,-83.64238056,1,1,3,1,18,4,0,1,0,1,1,0,1,1,10,1,13,1,2,2,2,1,1,2,2,2,2,2,2,2,1,2,2,2,"Georgia",1
"8735",130221,13,20134,34.52133611,-84.05228333,2,2,3,1,11,3,0,12,0,1,1,0,1,1,1,1,13,1,2,1,2,2,1,1,2,2,2,3,2,1,2,2,2,2,"Georgia",0
"8736",130222,13,26701,31.27488889,-82.39481111,1,1,3,1,3,4,0,42,0,1,1,0,4,2,1,1,13,2,2,2,2,1,2,2,2,2,2,1,2,2,2,2,2,2,"Georgia",1
"8737",130223,13,20571,34.27299722,-84.50388889,1,1,3,2,11,6,0,8,0,3,2,0,1,1,1,1,13,2,2,1,1,1,2,2,1,2,2,3,2,1,2,2,1,2,"Georgia",0
"8738",130224,13,22519,33.70911667,-83.29133889,1,1,3,2,11,3,0,24,0,1,1,0,4,1,1,1,13,1,2,1,1,1,2,2,2,1,2,2,2,2,2,2,2,2,"Georgia",0
"8739",130225,13,21772,33.91838611,-84.19658611,1,1,3,2,15,1,0,21,0,1,1,0,4,1,1,1,13,2,1,1,1,1,2,2,2,2,2,2,2,2,2,2,1,2,"Georgia",0
"8740",130226,13,24006,33.071,-83.99425,3,3,3,2,19,4,0,12,0,2,99,0,1,5,1,1,13,1,2,2,1,2,2,2,2,2,2,3,2,2,2,2,2,2,"Georgia",0
"8741",130227,13,21418,34.01400278,-83.42635278,2,2,3,3,15,4,0,42,0,1,1,0,4,1,10,1,13,2,2,1,1,1,2,2,2,2,2,3,2,2,1,2,2,2,"Georgia",0
"8742",130228,13,22511,33.71150556,-84.66316944,1,1,3,3,23,3,0,8,0,1,1,0,1,2,1,1,13,2,2,2,1,1,2,2,1,2,2,3,2,2,2,2,2,2,"Georgia",0
"8743",130229,13,22972,33.56591944,-83.91467222,1,1,3,3,15,4,0,53,0,1,1,0,4,1,1,1,13,2,2,1,1,1,2,1,2,1,2,3,1,2,2,2,2,2,"Georgia",0
"8744",130230,13,26379,31.6615,-84.82848889,1,1,3,3,18,2,0,1,0,1,1,0,4,1,10,1,13,1,2,2,1,1,2,2,2,1,2,3,2,1,2,2,2,2,"Georgia",0
"8745",130231,13,26646,31.34336389,-84.35503056,1,1,3,4,11,4,0,1,0,1,1,0,1,1,10,1,13,1,2,1,1,1,2,1,2,1,2,2,2,2,2,2,2,2,"Georgia",0
"8746",130232,13,25751,32.22978333,-81.447075,1,1,3,4,1,4,0,32,0,1,1,0,4,2,10,1,13,1,2,2,1,1,2,2,2,2,2,3,2,2,1,2,2,2,"Georgia",1
"8747",130233,13,26547,31.45952222,-83.47878889,2,2,3,4,7,4,0,15,0,1,1,0,1,2,5,1,13,2,2,1,1,1,2,2,2,2,2,2,1,2,2,2,2,2,"Georgia",0
"8748",130234,13,20382,34.38353056,-85.36263056,1,1,3,5,6,3,0,32,0,1,1,0,4,2,10,1,13,1,2,1,1,1,2,2,2,1,2,3,2,2,2,1,2,2,"Georgia",0
"8749",130235,13,21837,33.90568889,-84.46429167,1,1,3,5,5,4,0,8,0,3,2,0,1,2,10,1,13,2,2,2,1,1,2,2,1,2,2,3,2,2,2,2,2,2,"Georgia",0
"8750",130236,13,21128,34.08703056,-83.99875556,2,2,3,5,19,4,0,12,0,2,2,0,1,5,10,1,13,2,2,2,1,2,2,2,2,2,2,3,2,2,2,2,2,2,"Georgia",0
"8751",130237,13,22427,33.73336111,-84.529725,7,7,3,6,16,4,0,12,0,1,1,0,1,1,10,1,13,2,2,1,1,2,2,2,2,2,2,3,2,2,1,2,2,2,"Georgia",0
"8752",130238,13,26746,31.20981111,-82.4142,1,1,3,6,4,2,0,1,0,1,1,0,4,2,10,1,13,2,2,2,1,1,2,2,2,1,2,2,2,2,2,2,2,2,"Georgia",0
"8753",130239,13,26061,31.98156111,-81.1486,1,1,3,7,23,3,0,8,0,1,1,0,1,2,1,1,13,2,2,2,2,1,2,2,1,2,2,3,1,2,2,2,2,2,"Georgia",0
"8754",130240,13,20649,34.24543611,-84.11594722,1,1,3,7,5,4,0,34,0,1,1,0,4,2,2,1,13,2,2,2,2,1,2,1,2,2,2,3,2,2,2,2,2,2,"Georgia",0
"8755",130241,13,26852,31.07881111,-84.2613,2,2,3,7,0,3,0,1,0,1,1,0,4,2,1,1,13,1,2,2,2,1,2,2,2,1,2,3,2,2,2,2,2,2,"Georgia",1
"8756",130242,13,25123,32.59100278,-83.37458889,8,8,3,7,2,3,0,12,0,2,3,0,1,2,10,2,13,1,2,2,2,2,2,2,2,1,2,1,2,2,1,2,2,2,"Georgia",1
"8757",130243,13,26060,31.98210556,-81.28718333,1,1,3,1,23,6,0,43,0,1,1,0,4,3,1,1,13,2,2,2,2,1,2,1,2,2,2,1,2,2,2,2,2,2,"Georgia",1
"8758",130244,13,23155,33.50184444,-84.349575,1,1,3,1,20,3,0,42,0,1,1,0,4,2,1,1,13,2,2,2,2,1,2,2,2,2,2,2,2,2,2,2,2,2,"Georgia",0
"8759",130245,13,25031,32.65453056,-83.804075,1,1,3,1,22,3,0,1,0,1,1,0,4,2,1,1,13,1,2,2,2,1,2,1,2,1,1,3,2,2,1,2,1,2,"Georgia",0
"8760",130246,13,23399,33.42539722,-82.018225,1,1,3,1,15,6,0,33,0,1,1,0,4,1,1,1,13,2,2,1,2,1,1,2,2,2,2,3,2,2,2,2,2,2,"Georgia",0
"8761",130247,13,20033,34.56834722,-83.83576667,2,2,3,1,10,6,0,21,0,1,1,0,4,1,1,2,13,1,2,1,2,1,2,2,2,1,2,2,1,2,2,2,2,2,"Georgia",0
"8762",130248,13,21562,33.97345278,-83.88674167,2,2,3,2,7,3,0,12,0,1,1,0,1,4,1,1,13,2,2,1,1,2,2,2,2,2,2,3,2,2,2,2,2,2,"Georgia",0
"8763",130249,13,21516,33.98532778,-83.98470833,4,4,3,2,7,3,0,12,0,1,1,0,1,3,1,2,13,2,2,1,1,3,2,2,2,2,2,3,2,2,2,2,2,2,"Georgia",0
"8764",130250,13,21970,33.87098611,-83.97948056,3,3,3,2,8,3,0,12,0,3,3,0,1,1,1,1,13,2,2,1,1,2,2,1,2,1,2,1,2,2,2,2,2,2,"Georgia",1
"8765",130251,13,22162,33.80719167,-85.11696389,7,7,3,2,16,1,0,12,0,1,1,0,1,1,1,1,13,1,1,1,1,3,2,2,2,2,2,1,1,1,1,1,2,2,"Georgia",1
"8766",130252,13,23992,33.08247778,-83.22075556,4,4,3,3,10,3,0,12,0,1,1,0,1,1,1,1,13,2,2,1,1,3,2,2,2,1,2,3,2,2,2,2,2,2,"Georgia",0
"8767",130253,13,22820,33.618325,-84.39846667,10,10,3,3,0,1,0,12,0,1,1,0,1,3,1,1,13,2,1,2,1,3,2,2,2,2,2,1,2,1,1,2,2,2,"Georgia",1
"8768",130254,13,21289,34.04670278,-82.809625,2,2,3,3,7,3,0,12,0,8,1,0,1,2,1,1,13,1,2,1,1,2,2,2,2,2,2,2,2,1,2,2,2,2,"Georgia",0
"8769",130255,13,22789,33.62559167,-83.94089722,3,3,3,3,11,6,0,12,0,2,3,0,1,1,1,1,13,2,2,1,1,2,2,2,2,2,2,3,2,2,2,2,2,2,"Georgia",0
"8770",130256,13,20049,34.56005556,-84.299475,1,1,3,3,17,3,0,42,0,1,1,0,4,1,1,1,13,1,2,1,1,1,2,2,2,2,2,2,1,2,2,2,2,2,"Georgia",0
"8771",130257,13,22952,33.57314167,-85.04368889,2,2,3,4,7,3,0,12,0,2,2,0,1,2,1,1,13,2,2,1,1,2,1,2,2,2,2,3,2,2,2,2,2,2,"Georgia",0
"8772",130258,13,23453,33.40709444,-82.22914722,1,1,3,4,7,3,0,34,0,1,1,0,4,2,1,1,13,1,2,1,1,1,2,2,2,2,2,2,2,2,2,2,2,2,"Georgia",0
"8773",130259,13,22935,33.57921667,-82.31800556,1,1,3,4,9,4,0,32,0,1,1,0,4,1,1,1,13,2,2,1,1,1,2,2,2,1,2,2,2,2,2,2,2,2,"Georgia",0
"8774",130260,13,26437,31.58790278,-84.18604444,2,2,3,4,9,6,0,12,0,2,3,0,1,1,1,1,13,2,2,1,1,2,2,2,2,2,2,3,2,1,2,2,1,2,"Georgia",0
"8775",130261,13,22500,33.71461111,-84.43765278,1,1,3,4,18,6,0,53,0,1,1,0,4,1,1,1,13,2,2,2,1,1,1,1,2,2,2,3,2,2,2,2,2,2,"Georgia",0
"8776",130262,13,21205,34.06636389,-83.31576389,3,3,3,4,17,4,0,12,0,1,1,0,1,1,1,1,13,1,2,1,1,2,1,1,2,2,2,2,2,2,2,2,2,2,"Georgia",0
"8777",130263,13,26464,31.55846389,-82.44141944,1,1,3,5,13,6,0,42,0,1,1,0,4,1,2,1,13,1,2,1,1,1,2,2,2,1,2,2,2,2,2,2,2,2,"Georgia",0
"8778",130264,13,24658,32.78048333,-83.66124167,2,2,3,5,21,6,0,12,0,1,1,0,1,2,1,1,13,2,2,2,1,2,2,2,2,2,2,1,2,2,2,2,2,2,"Georgia",1
"8779",130265,13,25932,32.08518611,-84.23983056,1,1,3,5,20,6,0,8,0,1,1,0,1,3,1,1,13,2,2,2,1,1,2,2,1,2,2,3,2,2,1,2,2,2,"Georgia",0
"8780",130266,13,21117,34.08876389,-84.58639722,1,1,3,6,21,3,0,8,0,1,1,0,1,2,10,1,13,2,2,2,2,1,2,2,1,2,2,3,2,2,2,2,2,2,"Georgia",0
"8781",130267,13,22228,33.785175,-84.49461111,2,2,3,6,22,1,0,12,0,1,1,0,1,3,1,1,13,2,1,2,2,2,2,2,2,2,2,1,2,2,2,2,2,2,"Georgia",1
"8782",130268,13,23692,33.27596944,-84.62569444,1,1,3,7,22,4,0,34,0,1,1,0,4,2,10,1,13,1,2,2,2,1,2,1,2,2,2,1,2,2,2,2,2,2,"Georgia",1
"8783",130269,13,22555,33.69836389,-84.358825,3,3,3,7,15,6,0,12,0,2,3,0,1,1,10,1,13,2,2,1,2,2,1,2,2,2,2,3,2,2,2,2,2,2,"Georgia",0
"8784",130270,13,21854,33.901775,-84.77136944,5,5,3,7,13,3,0,12,0,2,2,0,1,1,1,1,13,2,2,1,2,3,1,2,2,2,2,3,2,1,2,2,2,2,"Georgia",0
"8785",130271,13,21730,33.93010556,-84.49614167,3,3,3,1,16,6,0,8,0,1,1,0,6,1,2,1,13,2,2,1,2,1,2,1,1,2,2,3,1,2,2,2,2,2,"Georgia",0
"8786",130272,13,22384,33.74493333,-84.21923333,3,3,3,1,2,3,0,8,0,1,1,0,1,3,2,1,13,2,2,2,2,1,2,2,1,2,2,3,1,2,2,2,2,2,"Georgia",0
"8787",130273,13,22373,33.74716667,-84.69884167,1,1,3,1,0,3,0,8,0,3,2,0,1,2,2,1,13,2,2,2,2,1,2,2,1,2,2,3,2,2,2,1,2,2,"Georgia",0
"8788",130274,13,25051,32.64061944,-82.31436667,4,4,3,1,10,3,0,12,0,1,1,0,1,1,2,1,13,1,2,1,2,2,2,1,2,2,2,3,2,1,2,2,2,2,"Georgia",0
"8789",130275,13,26019,32.01235556,-81.94087222,6,6,3,1,17,4,0,12,0,1,1,0,1,1,10,1,13,1,2,1,2,2,2,2,2,2,2,1,2,2,2,2,2,2,"Georgia",1
"8790",130276,13,24412,32.86102222,-83.58294167,1,1,3,2,23,6,0,33,0,1,1,0,4,2,1,1,13,2,2,2,1,1,1,1,2,2,1,2,2,2,2,2,2,2,"Georgia",0
"8791",130277,13,22309,33.7652,-84.49393889,1,1,3,2,21,1,0,24,0,1,1,0,4,3,1,1,13,2,1,2,1,1,2,1,2,2,2,2,2,2,2,2,2,2,"Georgia",0
"8792",130278,13,26777,31.16836944,-81.49273333,1,1,3,2,2,6,0,8,0,1,1,0,1,3,2,1,13,2,2,2,2,1,2,2,1,2,2,2,2,2,2,2,2,2,"Georgia",0
"8793",130279,13,26083,31.95401944,-84.58464444,2,2,3,2,12,3,0,32,0,1,1,0,4,1,10,2,13,1,2,1,1,1,2,2,2,1,2,2,2,1,2,2,2,2,"Georgia",0
"8794",130280,13,21607,33.96125,-84.06546111,3,3,3,3,12,3,0,35,0,1,1,0,4,1,1,1,13,2,2,1,1,1,2,2,2,1,2,2,2,2,2,2,2,2,"Georgia",0
"8795",130281,13,20812,34.19268056,-83.1561,4,4,3,4,14,6,0,42,0,1,1,0,4,1,10,1,13,1,2,1,1,1,2,2,2,2,2,1,2,2,2,2,2,2,"Georgia",1
"8796",130282,13,27073,30.79286111,-83.6977,1,1,3,5,12,3,0,9,0,1,1,0,1,1,10,1,13,1,2,1,1,1,2,2,2,2,2,3,2,2,2,2,2,2,"Georgia",0
"8797",130283,13,23467,33.40228889,-82.47816667,2,2,3,5,7,3,0,12,0,1,1,0,1,1,1,1,13,1,2,1,1,2,2,2,2,2,2,3,2,2,1,2,2,1,"Georgia",0
"8798",130284,13,26035,32.0015,-81.12591667,2,2,3,6,23,6,0,8,0,1,1,0,1,3,1,1,13,2,2,2,2,1,2,2,1,2,2,3,2,2,1,2,2,2,"Georgia",0
"8799",130285,13,26629,31.35751111,-83.49826944,1,1,3,6,10,6,0,34,0,3,3,0,4,1,10,1,13,1,2,1,1,1,2,2,2,2,2,2,2,2,2,2,2,2,"Georgia",0