"","ST_CASE","OBJECT_ID","FID","LATITUDE","LONGITUD","PERMVIT","PERSONS","MONTH","DAY_WEEK","HOUR","ROUTE","SP_JUR","HARM_EV","RELJCT1","RELJCT2","TYP_INT","WRK_ZONE","REL_ROAD","LGT_COND","WEATHER","FATALS","STATE","A_RU","A_INTER","A_TOD","A_DOW","A_CT","A_MC","A_SPCRA","A_PED","A_ROLL","A_POLPUR","A_POSBAC","A_D15_20","A_D65PLS","A_D21_24","A_HR","A_DIST","A_DROWSY","STATE_NAME","drunkDr"
"8937",130423,13,22510,33.71152778,-84.21740278,3,3,5,6,0,1,0,12,0,1,1,0,1,2,1,1,13,2,1,2,1,2,2,2,2,2,2,3,2,2,2,2,2,2,"Georgia",0
"8938",130424,13,23564,33.35685,-83.74933056,1,1,5,6,5,3,0,42,0,1,1,0,4,2,10,1,13,1,2,2,1,1,2,2,2,2,2,1,2,2,2,2,2,2,"Georgia",1
"8939",130425,13,23714,33.26686389,-84.04194444,2,2,5,7,17,4,0,1,0,1,1,0,4,1,1,1,13,1,2,1,2,1,2,2,2,1,2,3,2,2,2,2,2,2,"Georgia",0
"8940",130426,13,26521,31.49454722,-82.88333056,2,2,5,7,23,3,0,59,0,1,1,0,4,2,1,1,13,2,2,2,2,1,2,2,2,1,2,3,2,2,2,2,2,2,"Georgia",1
"8941",130427,13,20200,34.48741667,-84.17151944,2,2,5,7,15,3,0,12,0,1,1,0,1,1,1,1,13,1,2,1,2,2,2,2,2,2,2,3,2,1,2,2,2,2,"Georgia",0
"8942",130428,13,21809,33.91170278,-84.84075,4,4,5,7,20,2,0,12,0,2,2,0,1,2,1,1,13,2,2,2,2,2,2,2,2,2,2,3,1,2,2,2,2,2,"Georgia",0
"8943",130430,13,21638,33.95319167,-83.44399722,1,1,5,1,2,4,0,30,0,1,1,0,4,3,1,1,13,2,2,2,2,1,2,2,2,2,2,1,2,2,2,2,2,2,"Georgia",1
"8944",130431,13,26452,31.57216389,-84.05831111,1,1,5,1,19,2,0,32,0,1,1,0,4,1,1,1,13,2,2,2,2,1,2,2,2,2,2,3,2,1,2,2,2,2,"Georgia",0
"8945",130432,13,20624,34.25556389,-84.03123611,4,4,5,1,14,4,0,12,0,1,1,0,1,1,1,1,13,2,2,1,2,2,1,1,2,2,2,3,2,2,2,2,2,2,"Georgia",0
"8946",130433,13,22549,33.70029167,-85.32710556,4,4,5,1,0,4,0,1,0,1,1,0,4,2,1,2,13,1,2,2,2,1,2,1,2,1,2,1,1,2,2,2,2,2,"Georgia",1
"8947",130434,13,23543,33.37036667,-82.01915278,1,1,5,1,3,4,0,12,0,1,1,0,1,3,1,1,13,2,2,2,2,2,2,2,1,2,2,1,2,2,2,1,2,2,"Georgia",1
"8948",130435,13,22470,33.72228333,-84.42298889,1,1,5,2,20,2,0,8,0,1,1,0,1,3,10,1,13,2,2,2,1,1,2,2,1,2,2,3,2,2,2,2,2,2,"Georgia",0
"8949",130436,13,21582,33.96754167,-84.01919444,1,1,5,2,7,3,0,35,0,1,1,0,4,1,1,1,13,2,2,1,1,1,2,2,2,1,2,2,2,2,2,2,2,2,"Georgia",0
"8950",130437,13,20949,34.13914722,-83.79341389,1,1,5,2,13,3,0,9,0,1,1,0,1,1,1,1,13,2,2,1,1,1,2,2,2,2,2,3,2,2,2,1,2,2,"Georgia",0
"8951",130439,13,21659,33.94598889,-83.75406944,2,2,5,3,5,2,0,12,0,2,2,0,1,2,10,1,13,2,2,2,1,2,2,2,2,1,2,3,2,1,2,2,2,2,"Georgia",0
"8952",130440,13,20245,34.46495,-84.69905556,3,3,5,3,8,2,0,54,0,1,1,0,1,1,1,1,13,1,2,1,1,2,2,2,2,2,2,3,2,2,2,2,2,2,"Georgia",0
"8953",130441,13,19337,34.91219167,-85.13605833,1,1,5,4,17,1,0,59,0,1,1,0,4,1,10,1,13,2,1,1,1,1,2,2,2,2,2,3,2,2,2,2,2,2,"Georgia",1
"8954",130442,13,19934,34.62693889,-84.95193333,1,1,5,4,16,4,0,42,0,1,1,0,4,1,1,1,13,1,2,1,1,1,1,1,2,2,2,3,2,2,2,2,2,2,"Georgia",1
"8955",130443,13,25952,32.06675,-81.13691944,2,2,5,5,17,1,0,24,0,1,1,0,3,1,2,1,13,2,2,1,1,1,2,1,2,1,2,1,2,2,1,2,2,2,"Georgia",1
"8956",130444,13,23072,33.53014167,-82.2848,2,2,5,5,8,3,0,12,0,2,2,0,1,1,1,1,13,2,2,1,1,2,1,2,2,2,2,3,2,2,2,2,2,2,"Georgia",0
"8957",130445,13,19765,34.716225,-84.45281389,6,6,5,5,18,2,0,12,0,2,3,0,1,1,10,1,13,1,2,2,1,2,2,2,2,2,2,3,2,1,2,2,2,2,"Georgia",0
"8958",130446,13,23114,33.51786667,-83.08581111,1,1,5,5,18,4,0,34,0,1,1,0,4,1,1,1,13,1,2,2,1,1,2,2,2,1,2,3,2,2,2,2,2,2,"Georgia",0
"8959",130447,13,24015,33.06793611,-84.46006667,1,1,5,5,13,3,0,9,0,1,1,0,2,1,1,1,13,1,2,1,1,1,2,2,2,2,2,2,2,2,2,2,2,1,"Georgia",0
"8960",130448,13,19456,34.86038889,-84.97743056,1,1,5,5,19,4,0,44,0,1,1,0,1,1,1,1,13,2,2,2,1,1,2,1,2,1,2,1,2,2,2,2,2,2,"Georgia",1
"8961",130449,13,23967,33.10398333,-82.01041111,5,5,5,7,16,2,0,1,0,1,1,0,3,1,1,1,13,2,2,1,2,1,2,2,2,1,2,3,1,2,2,2,2,2,"Georgia",0
"8962",130450,13,22014,33.85711667,-84.44383611,4,4,5,7,10,6,0,12,0,2,3,0,1,1,1,1,13,2,2,1,2,2,2,2,2,2,2,3,2,1,2,2,2,2,"Georgia",0
"8963",130451,13,27044,30.82805,-83.91936111,2,2,5,7,6,2,0,12,0,3,3,0,1,4,1,1,13,2,2,1,2,2,1,2,2,2,2,2,2,1,2,2,2,2,"Georgia",0
"8964",130452,13,19306,34.92375833,-83.62401667,1,1,5,7,17,2,0,1,0,1,1,0,4,1,1,1,13,1,2,1,2,1,1,2,2,2,2,3,2,1,2,2,2,2,"Georgia",0
"8965",130453,13,20337,34.41253611,-84.39312222,3,3,5,1,19,3,0,12,0,1,1,0,1,1,1,1,13,1,2,2,2,2,2,2,2,2,2,3,1,2,2,2,2,2,"Georgia",0
"8966",130454,13,22263,33.77771111,-84.79033889,4,4,5,1,15,4,0,12,0,1,1,0,1,1,1,1,13,2,2,1,2,2,2,2,2,2,2,3,2,2,2,2,2,2,"Georgia",1
"8967",130455,13,24285,32.91746944,-84.63276111,1,1,5,1,18,3,0,42,0,1,1,0,4,1,1,1,13,1,2,2,2,1,1,1,2,2,2,1,2,2,2,2,2,2,"Georgia",1
"8968",130456,13,20214,34.48123611,-83.18129444,1,1,5,1,21,3,0,8,0,3,3,0,2,2,10,1,13,1,2,2,2,1,2,2,1,2,2,3,2,2,1,2,2,2,"Georgia",0
"8969",130457,13,23614,33.32536389,-84.00191944,2,2,5,2,16,2,0,12,0,2,3,0,1,1,1,1,13,1,2,1,1,2,2,2,2,2,2,3,2,1,2,2,2,2,"Georgia",0
"8970",130458,13,20883,34.16640833,-84.75763889,2,2,5,3,6,1,0,12,0,1,1,0,1,4,2,1,13,2,1,1,1,2,2,1,2,2,2,3,2,2,2,2,2,2,"Georgia",0
"8971",130459,13,22630,33.67401389,-83.8859,3,3,5,3,14,4,0,35,0,1,1,0,4,1,1,1,13,2,2,1,1,1,2,1,2,1,2,3,1,2,2,2,1,2,"Georgia",0
"8972",130460,13,20173,34.504425,-83.33135278,4,4,5,3,9,3,0,12,0,1,1,0,1,1,1,1,13,1,2,1,1,3,2,2,2,2,2,3,2,2,1,2,2,2,"Georgia",0
"8973",130461,13,19619,34.78467778,-84.94944167,1,1,5,3,19,6,0,1,0,3,99,0,1,1,1,1,13,2,2,2,1,1,2,2,2,1,2,1,2,2,1,2,2,2,"Georgia",1
"8974",130462,13,26991,30.88613333,-81.97374722,4,4,5,4,16,3,0,12,0,3,3,0,1,1,1,1,13,2,2,1,1,2,2,2,2,1,2,1,2,2,2,2,2,2,"Georgia",2
"8975",130463,13,20845,34.18059722,-83.43914444,3,3,5,4,19,4,0,9,0,8,1,0,1,1,1,1,13,2,2,2,1,1,2,2,2,2,2,2,1,2,2,2,2,2,"Georgia",0
"8976",130464,13,24072,33.02571667,-83.90576389,2,2,5,4,12,1,0,25,0,1,1,0,3,1,1,1,13,1,1,1,1,1,2,2,2,2,2,3,2,1,2,2,2,2,"Georgia",0
"8977",130465,13,21836,33.90571111,-84.47596389,2,2,5,5,21,1,0,12,0,1,1,0,1,2,10,1,13,2,1,2,1,2,2,1,2,1,2,1,2,2,2,2,2,2,"Georgia",1
"8978",130466,13,22857,33.60614444,-82.32028611,2,2,5,5,10,4,0,12,0,2,3,0,1,1,1,1,13,1,2,1,1,2,2,2,2,2,2,3,2,1,2,2,2,2,"Georgia",0
"8979",130467,13,21923,33.882775,-84.75889444,1,1,5,5,21,3,0,8,0,3,3,0,1,2,1,1,13,2,2,2,1,1,2,2,1,2,2,3,2,2,1,2,2,2,"Georgia",0
"8980",130468,13,25886,32.13784444,-82.40160833,3,3,5,6,11,3,0,42,0,1,1,0,4,1,1,1,13,1,2,1,1,1,2,2,2,2,2,2,2,2,2,2,2,2,"Georgia",0
"8981",130469,13,19502,34.83890833,-83.42033056,4,4,5,7,10,2,0,12,0,1,1,0,1,1,10,1,13,1,2,1,2,2,1,2,2,2,2,3,2,2,2,2,1,2,"Georgia",0
"8982",130470,13,26749,31.20643056,-82.35415,1,1,5,7,22,2,0,15,0,3,2,0,1,1,1,1,13,2,2,2,2,1,2,2,2,2,2,3,2,2,2,2,2,2,"Georgia",0
"8983",130471,13,26507,31.51088889,-83.77110833,1,1,5,4,12,4,0,35,0,1,1,0,4,1,1,1,13,1,2,1,1,1,2,2,2,2,2,3,2,1,2,2,2,2,"Georgia",0
"8984",130472,13,21691,33.93933889,-84.24865278,1,1,3,4,18,6,0,8,0,2,2,0,1,2,5,1,13,1,2,2,1,1,2,2,1,2,2,3,2,2,2,2,2,2,"Georgia",0
"8985",130473,13,22989,33.56011667,-84.345475,2,2,4,5,13,3,0,12,0,8,1,0,1,1,10,1,13,1,2,1,1,2,2,2,2,2,2,3,2,1,2,2,2,2,"Georgia",0
"8986",130474,13,23758,33.23753611,-83.31877222,2,2,4,4,4,3,0,12,0,2,2,0,1,2,1,1,13,1,2,2,1,2,2,2,2,2,2,3,2,1,2,2,2,2,"Georgia",0
"8987",130475,13,21324,34.03681389,-84.57020556,1,1,5,1,0,4,0,8,0,1,1,0,1,2,1,1,13,2,2,2,2,1,2,2,1,2,2,3,2,2,1,2,2,2,"Georgia",0
"8988",130476,13,23639,33.31074444,-83.80848056,1,1,5,2,20,3,0,42,0,1,1,0,4,2,2,1,13,1,2,2,1,1,2,2,2,2,2,3,2,2,2,2,2,2,"Georgia",0
"8989",130477,13,22939,33.57813889,-83.38078611,1,1,5,2,5,4,0,53,0,1,1,0,4,2,1,1,13,1,2,2,2,1,2,2,2,1,2,3,2,2,2,2,2,2,"Georgia",0
"8990",130478,13,23608,33.328375,-83.36308056,1,1,5,2,99,6,0,1,0,1,1,0,4,9,1,1,13,1,2,3,3,1,2,2,2,1,2,3,2,2,2,2,2,2,"Georgia",0
"8991",130479,13,26889,31.04048611,-84.88252778,2,2,5,2,14,2,0,12,0,2,2,0,1,1,1,1,13,1,2,1,1,2,2,2,2,2,2,2,2,2,2,2,2,2,"Georgia",0
"8992",130480,13,25944,32.07540556,-81.25608333,11,11,5,3,13,1,0,12,0,1,1,1,1,1,1,5,13,2,1,1,1,3,2,2,2,2,2,3,2,1,2,2,2,2,"Georgia",0
"8993",130481,13,25171,32.56014167,-81.48295278,3,3,5,4,16,3,0,12,0,1,1,0,1,1,10,2,13,1,2,1,1,2,2,2,2,2,2,3,2,2,2,2,2,2,"Georgia",0
"8994",130482,13,27062,30.805525,-83.26936667,1,1,5,5,5,6,0,8,0,1,1,0,1,2,1,1,13,2,2,2,1,1,2,2,1,2,2,3,2,2,2,2,2,2,"Georgia",0
"8995",130483,13,24259,32.92615556,-84.65465556,2,2,5,5,15,3,0,12,0,1,1,0,1,1,1,1,13,1,2,1,1,2,2,2,2,2,2,2,2,2,2,2,2,2,"Georgia",0
"8996",130484,13,19376,34.89436944,-83.46502222,1,1,5,5,21,6,0,59,0,1,1,0,4,2,1,1,13,1,2,2,1,1,2,2,2,1,2,1,2,2,2,2,2,2,"Georgia",1
"8997",130485,13,24218,32.94390278,-84.95718889,4,4,5,5,21,1,0,12,0,1,1,0,1,2,1,2,13,1,1,2,1,2,2,2,2,2,2,3,2,2,2,2,2,2,"Georgia",0
"8998",130486,13,19592,34.79875833,-84.99369444,4,4,5,5,7,3,0,12,0,2,3,0,1,1,1,1,13,2,2,1,1,2,2,1,2,2,2,3,2,2,1,2,1,2,"Georgia",0
"8999",130487,13,21622,33.95670556,-84.18951667,2,2,5,1,0,2,0,5,0,1,1,0,1,2,1,1,13,2,2,2,2,1,2,2,2,2,2,3,2,2,2,2,1,2,"Georgia",0
"9000",130488,13,20453,34.33801667,-84.11918056,4,4,5,6,21,3,0,12,0,2,3,0,1,2,1,1,13,1,2,2,2,2,1,2,2,2,2,2,2,2,1,2,2,2,"Georgia",0
"9001",130489,13,27026,30.85091667,-84.20955556,2,2,5,7,20,6,0,32,0,1,1,0,4,3,1,1,13,2,2,2,2,1,2,1,2,1,2,1,2,2,2,2,2,2,"Georgia",1
"9002",130490,13,26393,31.64739722,-84.26003889,2,2,5,7,20,3,0,12,0,3,2,0,1,3,1,2,13,2,2,2,2,2,2,2,2,2,2,1,2,2,2,2,2,2,"Georgia",2
"9003",130491,13,19233,34.95656389,-85.25881389,3,3,5,1,19,6,0,12,0,2,3,0,1,1,1,1,13,2,2,2,2,2,1,2,2,2,2,3,2,2,2,2,2,2,"Georgia",0
"9004",130492,13,22822,33.61791389,-84.45083333,1,1,5,1,19,3,0,1,0,1,1,0,1,1,1,1,13,2,2,2,2,1,2,2,2,1,2,3,2,2,2,2,2,2,"Georgia",0
"9005",130493,13,20567,34.27450556,-83.90766111,5,5,5,1,11,3,0,12,0,1,1,0,1,1,1,1,13,2,2,1,2,2,2,2,2,2,2,1,2,2,2,2,2,2,"Georgia",1
"9006",130494,13,24460,32.84001667,-83.62469167,1,1,5,1,18,3,0,34,0,1,1,0,4,1,1,1,13,1,2,2,2,1,2,2,2,1,2,1,2,2,2,2,2,2,"Georgia",1
"9007",130495,13,19683,34.75365833,-84.81433889,4,4,5,1,13,4,0,32,0,1,1,0,4,1,10,1,13,2,2,1,2,1,2,2,2,1,2,3,2,2,2,2,2,2,"Georgia",0
"9008",130496,13,23688,33.28060278,-81.97921111,1,1,5,1,5,6,0,32,0,3,3,0,4,2,1,1,13,2,2,2,2,1,2,1,2,1,2,3,2,2,2,2,2,2,"Georgia",0
"9009",130497,13,26481,31.53920556,-82.46267778,2,2,5,2,7,3,0,12,0,2,2,0,1,1,1,1,13,1,2,1,1,2,2,2,2,2,2,3,2,1,2,2,2,2,"Georgia",0
"9010",130498,13,23003,33.55476111,-84.269175,5,5,5,2,0,1,0,12,0,1,1,0,1,2,1,1,13,2,1,2,2,3,2,2,2,2,2,3,2,2,2,2,2,2,"Georgia",0
"9011",130499,13,22302,33.76671389,-84.52123611,1,1,5,2,4,4,0,42,0,1,1,0,4,2,1,1,13,2,2,2,2,1,2,1,2,2,2,1,2,2,2,2,2,2,"Georgia",1
"9012",130500,13,20140,34.51817778,-83.62458611,2,2,5,2,9,6,0,12,0,1,1,0,1,1,10,1,13,1,2,1,1,2,2,2,2,2,2,3,2,2,2,2,2,2,"Georgia",0
"9013",130501,13,26192,31.85298333,-82.61276944,1,1,5,2,15,3,0,8,0,1,1,0,1,1,10,1,13,1,2,1,1,1,2,2,1,2,2,2,2,2,2,2,2,2,"Georgia",0
"9014",130502,13,25345,32.45598611,-84.92391389,4,4,5,2,10,6,0,12,0,1,1,0,1,1,10,1,13,2,2,1,1,3,2,1,2,2,2,1,2,2,1,2,1,2,"Georgia",1
"9015",130503,13,25704,32.26535833,-81.87333889,1,1,5,3,3,3,0,32,0,1,1,0,4,2,10,1,13,1,2,2,1,1,2,2,2,1,2,1,2,2,2,2,2,2,"Georgia",1
"9016",130504,13,25954,32.06626944,-81.20617778,3,3,5,3,15,3,0,12,0,2,2,0,1,1,1,1,13,2,2,1,1,2,1,2,2,2,2,3,2,1,2,2,2,2,"Georgia",0
"9017",130505,13,22838,33.61324167,-83.90238611,3,3,5,3,22,1,0,12,0,1,1,0,1,2,10,1,13,1,1,2,1,2,2,2,2,1,2,3,2,2,2,2,2,2,"Georgia",0
"9018",130506,13,22732,33.643125,-83.97481111,6,6,5,3,19,6,0,12,0,1,1,0,1,1,2,1,13,2,2,2,1,2,2,2,2,2,2,3,2,2,2,2,2,2,"Georgia",0
"9019",130507,13,26999,30.88018611,-84.63825556,1,1,5,4,17,6,0,1,0,1,1,0,4,1,2,1,13,1,2,1,1,1,2,1,2,1,2,2,2,2,2,2,2,2,"Georgia",0
"9020",130508,13,24075,33.02398333,-81.57778611,1,1,5,4,0,4,0,1,0,1,1,0,4,2,10,1,13,1,2,2,1,1,2,2,2,1,2,2,1,2,2,2,2,2,"Georgia",0
"9021",130509,13,23075,33.52902778,-82.96472778,3,3,5,5,15,1,0,12,0,1,1,0,1,1,10,1,13,1,1,1,1,3,2,2,2,2,2,3,2,1,2,1,2,2,"Georgia",0
"9022",130510,13,25024,32.65795,-83.44758889,2,2,5,5,14,1,0,1,0,1,1,0,3,1,1,1,13,1,1,1,1,1,2,2,2,1,2,2,2,1,2,2,2,2,"Georgia",0
"9023",130511,13,19205,34.971175,-84.0629,5,5,5,5,16,3,0,12,0,1,1,0,1,1,10,1,13,1,2,1,1,2,2,2,2,1,2,1,2,2,2,2,2,2,"Georgia",1
"9024",130512,13,26582,31.42346944,-83.95406111,4,4,5,5,6,3,0,12,0,2,2,0,1,1,1,1,13,1,2,1,1,2,2,2,2,2,2,3,2,2,1,2,2,2,"Georgia",0
"9025",130513,13,23277,33.46569167,-85.14171944,1,1,5,6,7,3,0,42,0,1,1,0,4,4,10,1,13,1,2,1,1,1,2,2,2,2,2,2,2,2,2,2,2,2,"Georgia",0
"9026",130514,13,20551,34.27999167,-84.04615278,2,2,5,6,11,3,0,12,0,1,1,0,1,1,1,1,13,2,2,1,1,2,2,2,2,2,2,2,2,1,2,2,2,2,"Georgia",0
"9027",130515,13,20518,34.29759167,-84.16179167,3,3,5,6,17,3,0,12,0,8,1,0,1,1,1,1,13,2,2,1,1,2,2,2,2,2,2,3,1,1,2,2,2,2,"Georgia",0
"9028",130516,13,23867,33.17181389,-83.07588056,1,1,5,6,16,3,0,32,0,1,1,0,4,1,1,1,13,1,2,1,1,1,2,2,2,1,2,2,2,1,2,2,2,2,"Georgia",0
"9029",130517,13,25054,32.63955833,-83.00955,1,1,5,6,20,6,0,1,0,1,1,0,4,1,1,1,13,1,2,2,2,1,1,2,2,2,2,3,2,2,2,2,2,2,"Georgia",0
"9030",130518,13,23755,33.23835,-84.94221389,3,3,5,7,10,6,0,9,0,1,1,0,1,1,1,1,13,1,2,1,2,1,2,2,2,2,2,3,2,2,2,2,2,2,"Georgia",0
"9031",130519,13,26466,31.55520556,-83.99737778,1,1,5,7,4,5,0,43,0,3,2,0,4,2,1,1,13,1,2,2,2,1,2,1,2,2,2,3,2,2,2,2,2,2,"Georgia",0
"9032",130520,13,22614,33.67917778,-84.37113611,1,1,5,7,21,6,0,38,0,1,1,0,4,3,1,1,13,2,2,2,2,1,2,1,2,2,2,1,2,2,2,2,2,2,"Georgia",1
"9033",130521,13,20483,34.32219444,-85.17223889,3,3,5,1,12,3,0,12,0,1,1,0,1,1,1,1,13,2,2,1,2,2,2,2,2,2,2,3,2,1,2,2,2,2,"Georgia",0
"9034",130522,13,21459,34.00111944,-83.352525,7,7,5,1,23,6,0,12,0,1,1,0,1,2,10,1,13,2,2,2,2,3,2,2,2,2,2,3,2,2,2,2,2,2,"Georgia",0
"9035",130523,13,20753,34.21021667,-85.09484444,1,1,5,1,7,3,2,1,0,1,1,0,1,1,1,1,13,1,2,1,2,1,2,2,2,1,2,2,1,2,2,2,2,1,"Georgia",0
"9036",130524,13,22139,33.81345833,-84.236525,2,2,5,6,5,6,0,12,0,1,1,0,1,3,1,1,13,2,2,2,1,2,2,2,2,2,2,3,2,2,2,2,2,2,"Georgia",0
"9037",130525,13,25973,32.05379167,-81.08757778,2,2,5,1,0,6,0,8,0,2,2,0,1,3,1,1,13,2,2,2,2,2,2,2,1,2,2,3,2,2,2,1,2,2,"Georgia",0
"9038",130526,13,21487,33.99453333,-84.6972,1,1,5,4,9,4,0,33,0,1,1,0,4,1,10,1,13,2,2,1,1,1,2,2,2,2,2,3,2,2,2,2,2,2,"Georgia",0
"9039",130527,13,21945,33.87708611,-84.26815,1,1,6,2,4,4,0,33,0,1,1,0,4,3,10,1,13,2,2,2,2,1,2,2,2,1,2,3,1,2,2,2,2,2,"Georgia",0
"9040",130528,13,20698,34.22725833,-83.49820833,2,2,6,2,5,3,0,12,0,8,1,0,1,3,1,1,13,2,2,2,2,2,2,2,2,2,2,3,2,1,2,2,2,2,"Georgia",0
"9041",130529,13,25307,32.47574722,-82.9384,3,3,6,2,20,2,0,12,0,1,1,0,1,2,10,1,13,1,2,2,1,2,2,2,2,2,2,1,2,1,2,2,2,2,"Georgia",1
"9042",130530,13,23097,33.52257778,-82.04833056,5,5,6,2,17,3,0,12,0,2,2,0,1,1,10,3,13,2,2,1,1,2,2,2,2,1,2,3,2,2,2,2,2,2,"Georgia",0
"9043",130531,13,23534,33.37451667,-84.95979167,1,1,6,3,18,4,0,34,0,1,1,0,4,1,1,1,13,1,2,2,1,1,2,2,2,2,2,3,2,1,2,2,2,2,"Georgia",0
"9044",130532,13,24589,32.79845,-83.66561111,1,1,6,4,14,2,0,8,0,3,3,0,1,1,10,1,13,2,2,1,1,1,2,2,1,2,2,2,2,2,2,2,1,2,"Georgia",0
"9045",130533,13,23769,33.23166389,-84.83073889,5,5,6,4,15,2,0,12,0,2,2,0,1,1,1,1,13,1,2,1,1,3,2,2,2,2,2,3,1,2,2,2,2,2,"Georgia",0
"9046",130534,13,21760,33.92020556,-84.30653889,1,1,6,4,6,1,0,24,0,1,1,0,4,1,10,1,13,2,1,1,1,1,2,2,2,1,2,2,2,1,2,2,2,2,"Georgia",0
"9047",130535,13,26513,31.50421944,-82.00039167,6,6,6,4,17,2,0,12,0,1,1,0,1,1,2,1,13,1,2,1,1,3,2,2,2,2,2,3,1,1,2,2,2,2,"Georgia",0
"9048",130536,13,20396,34.37270556,-84.96445833,1,1,6,5,5,3,0,42,0,1,1,0,4,2,1,1,13,2,2,2,1,1,2,2,2,2,2,2,2,2,2,2,2,2,"Georgia",0
"9049",130537,13,26971,30.9175,-83.57863611,2,2,6,5,11,3,0,12,0,2,2,0,1,1,10,1,13,1,2,1,1,2,2,2,2,2,2,3,2,1,2,2,2,2,"Georgia",0
"9050",130538,13,22450,33.72762222,-84.41713611,8,8,6,5,15,2,0,12,0,3,3,0,1,1,10,1,13,2,2,1,1,3,2,1,2,2,2,3,2,1,2,2,2,2,"Georgia",0
"9051",130539,13,25184,32.55446111,-83.62943889,1,1,5,7,1,3,0,35,0,1,1,1,4,2,1,1,13,1,2,2,2,1,2,2,2,1,2,3,2,2,2,2,2,2,"Georgia",1
"9052",130540,13,27032,30.84231944,-83.32578056,3,3,6,5,7,3,0,12,0,2,3,0,1,1,1,1,13,2,2,1,1,2,2,2,2,2,2,3,1,2,2,2,2,2,"Georgia",0
"9053",130541,13,22434,33.73117778,-83.88117222,3,3,6,5,18,3,0,12,0,1,1,0,1,1,1,1,13,2,2,2,1,2,1,2,2,2,2,3,2,2,2,2,2,2,"Georgia",0
"9054",130542,13,23130,33.51013611,-82.10098333,2,2,6,6,13,3,0,12,0,8,1,0,1,1,1,1,13,2,2,1,1,2,2,2,2,2,2,3,2,2,2,2,2,2,"Georgia",0
"9055",130543,13,20793,34.19846944,-84.1969,2,2,6,6,14,4,0,12,0,1,1,0,1,1,1,1,13,2,2,1,1,2,2,2,2,2,2,1,2,2,2,2,1,2,"Georgia",1
"9056",130544,13,20265,34.45158611,-84.450875,6,6,6,6,11,3,0,12,0,2,2,0,1,1,1,1,13,2,2,1,1,2,2,2,2,2,2,3,2,1,2,2,2,2,"Georgia",0
"9057",130545,13,24137,32.98885,-82.61631944,1,1,6,6,15,3,0,34,0,3,3,0,4,1,10,1,13,1,2,1,1,1,2,2,2,2,2,3,2,2,2,2,2,2,"Georgia",0
"9058",130546,13,22289,33.770075,-84.74799167,4,4,6,7,21,3,0,12,0,2,2,0,1,2,1,1,13,2,2,2,2,3,1,2,2,2,2,3,2,2,1,2,2,2,"Georgia",0
"9059",130547,13,20944,34.14193333,-84.01346944,4,4,6,7,10,4,0,12,0,8,1,0,1,1,1,1,13,2,2,1,2,3,1,2,2,2,2,3,2,1,2,2,2,2,"Georgia",0
"9060",130548,13,26474,31.54469722,-83.37458056,1,1,6,7,15,4,0,1,0,1,1,0,4,1,1,1,13,1,2,1,2,1,2,2,2,1,2,1,2,2,2,2,2,2,"Georgia",1
"9061",130549,13,22074,33.83555833,-84.200325,1,1,6,1,1,4,0,42,1,3,3,0,6,3,1,1,13,2,2,2,2,1,2,1,2,2,2,1,2,2,1,2,2,2,"Georgia",1
"9062",130550,13,22526,33.70645,-84.17498333,4,4,6,1,22,4,0,12,0,2,2,0,1,2,1,1,13,2,2,2,2,2,2,2,2,2,2,3,2,1,2,2,2,2,"Georgia",1
"9063",130551,13,22566,33.69585278,-84.69510556,3,3,6,1,15,4,0,12,0,1,1,0,1,1,1,1,13,2,2,1,2,2,2,2,2,2,2,3,1,2,2,2,2,2,"Georgia",0
"9064",130552,13,25203,32.54213889,-83.51947222,1,1,6,1,1,3,0,42,0,1,1,0,4,2,1,1,13,1,2,2,2,1,2,2,2,2,2,1,2,2,2,2,2,2,"Georgia",1
"9065",130553,13,19503,34.83768889,-85.31781667,1,1,6,1,21,3,0,34,0,1,1,0,4,2,1,1,13,2,2,2,2,1,2,1,2,1,2,3,2,2,2,2,2,2,"Georgia",1
"9066",130554,13,24245,32.931825,-82.80841667,1,1,6,1,23,6,0,38,0,1,1,0,4,3,1,1,13,2,2,2,2,1,2,2,2,1,2,3,2,2,2,2,2,2,"Georgia",0
"9067",130555,13,22753,33.63789722,-85.05504444,3,3,6,2,12,3,0,12,0,1,1,0,1,1,1,1,13,2,2,1,1,3,2,2,2,2,2,3,2,2,1,2,2,2,"Georgia",1
"9068",130556,13,20582,34.27089722,-83.81395,2,2,6,2,16,4,0,9,0,2,3,0,1,1,10,1,13,1,2,1,1,1,2,2,2,2,2,3,1,2,2,2,2,2,"Georgia",0
"9069",130557,13,21301,34.04254722,-84.83863889,4,4,6,3,8,3,0,12,0,1,1,0,1,1,1,1,13,2,2,1,1,2,2,2,2,1,2,3,2,2,1,2,2,2,"Georgia",0
"9070",130558,13,26063,31.98,-81.14361944,3,3,6,5,8,3,0,12,0,2,2,0,1,1,10,1,13,2,2,1,1,2,2,2,2,2,2,3,2,2,2,2,2,2,"Georgia",0
"9071",130559,13,26091,31.93640556,-81.05137778,2,2,6,5,16,3,0,12,0,2,2,0,1,1,10,1,13,2,2,1,1,2,2,2,2,2,2,3,2,1,2,2,2,2,"Georgia",0
"9072",130560,13,20283,34.43886944,-84.0979,3,3,6,5,12,3,0,12,0,1,1,0,1,1,1,1,13,1,2,1,1,2,2,2,2,2,2,3,2,2,2,2,2,2,"Georgia",0
"9073",130561,13,21762,33.92001667,-84.17560556,1,1,6,5,19,4,0,42,0,1,1,0,4,2,10,1,13,2,2,2,1,1,2,2,2,1,2,3,2,2,2,2,2,2,"Georgia",0