"","ST_CASE","OBJECT_ID","FID","LATITUDE","LONGITUD","PERMVIT","PERSONS","MONTH","DAY_WEEK","HOUR","ROUTE","SP_JUR","HARM_EV","RELJCT1","RELJCT2","TYP_INT","WRK_ZONE","REL_ROAD","LGT_COND","WEATHER","FATALS","STATE","A_RU","A_INTER","A_TOD","A_DOW","A_CT","A_MC","A_SPCRA","A_PED","A_ROLL","A_POLPUR","A_POSBAC","A_D15_20","A_D65PLS","A_D21_24","A_HR","A_DIST","A_DROWSY","STATE_NAME","drunkDr"
"9074",130562,13,19531,34.82509722,-84.71045833,1,1,6,5,9,4,0,31,0,1,1,0,4,1,1,1,13,1,2,1,1,1,1,2,2,2,2,3,2,2,2,2,2,2,"Georgia",0
"9075",130563,13,26583,31.42346944,-83.95406389,4,4,6,5,9,3,0,12,0,2,2,0,1,1,1,2,13,1,2,1,1,2,2,2,2,2,2,3,2,1,2,2,2,2,"Georgia",0
"9076",130564,13,21140,34.08431111,-83.79993611,2,2,6,7,4,3,0,12,0,1,1,0,1,2,1,1,13,2,2,2,2,2,2,2,2,2,2,3,2,2,2,2,2,2,"Georgia",1
"9077",130565,13,22120,33.82080556,-84.67228056,4,4,6,7,18,4,0,42,0,3,3,0,4,1,1,1,13,2,2,2,2,1,2,2,2,1,2,1,2,2,2,2,1,2,"Georgia",1
"9078",130566,13,19451,34.861425,-83.99953333,11,11,6,7,11,3,0,12,0,8,1,0,1,1,1,1,13,1,2,1,2,3,2,2,2,1,2,3,2,2,2,2,2,2,"Georgia",0
"9079",130567,13,23186,33.4932,-82.6743,2,2,6,7,5,1,0,12,0,1,1,0,1,2,1,1,13,1,1,2,2,2,2,2,2,1,2,3,2,2,2,2,2,2,"Georgia",0
"9080",130568,13,20592,34.26791111,-84.80763333,2,2,6,1,0,4,0,8,0,1,1,0,1,2,1,1,13,2,2,2,2,1,2,2,1,2,2,2,2,2,2,2,2,2,"Georgia",0
"9081",130569,13,22557,33.69806944,-84.20293056,1,1,6,1,3,4,0,32,0,1,1,0,4,3,1,1,13,2,2,2,2,1,2,2,2,1,2,1,2,2,2,2,1,2,"Georgia",1
"9082",130570,13,21793,33.91506667,-84.36583889,0,0,6,1,7,6,0,8,0,1,1,0,1,2,1,1,13,2,2,1,2,1,2,2,1,2,2,2,2,2,2,2,2,2,"Georgia",0
"9083",130571,13,22834,33.61421111,-83.83126111,5,5,6,1,15,1,0,12,0,1,1,0,1,1,1,1,13,2,1,1,2,3,2,2,2,2,2,3,2,2,2,2,1,2,"Georgia",0
"9084",130572,13,26708,31.26660278,-84.61393056,1,1,6,2,15,4,0,59,0,1,1,0,4,1,1,1,13,1,2,1,1,1,2,1,2,1,2,1,2,2,2,2,2,2,"Georgia",1
"9085",130573,13,22507,33.71230278,-84.42683333,2,2,6,2,11,2,0,12,0,1,1,0,1,1,1,1,13,2,2,1,1,2,2,2,2,2,2,3,2,2,2,2,2,2,"Georgia",0
"9086",130574,13,22280,33.772025,-84.44031389,2,2,6,2,21,2,0,12,0,1,1,0,1,3,1,1,13,2,2,2,1,2,1,2,2,2,2,1,2,2,2,2,2,2,"Georgia",1
"9087",130575,13,23958,33.11287222,-84.20497222,2,2,6,2,10,2,0,12,0,2,2,0,1,1,1,1,13,1,2,1,1,2,1,2,2,2,2,3,2,1,2,2,2,2,"Georgia",0
"9088",130576,13,26001,32.029875,-82.49340833,1,1,6,2,23,3,0,34,0,1,1,0,4,2,1,1,13,1,2,2,1,1,2,2,2,1,1,1,2,2,2,2,1,2,"Georgia",1
"9089",130577,13,20275,34.44544167,-83.98878333,2,2,6,3,19,4,0,12,0,8,1,0,1,1,1,1,13,1,2,2,1,2,1,1,2,2,2,3,2,1,2,2,2,2,"Georgia",1
"9090",130578,13,26077,31.95626667,-82.02531944,3,3,6,3,18,4,0,1,0,1,1,0,4,1,1,1,13,1,2,2,1,1,2,2,2,1,2,2,2,2,2,2,2,2,"Georgia",0
"9091",130579,13,26412,31.619025,-83.570425,1,1,6,3,22,1,0,1,0,1,1,0,4,2,1,1,13,1,1,2,1,1,2,2,2,1,2,2,2,2,2,2,2,2,"Georgia",0
"9092",130580,13,20709,34.2239,-84.90036389,2,2,6,4,15,2,0,42,0,1,1,0,4,1,1,2,13,2,2,1,1,1,2,2,2,2,2,3,2,2,1,2,2,2,"Georgia",0
"9093",130581,13,20304,34.43172778,-83.09414444,2,2,6,4,18,3,0,8,0,8,1,0,1,1,1,1,13,1,2,2,1,1,2,2,1,2,2,3,2,1,2,2,2,2,"Georgia",0
"9094",130582,13,20026,34.57585833,-83.46361944,1,1,6,4,3,2,0,24,0,1,1,0,4,2,10,1,13,1,2,2,1,1,2,1,2,1,2,1,2,2,2,2,2,2,"Georgia",1
"9095",130583,13,21882,33.89518056,-84.83489167,4,4,6,4,21,3,0,12,0,2,3,0,1,2,10,2,13,2,2,2,1,2,2,2,2,1,2,3,1,2,1,2,2,2,"Georgia",0
"9096",130584,13,22121,33.8208,-84.18641111,3,3,5,1,7,4,0,12,0,1,1,0,1,1,1,1,13,2,2,1,2,2,2,2,2,2,2,3,2,2,1,2,2,2,"Georgia",0
"9097",130585,13,23638,33.31191111,-84.77694444,1,1,3,6,20,3,0,1,0,1,1,0,4,2,10,1,13,1,2,2,2,1,2,2,2,1,2,1,2,2,2,2,2,2,"Georgia",1
"9098",130586,13,20636,34.25089444,-83.46105556,2,2,6,6,9,3,0,12,0,3,2,0,1,1,10,1,13,1,2,1,1,2,2,2,2,2,2,3,2,1,2,2,2,2,"Georgia",0
"9099",130587,13,25167,32.56311944,-81.87769167,5,5,6,6,16,3,0,12,0,2,2,0,1,1,1,1,13,1,2,1,1,2,2,2,2,2,2,3,2,1,2,2,2,2,"Georgia",0
"9100",130588,13,21764,33.91998611,-84.69296389,5,5,6,5,20,4,0,12,0,8,1,0,1,1,1,1,13,2,2,2,1,2,2,1,2,2,2,3,2,1,2,2,2,2,"Georgia",0
"9101",130589,13,20112,34.53397778,-83.98056944,1,1,6,5,22,6,0,8,0,1,1,0,1,2,10,1,13,1,2,2,1,1,2,2,1,2,2,2,2,2,1,2,2,2,"Georgia",0
"9102",130590,13,22045,33.845275,-83.85715,2,2,6,5,20,4,0,12,0,2,3,0,1,5,2,1,13,2,2,2,1,2,1,2,2,2,2,3,1,2,1,2,2,2,"Georgia",0
"9103",130591,13,19521,34.8265,-84.9444,2,2,6,5,10,3,0,43,0,1,1,0,4,1,10,1,13,2,2,1,1,2,2,2,2,2,2,3,2,2,2,2,2,2,"Georgia",0
"9104",130592,13,25397,32.43387222,-82.5963,4,4,6,6,3,1,0,12,0,1,1,0,1,2,1,3,13,1,1,2,1,2,2,2,2,2,2,2,2,2,2,2,1,2,"Georgia",0
"9105",130593,13,25449,32.40540833,-83.3398,3,3,6,7,11,3,0,12,0,2,2,0,1,1,1,1,13,2,2,1,2,2,2,2,2,2,2,3,1,2,2,2,2,2,"Georgia",0
"9106",130594,13,22027,33.85315556,-84.71316944,1,1,6,7,11,4,0,53,0,1,1,0,4,1,1,1,13,2,2,1,2,1,2,2,2,1,2,2,2,2,2,2,2,2,"Georgia",0
"9107",130595,13,19436,34.87016944,-85.49038889,3,3,6,7,15,4,0,12,0,1,1,0,1,1,1,1,13,1,2,1,2,2,2,2,2,2,2,3,2,2,2,2,2,2,"Georgia",0
"9108",130596,13,23894,33.15130833,-82.38729167,4,4,6,7,9,3,0,12,0,1,1,0,1,1,1,1,13,1,2,1,2,2,2,2,2,1,2,2,2,2,2,2,2,2,"Georgia",0
"9109",130597,13,26221,31.83372222,-81.90819444,2,2,6,7,14,3,0,12,0,1,1,0,1,1,1,1,13,1,2,1,2,2,2,2,2,2,2,3,1,2,2,2,2,2,"Georgia",0
"9110",130598,13,20788,34.20012778,-84.79663611,1,1,6,7,23,3,0,8,0,1,1,0,1,2,1,1,13,2,2,2,2,1,2,2,1,2,2,3,2,2,2,2,2,2,"Georgia",0
"9111",130599,13,26841,31.09034444,-83.20559722,1,1,6,1,23,3,0,34,0,1,1,0,4,2,1,1,13,1,2,2,2,1,2,2,2,1,2,1,2,2,2,2,2,2,"Georgia",1
"9112",130600,13,27121,30.74949167,-81.687775,1,1,6,1,16,6,0,42,0,1,1,0,4,1,1,1,13,1,2,1,2,1,2,2,2,1,2,1,2,2,2,2,2,2,"Georgia",1
"9113",130601,13,21238,34.05880556,-84.66340556,1,1,6,1,6,6,0,33,0,1,1,0,4,2,1,1,13,2,2,1,2,1,2,1,2,2,2,1,2,2,2,2,2,2,"Georgia",1
"9114",130602,13,22701,33.65241111,-84.39619444,6,6,6,1,5,1,0,12,0,1,1,0,1,3,1,3,13,2,1,2,2,2,2,2,2,2,2,1,1,2,2,2,2,2,"Georgia",1
"9115",130603,13,26799,31.13933889,-81.47935833,1,1,6,1,23,3,0,9,0,1,1,0,1,2,2,1,13,2,2,2,2,1,2,2,2,2,2,1,2,2,2,2,2,2,"Georgia",1
"9116",130604,13,21521,33.98369167,-84.13005278,2,2,6,1,15,6,0,5,0,1,1,0,1,1,1,1,13,2,2,1,2,1,2,2,2,2,2,3,2,1,2,2,2,2,"Georgia",0
"9117",130605,13,21279,34.04908056,-83.58479722,3,3,6,1,8,4,0,12,0,1,1,0,1,1,1,1,13,1,2,1,2,2,2,2,2,2,2,3,2,2,2,2,2,2,"Georgia",0
"9118",130606,13,23878,33.16775833,-82.38076667,1,1,6,1,18,6,0,40,0,1,1,0,4,1,1,1,13,1,2,2,2,1,2,2,2,1,2,1,2,2,2,2,2,2,"Georgia",1
"9119",130607,13,21822,33.90829444,-85.31010833,1,1,6,1,2,3,0,42,0,1,1,0,4,6,1,1,13,1,2,2,2,1,2,2,2,2,2,3,1,2,2,2,2,1,"Georgia",0
"9120",130608,13,19198,34.97353056,-83.73950556,1,1,6,1,15,3,0,1,0,1,1,0,1,1,1,1,13,1,2,1,2,1,2,2,2,1,2,3,1,2,2,2,2,2,"Georgia",0
"9121",130609,13,25673,32.284425,-81.87663056,2,2,6,2,16,3,0,12,0,1,1,0,1,1,2,1,13,1,2,1,1,2,2,1,2,2,2,3,2,2,1,2,2,2,"Georgia",0
"9122",130610,13,25953,32.06653056,-81.11391111,2,2,6,2,20,3,0,52,0,1,1,0,3,3,10,1,13,2,2,2,1,1,2,1,2,2,2,3,2,2,2,2,2,2,"Georgia",0
"9123",130611,13,20203,34.48607778,-84.47131944,2,2,6,2,5,3,0,12,0,2,2,0,1,2,1,1,13,2,2,2,2,2,2,1,2,2,2,3,2,2,2,2,2,2,"Georgia",0
"9124",130612,13,20899,34.15869444,-83.97846389,1,1,6,3,21,6,0,1,0,1,1,0,1,3,10,1,13,2,2,2,1,1,2,2,2,1,2,2,2,2,2,2,2,2,"Georgia",0
"9125",130613,13,20422,34.358725,-84.89015556,3,3,6,4,16,1,0,12,0,1,1,0,1,1,1,1,13,2,1,1,1,2,1,2,2,2,2,3,2,1,2,2,2,2,"Georgia",0
"9126",130614,13,22830,33.61520556,-84.99108611,2,2,6,4,14,3,0,12,0,1,1,0,1,1,1,1,13,2,2,1,1,2,2,2,2,1,2,3,2,2,2,2,2,2,"Georgia",0
"9127",130615,13,22619,33.67775278,-85.18696389,4,4,6,4,22,6,0,12,0,1,1,0,1,2,10,1,13,1,2,2,1,2,2,2,2,2,2,3,2,2,2,2,2,2,"Georgia",1
"9128",130616,13,26790,31.14510833,-82.96640278,1,1,6,4,10,3,0,42,0,1,1,0,4,1,1,1,13,1,2,1,1,1,2,2,2,1,2,2,2,1,2,2,2,2,"Georgia",0
"9129",130617,13,19957,34.61586389,-84.86793889,7,7,6,4,6,3,0,12,0,1,1,0,1,4,1,1,13,1,2,1,1,2,2,2,2,2,2,3,2,2,2,2,2,2,"Georgia",0
"9130",130618,13,23133,33.51005278,-82.02828056,3,3,6,4,21,6,0,12,0,2,2,0,1,3,10,1,13,2,2,2,1,2,1,2,2,2,2,1,2,2,2,2,2,2,"Georgia",2
"9131",130619,13,20352,34.40209167,-83.54256389,2,2,6,5,14,6,0,12,0,1,1,0,1,1,1,1,13,1,2,1,1,2,2,2,2,2,2,3,2,1,2,2,2,2,"Georgia",0
"9132",130620,13,25637,32.30620556,-81.87335278,4,4,6,5,16,1,0,12,1,5,1,0,1,1,1,1,13,1,1,1,1,2,2,2,2,2,2,3,1,1,2,2,2,2,"Georgia",0
"9133",130621,13,23026,33.54443056,-84.34950833,1,1,6,5,10,3,0,1,0,1,1,0,4,1,1,1,13,2,2,1,1,1,2,2,2,1,2,2,2,2,2,2,2,2,"Georgia",0
"9134",130622,13,21784,33.91649722,-84.48143333,5,5,6,5,11,1,0,12,0,1,1,0,1,1,1,1,13,2,1,1,1,3,2,2,2,2,2,3,2,1,2,1,2,2,"Georgia",0
"9135",130623,13,27088,30.777675,-84.48907778,5,5,6,6,15,2,0,12,0,2,2,0,1,1,1,1,13,1,2,1,1,2,2,2,2,2,2,3,2,1,2,2,2,2,"Georgia",0
"9136",130624,13,22814,33.619175,-84.45878333,1,1,6,6,16,1,0,8,0,1,1,0,1,1,1,1,13,2,1,1,1,1,2,2,1,2,2,3,2,2,2,2,2,2,"Georgia",0
"9137",130625,13,25192,32.54953889,-82.87697222,3,3,6,6,12,3,0,12,0,2,2,0,1,1,1,1,13,2,2,1,1,2,2,2,2,2,2,2,2,2,1,2,2,2,"Georgia",0
"9138",130626,13,23431,33.41416111,-82.48203056,3,3,6,6,17,3,0,12,0,2,2,0,1,1,1,1,13,1,2,1,1,2,2,2,2,2,2,3,1,1,2,1,2,2,"Georgia",0
"9139",130627,13,23261,33.470275,-81.97453056,3,3,6,6,20,6,0,12,0,2,2,0,1,5,10,1,13,2,2,2,2,2,2,2,2,2,2,3,2,1,2,2,2,2,"Georgia",0
"9140",130628,13,23339,33.45059167,-82.13664444,1,1,6,6,21,6,0,34,0,1,1,0,4,2,1,1,13,2,2,2,2,1,1,1,2,2,2,3,2,2,2,2,2,2,"Georgia",0
"9141",130629,13,20890,34.16174444,-84.75565,4,4,6,7,3,1,0,12,0,1,1,0,1,2,1,1,13,2,1,2,2,2,2,1,2,2,2,2,2,2,1,2,2,2,"Georgia",0
"9142",130630,13,25987,32.03808333,-81.11214444,1,1,6,7,8,6,0,42,0,3,3,0,4,1,1,1,13,2,2,1,2,1,2,2,2,2,2,3,2,1,2,2,2,2,"Georgia",0
"9143",130631,13,19194,34.97571944,-85.4182,1,1,6,7,3,1,0,35,0,1,1,0,4,2,10,1,13,1,1,2,2,1,2,2,2,1,2,3,2,2,1,2,2,2,"Georgia",0
"9144",130632,13,20339,34.40874444,-83.99680556,6,6,6,7,19,3,0,12,0,2,2,0,1,1,10,2,13,1,2,2,2,2,2,2,2,2,2,3,2,1,2,2,2,2,"Georgia",0
"9145",130633,13,27148,30.72448056,-84.48694722,1,1,6,7,4,3,0,42,0,1,1,0,4,2,1,1,13,1,2,2,2,1,2,2,2,2,2,1,2,2,2,2,2,2,"Georgia",1
"9146",130634,13,19777,34.71273056,-84.45440278,4,4,6,7,14,3,0,12,0,8,1,0,1,1,2,1,13,1,2,1,2,2,2,2,2,2,2,2,2,1,1,2,2,2,"Georgia",0
"9147",130635,13,21114,34.08935833,-83.83702778,3,3,6,7,6,1,0,43,0,1,1,0,3,4,2,1,13,2,1,1,2,1,2,2,2,1,2,3,2,2,2,2,2,2,"Georgia",0
"9148",130636,13,20218,34.47943889,-84.54186944,1,1,6,7,17,3,0,42,0,1,1,0,4,1,1,1,13,1,2,1,2,1,2,2,2,2,2,3,2,1,2,2,2,2,"Georgia",0
"9149",130637,13,22435,33.73086111,-84.48318889,1,1,6,1,2,6,0,30,0,1,1,0,4,2,1,1,13,2,2,2,2,1,1,2,2,2,2,1,2,2,2,2,2,2,"Georgia",1
"9150",130638,13,27223,30.65575556,-83.24573056,1,1,6,1,8,4,0,34,0,1,1,0,4,1,10,1,13,1,2,1,2,1,2,2,2,1,2,2,2,1,2,2,2,2,"Georgia",0
"9151",130639,13,23041,33.538975,-85.10471944,1,1,6,3,9,6,0,42,0,1,1,0,4,1,1,1,13,2,2,1,1,1,2,1,2,1,2,2,2,2,2,2,2,2,"Georgia",0
"9152",130640,13,26596,31.39730556,-81.44854167,3,3,6,3,11,1,0,20,0,1,1,1,4,1,1,2,13,1,1,1,1,1,2,2,2,2,2,3,2,1,2,2,2,2,"Georgia",0
"9153",130642,13,23602,33.33225278,-84.80269167,1,1,7,4,18,4,0,42,0,1,1,0,4,1,1,1,13,1,2,2,1,1,2,1,2,2,2,3,2,2,2,2,2,2,"Georgia",0
"9154",130643,13,20735,34.21686389,-85.12360833,2,2,7,4,10,2,0,12,0,2,2,0,1,1,1,1,13,2,2,1,1,2,2,2,2,1,2,3,2,1,2,2,2,2,"Georgia",0
"9155",130644,13,22099,33.82951667,-84.33243611,2,2,7,5,4,3,0,8,0,1,1,0,1,2,1,1,13,2,2,2,1,1,2,2,1,2,2,3,2,2,2,2,2,2,"Georgia",0
"9156",130645,13,23300,33.46149167,-84.59196389,1,1,7,5,17,6,0,42,0,1,1,0,4,1,1,1,13,2,2,1,1,1,2,2,2,1,2,3,2,1,2,2,2,2,"Georgia",0
"9157",130646,13,21745,33.923525,-83.82519722,1,1,7,5,16,4,0,1,0,1,1,0,4,1,2,1,13,2,2,1,1,1,2,2,2,1,2,2,2,2,1,2,2,2,"Georgia",0
"9158",130647,13,20631,34.25253611,-83.84502778,2,2,7,5,16,3,0,42,0,1,1,0,4,1,2,1,13,2,2,1,1,1,2,2,2,2,2,3,1,2,2,2,2,2,"Georgia",0
"9159",130648,13,26162,31.87722778,-82.59694444,3,3,7,5,18,2,0,12,0,2,2,0,1,1,2,1,13,1,2,2,1,2,1,2,2,2,2,1,2,2,2,2,2,2,"Georgia",1
"9160",130649,13,25312,32.47311111,-81.7807,1,1,7,7,15,6,0,30,0,1,1,0,4,1,1,1,13,2,2,1,2,1,2,2,2,2,2,2,1,2,2,2,2,2,"Georgia",0
"9161",130650,13,26534,31.47376667,-82.64566944,4,4,7,7,16,4,0,12,0,1,1,0,1,1,2,1,13,1,2,1,2,2,2,1,2,2,2,3,2,1,1,2,2,2,"Georgia",0
"9162",130651,13,22366,33.74772778,-84.34925278,4,4,7,7,14,2,0,12,0,2,2,0,1,1,1,1,13,2,2,1,2,3,2,1,2,2,2,1,2,2,2,2,2,2,"Georgia",2
"9163",130652,13,22318,33.76388333,-84.08022222,4,4,7,7,22,3,0,12,0,2,3,0,1,2,10,2,13,2,2,2,2,2,1,1,2,1,2,3,2,2,1,2,2,2,"Georgia",0
"9164",130653,13,23581,33.3462,-84.0848,2,2,7,7,18,6,0,5,0,1,1,0,1,1,99,1,13,2,2,2,2,1,2,2,2,2,2,1,2,2,2,2,2,2,"Georgia",1
"9165",130654,13,22756,33.63729167,-85.19503889,2,2,7,1,2,3,0,34,0,1,1,0,4,3,10,1,13,2,2,2,2,1,2,1,2,2,2,1,1,2,2,2,2,2,"Georgia",1
"9166",130655,13,22456,33.726875,-84.11768611,4,4,7,1,7,4,0,12,0,2,2,0,1,1,1,3,13,2,2,1,2,2,2,2,2,2,2,3,2,1,2,1,2,2,"Georgia",1
"9167",130656,13,21870,33.89822222,-84.24851389,1,1,7,2,15,1,0,2,0,20,1,0,1,1,10,1,13,2,1,1,1,1,2,2,2,2,2,3,2,2,2,2,2,2,"Georgia",0
"9168",130657,13,20706,34.22543889,-84.84455278,2,2,7,3,10,4,0,42,0,1,1,0,4,1,1,1,13,2,2,1,1,1,2,2,2,2,2,3,2,2,2,2,2,2,"Georgia",0
"9169",130658,13,23695,33.27551667,-84.47293611,1,1,7,3,6,4,0,34,0,1,1,0,4,1,1,1,13,1,2,1,1,1,2,2,2,1,2,3,2,2,2,2,2,2,"Georgia",0
"9170",130659,13,20286,34.43805,-83.13935,5,5,7,3,17,1,0,24,0,1,1,0,4,1,10,1,13,1,1,1,1,1,2,2,2,2,2,3,2,2,2,2,2,2,"Georgia",0
"9171",130660,13,27010,30.86833056,-84.12216944,3,3,7,3,22,2,0,8,0,1,1,0,1,2,1,1,13,1,2,2,1,1,2,2,1,2,2,2,2,2,2,2,2,2,"Georgia",0
"9172",130661,13,23749,33.24093056,-84.38916944,1,1,7,3,5,3,0,42,0,1,1,0,4,2,5,1,13,1,2,2,1,1,2,2,2,2,2,3,2,2,2,2,2,2,"Georgia",0
"9173",130662,13,23145,33.50741944,-82.14411667,2,2,7,4,21,3,0,12,0,1,1,1,1,2,1,1,13,2,2,2,1,2,2,2,2,2,2,1,2,1,2,2,2,2,"Georgia",1
"9174",130663,13,19360,34.90154167,-84.7484,2,2,7,4,21,2,0,12,0,2,3,0,1,2,1,1,13,1,2,2,1,2,2,2,2,2,2,3,2,1,2,2,2,2,"Georgia",0
"9175",130664,13,25199,32.54389722,-84.90613889,4,4,7,4,18,6,0,12,0,2,2,0,1,1,1,1,13,2,2,2,1,2,2,2,2,2,2,3,2,2,1,2,2,2,"Georgia",0
"9176",130665,13,22320,33.76364444,-84.20399722,2,2,7,5,17,4,0,8,0,3,2,0,4,1,1,1,13,2,2,1,1,2,2,2,1,2,2,3,2,1,2,2,2,2,"Georgia",0
"9177",130666,13,23100,33.52182778,-84.44907222,3,3,7,5,15,3,0,12,0,2,3,0,1,1,1,1,13,2,2,1,1,2,2,2,2,2,2,3,2,1,1,2,2,2,"Georgia",0
"9178",130667,13,24069,33.02699722,-83.32744722,2,2,7,6,16,3,0,12,0,1,1,0,1,1,10,2,13,1,2,1,1,2,2,1,2,2,2,1,2,2,2,2,2,2,"Georgia",1
"9179",130668,13,20625,34.25485,-83.46301944,2,2,7,6,2,1,0,35,0,1,1,0,4,2,1,1,13,2,1,2,1,1,2,1,2,1,2,2,2,2,2,2,2,2,"Georgia",1
"9180",130669,13,21617,33.95891944,-84.29505556,1,1,7,6,4,4,0,41,0,1,1,0,4,2,1,1,13,1,2,2,1,1,2,2,2,2,2,3,2,1,2,2,2,2,"Georgia",0
"9181",130670,13,23546,33.36768333,-84.29615833,5,5,7,6,23,2,0,12,0,1,1,0,1,2,10,2,13,2,2,2,2,2,2,2,2,2,2,3,2,2,2,2,1,2,"Georgia",0
"9182",130671,13,26888,31.04170278,-83.332025,2,2,7,7,16,4,0,12,0,2,2,0,1,1,1,1,13,1,2,1,2,2,1,2,2,2,2,3,2,1,2,2,2,2,"Georgia",0
"9183",130672,13,22244,33.78143611,-84.74808056,3,3,7,7,4,3,0,12,0,2,2,0,1,2,1,1,13,2,2,2,2,2,2,2,2,1,2,1,2,2,1,2,2,2,"Georgia",2
"9184",130673,13,25373,32.44615,-81.35589444,2,2,7,7,22,4,0,43,0,1,1,0,4,3,10,1,13,1,2,2,2,1,2,2,2,1,2,1,2,2,2,2,2,2,"Georgia",1
"9185",130674,13,23217,33.48226389,-84.21586667,2,2,7,7,0,1,0,12,1,3,2,0,1,2,1,1,13,2,1,2,2,2,1,2,2,2,2,3,1,2,2,2,2,2,"Georgia",1
"9186",130675,13,19587,34.80325,-84.70438056,1,1,7,7,14,4,0,34,0,1,1,0,4,1,10,1,13,1,2,1,2,1,2,1,2,2,2,1,2,2,2,2,2,2,"Georgia",1
"9187",130676,13,20868,34.17119444,-85.20930278,1,1,7,1,19,2,0,59,0,1,1,0,4,1,1,1,13,2,2,2,2,1,2,2,2,2,2,3,2,2,2,2,2,2,"Georgia",0
"9188",130677,13,20972,34.13490833,-83.67515833,1,1,7,1,3,1,0,24,0,1,1,0,4,2,1,1,13,2,1,2,2,1,2,2,2,1,2,2,2,2,2,2,2,2,"Georgia",0
"9189",130678,13,19354,34.90409722,-85.316225,2,2,7,1,15,4,0,12,0,2,3,0,1,1,1,1,13,2,2,1,2,2,1,2,2,2,2,3,2,2,2,2,2,2,"Georgia",0
"9190",130679,13,21932,33.88097778,-84.36496667,1,1,7,2,8,3,0,25,0,1,1,0,3,1,1,1,13,2,2,1,1,1,1,2,2,2,2,2,2,2,2,2,2,2,"Georgia",0
"9191",130680,13,23462,33.40536667,-84.834325,1,1,7,3,20,2,0,32,0,1,1,0,4,1,1,1,13,2,2,2,1,1,1,2,2,2,2,1,2,2,2,2,2,2,"Georgia",1
"9192",130681,13,27201,30.6795,-83.02680833,2,2,7,3,12,2,0,12,0,1,1,0,1,1,1,1,13,1,2,1,1,2,2,2,2,2,2,2,2,2,2,2,2,2,"Georgia",0
"9193",130682,13,21977,33.86841111,-83.98425556,2,2,7,3,14,3,0,12,0,2,3,0,1,1,1,1,13,2,2,1,1,2,1,2,2,2,2,3,2,1,1,2,2,2,"Georgia",0
"9194",130683,13,21449,34.00463056,-84.07200556,3,3,7,3,17,1,0,12,0,1,1,0,1,1,1,1,13,2,1,1,1,2,2,2,2,1,2,3,1,2,2,1,2,2,"Georgia",0
"9195",130684,13,27074,30.79121389,-83.27170833,1,1,7,3,22,4,0,9,0,3,3,0,1,3,1,1,13,2,2,2,1,1,2,2,2,2,2,3,2,2,2,2,1,2,"Georgia",0
"9196",130685,13,24385,32.87078333,-82.77903889,3,3,7,3,14,3,0,12,0,1,1,0,1,1,10,1,13,1,2,1,1,2,2,2,2,2,2,3,2,1,1,2,2,2,"Georgia",0
"9197",130686,13,23191,33.49086667,-82.09416944,4,4,7,4,15,1,0,12,0,1,1,0,1,1,1,1,13,2,1,1,1,3,2,2,2,2,2,3,2,2,2,2,2,2,"Georgia",0
"9198",130688,13,27006,30.87229444,-84.09148056,2,2,4,5,5,2,0,12,0,1,1,0,1,2,5,1,13,1,2,2,1,2,2,2,2,2,2,3,2,2,1,2,1,2,"Georgia",0
"9199",130689,13,19690,34.75104444,-85.00234444,1,1,7,4,16,1,0,1,0,1,1,0,1,1,1,1,13,2,1,1,1,1,2,2,2,1,2,2,2,2,2,2,2,2,"Georgia",0
"9200",130690,13,23249,33.47498889,-82.46695278,4,4,7,5,23,6,0,5,0,1,1,0,1,2,1,1,13,1,2,2,1,1,2,2,2,2,2,3,1,2,2,2,2,2,"Georgia",0
"9201",130691,13,19374,34.89696667,-85.02695833,2,2,7,6,17,4,0,12,0,1,1,0,1,1,1,1,13,1,2,1,1,2,2,2,2,1,2,3,2,2,2,2,1,2,"Georgia",0
"9202",130692,13,22021,33.855825,-84.76678056,4,4,7,6,12,6,0,12,0,2,2,0,1,1,1,1,13,2,2,1,1,2,2,2,2,2,2,3,2,2,2,2,2,2,"Georgia",0
"9203",130693,13,21878,33.89590278,-84.83486944,1,1,7,6,20,6,0,42,0,1,1,0,4,1,1,1,13,1,2,2,2,1,1,1,2,2,2,3,2,2,2,2,2,2,"Georgia",0
"9204",130694,13,24794,32.74416667,-83.722775,1,1,7,7,19,6,0,33,0,3,2,0,4,1,1,1,13,2,2,2,2,1,2,1,2,1,2,3,2,2,2,2,2,2,"Georgia",0
"9205",130695,13,26433,31.59573056,-84.16248056,2,2,7,7,9,6,0,42,0,3,2,0,4,1,1,1,13,2,2,1,2,1,2,2,2,1,2,3,2,2,2,2,2,2,"Georgia",0
"9206",130696,13,21716,33.93460278,-83.99816111,3,3,7,7,11,6,0,12,0,2,3,0,1,1,1,1,13,2,2,1,2,2,2,2,2,2,2,3,2,2,2,2,2,2,"Georgia",0
"9207",130697,13,22608,33.68123889,-84.40505278,1,1,7,1,0,6,0,8,0,3,3,0,1,3,1,1,13,2,2,2,2,1,2,2,1,2,2,3,2,2,2,1,2,2,"Georgia",0
"9208",130698,13,23160,33.50006667,-83.43961389,4,4,7,1,12,3,0,12,0,1,1,0,1,1,1,1,13,1,2,1,2,3,2,2,2,2,2,3,2,1,2,2,2,2,"Georgia",0
"9209",130699,13,25994,32.03275833,-81.32409167,3,3,7,2,17,4,0,12,0,8,1,0,1,1,1,1,13,1,2,1,1,2,2,2,2,2,2,3,2,2,2,2,2,2,"Georgia",0
"9210",130700,13,22328,33.7615,-84.48628333,7,7,7,2,22,1,0,12,0,1,1,0,1,3,1,1,13,2,1,2,1,3,2,2,2,2,2,3,2,2,2,2,2,2,"Georgia",0
"9211",130701,13,22890,33.59305556,-85.08785278,2,2,7,3,23,6,0,9,0,8,1,0,1,2,1,1,13,2,2,2,1,1,2,2,2,2,2,2,2,2,2,2,2,2,"Georgia",0