"","ST_CASE","OBJECT_ID","FID","LATITUDE","LONGITUD","PERMVIT","PERSONS","MONTH","DAY_WEEK","HOUR","ROUTE","SP_JUR","HARM_EV","RELJCT1","RELJCT2","TYP_INT","WRK_ZONE","REL_ROAD","LGT_COND","WEATHER","FATALS","STATE","A_RU","A_INTER","A_TOD","A_DOW","A_CT","A_MC","A_SPCRA","A_PED","A_ROLL","A_POLPUR","A_POSBAC","A_D15_20","A_D65PLS","A_D21_24","A_HR","A_DIST","A_DROWSY","STATE_NAME","drunkDr"
"9349",130839,13,25538,32.35774722,-81.86196944,5,5,9,3,11,2,0,12,0,2,2,0,1,1,1,1,13,2,2,1,1,3,2,2,2,2,2,3,2,1,1,2,2,2,"Georgia",0
"9350",130840,13,25375,32.44571667,-83.75096111,3,3,9,3,9,2,0,12,0,2,2,0,1,1,1,1,13,2,2,1,1,2,2,2,2,2,2,3,2,1,2,2,2,2,"Georgia",0
"9351",130841,13,21092,34.09883889,-84.24928333,1,1,9,4,7,2,0,42,0,1,1,0,6,1,1,1,13,2,2,1,1,1,2,2,2,2,2,3,2,2,2,2,2,2,"Georgia",0
"9352",130842,13,25262,32.49863889,-82.98408611,1,1,9,4,3,1,0,8,0,1,1,1,1,2,10,1,13,2,1,2,1,1,2,2,1,2,2,3,2,2,2,2,2,2,"Georgia",0
"9353",130843,13,24146,32.98181111,-82.55835,2,2,9,4,17,3,0,1,0,1,1,0,4,1,1,1,13,1,2,1,1,2,2,1,2,1,2,1,2,2,2,2,2,2,"Georgia",1
"9354",130844,13,23712,33.26771667,-84.09943333,1,1,9,5,16,1,0,24,0,1,1,0,3,1,10,1,13,1,1,1,1,1,2,2,2,2,2,3,2,2,2,2,2,2,"Georgia",0
"9355",130845,13,20627,34.2541,-83.88575,2,2,9,5,6,4,0,11,0,1,1,0,1,2,1,1,13,2,2,1,1,2,2,2,2,2,2,3,2,2,2,2,2,2,"Georgia",0
"9356",130846,13,25243,32.51416389,-83.888125,1,1,9,5,7,6,0,34,0,1,1,0,4,1,1,1,13,2,2,1,1,1,2,2,2,1,2,1,2,2,1,2,2,2,"Georgia",1
"9357",130847,13,21424,34.01285556,-84.56545,4,4,9,6,16,4,0,1,0,3,3,0,1,1,1,1,13,2,2,1,1,3,1,2,2,1,2,3,1,2,1,2,2,2,"Georgia",0
"9358",130848,13,25122,32.59186111,-82.40386667,1,1,9,6,7,4,0,35,0,1,1,0,4,1,10,1,13,1,2,1,1,1,2,2,2,2,2,2,2,2,2,2,2,2,"Georgia",0
"9359",130849,13,20388,34.38075,-85.1306,3,3,9,6,21,3,0,12,0,1,1,0,1,2,10,3,13,1,2,2,2,2,2,1,2,1,2,3,2,2,2,2,2,2,"Georgia",0
"9360",130850,13,21972,33.87063333,-84.02735833,2,2,9,6,21,6,0,12,0,8,1,0,1,2,1,1,13,2,2,2,2,2,1,2,2,2,2,3,2,2,1,2,2,2,"Georgia",0
"9361",130851,13,26139,31.89396944,-82.58433056,1,1,9,6,15,2,0,8,0,3,3,0,1,1,1,1,13,1,2,1,1,1,2,2,1,2,2,2,2,2,2,2,2,2,"Georgia",0
"9362",130852,13,21335,34.03404444,-84.86172778,1,1,9,6,8,4,0,8,0,1,1,0,1,1,1,1,13,1,2,1,1,1,2,2,1,2,2,2,2,2,2,2,1,2,"Georgia",0
"9363",130853,13,25234,32.52163333,-81.53285278,7,7,9,6,10,3,0,12,0,2,2,0,1,1,1,1,13,1,2,1,1,3,2,2,2,2,2,3,1,2,2,2,1,2,"Georgia",0
"9364",130854,13,22783,33.62686389,-84.45123056,4,4,9,7,23,6,0,12,0,1,1,0,1,2,1,1,13,2,2,2,2,2,1,1,2,2,2,1,2,2,2,2,1,2,"Georgia",1
"9365",130855,13,20819,34.18985278,-83.04643056,1,1,9,7,15,3,0,35,0,1,1,0,4,1,10,1,13,1,2,1,2,1,2,2,2,1,2,3,2,2,2,2,2,2,"Georgia",0
"9366",130856,13,24083,33.02074167,-85.04535,2,2,9,7,19,6,0,12,0,2,3,0,1,1,1,1,13,2,2,2,2,2,1,2,2,2,2,3,1,2,2,2,2,2,"Georgia",0
"9367",130857,13,23205,33.48615278,-84.34028889,3,3,9,1,21,2,0,12,0,2,2,0,1,2,1,1,13,2,2,2,2,2,1,2,2,2,2,3,2,2,2,2,2,2,"Georgia",0
"9368",130858,13,22954,33.57216389,-84.56491944,2,2,9,1,2,3,0,12,0,2,99,0,1,2,1,1,13,2,2,2,2,2,1,1,2,2,2,1,2,2,2,2,2,2,"Georgia",1
"9369",130859,13,21615,33.95911389,-84.24673056,1,1,9,1,22,3,0,8,0,3,2,0,1,2,1,1,13,2,2,2,2,1,2,2,1,2,2,3,2,2,1,2,2,2,"Georgia",0
"9370",130860,13,20322,34.42106111,-83.48377222,1,1,9,2,12,3,0,42,0,1,1,0,4,1,1,1,13,1,2,1,1,1,2,2,2,2,2,3,2,1,2,2,2,2,"Georgia",0
"9371",130861,13,20284,34.43844167,-85.38305833,8,8,9,2,14,4,0,1,0,1,1,0,1,1,1,1,13,1,2,1,1,1,2,2,2,1,2,2,2,1,2,2,2,2,"Georgia",0
"9372",130862,13,21763,33.92000278,-84.29627222,1,1,9,2,23,1,0,25,0,1,1,0,3,2,1,1,13,2,1,2,1,1,2,1,2,1,2,1,2,2,2,2,2,2,"Georgia",1
"9373",130863,13,22827,33.61607222,-84.47273611,1,1,9,2,20,3,0,8,0,1,1,0,1,3,1,1,13,2,2,2,1,1,2,2,1,2,2,3,2,2,2,1,2,2,"Georgia",0
"9374",130864,13,24516,32.82169444,-82.04642778,6,6,9,2,17,3,0,12,0,1,1,0,1,1,10,1,13,1,2,1,1,2,2,2,2,2,2,3,2,2,2,2,2,2,"Georgia",0
"9375",130865,13,24312,32.9044,-82.0631,1,1,9,2,17,4,0,42,0,1,1,0,4,1,10,1,13,1,2,1,1,1,2,2,2,2,2,2,1,2,2,2,2,2,"Georgia",0
"9376",130866,13,22916,33.58428056,-83.90973333,2,2,9,2,22,4,0,12,0,8,1,0,1,2,1,1,13,2,2,2,1,2,1,2,2,2,2,1,2,2,1,2,2,2,"Georgia",1
"9377",130867,13,22955,33.57141667,-84.10210833,3,3,9,2,19,4,0,12,0,1,1,0,1,5,1,1,13,2,2,2,1,2,2,2,2,2,2,1,2,1,2,2,2,2,"Georgia",1
"9378",130868,13,20000,34.5922,-83.60245,3,3,9,3,15,3,0,12,0,8,1,0,1,1,10,1,13,1,2,1,1,2,2,2,2,2,2,3,2,1,2,2,2,2,"Georgia",0
"9379",130869,13,22487,33.71916111,-83.92566111,12,12,9,3,6,3,0,12,0,1,1,0,1,2,1,1,13,2,2,1,1,3,2,2,2,1,2,3,2,2,2,2,2,2,"Georgia",0
"9380",130870,13,22111,33.82353611,-83.87793889,1,1,9,3,5,3,0,8,0,1,1,0,1,2,1,1,13,1,2,2,1,1,2,2,1,2,2,3,2,2,2,2,2,2,"Georgia",0
"9381",130871,13,21290,34.04630833,-84.58099167,1,1,9,4,7,4,0,8,0,3,2,0,1,1,10,1,13,2,2,1,1,1,2,2,1,2,2,3,2,2,2,2,2,2,"Georgia",0
"9382",130872,13,20534,34.28769167,-83.63977778,3,3,9,4,7,4,0,12,0,1,1,0,1,1,2,1,13,1,2,1,1,2,2,1,2,2,2,3,1,1,2,2,2,2,"Georgia",0
"9383",130873,13,24421,32.85594722,-83.58618333,2,2,9,5,18,4,0,8,0,1,1,0,1,2,2,1,13,2,2,2,1,2,2,2,1,2,2,3,2,2,2,2,2,2,"Georgia",0
"9384",130874,13,26075,31.95699167,-83.78093889,2,2,9,5,13,6,0,10,0,6,1,0,1,1,1,1,13,2,2,1,1,1,2,2,2,2,2,3,1,2,2,2,2,2,"Georgia",0
"9385",130875,13,25848,32.16813889,-81.38519722,2,2,9,5,17,2,0,1,0,2,3,0,1,1,10,1,13,1,2,1,1,2,1,2,2,2,2,3,2,2,2,2,2,2,"Georgia",0
"9386",130876,13,26685,31.29601111,-81.45245,1,1,9,5,20,2,0,8,0,1,1,0,1,2,10,1,13,2,2,2,1,1,2,2,1,2,2,3,2,2,2,1,2,2,"Georgia",0
"9387",130877,13,20209,34.48401111,-83.84242222,1,1,9,5,21,3,0,42,0,1,1,0,4,1,10,1,13,1,2,2,1,1,1,1,2,2,2,2,2,2,2,2,2,2,"Georgia",0
"9388",130878,13,22277,33.77336111,-83.93944722,1,1,9,5,11,4,0,42,0,1,1,0,4,1,10,1,13,2,2,1,1,1,2,1,2,1,2,3,2,2,2,2,2,2,"Georgia",0
"9389",130879,13,21947,33.876775,-84.65501389,2,2,9,6,20,4,0,12,0,3,2,0,1,5,10,1,13,2,2,2,2,2,1,2,2,2,2,3,2,2,2,2,2,2,"Georgia",0
"9390",130880,13,22016,33.85656944,-84.57776389,2,2,9,6,23,4,0,8,0,3,2,0,1,3,10,1,13,2,2,2,2,1,2,2,1,2,2,3,2,2,1,2,2,2,"Georgia",0
"9391",130881,13,20479,34.324075,-83.83466944,3,3,9,6,13,3,0,12,0,2,99,0,1,1,1,1,13,2,2,1,1,2,2,2,2,2,2,3,2,1,2,2,2,2,"Georgia",0
"9392",130882,13,19568,34.81037778,-83.84766667,1,1,9,6,18,3,0,42,0,1,1,0,4,1,1,1,13,1,2,2,2,1,1,1,2,2,2,3,2,1,2,2,2,2,"Georgia",0
"9393",130883,13,22221,33.78751389,-83.95763889,1,1,9,6,7,3,0,8,0,1,1,0,1,2,1,1,13,2,2,1,1,1,1,2,1,2,2,2,2,2,2,1,2,2,"Georgia",0
"9394",130884,13,26022,32.009425,-81.11785278,8,8,9,7,17,6,0,42,0,1,1,0,3,1,10,2,13,2,2,1,2,3,2,1,2,2,2,3,2,2,1,2,2,2,"Georgia",0
"9395",130885,13,26832,31.10061667,-83.65901944,3,3,9,7,20,3,0,12,0,1,1,0,1,2,10,1,13,1,2,2,2,2,2,2,2,1,2,1,2,1,2,2,2,2,"Georgia",1
"9396",130886,13,19979,34.60501944,-84.06125833,3,3,9,7,17,4,0,32,0,1,1,0,4,1,1,1,13,1,2,1,2,1,2,1,2,2,2,3,1,2,2,2,2,2,"Georgia",0
"9397",130887,13,25879,32.14089722,-81.24485,2,2,9,1,14,6,0,33,0,3,2,0,3,1,1,1,13,2,2,1,2,2,2,1,2,2,2,1,2,1,2,2,1,2,"Georgia",1
"9398",130888,13,21247,34.05641944,-84.599175,1,1,9,1,15,1,0,42,0,1,1,0,4,1,1,1,13,2,1,1,2,1,2,2,2,1,2,2,2,2,2,2,2,2,"Georgia",0
"9399",130889,13,20224,34.473925,-84.97363333,2,2,9,1,18,3,0,33,0,1,1,0,4,1,1,1,13,2,2,2,2,1,2,2,2,1,2,3,2,2,1,2,1,2,"Georgia",0
"9400",130890,13,22078,33.83465833,-84.13421944,1,1,9,1,20,4,0,53,0,1,1,0,4,2,1,1,13,2,2,2,2,1,1,2,2,2,2,3,2,2,2,2,2,2,"Georgia",1
"9401",130891,13,23970,33.09909444,-82.30771111,1,1,9,1,6,4,0,30,0,1,1,0,4,2,1,1,13,1,2,1,2,1,2,2,2,2,2,1,2,2,2,2,2,2,"Georgia",1
"9402",130892,13,25982,32.04188056,-84.80038333,3,3,9,1,14,2,0,12,0,2,2,0,1,1,1,1,13,1,2,1,2,2,1,2,2,2,2,2,2,2,2,2,2,2,"Georgia",0
"9403",130893,13,27080,30.78288333,-83.16328056,1,1,9,2,3,3,0,34,0,1,1,0,4,2,1,1,13,1,2,2,2,1,2,2,2,2,2,1,2,2,2,2,2,2,"Georgia",1
"9404",130894,13,21107,34.09220278,-83.23886944,1,1,9,2,17,2,0,32,0,1,1,0,4,1,1,1,13,1,2,1,1,1,2,2,2,2,2,3,2,2,2,2,2,2,"Georgia",0
"9405",130895,13,21709,33.93553333,-83.54041111,3,3,9,2,21,2,0,12,0,2,2,0,1,3,1,2,13,2,2,2,1,2,2,2,2,2,1,3,2,2,1,2,2,2,"Georgia",0
"9406",130896,13,23943,33.12091944,-84.33237778,4,4,9,2,15,2,0,12,0,1,1,0,1,1,1,1,13,1,2,1,1,3,2,2,2,2,2,3,2,1,2,2,1,2,"Georgia",0
"9407",130897,13,19819,34.68825,-84.99988333,2,2,9,2,6,3,0,12,0,8,1,0,1,2,1,1,13,2,2,1,1,2,1,2,2,2,2,3,2,2,2,2,2,2,"Georgia",0
"9408",130898,13,26070,31.9679,-83.91319167,3,3,9,3,13,2,0,12,0,8,1,0,1,1,1,1,13,1,2,1,1,2,2,2,2,2,2,3,2,1,2,2,2,2,"Georgia",0
"9409",130899,13,22274,33.77369167,-84.33086944,4,4,9,3,11,2,0,12,0,2,2,0,1,1,1,1,13,2,2,1,1,2,2,2,2,2,2,3,2,2,1,2,2,2,"Georgia",0
"9410",130900,13,20210,34.48371667,-83.09507222,4,4,9,3,18,3,0,12,0,1,1,0,1,1,1,1,13,1,2,2,1,2,2,1,2,2,2,1,2,1,2,2,2,2,"Georgia",1
"9411",130901,13,22288,33.77008333,-84.51980278,2,2,9,4,21,3,0,12,0,8,1,0,1,2,1,1,13,2,2,2,1,2,1,2,2,2,2,3,2,2,2,2,2,2,"Georgia",0
"9412",130902,13,21979,33.86816389,-84.09356944,2,2,9,3,7,6,0,12,0,2,2,0,1,1,1,1,13,2,2,1,1,2,1,2,2,2,2,3,2,2,2,2,2,2,"Georgia",0
"9413",130903,13,21207,34.06615,-83.72156667,2,2,9,3,14,3,0,12,0,1,1,0,1,1,1,1,13,1,2,1,1,2,2,2,2,2,2,3,1,2,2,2,2,2,"Georgia",0
"9414",130904,13,20332,34.41581389,-84.31873333,1,1,9,3,4,6,0,35,0,1,1,0,4,2,1,1,13,1,2,2,1,1,1,1,2,2,2,2,2,2,2,2,2,2,"Georgia",0
"9415",130905,13,25833,32.17930278,-81.46389444,3,3,9,4,17,2,0,12,0,1,1,0,1,1,2,1,13,1,2,1,1,2,2,2,2,2,2,2,2,2,1,2,2,2,"Georgia",0
"9416",130906,13,21879,33.89568611,-84.30460556,1,1,9,4,19,6,0,8,0,2,2,0,1,1,1,1,13,2,2,2,1,1,2,2,1,2,2,2,2,2,2,2,2,2,"Georgia",0
"9417",130907,13,27160,30.70913056,-83.32005278,2,2,9,4,6,4,0,11,0,1,1,0,1,2,1,1,13,1,2,1,1,2,2,2,2,2,2,3,2,2,2,2,2,2,"Georgia",0
"9418",130908,13,23065,33.53225,-84.36376111,1,1,9,5,21,3,0,8,0,1,1,0,1,3,1,1,13,2,2,2,1,1,2,2,1,2,2,3,2,2,2,2,2,2,"Georgia",0
"9419",130909,13,22502,33.71411944,-85.10168889,1,1,9,5,20,4,0,1,0,1,1,0,4,2,1,1,13,2,2,2,1,1,2,2,2,1,2,3,2,2,2,2,2,2,"Georgia",1
"9420",130910,13,19388,34.88917222,-83.52794444,1,1,9,5,15,6,0,42,0,1,1,0,4,1,1,1,13,1,2,1,1,1,2,2,2,1,2,2,2,1,2,2,2,2,"Georgia",0
"9421",130911,13,22653,33.66799167,-84.17508056,5,5,9,6,20,4,0,12,0,1,1,0,1,2,1,1,13,2,2,2,2,3,2,2,2,1,2,1,2,1,2,2,2,2,"Georgia",1
"9422",130912,13,22265,33.77678611,-84.60238333,3,3,9,6,0,1,0,12,0,1,1,0,1,2,1,1,13,2,1,2,1,2,2,2,2,1,2,3,1,2,2,2,2,2,"Georgia",0
"9423",130913,13,20777,34.20279167,-83.827475,2,2,9,6,20,3,0,8,0,1,1,0,1,2,1,1,13,2,2,2,2,1,2,2,1,2,2,3,2,2,2,2,2,2,"Georgia",0
"9424",130914,13,21005,34.12060278,-83.49549167,1,1,9,6,20,3,0,1,0,1,1,0,4,2,1,1,13,1,2,2,2,1,1,2,2,2,2,3,2,2,2,2,2,2,"Georgia",0
"9425",130915,13,25215,32.53488333,-82.96966944,4,4,9,6,11,3,0,12,0,2,2,0,1,1,1,1,13,2,2,1,1,2,2,2,2,2,2,3,2,2,2,2,2,2,"Georgia",0
"9426",130916,13,22833,33.61509444,-84.50030556,5,5,9,7,0,3,0,12,0,1,1,0,1,2,1,1,13,2,2,2,2,2,2,2,2,2,2,3,2,1,2,2,2,2,"Georgia",0
"9427",130917,13,19891,34.64381389,-84.38955278,3,3,9,7,18,3,0,12,0,1,1,0,1,1,1,1,13,1,2,2,2,2,2,2,2,1,2,3,2,2,2,2,2,2,"Georgia",0
"9428",130918,13,22947,33.57435833,-83.86196667,1,1,9,7,22,6,0,42,0,3,3,0,4,2,1,1,13,2,2,2,2,1,2,1,2,2,2,3,2,2,2,2,2,2,"Georgia",0
"9429",130919,13,23747,33.2458,-84.26553056,2,2,9,7,20,6,0,12,0,2,2,0,1,3,1,1,13,2,2,2,2,2,1,2,2,2,2,3,1,2,2,2,2,2,"Georgia",0
"9430",130920,13,26454,31.57091111,-84.10557222,1,1,9,1,5,6,0,8,0,1,1,0,1,3,1,1,13,2,2,2,2,1,2,2,1,2,2,3,2,2,2,1,2,2,"Georgia",0
"9431",130921,13,20901,34.15769167,-84.17293333,2,2,9,1,4,3,0,12,0,1,1,0,1,2,1,1,13,2,2,2,2,2,2,2,2,2,2,1,2,2,1,2,2,2,"Georgia",1
"9432",130922,13,21698,33.93705556,-83.98021944,4,4,9,1,21,3,0,9,0,2,3,0,1,3,1,1,13,2,2,2,2,1,2,2,2,2,2,3,2,2,2,2,2,2,"Georgia",0
"9433",130923,13,23255,33.47259722,-81.97173611,5,5,9,1,3,6,0,38,0,3,3,0,4,2,1,1,13,2,2,2,2,1,2,2,2,2,2,1,2,2,2,2,2,2,"Georgia",1
"9434",130924,13,22596,33.68522222,-83.77622778,2,2,9,1,17,6,0,1,0,1,1,0,1,1,1,1,13,1,2,1,2,1,2,2,2,1,2,3,2,2,2,2,2,2,"Georgia",0
"9435",130925,13,19730,34.73287778,-84.89145833,2,2,9,2,15,4,0,12,0,1,1,0,1,1,10,1,13,2,2,1,1,2,2,2,2,2,2,3,1,1,2,2,2,2,"Georgia",0
"9436",130926,13,22431,33.73288333,-84.20763056,2,2,9,3,4,4,0,12,0,1,1,0,1,2,10,1,13,2,2,2,1,2,2,2,2,2,2,1,2,2,1,2,2,2,"Georgia",1
"9437",130927,13,22405,33.7394,-84.16178889,5,5,9,3,16,4,0,12,0,2,3,0,1,1,10,1,13,2,2,1,1,2,2,2,2,2,2,3,2,2,1,2,2,2,"Georgia",0
"9438",130928,13,20648,34.24597222,-83.80248333,1,1,9,3,20,3,0,35,0,1,1,0,4,2,10,1,13,2,2,2,1,1,2,2,2,1,2,1,2,2,2,2,2,2,"Georgia",1
"9439",130929,13,19471,34.85492778,-83.47748611,1,1,9,3,1,6,0,42,0,8,1,0,4,2,10,1,13,1,2,2,1,1,2,2,2,2,2,3,2,2,2,2,2,2,"Georgia",0
"9440",130930,13,21637,33.95326111,-83.39501389,3,3,9,4,20,2,0,12,0,1,1,0,1,3,1,1,13,2,2,2,1,2,1,2,2,2,2,1,2,2,2,2,2,2,"Georgia",1
"9441",130931,13,23733,33.25234444,-83.02403889,2,2,9,4,22,3,0,12,0,1,1,0,1,2,10,1,13,1,2,2,1,2,2,2,2,1,2,1,2,2,2,2,2,2,"Georgia",1
"9442",130932,13,22638,33.672325,-84.91285556,1,1,9,5,23,4,0,34,0,1,1,0,4,2,2,1,13,2,2,2,1,1,2,1,2,1,2,3,2,1,2,2,2,2,"Georgia",0
"9443",130933,13,21508,33.98888611,-83.42595833,3,3,9,5,12,3,0,12,0,2,2,0,1,1,10,2,13,2,2,1,1,2,1,1,2,2,2,1,1,2,2,2,2,2,"Georgia",1
"9444",130934,13,20851,34.17774167,-83.91501667,1,1,9,5,23,1,0,42,0,1,1,0,4,2,2,1,13,2,1,2,1,1,2,2,2,2,2,2,2,1,2,2,2,2,"Georgia",0
"9445",130935,13,23391,33.42753056,-84.18203333,1,1,9,5,13,1,0,24,0,1,1,0,4,1,10,1,13,2,1,1,1,1,2,2,2,2,2,3,2,2,2,2,2,2,"Georgia",0
"9446",130936,13,23563,33.35763333,-81.98754722,2,2,9,5,15,6,0,12,0,1,1,0,1,1,2,1,13,2,2,1,1,2,2,2,2,2,2,3,2,1,2,2,2,2,"Georgia",0
"9447",130937,13,26818,31.11256111,-83.72247778,2,2,9,6,21,6,0,59,0,1,1,0,4,2,10,2,13,2,2,2,2,1,2,2,2,1,2,2,1,2,2,2,2,2,"Georgia",0
"9448",130938,13,20360,34.39748056,-83.85845278,2,2,9,6,7,3,0,12,0,2,2,0,1,1,2,1,13,2,2,1,1,2,2,2,2,2,2,3,1,1,2,2,2,2,"Georgia",0
"9449",130939,13,19625,34.78289167,-84.81461944,2,2,9,6,0,3,0,12,0,1,1,0,1,3,2,1,13,2,2,2,1,2,2,1,2,2,2,3,2,2,2,2,2,2,"Georgia",0
"9450",130940,13,20439,34.34799167,-84.87868611,1,2,9,7,18,1,0,14,0,1,1,0,2,1,2,1,13,2,1,2,2,1,2,2,2,2,2,2,2,2,1,2,2,2,"Georgia",0
"9451",130941,13,22612,33.68005556,-85.15088333,5,5,9,7,23,2,0,12,0,2,2,0,1,2,10,2,13,1,2,2,2,2,2,1,2,2,2,3,1,2,2,2,2,2,"Georgia",0
"9452",130942,13,22841,33.61156944,-84.30931111,2,2,9,7,15,4,0,12,0,1,1,0,1,1,2,1,13,2,2,1,2,2,2,2,2,2,2,3,1,2,2,2,2,2,"Georgia",0
"9453",130943,13,21886,33.89478333,-84.63138056,2,2,9,7,3,4,0,1,0,1,1,0,1,2,2,1,13,2,2,2,2,1,2,1,2,1,2,1,2,2,2,2,2,2,"Georgia",1
"9454",130944,13,22484,33.71979167,-84.15475556,1,1,9,7,12,4,0,1,0,1,1,0,4,1,2,1,13,2,2,1,2,1,2,2,2,1,2,1,2,2,2,2,2,2,"Georgia",1
"9455",130945,13,22330,33.7611,-84.10790833,5,5,9,7,12,4,0,12,0,2,3,0,1,1,2,1,13,2,2,1,2,3,2,1,2,2,2,3,1,1,2,2,2,2,"Georgia",0
"9456",130946,13,26663,31.32011944,-84.90912778,1,1,9,7,21,4,0,32,0,1,1,0,4,2,1,1,13,1,2,2,2,1,2,2,2,1,2,1,2,2,2,2,2,2,"Georgia",1
"9457",130947,13,22679,33.65867222,-84.43220278,2,2,9,7,11,1,0,14,0,1,1,0,2,1,2,1,13,2,1,1,2,1,2,1,1,2,2,2,1,2,2,2,2,2,"Georgia",0
"9458",130948,13,23203,33.48693611,-82.00648889,1,1,9,7,2,6,0,52,0,1,1,0,4,3,1,1,13,2,2,2,2,1,2,1,2,1,2,3,2,2,1,2,2,2,"Georgia",0
"9459",130949,13,23635,33.31231389,-81.95378611,1,1,9,7,21,6,0,1,0,2,3,1,1,2,2,1,13,2,2,2,2,1,1,2,2,2,2,2,2,2,2,2,2,2,"Georgia",0
"9460",130950,13,26552,31.45235278,-83.50173056,1,1,9,7,22,6,0,8,0,1,1,0,1,2,2,1,13,2,2,2,2,1,2,2,1,2,2,3,2,2,2,1,2,2,"Georgia",0
"9461",130951,13,25736,32.24173889,-83.16283333,1,1,9,1,16,4,0,1,0,1,1,0,4,1,10,1,13,1,2,1,2,1,2,1,2,1,2,2,2,2,2,2,2,2,"Georgia",0
"9462",130952,13,23354,33.44128056,-84.59119444,1,1,9,1,1,3,0,8,0,1,1,0,2,2,2,1,13,2,2,2,2,1,2,2,1,1,2,3,2,2,2,2,1,2,"Georgia",1
"9463",130953,13,26273,31.78584444,-83.89396389,1,1,9,1,1,3,0,1,0,1,1,0,1,2,10,1,13,1,2,2,2,1,2,2,2,1,2,1,2,2,2,2,2,2,"Georgia",1
"9464",130954,13,19466,34.85628889,-85.16653611,2,2,9,2,8,4,0,12,0,1,1,0,1,1,10,1,13,1,2,1,1,2,2,2,2,2,2,3,1,1,2,2,2,1,"Georgia",0
"9465",130955,13,20767,34.20656111,-84.45526111,4,4,9,2,12,3,0,12,0,3,3,0,1,1,2,1,13,2,2,1,1,3,2,2,2,2,2,3,1,2,2,2,2,2,"Georgia",0
"9466",130956,13,23466,33.40367222,-84.69631667,2,2,9,2,17,4,0,30,0,1,1,0,4,1,10,1,13,2,2,1,1,1,2,1,2,2,2,3,2,2,1,2,2,2,"Georgia",0
"9467",130957,13,22110,33.82512778,-84.23336111,1,1,9,2,0,2,0,42,1,5,1,0,4,2,1,1,13,2,2,2,2,1,2,2,2,2,2,1,2,2,2,2,2,2,"Georgia",1
"9468",130958,13,22087,33.83254167,-84.33658056,1,1,9,2,20,1,0,8,1,5,1,0,1,2,2,1,13,2,1,2,1,1,2,2,1,2,2,3,2,2,2,1,2,2,"Georgia",0
"9469",130959,13,22480,33.72091944,-84.84595278,1,1,9,2,6,1,0,42,0,1,1,0,4,2,2,1,13,2,1,1,1,1,2,2,2,1,2,2,2,2,2,2,2,2,"Georgia",0
"9470",130960,13,19378,34.89293333,-83.59574167,1,1,9,2,11,3,0,18,0,1,1,0,1,1,2,1,13,1,2,1,1,1,1,2,2,2,2,3,2,1,2,2,2,2,"Georgia",0
"9471",130961,13,26639,31.34851389,-83.93199444,3,3,9,2,17,3,0,1,0,1,1,0,1,1,10,2,13,1,2,1,1,2,2,1,2,1,2,2,2,2,1,2,2,2,"Georgia",0
"9472",130962,13,26687,31.29490833,-83.47023889,2,2,9,4,6,3,0,12,0,2,2,0,1,2,5,1,13,1,2,1,1,2,2,2,2,2,2,1,1,2,2,2,2,2,"Georgia",1
"9473",130963,13,26486,31.53080556,-84.15546389,2,2,9,4,16,4,0,30,0,1,1,0,4,1,10,1,13,2,2,1,1,1,2,1,2,2,2,1,2,2,2,2,2,2,"Georgia",1
"9474",130964,13,24205,32.95033611,-84.28085278,5,5,9,4,18,4,0,12,0,1,1,0,2,1,1,1,13,2,2,2,1,2,2,2,2,2,2,3,2,2,2,2,2,2,"Georgia",0
"9475",130965,13,19217,34.96465833,-85.28178889,1,1,9,4,15,6,0,30,0,1,1,0,4,1,10,1,13,2,2,1,1,1,2,1,2,2,2,3,2,2,2,2,2,2,"Georgia",1
"9476",130966,13,22569,33.69489722,-84.17916944,1,1,9,2,1,4,0,15,0,1,1,0,1,2,1,1,13,2,2,2,2,1,2,2,2,2,2,3,2,2,2,1,2,2,"Georgia",0
"9477",130967,13,25864,32.15598611,-83.19613611,4,4,10,5,17,3,0,12,0,1,1,0,1,1,2,1,13,1,2,1,1,2,2,1,2,2,2,3,2,2,1,2,2,2,"Georgia",0
"9478",130968,13,21963,33.87228333,-84.18790278,2,2,10,5,19,4,0,12,0,2,3,0,1,1,10,1,13,2,2,2,1,2,1,2,2,2,2,3,2,2,2,2,2,2,"Georgia",0
"9479",130969,13,23916,33.13576389,-84.02986667,2,2,10,5,15,4,0,32,0,1,1,0,4,1,1,1,13,1,2,1,1,1,2,2,2,1,2,1,2,1,2,2,2,2,"Georgia",1
"9480",130970,13,23858,33.17410833,-84.38465833,3,3,10,5,13,3,0,12,0,1,1,0,1,1,10,1,13,1,2,1,1,2,2,2,2,2,2,3,2,2,2,2,2,2,"Georgia",0
"9481",130971,13,19602,34.79511944,-84.99651389,3,3,10,5,14,2,0,12,0,3,2,0,1,1,10,2,13,2,2,1,1,2,2,1,2,2,2,3,2,1,2,2,2,2,"Georgia",0
"9482",130972,13,20366,34.39471944,-83.77881111,2,2,10,6,11,3,0,12,0,1,1,0,1,1,2,1,13,1,2,1,1,2,2,2,2,2,2,3,2,2,2,2,2,2,"Georgia",0
"9483",130973,13,26058,31.98453889,-83.46026389,3,3,10,6,23,3,0,42,0,1,1,0,4,2,2,1,13,1,2,2,2,1,2,1,2,2,2,3,2,2,2,2,2,2,"Georgia",0
"9484",130974,13,23271,33.46676667,-85.12000833,4,4,10,7,23,2,0,12,0,1,1,0,1,2,2,1,13,1,2,2,2,2,2,2,2,2,2,1,1,2,2,2,2,2,"Georgia",1
"9485",130975,13,22055,33.84086944,-84.26131944,3,3,10,7,18,3,0,12,0,1,1,0,1,1,2,1,13,2,2,2,2,2,2,2,2,2,2,1,2,1,1,2,2,2,"Georgia",1