"","ST_CASE","OBJECT_ID","FID","LATITUDE","LONGITUD","PERMVIT","PERSONS","MONTH","DAY_WEEK","HOUR","ROUTE","SP_JUR","HARM_EV","RELJCT1","RELJCT2","TYP_INT","WRK_ZONE","REL_ROAD","LGT_COND","WEATHER","FATALS","STATE","A_RU","A_INTER","A_TOD","A_DOW","A_CT","A_MC","A_SPCRA","A_PED","A_ROLL","A_POLPUR","A_POSBAC","A_D15_20","A_D65PLS","A_D21_24","A_HR","A_DIST","A_DROWSY","STATE_NAME","drunkDr"
"9486",130976,13,22601,33.68420556,-84.56584444,1,1,10,1,4,3,0,34,0,1,1,1,4,2,8,1,13,2,2,2,2,1,2,2,2,1,2,3,2,2,2,2,2,1,"Georgia",0
"9487",130977,13,22386,33.74473056,-84.398775,1,1,10,1,0,1,0,8,0,1,1,0,8,2,2,1,13,2,1,2,2,1,2,1,1,2,2,3,2,2,2,2,2,2,"Georgia",0
"9488",130978,13,23833,33.19338056,-82.407325,2,2,10,1,12,4,0,5,0,1,1,0,1,1,10,1,13,1,2,1,2,1,2,2,2,2,2,3,2,2,2,2,2,2,"Georgia",1
"9489",130979,13,26280,31.78119444,-82.34788889,9,9,10,2,12,2,0,1,0,1,1,0,1,1,10,1,13,2,2,1,1,3,2,1,2,1,2,3,1,1,1,2,2,2,"Georgia",0
"9490",130980,13,22222,33.78674722,-84.1628,2,2,10,2,21,4,0,12,0,2,2,0,1,2,1,1,13,2,2,2,1,2,1,2,2,2,2,3,2,2,2,2,2,2,"Georgia",0
"9491",130981,13,22495,33.71611944,-84.59081667,2,2,10,2,19,4,0,12,0,8,1,1,1,3,1,1,13,2,2,2,1,2,1,1,2,2,2,3,2,2,2,2,2,2,"Georgia",0
"9492",130982,13,19873,34.65408056,-84.29445,1,1,10,2,21,4,0,42,0,1,1,0,4,2,10,1,13,1,2,2,1,1,2,2,2,2,2,3,1,2,2,2,2,2,"Georgia",0
"9493",130983,13,22795,33.623325,-83.74469444,3,3,10,2,21,3,0,12,0,1,1,0,1,2,10,1,13,1,2,2,1,2,2,2,2,2,2,1,2,2,2,2,2,2,"Georgia",1
"9494",130984,13,24079,33.02350556,-84.28834722,1,1,10,2,18,4,0,34,0,1,1,0,4,1,10,1,13,1,2,2,1,1,2,2,2,1,2,2,1,2,2,2,2,2,"Georgia",0
"9495",130985,13,20683,34.23244444,-84.78244722,1,1,10,3,1,2,0,59,0,1,1,0,4,2,1,1,13,2,2,2,1,1,2,2,2,2,2,3,2,2,2,2,2,2,"Georgia",0
"9496",130986,13,21025,34.11710833,-84.81900556,1,1,10,3,2,4,0,42,0,1,1,0,4,2,10,1,13,2,2,2,1,1,2,2,2,2,2,2,2,2,2,2,2,2,"Georgia",0
"9497",130987,13,22941,33.57694444,-84.34291111,4,4,10,3,22,1,0,8,0,1,1,0,1,3,1,1,13,2,1,2,1,1,2,2,1,2,2,3,2,1,2,2,2,2,"Georgia",0
"9498",130988,13,21642,33.95186111,-84.57028056,1,1,10,3,3,3,0,8,0,1,1,0,1,2,10,1,13,2,2,2,1,1,2,2,1,2,2,3,2,2,2,2,2,2,"Georgia",0
"9499",130989,13,21883,33.89518056,-84.21018611,1,1,10,3,22,4,0,8,0,3,2,0,1,3,1,1,13,2,2,2,1,1,2,2,1,2,2,3,2,2,2,1,2,2,"Georgia",0
"9500",130990,13,21457,34.00243611,-84.14286667,2,2,10,4,7,2,0,12,0,2,2,1,1,4,1,1,13,2,2,1,1,2,1,2,2,2,2,1,2,2,1,2,2,2,"Georgia",1
"9501",130991,13,25468,32.39298611,-84.63984722,1,1,10,4,17,3,0,11,0,1,1,0,1,1,1,1,13,1,2,1,1,1,1,2,2,2,2,3,2,1,2,2,2,2,"Georgia",0
"9502",130992,13,25235,32.52152222,-84.989025,2,2,10,4,1,2,0,52,0,1,1,0,3,2,1,1,13,2,2,2,1,1,2,2,2,1,2,3,2,2,1,2,2,2,"Georgia",0
"9503",130993,13,26015,32.016325,-80.89000556,3,3,10,5,21,2,0,12,0,1,1,0,1,2,1,1,13,2,2,2,1,2,1,2,2,2,2,3,2,2,2,2,2,2,"Georgia",0
"9504",130994,13,26975,30.90826111,-84.57563333,1,1,10,5,8,2,0,19,0,3,3,0,5,2,1,1,13,2,2,1,1,1,2,2,2,2,2,3,2,2,2,2,2,2,"Georgia",0
"9505",130995,13,22178,33.80063333,-84.75208889,3,3,10,5,18,4,0,12,0,1,1,0,1,1,1,1,13,2,2,2,1,2,2,2,2,2,2,2,2,1,2,2,2,2,"Georgia",0
"9506",130996,13,26112,31.91800278,-82.78719444,1,1,10,6,1,4,0,42,0,1,1,0,4,6,10,1,13,1,2,2,1,1,2,2,2,2,2,1,2,2,2,2,2,2,"Georgia",1
"9507",130997,13,23269,33.46764167,-82.30780278,1,1,10,7,9,4,0,34,0,1,1,0,4,1,2,1,13,1,2,1,2,1,2,2,2,2,2,3,2,2,2,2,2,2,"Georgia",0
"9508",130998,13,26440,31.58620278,-84.21929722,2,2,10,7,11,6,0,18,0,1,1,0,3,1,1,1,13,2,2,1,2,2,2,2,2,2,2,3,2,1,2,2,2,2,"Georgia",0
"9509",130999,13,25109,32.604425,-82.34222222,5,5,10,7,2,6,0,33,0,1,1,0,4,3,10,1,13,2,2,2,2,1,2,2,2,2,2,1,2,2,1,2,2,2,"Georgia",1
"9510",131000,13,21388,34.02190833,-84.32403889,1,1,10,7,9,3,0,9,0,1,1,0,1,1,10,1,13,2,2,1,2,1,2,2,2,2,2,3,2,2,2,2,2,2,"Georgia",0
"9511",131001,13,19775,34.71333333,-85.19118333,2,2,10,7,5,3,0,34,0,1,1,0,4,2,2,1,13,1,2,2,2,1,2,1,2,2,2,3,2,2,2,2,2,2,"Georgia",0
"9512",131002,13,25913,32.10298611,-81.14859167,1,1,10,1,20,3,0,8,0,1,1,0,1,2,1,1,13,2,2,2,2,1,2,2,1,2,2,3,2,2,2,2,2,2,"Georgia",0
"9513",131003,13,21018,34.11824722,-84.47471111,1,1,10,1,1,4,0,8,0,1,1,0,4,2,10,1,13,2,2,2,2,1,2,2,1,2,2,3,2,2,2,2,2,2,"Georgia",0
"9514",131004,13,21930,33.881225,-84.53348333,1,1,10,1,21,3,0,8,0,1,1,0,1,3,1,1,13,2,2,2,2,1,2,2,1,2,2,3,2,1,2,2,2,2,"Georgia",0
"9515",131005,13,26851,31.08071111,-83.41083889,1,1,10,1,7,1,0,34,0,1,1,0,4,4,10,1,13,2,1,1,2,1,2,2,2,2,2,2,2,2,2,2,2,2,"Georgia",0
"9516",131006,13,26963,30.9276,-84.53584167,5,5,10,1,12,3,0,12,0,2,3,0,1,1,10,1,13,2,2,1,2,3,2,2,2,2,2,3,2,1,2,2,2,2,"Georgia",0
"9517",131007,13,22237,33.78308056,-84.09781111,1,1,10,1,19,4,0,42,0,1,1,0,4,1,1,1,13,2,2,2,2,1,2,1,2,2,2,1,2,2,1,2,2,2,"Georgia",1
"9518",131008,13,21029,34.11486111,-84.02449444,1,1,10,1,18,4,0,33,0,1,1,0,4,1,1,1,13,2,2,2,2,1,1,2,2,2,2,3,2,2,2,2,2,2,"Georgia",0
"9519",131009,13,23082,33.52669167,-84.25385556,3,3,10,1,17,1,0,12,0,1,1,1,1,1,1,1,13,2,1,1,2,2,2,1,2,2,2,3,1,2,2,2,2,2,"Georgia",0
"9520",131010,13,22573,33.69336389,-84.40384167,1,1,10,2,0,1,0,8,0,1,1,0,1,2,1,1,13,2,1,2,2,1,2,2,1,2,2,3,2,2,2,2,2,2,"Georgia",0
"9521",131011,13,23708,33.26876944,-85.07645556,5,5,10,2,10,2,0,12,0,2,2,0,1,1,1,1,13,1,2,1,1,2,2,2,2,2,2,3,1,2,2,2,2,2,"Georgia",0
"9522",131012,13,24084,33.020625,-83.60245833,2,2,10,3,15,4,0,12,0,1,1,0,1,1,1,1,13,1,2,1,1,2,2,2,2,2,2,3,2,1,2,2,2,2,"Georgia",0
"9523",131013,13,19766,34.71618889,-84.45271667,2,2,10,4,8,2,0,12,0,2,3,0,1,1,1,1,13,1,2,1,1,2,2,2,2,2,2,3,2,1,2,2,2,2,"Georgia",0
"9524",131014,13,26574,31.43471389,-82.23586111,2,2,10,4,13,4,0,1,0,1,1,0,4,1,1,1,13,1,2,1,1,1,2,2,2,1,2,2,2,2,1,2,1,2,"Georgia",0
"9525",131015,13,27033,30.83936111,-83.72709167,2,2,10,5,23,4,0,35,0,1,1,0,4,2,1,2,13,1,2,2,1,1,2,2,2,1,2,1,2,2,2,2,2,2,"Georgia",1
"9526",131016,13,22242,33.78181389,-84.48496111,1,1,10,5,3,2,0,42,0,1,1,0,4,2,1,1,13,2,2,2,1,1,2,1,2,2,2,3,2,2,2,2,2,2,"Georgia",0
"9527",131017,13,22258,33.77818611,-84.39181944,1,1,10,5,4,6,4,19,0,3,3,0,5,3,1,1,13,2,2,2,1,1,2,1,2,2,1,1,2,2,1,2,2,2,"Georgia",1
"9528",131018,13,20136,34.51950278,-84.88796667,3,3,10,5,10,3,0,12,0,2,2,0,1,1,1,1,13,2,2,1,1,2,1,2,2,2,2,3,2,2,2,2,2,2,"Georgia",0
"9529",131019,13,27174,30.69735278,-84.37048333,2,2,10,5,22,3,0,42,0,1,1,0,4,3,1,1,13,1,2,2,1,1,2,2,2,1,2,3,1,2,2,2,1,2,"Georgia",0
"9530",131020,13,23414,33.41880833,-83.86006667,2,2,10,5,21,3,0,34,0,1,1,1,3,2,1,1,13,1,2,2,1,1,2,2,2,1,2,1,2,2,2,2,2,1,"Georgia",1
"9531",131021,13,22563,33.696675,-84.10154722,1,1,10,6,8,4,0,8,0,1,1,0,1,1,1,1,13,2,2,1,1,1,2,2,1,2,2,3,2,2,2,2,2,2,"Georgia",0
"9532",131022,13,26586,31.41768333,-83.50531944,4,4,10,6,22,1,0,8,0,1,1,0,1,3,1,1,13,2,1,2,2,1,2,2,1,2,2,3,2,1,2,2,2,2,"Georgia",0
"9533",131023,13,25578,32.33358333,-82.110275,3,3,10,7,2,4,0,35,0,1,1,0,4,2,1,1,13,1,2,2,2,1,2,1,2,2,2,1,1,2,2,2,2,2,"Georgia",1
"9534",131024,13,22843,33.61085,-84.31061944,2,2,10,7,23,4,0,12,0,1,1,0,1,2,1,1,13,2,2,2,2,2,2,2,2,2,2,2,2,2,2,2,2,2,"Georgia",0
"9535",131025,13,22568,33.69501944,-83.54031944,1,1,10,7,6,4,0,32,0,1,1,0,4,2,1,1,13,1,2,1,2,1,2,2,2,1,2,2,1,2,2,2,2,2,"Georgia",0
"9536",131026,13,22737,33.64178333,-84.22835278,1,1,10,3,14,4,0,30,0,1,1,0,4,1,10,1,13,2,2,1,1,1,2,1,2,2,2,2,2,2,1,2,2,2,"Georgia",0
"9537",131027,13,19686,34.75243889,-84.14638333,2,2,10,4,14,3,0,12,0,1,1,0,1,1,1,1,13,1,2,1,1,2,1,2,2,2,2,3,2,1,2,2,2,2,"Georgia",0
"9538",131028,13,19389,34.889075,-84.22338611,3,3,10,6,11,3,0,12,0,2,2,0,1,1,1,1,13,1,2,1,1,2,2,2,2,2,2,3,2,1,2,2,2,2,"Georgia",0
"9539",131029,13,26540,31.46806944,-83.86178333,1,1,10,7,9,4,0,42,0,1,1,0,4,1,1,1,13,1,2,1,2,1,2,2,2,2,2,3,2,2,2,2,2,2,"Georgia",0
"9540",131030,13,25490,32.37823611,-81.99185278,5,5,10,1,19,4,0,12,0,1,1,0,1,5,1,1,13,1,2,2,2,2,2,2,2,2,2,3,2,2,2,2,2,2,"Georgia",0
"9541",131031,13,26029,32.00381111,-81.090575,1,1,10,2,22,6,0,9,0,1,1,0,1,2,1,1,13,2,2,2,1,1,2,2,2,2,2,3,2,2,1,2,1,2,"Georgia",0
"9542",131032,13,25867,32.15278611,-81.35362778,4,4,10,2,6,3,0,12,0,8,1,0,1,2,1,1,13,1,2,1,1,2,2,2,2,2,2,3,2,2,2,2,2,2,"Georgia",0
"9543",131033,13,26197,31.85077222,-81.46510833,1,1,10,2,19,3,0,42,0,1,1,0,4,5,1,1,13,1,2,2,1,1,2,1,2,2,2,1,1,2,2,2,2,2,"Georgia",1
"9544",131034,13,21820,33.90896389,-84.54403056,1,1,10,3,9,3,0,8,0,1,1,0,1,1,1,1,13,2,2,1,1,1,2,2,1,2,2,3,2,2,2,2,2,2,"Georgia",0
"9545",131035,13,22603,33.68378889,-84.23711944,1,1,10,3,5,3,0,42,0,1,1,0,4,2,1,1,13,2,2,2,1,1,2,1,2,2,2,2,2,2,1,2,2,2,"Georgia",0
"9546",131036,13,25969,32.05620556,-83.80405,1,1,10,3,17,4,0,10,0,6,1,0,1,1,1,1,13,1,2,1,1,1,2,2,2,1,2,2,2,2,2,2,2,2,"Georgia",0
"9547",131037,13,26735,31.22670556,-81.52816389,1,1,10,3,18,3,0,8,0,1,1,0,1,5,1,1,13,2,2,2,1,1,2,2,1,2,2,3,2,2,2,2,2,2,"Georgia",0
"9548",131038,13,19606,34.79300833,-85.39191944,1,1,10,3,16,3,0,9,0,2,3,0,1,1,1,1,13,1,2,1,1,1,2,2,2,2,2,3,2,2,2,2,1,2,"Georgia",0
"9549",131039,13,22200,33.79191111,-84.24635278,1,1,10,4,11,4,0,42,0,1,1,0,4,1,1,1,13,2,2,1,1,1,2,1,2,2,2,3,1,2,2,2,2,2,"Georgia",0
"9550",131040,13,20272,34.44831111,-84.83571944,3,3,10,4,11,3,0,12,0,8,1,0,1,1,1,1,13,2,2,1,1,2,2,2,2,2,2,3,2,1,2,2,2,2,"Georgia",0
"9551",131041,13,19221,34.96261389,-83.74623889,3,3,10,4,16,3,0,12,0,1,1,0,1,1,1,1,13,1,2,1,1,2,2,2,2,2,2,3,2,2,2,2,2,2,"Georgia",0
"9552",131042,13,20655,34.24336111,-84.76816667,7,7,10,5,7,1,0,12,0,1,1,0,1,2,1,1,13,2,1,1,1,3,2,2,2,1,2,3,2,2,2,2,2,2,"Georgia",0
"9553",131043,13,26480,31.54109444,-82.63668889,1,1,10,5,22,4,0,1,0,1,1,0,4,2,1,1,13,1,2,2,1,1,2,1,2,1,1,2,2,2,2,2,2,2,"Georgia",1
"9554",131044,13,23658,33.29815,-84.62865278,1,1,10,5,13,4,0,30,0,3,3,0,4,1,10,1,13,1,2,1,1,1,1,1,2,2,2,2,2,2,1,2,2,2,"Georgia",0
"9555",131045,13,26579,31.42715833,-84.92476111,1,1,10,5,13,6,0,34,0,1,1,0,4,1,1,1,13,1,2,1,1,1,2,2,2,1,2,2,2,2,1,2,2,2,"Georgia",0
"9556",131046,13,20031,34.57018333,-83.54107222,1,1,10,5,22,3,0,53,0,1,1,0,4,3,10,1,13,2,2,2,1,1,2,2,2,2,2,1,2,2,1,2,2,2,"Georgia",1
"9557",131047,13,21867,33.89840833,-84.20805,1,1,10,5,20,6,0,8,0,8,1,0,1,3,1,1,13,2,2,2,1,1,2,2,1,2,2,3,2,2,2,1,2,2,"Georgia",0
"9558",131048,13,21429,34.01196667,-84.36280278,2,2,10,6,18,3,0,12,0,2,3,0,1,1,1,1,13,2,2,2,2,2,1,2,2,2,2,1,2,2,2,2,2,2,"Georgia",1
"9559",131049,13,20148,34.51515,-84.51903056,8,8,10,6,17,3,0,12,0,2,3,0,1,1,1,1,13,1,2,1,1,3,2,2,2,2,2,3,2,1,1,2,2,2,"Georgia",0
"9560",131050,13,22986,33.56145556,-85.11524722,2,2,10,7,17,3,0,34,0,1,1,0,4,1,1,1,13,2,2,1,2,1,2,2,2,2,2,3,2,1,2,2,2,2,"Georgia",0
"9561",131051,13,22310,33.76507222,-84.52008333,3,3,10,7,22,1,0,12,0,1,1,0,2,2,1,1,13,2,1,2,2,2,2,2,2,2,2,3,1,2,2,2,2,2,"Georgia",0
"9562",131052,13,24774,32.74804444,-85.01845556,3,3,10,7,0,1,0,1,0,5,1,0,1,2,1,1,13,1,1,2,2,1,2,2,2,1,2,2,1,2,2,2,2,2,"Georgia",0
"9563",131053,13,23650,33.30318333,-83.62817222,3,3,10,7,23,3,0,12,0,1,1,0,1,2,1,1,13,1,2,2,2,2,2,2,2,2,2,3,2,2,1,2,2,2,"Georgia",1
"9564",131054,13,22155,33.80772222,-83.31433333,1,1,10,7,0,6,0,42,0,1,1,0,4,2,1,1,13,1,2,2,2,1,2,2,2,2,2,1,2,2,1,2,2,2,"Georgia",1
"9565",131055,13,19246,34.95079444,-85.17610556,1,1,10,1,21,1,0,1,0,1,1,0,4,2,10,1,13,2,1,2,2,1,2,1,2,1,2,3,2,2,1,2,2,2,"Georgia",0
"9566",131056,13,26050,31.98898889,-81.29924167,2,2,10,1,1,1,0,1,0,1,1,0,1,2,1,1,13,2,1,2,2,1,2,2,2,1,2,2,2,2,1,2,2,2,"Georgia",0
"9567",131057,13,22403,33.73976111,-84.30039167,1,1,10,1,2,6,0,1,0,2,2,0,1,3,1,1,13,2,2,2,2,1,1,1,2,2,2,2,2,2,1,2,2,2,"Georgia",0
"9568",131058,13,22604,33.68317778,-84.35786667,1,1,10,1,19,6,0,26,0,1,1,0,4,3,1,1,13,2,2,2,2,1,1,1,2,2,2,1,2,2,2,2,2,2,"Georgia",1
"9569",131059,13,26956,30.93582222,-83.37089167,2,2,10,1,2,1,0,14,0,1,1,0,2,2,1,1,13,2,1,2,2,2,2,2,2,2,2,1,2,2,1,2,2,1,"Georgia",1
"9570",131060,13,21676,33.94338333,-84.53509167,1,1,10,2,5,6,0,8,0,2,2,0,1,3,2,1,13,2,2,2,2,1,2,2,1,2,2,3,2,2,2,2,2,2,"Georgia",0
"9571",131061,13,22490,33.71810556,-84.12040278,1,1,10,2,11,4,0,33,0,1,1,0,4,1,2,1,13,2,2,1,1,1,2,2,2,2,2,2,2,2,2,2,2,2,"Georgia",0
"9572",131062,13,21634,33.95407222,-84.09392778,3,3,10,2,21,6,0,8,0,3,2,0,1,6,2,1,13,2,2,2,1,3,2,2,1,2,2,3,2,2,2,1,2,2,"Georgia",0
"9573",131063,13,23304,33.46111667,-82.19266667,2,2,10,3,15,3,0,12,0,2,2,0,1,1,2,1,13,2,2,1,1,2,2,2,2,2,2,3,2,1,1,2,2,2,"Georgia",0
"9574",131064,13,22337,33.759525,-84.50540556,1,1,10,3,21,3,0,8,0,1,1,0,1,3,2,1,13,2,2,2,1,1,2,2,1,2,2,3,2,2,2,2,2,2,"Georgia",0
"9575",131065,13,22009,33.85903611,-83.94896111,2,2,10,3,19,3,0,12,0,8,1,0,1,3,2,1,13,2,2,2,1,2,2,1,2,2,2,3,2,1,2,2,2,2,"Georgia",0
"9576",131066,13,20263,34.45233056,-84.91973056,3,3,10,3,10,1,0,12,0,1,1,0,1,1,2,1,13,2,1,1,1,2,2,2,2,1,2,3,2,1,2,1,2,2,"Georgia",0
"9577",131067,13,23219,33.48140556,-81.984225,1,1,10,3,19,6,0,8,0,2,2,0,1,3,10,1,13,2,2,2,1,1,2,2,1,2,2,3,2,2,2,2,2,2,"Georgia",0
"9578",131068,13,21893,33.89285833,-84.25683056,3,3,10,4,0,1,0,51,0,5,1,0,1,2,2,2,13,2,1,2,1,2,2,1,2,2,2,3,2,2,2,2,2,2,"Georgia",0
"9579",131069,13,23870,33.17117222,-83.44168333,2,2,10,4,18,3,0,12,0,1,1,0,1,1,1,1,13,1,2,2,1,2,2,2,2,2,2,3,2,2,2,2,2,2,"Georgia",0
"9580",131070,13,20888,34.16288056,-84.90005556,2,2,10,5,21,4,0,42,0,3,3,0,4,2,1,2,13,1,2,2,1,1,2,2,2,2,2,1,2,2,1,2,2,2,"Georgia",1
"9581",131071,13,21499,33.99022222,-84.55171389,3,3,10,5,8,4,0,12,0,1,1,0,1,1,1,1,13,2,2,1,1,3,2,2,2,2,2,3,2,1,2,2,2,1,"Georgia",0
"9582",131072,13,23043,33.53891389,-84.57706944,1,1,10,5,21,3,0,8,0,1,1,0,1,2,1,1,13,2,2,2,1,1,2,2,1,2,2,3,2,2,2,2,2,2,"Georgia",0
"9583",131073,13,23011,33.55277778,-84.11828056,2,2,10,5,6,4,0,12,0,2,2,0,1,2,1,1,13,2,2,1,1,2,2,2,2,2,2,3,2,2,2,2,2,2,"Georgia",0
"9584",131074,13,21472,33.99754444,-83.79159167,1,1,10,6,23,3,0,34,0,1,1,0,4,2,10,1,13,2,2,2,2,1,2,2,2,1,2,3,2,2,1,2,2,2,"Georgia",1
"9585",131075,13,20392,34.37691667,-84.932675,3,3,10,6,15,3,0,12,0,2,2,0,1,1,1,1,13,2,2,1,1,2,1,2,2,2,2,3,2,1,2,2,1,2,"Georgia",0
"9586",131076,13,21849,33.90262222,-84.27484167,1,1,10,6,0,1,0,1,0,5,1,0,8,2,1,1,13,2,1,2,1,1,1,2,2,2,2,1,2,2,2,2,2,2,"Georgia",1
"9587",131077,13,21559,33.97370556,-83.89144167,3,3,10,6,7,3,0,12,0,2,2,0,1,2,1,2,13,2,2,1,1,2,2,2,2,2,2,3,1,2,2,2,2,2,"Georgia",0
"9588",131078,13,23606,33.32951944,-83.06425,2,2,10,6,13,3,0,12,0,1,1,0,1,1,1,1,13,1,2,1,1,2,2,2,2,2,2,1,2,2,2,2,2,2,"Georgia",1
"9589",131079,13,24020,33.06436389,-84.57135556,3,3,10,6,10,3,0,1,0,1,1,0,1,1,1,1,13,1,2,1,1,3,2,2,2,1,2,3,2,2,2,2,2,2,"Georgia",0
"9590",131080,13,25160,32.56721944,-83.74375556,9,9,10,6,1,1,0,12,0,1,1,0,1,2,1,1,13,2,1,2,1,3,2,2,2,1,2,1,2,1,2,2,2,2,"Georgia",1
"9591",131081,13,26721,31.24853611,-82.37501944,1,1,10,6,19,2,0,8,0,2,2,0,1,3,1,1,13,2,2,2,2,1,2,2,1,2,2,3,2,2,2,2,2,2,"Georgia",0
"9592",131082,13,21106,34.092675,-83.82612778,2,2,10,7,1,1,0,14,0,1,1,0,2,2,1,1,13,2,1,2,2,2,2,2,1,2,2,3,2,2,2,2,2,2,"Georgia",0
"9593",131083,13,21328,34.03559722,-84.53449722,1,1,10,7,3,4,0,33,0,1,1,0,3,2,1,1,13,2,2,2,2,1,2,1,2,2,2,1,1,2,2,2,2,2,"Georgia",1
"9594",131084,13,20326,34.41919722,-84.1395,2,2,10,7,20,3,0,12,0,1,1,0,1,2,2,1,13,1,2,2,2,2,2,2,2,2,2,3,2,2,2,2,2,2,"Georgia",0
"9595",131085,13,27003,30.87529722,-84.20143889,1,1,10,7,10,6,0,30,0,3,2,0,4,1,1,1,13,2,2,1,2,1,2,2,2,2,2,2,2,1,2,2,2,2,"Georgia",0
"9596",131086,13,26763,31.18911944,-84.61479167,2,2,10,7,2,4,0,35,0,1,1,0,4,2,1,1,13,1,2,2,2,1,2,2,2,1,2,1,2,2,2,2,2,2,"Georgia",1
"9597",131087,13,23167,33.49752222,-83.62314722,2,2,10,7,18,4,0,34,0,1,1,0,4,5,1,2,13,1,2,2,2,1,2,1,2,1,2,3,2,2,2,2,2,2,"Georgia",0
"9598",131088,13,22966,33.56758889,-83.84891944,2,2,10,7,20,3,0,42,0,1,1,1,4,2,10,2,13,1,2,2,2,1,2,2,2,2,2,1,2,2,2,2,2,2,"Georgia",1
"9599",131089,13,22513,33.71108333,-83.69983889,2,2,10,7,19,3,0,12,0,2,2,0,1,2,1,1,13,1,2,2,2,2,1,2,2,2,2,2,2,2,1,2,2,2,"Georgia",0
"9600",131091,13,25949,32.07039722,-81.13531944,1,1,10,1,19,1,0,33,0,1,1,0,3,2,10,1,13,2,1,2,2,1,2,2,2,2,2,3,2,2,1,2,2,2,"Georgia",0
"9601",131092,13,26527,31.48760556,-82.84649722,4,4,10,2,14,3,0,9,0,4,1,0,1,1,1,1,13,2,2,1,1,1,2,2,2,2,2,3,2,2,1,2,2,2,"Georgia",0
"9602",131093,13,21781,33.91652778,-84.55179167,1,1,10,3,1,3,0,8,0,1,1,0,1,2,2,1,13,2,2,2,1,1,2,2,1,2,2,3,2,2,2,1,2,2,"Georgia",0
"9603",131094,13,22600,33.68426944,-84.3479,3,3,10,4,0,2,0,12,0,2,2,0,1,3,1,1,13,2,2,2,1,2,1,2,2,2,2,3,2,2,2,2,2,2,"Georgia",0
"9604",131095,13,25941,32.08026667,-81.10338333,3,3,11,1,0,3,0,33,0,1,1,0,3,2,1,1,13,2,2,2,2,1,2,1,1,2,1,1,2,2,2,1,2,2,"Georgia",1
"9605",131096,13,21855,33.90156111,-84.27196667,1,1,11,1,21,1,0,8,0,1,1,0,1,2,2,1,13,2,1,2,2,1,2,2,1,2,2,3,2,2,2,2,2,2,"Georgia",0
"9606",131097,13,24551,32.81033889,-83.11846944,3,3,11,1,15,3,0,34,0,3,3,0,4,1,2,2,13,1,2,1,2,1,2,2,2,2,2,2,2,1,2,2,2,2,"Georgia",0
"9607",131098,13,21667,33.94479167,-83.51168333,2,2,11,2,7,2,0,12,0,2,2,0,1,4,2,1,13,2,2,1,1,2,2,1,2,2,2,2,2,2,2,2,2,2,"Georgia",0
"9608",131099,13,26747,31.20923333,-83.790375,2,2,11,2,11,4,0,12,0,2,3,0,1,1,1,1,13,2,2,1,1,2,2,2,2,2,2,2,2,2,2,2,2,2,"Georgia",0
"9609",131100,13,20427,34.354925,-84.05550833,3,3,11,2,7,4,0,12,0,2,3,0,1,1,2,1,13,2,2,1,1,2,2,2,2,2,2,3,2,2,2,2,2,2,"Georgia",0
"9610",131101,13,25980,32.04383333,-83.1066,3,3,11,2,12,4,0,12,0,2,2,0,1,1,10,1,13,1,2,1,1,2,2,2,2,2,2,2,2,2,2,2,2,2,"Georgia",0
"9611",131102,13,21701,33.936925,-84.12071944,2,2,11,2,18,4,0,8,0,3,2,0,1,3,2,1,13,2,2,2,1,2,2,2,1,2,2,3,2,2,1,2,2,2,"Georgia",0
"9612",131103,13,26738,31.21871667,-83.723375,2,2,11,3,5,4,0,12,0,1,1,0,1,2,5,1,13,1,2,2,1,2,1,2,2,2,2,3,1,2,2,2,2,2,"Georgia",0
"9613",131104,13,23023,33.54652778,-83.20176111,3,3,11,3,21,1,0,34,1,5,1,0,8,2,2,2,13,1,1,2,1,1,2,1,2,1,2,1,2,2,2,2,2,2,"Georgia",1
"9614",131105,13,26713,31.259875,-82.29596111,3,3,11,3,17,2,0,12,0,1,1,0,1,2,2,1,13,2,2,1,1,3,2,1,2,2,2,3,1,2,2,2,2,2,"Georgia",0
"9615",131106,13,22299,33.76717222,-84.52931944,4,4,11,4,2,1,0,12,0,1,1,0,1,2,10,1,13,2,1,2,1,2,2,2,2,2,2,3,2,2,1,2,2,2,"Georgia",0
"9616",131107,13,21683,33.94165,-84.52848611,2,2,11,4,13,3,0,12,0,2,2,0,1,1,1,1,13,2,2,1,1,2,1,1,2,2,2,3,2,2,2,2,2,2,"Georgia",0
"9617",131108,13,26794,31.14351667,-83.44186944,3,3,11,4,15,1,0,12,0,1,1,0,1,1,1,1,13,2,1,1,1,2,2,2,2,2,2,3,2,1,2,2,2,2,"Georgia",0
"9618",131109,13,23302,33.46125,-84.67383333,1,1,11,4,2,1,0,52,0,1,1,0,4,2,10,1,13,2,1,2,1,1,2,2,2,2,2,2,2,2,2,2,2,2,"Georgia",0
"9619",131110,13,21906,33.88829167,-84.24403889,1,1,11,4,23,4,0,8,0,4,1,0,1,2,10,1,13,2,2,2,1,1,2,2,1,2,2,3,2,2,2,1,2,2,"Georgia",0
"9620",131111,13,22364,33.74861389,-84.38479167,4,4,11,4,10,1,0,12,0,20,1,0,1,1,10,1,13,2,1,1,1,2,2,2,2,2,2,3,2,2,2,2,2,2,"Georgia",0
"9621",131112,13,24915,32.70395,-84.86348056,3,3,11,4,12,2,0,12,0,1,1,0,1,1,1,1,13,1,2,1,1,2,2,2,2,2,2,3,1,2,2,2,2,2,"Georgia",0