"","ST_CASE","OBJECT_ID","FID","LATITUDE","LONGITUD","PERMVIT","PERSONS","MONTH","DAY_WEEK","HOUR","ROUTE","SP_JUR","HARM_EV","RELJCT1","RELJCT2","TYP_INT","WRK_ZONE","REL_ROAD","LGT_COND","WEATHER","FATALS","STATE","A_RU","A_INTER","A_TOD","A_DOW","A_CT","A_MC","A_SPCRA","A_PED","A_ROLL","A_POLPUR","A_POSBAC","A_D15_20","A_D65PLS","A_D21_24","A_HR","A_DIST","A_DROWSY","STATE_NAME","drunkDr"
"9759",131252,13,21834,33.90614167,-84.82569167,6,6,12,1,18,3,0,24,0,1,1,0,4,2,1,1,13,2,2,2,2,2,2,2,2,2,2,3,2,2,2,2,2,2,"Georgia",0
"9760",131253,13,23483,33.3961,-82.04545,1,1,12,1,16,4,0,8,0,1,1,0,1,1,1,1,13,2,2,1,2,1,2,2,1,2,2,3,2,2,2,2,2,2,"Georgia",0
"9761",131254,13,22722,33.64628056,-83.99395,1,1,12,1,5,8,0,8,0,1,1,0,1,2,1,1,13,2,2,2,2,1,2,2,1,2,2,3,2,2,2,1,2,2,"Georgia",0
"9762",131255,13,20336,34.41263333,-85.43003889,1,1,12,2,19,4,0,35,0,1,1,0,4,2,1,1,13,1,2,2,1,1,2,1,2,1,2,3,2,2,2,2,2,2,"Georgia",0
"9763",131256,13,22262,33.77779444,-84.24055556,5,6,12,3,0,1,0,14,0,1,1,0,4,3,1,1,13,2,1,2,1,3,2,2,2,2,2,1,2,2,2,2,2,2,"Georgia",1
"9764",131257,13,25550,32.35283889,-83.28585,2,2,12,3,8,4,0,42,0,1,1,0,4,1,1,1,13,1,2,1,1,1,2,2,2,1,2,2,2,2,2,2,2,2,"Georgia",0
"9765",131258,13,22768,33.63213889,-84.83024722,4,4,12,4,18,3,0,12,0,1,1,0,1,2,1,1,13,1,2,2,1,2,2,2,2,2,2,3,1,2,2,2,2,2,"Georgia",0
"9766",131259,13,23316,33.45660278,-84.42169722,1,1,12,4,22,3,0,33,0,3,3,0,8,2,2,1,13,2,2,2,1,1,2,1,2,1,2,3,2,2,2,2,2,2,"Georgia",0
"9767",131260,13,19231,34.95711944,-85.15510556,1,1,12,7,15,2,0,35,0,1,1,0,4,1,1,1,13,2,2,1,2,1,2,1,2,2,2,3,2,2,2,2,2,2,"Georgia",0
"9768",131261,13,25140,32.58041389,-83.70981389,1,1,12,1,4,6,0,33,0,1,1,0,4,3,1,1,13,2,2,2,2,1,2,2,2,1,2,1,2,2,2,2,2,2,"Georgia",1
"9769",131262,13,21908,33.8872,-84.22534167,2,2,10,6,21,4,0,8,0,2,2,0,1,3,1,1,13,2,2,2,2,1,2,2,1,2,2,3,2,2,2,2,2,2,"Georgia",0
"9770",131263,13,25196,32.54616944,-83.59389167,3,3,10,6,18,3,0,12,0,3,2,0,1,3,1,1,13,2,2,2,2,2,2,2,2,2,2,3,2,2,1,2,2,2,"Georgia",0
"9771",131264,13,23500,33.38940833,-84.30779167,3,3,11,1,15,2,0,12,0,2,2,0,1,1,2,1,13,2,2,1,2,2,2,2,2,2,2,3,2,1,2,2,2,2,"Georgia",0
"9772",131265,13,21712,33.93481111,-84.19245556,2,2,11,4,14,6,0,5,0,1,1,0,1,1,98,1,13,2,2,1,1,1,2,2,2,2,2,3,2,2,2,2,2,2,"Georgia",0
"9773",131266,13,21707,33.93640278,-84.1851,3,3,11,7,19,3,0,8,0,3,2,0,1,2,1,1,13,2,2,2,2,1,2,2,1,2,2,3,2,2,2,2,2,2,"Georgia",0
"9774",131267,13,25221,32.52992778,-83.59284722,3,3,11,4,2,3,0,12,0,1,1,0,1,2,1,1,13,2,2,2,1,2,2,2,2,2,2,3,2,1,2,2,2,2,"Georgia",0
"9775",131268,13,21172,34.07291389,-84.06474167,1,1,12,4,23,6,0,15,0,1,1,0,1,2,2,1,13,2,2,2,1,1,2,2,2,2,2,3,2,2,2,2,2,2,"Georgia",0
"9776",131269,13,20739,34.21555833,-83.88091667,1,1,12,4,5,1,0,24,0,1,1,0,3,2,1,1,13,2,1,2,1,1,2,2,2,1,2,2,2,2,2,2,2,2,"Georgia",0
"9777",131270,13,22829,33.61543056,-83.91933056,2,2,12,4,8,1,0,12,0,1,1,0,1,1,1,1,13,2,1,1,1,2,2,2,2,2,2,2,2,2,2,2,2,2,"Georgia",0
"9778",131271,13,23477,33.3981,-84.15037778,1,1,12,5,18,1,0,24,0,1,1,0,4,2,10,1,13,2,1,2,1,1,2,2,2,1,2,2,2,2,2,2,2,2,"Georgia",0
"9779",131272,13,26654,31.33546667,-84.08707222,1,1,12,5,16,3,0,42,0,1,1,0,4,1,1,1,13,1,2,1,1,1,2,2,2,2,2,3,2,1,2,2,2,2,"Georgia",0
"9780",131273,13,21069,34.10433889,-84.85021667,1,1,12,6,5,3,0,59,0,1,1,0,4,2,1,1,13,2,2,2,1,1,2,2,1,2,2,3,2,2,2,2,2,2,"Georgia",0
"9781",131274,13,20295,34.43394444,-83.92234722,2,2,12,6,6,3,0,11,0,2,2,0,1,2,1,1,13,1,2,1,1,2,2,2,2,2,2,3,2,2,2,2,2,2,"Georgia",0
"9782",131275,13,22154,33.80841944,-83.66175556,1,1,12,6,12,4,0,32,0,1,1,0,4,1,1,1,13,2,2,1,1,1,2,1,2,1,2,2,2,2,2,2,2,2,"Georgia",0
"9783",131276,13,21954,33.87385,-84.62466944,2,2,12,7,22,4,0,8,0,1,1,0,1,2,1,1,13,2,2,2,2,1,2,2,1,2,2,3,2,2,1,2,2,2,"Georgia",0
"9784",131277,13,22191,33.79565556,-84.24628889,1,1,12,7,20,4,0,8,0,1,1,0,1,2,1,1,13,2,2,2,2,1,2,2,1,2,2,3,2,2,2,1,2,2,"Georgia",0
"9785",131278,13,24719,32.76278611,-82.30605833,1,1,12,7,22,6,0,42,0,1,1,0,4,2,1,1,13,1,2,2,2,1,2,2,2,2,2,1,2,2,2,2,2,2,"Georgia",1
"9786",131279,13,24156,32.97881944,-82.44941667,1,1,12,7,18,3,0,8,0,1,1,0,1,2,1,1,13,1,2,2,2,1,2,2,1,2,2,3,2,2,2,1,2,2,"Georgia",0
"9787",131280,13,24121,32.99844444,-83.76836944,1,1,12,7,11,4,0,42,0,1,1,0,4,1,1,1,13,1,2,1,2,1,2,2,2,1,2,3,2,1,2,2,2,2,"Georgia",0
"9788",131281,13,25165,32.56398333,-84.93662222,12,12,12,7,20,3,0,12,0,1,1,0,1,3,1,1,13,2,2,2,2,3,2,2,2,2,2,3,2,2,2,2,2,2,"Georgia",0
"9789",131282,13,22019,33.85589722,-84.76679167,5,5,12,7,16,4,0,12,0,2,2,0,1,1,1,1,13,2,2,1,2,3,2,2,2,2,2,3,2,2,2,2,2,2,"Georgia",0
"9790",131283,13,23936,33.12479722,-84.49633889,2,2,12,7,23,4,0,32,0,1,1,0,4,2,1,2,13,1,2,2,2,1,2,1,2,2,2,1,2,2,1,2,2,2,"Georgia",1
"9791",131284,13,23629,33.317275,-82.16330278,2,2,12,7,19,6,0,12,0,2,2,0,1,2,1,1,13,2,2,2,2,2,2,2,2,2,2,3,2,2,1,2,1,2,"Georgia",0
"9792",131285,13,25638,32.3061,-81.873325,5,5,12,1,19,3,0,12,1,2,2,0,1,3,10,1,13,1,2,2,2,2,2,2,2,2,2,3,2,1,2,2,2,2,"Georgia",0
"9793",131286,13,25309,32.47564444,-84.89625833,2,2,12,1,19,6,0,33,0,3,3,0,4,3,10,1,13,2,2,2,2,1,2,1,2,1,2,1,2,2,2,2,2,2,"Georgia",1
"9794",131287,13,25972,32.05561389,-84.20238611,1,1,12,1,14,6,0,32,0,3,3,0,4,1,1,1,13,2,2,1,2,1,2,2,2,2,2,1,2,2,2,2,2,2,"Georgia",1
"9795",131288,13,25747,32.23236389,-81.56711944,1,1,12,2,20,3,0,42,0,1,1,0,4,2,10,1,13,1,2,2,1,1,2,2,2,2,2,3,2,2,2,2,2,2,"Georgia",0
"9796",131289,13,26815,31.11798611,-85.04123333,3,3,12,2,19,3,0,12,0,2,2,0,1,2,2,1,13,1,2,2,1,2,2,2,2,2,2,3,2,2,2,2,2,2,"Georgia",0
"9797",131290,13,20714,34.22203611,-83.71149722,1,1,12,2,17,6,0,59,0,1,1,0,4,1,10,1,13,1,2,1,1,1,2,2,2,1,2,1,2,1,2,2,2,2,"Georgia",1
"9798",131291,13,24645,32.78275833,-81.63254444,1,1,12,2,23,3,0,8,0,1,1,0,1,2,1,1,13,1,2,2,1,1,2,2,1,2,2,3,2,2,2,2,2,2,"Georgia",0
"9799",131292,13,25896,32.13089722,-82.78513333,2,2,12,2,4,3,0,8,0,1,1,0,1,2,10,1,13,1,2,2,2,2,2,2,1,2,2,2,2,2,2,2,2,2,"Georgia",0
"9800",131293,13,20611,34.26317222,-85.15808056,3,3,12,3,1,3,0,33,0,3,2,0,4,3,2,1,13,2,2,2,1,1,2,1,2,2,2,3,2,2,2,2,2,2,"Georgia",0
"9801",131294,13,20746,34.21325278,-83.83631111,7,7,12,3,19,6,0,12,0,2,2,0,1,2,2,1,13,2,2,2,1,3,2,2,2,2,2,3,2,2,2,2,2,2,"Georgia",0
"9802",131295,13,22846,33.61006667,-84.16931667,1,1,12,3,13,4,0,42,0,1,1,0,4,1,10,1,13,2,2,1,1,1,2,2,2,2,2,2,2,2,2,2,2,2,"Georgia",0
"9803",131296,13,25610,32.32496111,-83.87922222,3,3,12,3,19,3,0,12,0,1,1,0,1,2,10,1,13,1,2,2,1,2,2,2,2,2,2,3,2,2,2,2,2,2,"Georgia",0
"9804",131297,13,22472,33.72206389,-83.43193056,2,2,12,3,8,3,0,12,0,1,1,0,1,1,10,1,13,1,2,1,1,2,2,2,2,2,2,3,2,2,2,2,2,2,"Georgia",0
"9805",131298,13,19668,34.76110556,-84.93674722,7,7,12,3,20,3,0,12,0,2,2,0,1,3,2,1,13,2,2,2,1,3,2,2,2,2,2,3,2,2,2,2,2,2,"Georgia",0
"9806",131299,13,20527,34.29182778,-84.57111111,3,3,12,4,18,4,0,42,0,1,1,0,4,2,2,1,13,1,2,2,1,1,2,2,2,2,2,3,2,1,2,2,2,2,"Georgia",0
"9807",131300,13,20094,34.54150833,-84.33925833,2,2,12,4,20,3,0,42,0,1,1,0,4,2,2,1,13,1,2,2,1,1,2,2,2,2,2,3,2,1,2,2,2,2,"Georgia",0
"9808",131301,13,25480,32.38458056,-83.76816111,3,3,12,4,5,1,0,12,0,1,1,0,1,2,2,1,13,1,1,2,1,3,2,2,1,2,2,3,2,2,2,2,1,2,"Georgia",0
"9809",131302,13,25182,32.55495,-83.82786944,5,5,12,4,12,3,0,12,0,1,1,0,1,1,2,2,13,1,2,1,1,2,2,1,2,2,2,2,2,2,2,2,2,2,"Georgia",0
"9810",131303,13,19669,34.76084722,-85.00178333,8,8,12,4,14,1,0,12,0,1,1,0,1,1,10,1,13,2,1,1,1,3,2,1,2,2,2,3,2,1,2,2,2,2,"Georgia",0
"9811",131304,13,21846,33.90318333,-84.5673,1,1,12,5,19,3,0,8,0,2,2,0,1,3,2,1,13,2,2,2,1,1,2,2,1,2,2,3,1,2,2,2,2,2,"Georgia",0
"9812",131305,13,22402,33.73976944,-84.72739444,2,2,12,5,12,1,0,12,0,1,1,0,1,1,2,2,13,2,1,1,1,2,2,1,2,1,2,3,2,1,2,2,2,2,"Georgia",0
"9813",131306,13,23804,33.21449167,-82.98217778,2,2,12,5,16,4,0,12,0,1,1,0,1,2,2,1,13,1,2,1,1,2,2,2,2,2,2,3,1,2,2,2,2,2,"Georgia",0
"9814",131307,13,22609,33.68063333,-84.38029444,3,3,12,6,0,6,0,12,0,2,2,0,1,2,2,1,13,2,2,2,1,2,2,2,2,2,2,3,1,2,2,2,2,2,"Georgia",0
"9815",131308,13,22637,33.67243889,-83.106575,1,1,12,6,21,3,0,8,0,1,1,0,1,2,10,1,13,1,2,2,2,1,2,2,1,2,2,3,2,2,2,2,2,2,"Georgia",0
"9816",131309,13,25280,32.48830278,-84.89017778,5,5,12,6,18,6,0,12,0,1,1,0,1,2,10,1,13,2,2,2,2,2,2,2,2,2,2,1,2,2,1,2,2,2,"Georgia",1
"9817",131310,13,21913,33.88570556,-83.05503333,1,1,12,6,22,3,0,34,0,1,1,0,4,2,10,1,13,1,2,2,2,1,2,2,2,1,2,2,2,2,2,2,2,2,"Georgia",0
"9818",131311,13,24990,32.67296111,-83.74426111,7,7,12,6,21,3,0,24,0,1,1,0,4,3,1,1,13,2,1,2,2,1,2,2,2,1,2,1,2,2,2,2,2,2,"Georgia",1
"9819",131312,13,23687,33.28206389,-82.70020833,1,1,12,6,18,6,0,8,0,1,1,0,1,2,1,1,13,1,2,2,2,1,2,2,1,2,2,2,2,2,2,2,2,2,"Georgia",0
"9820",131313,13,26045,31.99065556,-81.20923611,1,1,12,7,20,6,0,1,0,1,1,0,1,3,1,1,13,2,2,2,2,1,1,2,2,2,2,3,2,2,2,2,2,2,"Georgia",0
"9821",131314,13,26155,31.88299722,-83.14102778,1,1,12,7,17,4,0,42,0,1,1,0,4,1,1,1,13,1,2,1,2,1,2,2,2,1,2,3,2,2,2,2,2,2,"Georgia",1
"9822",131315,13,22622,33.67675833,-85.00006389,1,1,12,1,0,6,0,42,0,1,1,0,4,2,1,1,13,2,2,2,2,1,2,2,2,2,2,3,2,2,2,2,2,2,"Georgia",0
"9823",131317,13,20871,34.17074722,-83.07973889,1,1,12,1,19,3,0,42,0,1,1,0,4,2,5,1,13,1,2,2,2,1,2,2,2,2,2,1,2,2,2,2,2,2,"Georgia",1
"9824",131318,13,22819,33.61850556,-84.55833889,6,6,12,1,2,3,0,12,0,1,1,0,1,2,10,1,13,2,2,2,2,2,2,2,2,2,2,3,1,2,2,2,2,2,"Georgia",0
"9825",131319,13,22535,33.70398333,-84.13496944,2,2,12,2,1,1,0,12,0,1,1,0,1,2,10,1,13,2,1,2,2,2,2,2,2,2,2,3,2,2,1,2,2,2,"Georgia",0
"9826",131320,13,21348,34.03251111,-84.36373333,1,1,12,2,6,6,0,8,0,1,1,0,1,3,10,1,13,2,2,1,1,1,2,2,1,2,2,3,2,2,2,2,2,2,"Georgia",0
"9827",131321,13,21012,34.12001667,-83.71901944,2,2,12,2,21,3,0,8,0,1,1,0,1,2,2,1,13,2,2,2,1,2,2,2,1,2,2,3,1,2,2,2,2,2,"Georgia",0
"9828",131322,13,26286,31.77532778,-81.39582222,1,1,12,2,19,4,0,35,0,3,3,0,4,3,1,1,13,1,2,2,1,1,2,2,2,2,2,3,2,2,2,2,2,2,"Georgia",0
"9829",131323,13,24174,32.96966944,-84.13195556,2,2,12,2,19,4,0,42,0,1,1,0,4,2,2,1,13,1,2,2,1,1,2,1,2,2,2,2,2,2,2,2,2,2,"Georgia",1
"9830",131324,13,25649,32.30036944,-81.19795,2,2,12,3,11,4,0,12,0,2,2,0,1,1,2,1,13,2,2,1,1,2,2,2,2,2,2,3,1,2,2,2,2,2,"Georgia",0
"9831",131325,13,23258,33.47061944,-84.89737778,2,2,12,4,8,3,0,42,0,1,1,0,3,1,2,2,13,1,2,1,1,1,2,1,2,2,2,2,2,2,1,2,2,2,"Georgia",0
"9832",131326,13,22114,33.82291111,-82.47600833,1,1,12,4,12,3,0,35,0,1,1,0,4,1,2,1,13,1,2,1,1,1,2,2,2,1,2,2,2,1,2,2,2,2,"Georgia",0
"9833",131327,13,22678,33.65904722,-82.93724444,3,3,12,4,17,3,0,35,0,1,1,0,4,2,2,1,13,1,2,1,1,1,2,2,2,2,2,3,2,2,2,2,2,2,"Georgia",0
"9834",131328,13,26499,31.52012778,-82.96326944,1,1,12,5,15,6,0,42,0,1,1,0,4,1,10,1,13,1,2,1,1,1,1,1,2,2,1,2,2,2,2,2,2,2,"Georgia",1
"9835",131329,13,23053,33.53540556,-83.84993611,1,1,12,5,23,3,0,42,0,1,1,0,4,2,1,1,13,2,2,2,1,1,2,2,2,2,2,2,2,1,2,2,2,2,"Georgia",0
"9836",131330,13,25183,32.55456667,-83.65904167,3,3,12,7,22,3,0,12,0,2,2,0,1,3,1,1,13,2,2,2,2,2,1,1,2,2,2,3,2,2,1,2,2,2,"Georgia",0
"9837",131331,13,24247,32.93088056,-83.73631667,2,2,4,1,13,1,0,34,0,1,1,0,4,1,2,1,13,2,1,1,2,1,2,2,2,1,2,2,1,2,2,2,2,2,"Georgia",0
"9838",131332,13,25333,32.46024722,-84.918875,1,1,5,5,14,4,0,59,0,1,1,0,4,1,1,1,13,2,2,1,1,1,2,1,2,2,2,2,1,2,2,2,2,2,"Georgia",0
"9839",131333,13,26784,31.15546111,-81.49342778,3,3,10,3,9,6,0,12,0,2,2,0,1,1,1,1,13,2,2,1,1,2,2,2,2,2,2,3,2,2,2,2,2,2,"Georgia",0
"9840",160001,16,3777,42.49653056,-114.5747306,2,2,1,6,22,2,0,12,0,1,1,0,1,2,5,1,16,1,2,2,2,2,2,2,2,1,2,3,1,2,2,2,2,2,"Idaho",0
"9841",160002,16,2400,43.61955833,-116.3774722,7,7,1,1,11,6,0,12,0,4,1,0,1,1,2,1,16,2,2,1,2,3,2,2,2,2,2,3,2,1,2,2,2,2,"Idaho",0
"9842",160003,16,2577,43.40792222,-112.1637889,1,1,1,1,6,1,0,38,0,1,1,0,4,2,10,1,16,1,1,1,2,1,2,2,2,1,2,1,2,2,2,2,1,2,"Idaho",1
"9843",160004,16,2216,43.85438333,-116.7678917,1,1,1,2,6,1,0,8,0,1,1,0,3,2,5,1,16,1,1,1,1,1,2,1,1,2,2,3,2,2,2,2,2,2,"Idaho",0
"9844",160005,16,2316,43.71555,-116.6528444,3,3,1,6,22,6,0,33,0,3,6,0,4,3,10,1,16,2,2,2,2,1,2,1,2,1,2,1,1,2,2,2,2,2,"Idaho",1
"9845",160006,16,2764,43.191225,-112.534175,2,2,1,2,12,3,0,12,0,1,1,0,1,1,1,1,16,1,2,1,1,2,2,2,2,2,2,3,2,1,2,2,2,2,"Idaho",0
"9846",160007,16,4343,42.20214722,-113.5645611,1,1,2,1,21,3,0,1,0,1,1,0,2,2,2,1,16,1,2,2,2,1,2,1,2,1,2,1,2,2,2,2,2,2,"Idaho",1
"9847",160008,16,2435,43.59653611,-116.2757972,1,1,2,5,21,5,0,11,0,1,1,0,1,2,10,1,16,2,2,2,1,1,1,2,2,2,2,1,2,2,2,2,2,2,"Idaho",1
"9848",160009,16,3656,42.57783333,-113.9897333,2,2,2,2,22,8,0,38,0,1,1,0,5,2,10,1,16,1,2,2,1,1,2,2,2,2,2,1,2,2,1,2,2,2,"Idaho",1
"9849",160010,16,1810,44.50217222,-114.2672889,1,1,2,5,23,8,0,1,0,1,1,0,4,2,1,1,16,1,2,2,1,1,2,1,2,1,2,2,1,2,2,2,2,2,"Idaho",0
"9850",160011,16,2396,43.62121111,-115.8222694,2,2,2,7,12,8,1,3,0,1,1,0,6,1,1,2,16,1,2,1,2,1,2,2,2,2,2,1,2,2,2,2,2,2,"Idaho",1
"9851",160012,16,2467,43.56025833,-112.0388472,1,1,2,1,0,8,0,34,0,1,1,0,4,2,10,1,16,1,2,2,2,1,2,1,2,1,2,1,2,2,1,2,2,2,"Idaho",1
"9852",160013,16,2703,43.24209444,-115.9570861,3,3,2,3,6,8,0,12,0,1,1,0,1,2,1,1,16,1,2,1,1,2,2,2,2,2,2,2,2,2,1,2,1,2,"Idaho",0
"9853",160014,16,2399,43.61962222,-116.5393306,2,2,2,7,19,6,0,12,0,1,1,0,1,2,1,1,16,2,2,2,2,2,2,2,2,2,2,3,2,2,1,2,2,2,"Idaho",0
"9854",160015,16,2458,43.56861111,-116.207675,1,1,2,7,2,6,0,17,0,1,1,0,4,3,1,1,16,2,2,2,2,1,2,1,2,2,1,1,2,2,2,2,2,2,"Idaho",1
"9855",160016,16,3695,42.54961667,-114.5155472,1,1,3,1,0,8,0,59,0,3,2,0,4,2,1,1,16,1,2,2,2,1,2,2,2,1,2,1,2,2,2,2,2,2,"Idaho",1
"9856",160017,16,3579,42.63595556,-114.4482417,2,2,3,1,3,1,0,1,1,5,1,0,2,3,1,1,16,1,1,2,2,1,2,2,2,1,2,1,2,2,1,2,2,1,"Idaho",1
"9857",160018,16,162,48.22825833,-116.9034361,1,1,3,6,19,3,0,31,0,1,1,0,4,2,1,1,16,1,2,2,2,1,2,2,2,1,2,1,2,2,2,2,2,2,"Idaho",1
"9858",160019,16,412,47.56101944,-116.9112444,2,2,3,1,4,2,0,1,0,1,1,0,1,2,1,1,16,1,2,2,2,1,2,2,2,1,2,1,2,2,2,2,2,2,"Idaho",1
"9859",160020,16,2169,43.95316389,-116.8123222,4,4,3,1,7,2,0,12,0,2,3,0,1,2,1,2,16,1,2,1,2,2,2,2,2,2,2,2,2,1,2,2,2,2,"Idaho",1
"9860",160021,16,3499,42.68845833,-111.7597472,1,1,3,3,18,8,0,1,0,1,1,0,1,1,1,1,16,3,3,2,1,1,1,1,2,2,2,3,1,2,2,2,2,2,"Idaho",0
"9861",160022,16,2665,43.28800833,-115.8368556,2,2,3,5,21,8,0,12,0,1,1,0,1,2,1,1,16,1,2,2,1,2,2,2,2,1,2,1,2,2,2,2,2,2,"Idaho",1
"9862",160023,16,3700,42.54718889,-111.7008889,4,4,3,7,11,8,0,12,0,2,2,0,1,1,10,1,16,1,2,1,2,2,2,2,2,2,2,3,2,2,1,2,2,2,"Idaho",0
"9863",160024,16,3044,43.02658333,-116.0834361,4,4,3,3,13,3,0,12,0,1,1,0,1,1,10,1,16,1,2,1,1,2,2,2,2,2,2,3,1,2,2,2,2,2,"Idaho",0
"9864",160025,16,3413,42.74342778,-114.6231139,3,3,3,4,1,1,0,12,0,1,1,0,3,2,1,2,16,1,1,2,1,2,2,1,2,1,2,3,2,2,1,2,2,2,"Idaho",0
"9865",160026,16,2401,43.61947222,-116.3052194,2,2,3,6,13,5,0,12,0,4,1,0,1,1,1,1,16,2,2,1,1,2,1,2,2,2,2,1,2,2,2,2,2,2,"Idaho",1
"9866",160027,16,2406,43.6176,-116.95705,1,1,3,7,15,3,0,31,0,1,1,0,4,1,1,1,16,1,2,1,2,1,1,1,2,2,2,1,2,2,2,2,2,2,"Idaho",1
"9867",160028,16,2404,43.618725,-116.6928917,5,5,3,7,21,6,0,12,0,2,2,0,1,2,1,2,16,2,2,2,2,2,2,2,2,1,2,1,1,2,2,2,2,2,"Idaho",1
"9868",160029,16,2354,43.66296667,-116.354575,2,2,3,3,12,2,0,12,0,2,2,0,1,1,1,1,16,2,2,1,1,2,2,2,2,2,2,3,2,1,2,2,1,2,"Idaho",0
"9869",160030,16,2389,43.63067778,-116.2541944,5,5,3,3,16,6,0,33,0,1,1,0,3,1,10,1,16,2,2,1,1,1,2,1,2,2,2,2,2,2,1,2,1,2,"Idaho",0
"9870",160031,16,324,47.74529167,-117.0020667,2,2,4,7,15,8,0,12,0,2,2,0,1,1,10,1,16,1,2,1,2,2,2,2,2,2,2,3,2,1,2,2,1,2,"Idaho",0
"9871",160032,16,2285,43.75272778,-116.9117222,1,1,4,3,9,2,0,38,0,1,1,0,4,1,10,1,16,1,2,1,1,1,2,2,2,1,2,3,2,2,2,2,2,2,"Idaho",0
"9872",160033,16,329,47.71335833,-116.9561861,2,2,4,5,16,1,0,12,0,1,1,1,2,1,1,1,16,2,1,1,1,2,1,1,2,2,2,3,1,2,2,2,2,2,"Idaho",0
"9873",160034,16,1835,44.46055,-114.1681694,2,2,4,4,20,2,0,1,0,1,1,0,4,2,1,1,16,1,2,2,1,1,2,2,2,1,2,3,2,2,2,2,2,2,"Idaho",0
"9874",160035,16,251,47.94571944,-116.4937444,2,2,4,1,11,8,1,35,0,1,1,0,4,1,1,2,16,1,2,1,2,1,1,2,2,2,2,3,2,2,2,2,1,2,"Idaho",0
"9875",160036,16,3523,42.67360278,-114.5884944,1,1,4,1,12,8,0,34,0,1,1,0,4,1,1,1,16,1,2,1,2,1,1,2,2,2,2,3,2,1,2,2,2,2,"Idaho",0
"9876",160037,16,846,46.44353889,-116.8446139,4,4,4,1,17,2,3,12,0,1,1,0,1,1,1,1,16,1,2,1,2,2,2,2,2,2,2,1,2,2,2,2,2,2,"Idaho",1
"9877",160038,16,863,46.40306944,-117.0079694,4,4,4,3,0,5,0,12,0,2,2,0,1,3,1,1,16,2,2,2,1,2,2,2,2,2,2,1,1,2,2,2,2,2,"Idaho",1
"9878",160039,16,2376,43.64352222,-116.6464778,1,1,4,4,12,1,0,1,0,1,1,0,1,1,1,1,16,2,2,1,1,1,2,2,2,1,2,2,1,2,2,2,2,2,"Idaho",0
"9879",160040,16,2608,43.36694444,-112.1320472,1,1,5,6,11,8,0,35,0,1,1,0,4,1,1,1,16,1,2,1,1,1,2,1,2,1,2,1,1,2,2,2,2,2,"Idaho",1
"9880",160041,16,3712,42.53846111,-114.3647611,3,3,5,7,8,2,0,12,0,1,1,0,1,1,1,1,16,2,2,1,2,2,2,2,2,2,2,3,2,2,2,2,2,2,"Idaho",0
"9881",160042,16,3361,42.79005278,-112.8327083,2,2,5,1,10,1,0,1,0,1,1,0,3,1,1,1,16,1,1,1,2,1,2,2,2,1,2,1,2,2,2,2,2,2,"Idaho",1
"9882",160043,16,2546,43.44510278,-112.7818889,1,1,5,1,19,8,0,1,0,1,1,0,6,1,10,1,16,1,2,2,2,1,2,1,2,1,2,1,2,1,2,2,2,2,"Idaho",1
"9883",160044,16,2807,43.16745556,-115.7189278,4,4,5,6,18,8,0,1,0,1,1,0,2,1,1,2,16,1,2,2,2,1,2,2,2,1,2,2,1,2,2,2,2,2,"Idaho",0
"9884",160045,16,3833,42.46009444,-113.8031028,2,2,5,3,6,8,0,12,0,2,2,0,1,1,1,1,16,1,2,1,1,2,2,2,2,2,2,3,2,2,2,1,2,2,"Idaho",0
"9885",160046,16,1483,44.98979722,-116.3348639,1,1,5,7,8,2,0,1,0,1,1,0,4,1,10,1,16,1,2,1,2,1,2,2,2,1,2,3,1,2,2,2,2,2,"Idaho",0
"9886",160047,16,2191,43.89466389,-111.7373194,5,5,5,6,14,2,0,12,0,2,2,0,1,1,10,1,16,1,2,1,1,2,2,2,2,2,2,3,2,1,2,2,2,2,"Idaho",0
"9887",160048,16,803,46.592125,-116.6856694,1,1,5,3,5,3,0,35,0,1,1,0,4,4,1,1,16,1,2,2,1,1,2,2,2,1,2,3,2,2,1,2,2,2,"Idaho",0
"9888",160049,16,613,47.15163889,-116.5005028,1,1,5,3,5,3,0,25,0,1,1,0,4,4,10,1,16,1,2,2,1,1,2,1,2,1,2,2,2,2,2,2,2,2,"Idaho",0
"9889",160050,16,2780,43.18005278,-112.3562639,4,4,5,6,1,6,0,33,0,3,3,0,4,3,1,1,16,2,2,2,1,1,2,2,2,1,2,3,2,2,2,2,1,2,"Idaho",0
"9890",160051,16,3252,42.894775,-112.4822778,2,2,5,6,10,2,0,12,0,1,1,0,1,1,1,1,16,2,2,1,1,2,1,2,2,2,2,3,2,2,2,2,2,2,"Idaho",0
"9891",160052,16,3231,42.90755556,-112.850125,3,3,5,6,16,3,0,12,0,3,2,0,1,1,1,1,16,1,2,1,1,2,1,2,2,2,2,3,1,2,2,2,2,2,"Idaho",0
"9892",160053,16,3517,42.67575833,-114.5054972,1,1,5,7,8,1,0,1,0,1,1,0,1,2,1,1,16,1,1,1,2,1,1,1,2,2,2,2,2,2,2,2,2,2,"Idaho",0
"9893",160054,16,3568,42.64169444,-111.9073361,2,2,5,1,8,2,0,1,0,1,1,0,1,1,1,1,16,1,2,1,2,1,1,2,2,2,2,2,2,2,2,2,2,2,"Idaho",0
"9894",160055,16,321,47.75176389,-116.7911472,4,4,5,1,16,2,0,12,0,2,2,0,1,1,1,1,16,1,2,1,2,3,2,2,2,2,2,3,2,2,2,2,1,2,"Idaho",0
"9895",160056,16,109,48.48709167,-116.4592056,5,5,6,3,16,2,0,12,0,3,3,0,1,1,2,1,16,1,2,1,1,3,2,2,2,1,2,3,2,2,1,2,1,2,"Idaho",0