"","ST_CASE","OBJECT_ID","FID","LATITUDE","LONGITUD","PERMVIT","PERSONS","MONTH","DAY_WEEK","HOUR","ROUTE","SP_JUR","HARM_EV","RELJCT1","RELJCT2","TYP_INT","WRK_ZONE","REL_ROAD","LGT_COND","WEATHER","FATALS","STATE","A_RU","A_INTER","A_TOD","A_DOW","A_CT","A_MC","A_SPCRA","A_PED","A_ROLL","A_POLPUR","A_POSBAC","A_D15_20","A_D65PLS","A_D21_24","A_HR","A_DIST","A_DROWSY","STATE_NAME","drunkDr"
"10172",170174,17,5741,41.50530833,-87.57775833,1,1,4,1,22,3,0,8,0,1,1,0,1,3,1,1,17,2,2,2,2,1,2,2,1,2,2,2,2,2,2,2,2,2,"Illinois",0
"10173",170175,17,5583,41.566725,-88.14365,1,1,4,7,1,2,0,8,0,1,1,0,1,2,1,1,17,2,2,2,2,1,2,2,1,2,2,2,2,1,2,2,2,2,"Illinois",0
"10174",170176,17,8978,40.10558333,-88.20962778,1,1,4,3,18,6,0,8,0,2,3,0,1,1,1,1,17,2,2,2,1,1,2,2,1,2,2,3,2,2,2,2,2,2,"Illinois",0
"10175",170177,17,5343,41.66210833,-87.55440556,1,1,4,4,12,6,0,33,0,1,1,0,4,1,1,1,17,2,2,1,1,1,2,1,2,2,2,2,2,2,2,2,2,2,"Illinois",0
"10176",170178,17,11151,39.14280833,-88.56993056,3,3,4,5,16,3,0,12,0,1,1,0,1,1,1,1,17,2,2,1,1,2,2,1,2,2,2,3,2,2,2,2,2,2,"Illinois",0
"10177",170179,17,5611,41.55750556,-88.660375,1,1,4,7,16,4,0,34,0,1,1,0,4,1,1,1,17,1,2,1,2,1,2,2,2,2,2,1,2,2,2,2,2,2,"Illinois",1
"10178",170180,17,4324,42.21457778,-88.73200833,3,3,4,6,21,1,0,12,0,1,1,0,1,3,1,1,17,1,1,2,2,2,2,1,2,2,2,3,2,2,2,2,2,2,"Illinois",1
"10179",170181,17,12330,38.62060556,-90.11373889,2,2,4,2,17,1,0,31,0,1,1,0,4,1,1,2,17,2,1,1,1,1,2,2,2,2,2,2,2,1,2,2,2,2,"Illinois",0
"10180",170182,17,4212,42.27728333,-88.03467778,2,2,4,7,14,3,0,12,0,1,1,0,1,1,1,1,17,2,2,1,2,2,2,2,2,2,2,3,2,1,2,2,2,2,"Illinois",0
"10181",170183,17,11692,38.90573889,-90.17643611,2,2,4,5,4,2,0,12,0,2,2,0,1,3,1,1,17,2,2,2,1,2,2,1,2,2,2,1,2,2,2,2,2,2,"Illinois",1
"10182",170184,17,5002,41.80434444,-88.23925833,3,3,4,6,17,6,0,33,0,1,1,0,3,1,1,1,17,2,2,1,1,2,2,2,2,1,2,2,2,2,1,2,2,2,"Illinois",0
"10183",170185,17,10965,39.23622778,-88.78710278,1,1,4,1,19,4,0,23,0,1,1,0,4,5,2,1,17,1,2,2,2,1,2,2,2,1,2,2,2,2,2,2,2,2,"Illinois",0
"10184",170186,17,4910,41.84981389,-87.83548889,1,1,4,6,22,6,0,8,0,3,3,0,1,3,2,1,17,2,2,2,2,1,2,2,1,2,2,3,2,2,1,2,2,2,"Illinois",0
"10185",170187,17,5482,41.60824167,-88.04556667,1,1,4,7,6,3,0,42,0,3,4,0,4,4,2,1,17,2,2,1,2,1,2,2,2,1,2,1,2,2,2,2,2,2,"Illinois",1
"10186",170188,17,5548,41.58167222,-88.08671667,3,3,4,6,23,6,0,8,0,1,1,0,1,2,1,1,17,2,2,2,2,1,2,2,1,2,2,2,2,2,2,2,2,2,"Illinois",0
"10187",170189,17,11427,39.02625556,-89.53916667,2,2,4,7,22,4,0,12,0,1,1,0,1,2,99,1,17,1,2,2,2,2,2,1,2,2,2,1,1,2,1,2,2,2,"Illinois",2
"10188",170191,17,5152,41.73759722,-87.62505,2,2,4,5,3,1,0,12,0,1,1,0,1,3,1,1,17,2,1,2,1,2,2,2,2,2,2,1,1,2,2,2,2,2,"Illinois",1
"10189",170192,17,5155,41.73631667,-87.62548056,3,3,4,1,21,6,0,8,0,2,2,0,1,3,1,1,17,2,2,2,2,1,2,1,1,2,2,3,2,2,1,2,2,2,"Illinois",0
"10190",170193,17,6486,41.12916667,-87.67209444,2,2,4,3,4,3,0,12,0,1,1,0,1,2,1,1,17,1,2,2,1,2,2,2,2,1,2,1,2,2,2,2,2,2,"Illinois",1
"10191",170194,17,5236,41.70776667,-87.58730278,2,2,5,6,0,6,0,12,0,2,2,0,1,2,1,1,17,2,2,2,1,2,2,2,2,2,2,1,2,1,2,2,2,2,"Illinois",1
"10192",170195,17,5425,41.63133056,-87.70739722,1,1,5,6,18,6,0,8,0,4,1,0,1,1,1,1,17,2,2,2,2,1,2,2,1,2,2,3,2,2,2,2,2,2,"Illinois",0
"10193",170196,17,14942,37.07288889,-88.51804167,1,1,5,6,19,5,0,18,0,1,1,0,1,2,1,1,17,1,2,2,2,1,2,2,2,1,2,3,2,2,2,2,2,2,"Illinois",0
"10194",170197,17,5950,41.40615556,-87.62381111,1,1,5,1,13,5,0,5,0,1,1,0,4,1,1,1,17,1,2,1,2,1,1,1,2,2,2,2,2,2,2,2,2,2,"Illinois",0
"10195",170198,17,5205,41.71911667,-87.79856667,8,8,5,1,15,3,0,33,0,7,1,0,3,1,1,2,17,2,2,1,2,2,2,2,2,2,2,3,1,1,2,2,2,2,"Illinois",0
"10196",170199,17,9518,39.90900278,-89.62133056,2,2,5,3,15,3,0,12,0,8,1,0,1,1,1,1,17,1,2,1,1,2,2,1,2,2,2,3,1,2,2,2,2,2,"Illinois",0
"10197",170200,17,4572,42.05130833,-88.00298056,1,1,4,6,12,3,0,9,0,2,2,1,1,1,1,1,17,2,2,1,1,1,2,2,2,2,2,2,2,1,2,2,2,2,"Illinois",0
"10198",170201,17,5480,41.60851667,-88.20218056,1,1,4,3,0,2,0,8,0,2,2,0,1,3,1,2,17,2,2,2,1,1,1,1,1,2,2,1,2,2,2,2,2,2,"Illinois",1
"10199",170202,17,6199,41.28116111,-87.62629444,2,2,4,4,5,3,0,12,0,1,1,0,1,1,1,1,17,2,2,2,1,2,2,2,2,2,2,2,2,2,2,2,2,2,"Illinois",0
"10200",170203,17,5998,41.38456944,-87.96054444,1,1,5,1,4,2,0,1,0,3,3,0,4,2,1,1,17,1,2,2,2,1,2,2,2,1,2,1,2,2,2,2,2,2,"Illinois",1
"10201",170204,17,5725,41.51173611,-88.08310278,6,6,5,1,11,1,0,12,1,18,1,0,1,1,1,1,17,1,1,1,2,3,2,2,2,1,2,3,2,1,2,2,2,2,"Illinois",0
"10202",170205,17,11400,39.03700556,-88.38045833,3,3,5,3,2,4,0,34,0,1,1,0,4,2,1,1,17,1,2,2,1,1,2,2,2,1,2,1,2,2,2,2,1,2,"Illinois",1
"10203",170206,17,4926,41.84231389,-87.65807778,6,6,4,4,5,1,0,12,1,5,1,0,1,2,1,1,17,2,1,2,1,3,2,1,2,2,2,3,2,2,2,2,2,2,"Illinois",1
"10204",170207,17,10520,39.47671944,-88.37110833,1,1,4,5,16,6,0,8,0,1,1,0,1,1,1,1,17,2,2,1,1,1,2,2,1,2,2,3,1,2,2,2,1,2,"Illinois",0
"10205",170208,17,10219,39.64613889,-88.29354722,2,2,5,7,5,1,0,11,0,1,1,0,1,4,1,1,17,1,1,2,2,1,1,2,2,2,2,3,2,2,2,2,2,2,"Illinois",0
"10206",170209,17,7735,40.66696667,-90.06776667,1,1,5,3,7,4,0,34,0,1,1,0,4,1,1,1,17,1,2,1,1,1,2,1,2,2,2,2,2,2,1,2,2,2,"Illinois",0
"10207",170210,17,13215,38.11742778,-89.05474722,4,4,4,6,20,3,0,12,0,1,1,0,1,2,1,3,17,1,2,2,2,2,2,2,2,2,2,2,1,1,2,2,2,2,"Illinois",0
"10208",170211,17,4565,42.05459167,-87.88471944,4,4,5,2,16,3,0,12,0,2,3,0,1,1,1,1,17,2,2,1,1,2,2,1,2,2,2,3,1,2,2,2,2,2,"Illinois",0
"10209",170212,17,5197,41.72165556,-87.88799167,1,1,5,7,1,3,0,42,0,1,1,0,4,2,1,1,17,1,2,2,2,1,2,2,2,2,2,1,2,2,2,2,2,2,"Illinois",1
"10210",170213,17,5262,41.69768056,-87.8921,1,1,5,7,4,6,0,42,0,1,1,0,4,2,2,1,17,2,2,2,2,1,2,2,2,2,2,2,2,2,2,2,2,2,"Illinois",0
"10211",170214,17,5603,41.56104167,-90.40579722,1,1,5,2,5,3,0,34,0,1,1,0,4,2,99,1,17,2,2,2,2,1,2,2,2,1,2,2,2,2,2,2,2,2,"Illinois",0
"10212",170215,17,3790,42.49113333,-88.16943333,1,1,4,1,18,5,0,42,0,1,1,0,4,1,2,1,17,1,2,2,2,1,2,1,2,1,2,1,2,2,2,2,2,2,"Illinois",1
"10213",170216,17,4629,42.02609722,-89.56776111,1,1,5,7,21,5,0,30,0,3,3,0,4,2,1,1,17,1,2,2,2,1,1,1,2,2,2,1,2,2,2,2,2,2,"Illinois",1
"10214",170217,17,8933,40.12721667,-88.24234167,1,1,5,7,20,6,0,8,0,2,2,0,1,3,1,1,17,2,2,2,2,1,1,1,1,2,2,3,2,2,2,2,2,2,"Illinois",0
"10215",170218,17,4625,42.028125,-89.40958333,1,1,5,3,17,5,0,34,0,1,1,0,4,1,1,1,17,1,2,1,1,1,2,2,2,1,2,1,2,2,2,2,1,2,"Illinois",1
"10216",170219,17,7312,40.77356111,-89.99064167,2,2,5,4,10,3,0,12,0,1,1,0,1,1,1,1,17,1,2,1,1,2,2,2,2,2,2,3,2,1,2,2,2,2,"Illinois",0
"10217",170220,17,10792,39.32578611,-89.08129167,1,1,5,2,19,2,0,34,0,1,1,0,4,1,1,1,17,2,2,2,1,1,2,1,2,1,2,1,2,2,2,2,2,2,"Illinois",1
"10218",170221,17,3950,42.40375278,-88.27383056,2,2,5,5,20,5,0,8,0,1,1,0,1,2,1,1,17,1,2,2,1,1,1,2,1,2,2,2,2,2,2,2,2,2,"Illinois",0
"10219",170222,17,12516,38.525625,-89.81111667,2,2,5,6,12,3,0,32,0,1,1,0,4,1,2,2,17,2,2,1,1,1,2,2,2,1,2,2,2,1,2,2,2,2,"Illinois",0
"10220",170223,17,4057,42.36026389,-88.55018611,1,1,5,6,4,5,0,18,0,1,1,0,4,2,1,1,17,1,2,2,1,1,2,2,2,2,2,1,2,2,2,2,2,2,"Illinois",1
"10221",170224,17,4463,42.12108611,-88.25796389,6,6,5,7,22,3,0,12,0,2,2,0,1,3,1,1,17,2,2,2,2,2,1,1,2,2,2,1,2,2,2,2,2,2,"Illinois",1
"10222",170225,17,4607,42.03805278,-87.96695,2,2,3,1,20,3,0,8,0,3,2,0,1,5,1,1,17,2,2,2,2,1,2,2,1,2,2,3,2,2,2,1,2,2,"Illinois",1
"10223",170226,17,6631,41.05166111,-90.33383333,5,5,5,4,12,1,0,12,0,1,1,1,1,1,1,2,17,1,1,1,1,3,2,1,2,2,2,3,2,2,2,2,2,2,"Illinois",0
"10224",170227,17,8814,40.17767222,-88.86844722,1,1,5,4,18,4,0,42,0,1,1,0,4,1,1,1,17,1,2,2,1,1,2,1,2,2,2,2,2,2,2,2,2,2,"Illinois",0
"10225",170228,17,11108,39.163525,-89.49773889,3,3,5,4,13,3,0,12,0,1,1,0,1,1,1,1,17,2,2,1,1,2,2,2,2,2,2,3,1,2,2,2,1,1,"Illinois",0
"10226",170229,17,5693,41.52933611,-88.023125,4,4,5,6,17,2,0,12,0,1,1,0,1,1,1,1,17,2,2,1,1,2,2,2,2,2,2,1,1,1,2,2,2,2,"Illinois",1
"10227",170230,17,5437,41.62880278,-87.54443333,4,4,5,7,6,6,0,12,0,1,1,0,1,1,1,2,17,2,2,1,2,2,2,2,2,2,2,1,1,2,2,2,2,2,"Illinois",1
"10228",170231,17,5893,41.43571667,-87.57689444,3,3,5,5,16,3,0,12,0,2,2,0,1,1,1,1,17,1,2,1,1,2,2,2,2,2,2,3,2,1,1,2,2,2,"Illinois",0
"10229",170232,17,6782,40.96202778,-90.71267222,2,2,5,6,7,5,0,1,0,1,1,0,4,1,2,1,17,1,2,1,1,1,2,2,2,1,2,3,2,2,2,2,2,2,"Illinois",0
"10230",170233,17,5623,41.55474722,-88.22025278,1,1,5,6,15,6,0,14,0,1,1,0,4,1,1,1,17,2,2,1,1,1,1,2,2,2,2,2,1,2,2,2,2,2,"Illinois",0
"10231",170234,17,4551,42.06601667,-87.89002222,1,1,5,4,3,6,0,8,0,1,1,0,1,2,1,1,17,2,2,2,1,1,2,2,1,2,2,3,2,2,2,1,2,2,"Illinois",0
"10232",170235,17,4723,41.96598889,-88.71925278,2,2,5,5,14,3,0,12,0,2,2,0,1,1,1,1,17,2,2,1,1,2,2,2,2,2,2,3,2,1,2,2,2,2,"Illinois",0
"10233",170236,17,9442,39.93686944,-87.56452778,2,2,4,2,14,5,0,12,0,4,1,0,1,1,1,1,17,1,2,1,1,2,1,2,2,2,2,3,2,1,2,2,2,2,"Illinois",0
"10234",170238,17,6540,41.10646944,-88.82057222,1,1,5,4,5,6,0,42,0,1,1,0,4,2,5,1,17,2,2,2,1,1,2,1,2,2,2,1,2,2,1,2,2,2,"Illinois",1
"10235",170239,17,12828,38.34858611,-88.02676389,2,2,5,5,14,3,0,12,0,1,1,0,1,1,1,1,17,1,2,1,1,2,2,2,2,1,2,2,1,2,2,2,2,2,"Illinois",0
"10236",170240,17,5338,41.66653889,-88.52430278,1,1,4,7,20,6,0,1,0,1,1,0,4,2,1,1,17,2,2,2,2,1,1,2,2,2,2,1,2,2,2,2,2,2,"Illinois",1
"10237",170241,17,4774,41.93873333,-88.09758611,6,6,4,4,9,6,0,12,0,2,3,0,1,1,1,1,17,2,2,1,1,3,2,1,2,2,2,3,2,1,2,2,2,2,"Illinois",0
"10238",170242,17,4724,41.96542778,-87.65747778,1,1,4,3,12,6,0,8,0,3,2,0,1,1,98,1,17,2,2,1,1,1,2,2,1,2,2,3,2,2,2,2,2,2,"Illinois",0
"10239",170243,17,4231,42.26895833,-89.08470278,2,2,4,2,16,2,0,12,0,2,2,0,1,1,1,1,17,2,2,1,1,2,1,2,2,2,2,3,2,2,2,2,2,2,"Illinois",0
"10240",170244,17,10661,39.39114444,-88.96508889,4,4,4,1,21,3,0,42,0,1,1,0,4,2,1,1,17,1,2,2,2,1,2,2,2,2,2,3,2,2,2,2,1,2,"Illinois",0
"10241",170245,17,11733,38.88869722,-89.80072778,3,3,5,7,13,3,0,12,0,2,2,0,1,1,1,1,17,1,2,1,2,2,2,2,2,2,2,3,2,2,1,2,2,2,"Illinois",0
"10242",170246,17,7313,40.77298889,-87.76643333,1,1,5,7,20,2,0,8,0,1,1,0,1,2,2,1,17,2,2,2,2,1,2,2,1,2,2,3,2,1,2,2,2,2,"Illinois",0
"10243",170247,17,12392,38.59608333,-88.43858333,1,1,5,4,22,2,0,32,0,1,1,0,4,2,1,1,17,1,2,2,1,1,2,1,2,1,2,2,1,2,2,2,2,2,"Illinois",0
"10244",170248,17,12163,38.68577778,-88.24177778,2,2,5,7,2,2,0,12,0,3,2,0,1,2,2,1,17,1,2,2,2,2,2,1,2,2,2,1,1,2,2,2,2,2,"Illinois",2
"10245",170249,17,4797,41.92469722,-87.7106,1,1,5,3,13,6,0,8,0,1,1,0,1,1,1,1,17,2,2,1,1,1,2,2,1,2,2,3,2,2,2,2,2,2,"Illinois",0
"10246",170250,17,6745,40.98416389,-90.54106389,1,1,5,4,15,4,0,24,0,1,1,0,4,1,1,1,17,1,2,1,1,1,1,1,2,2,2,3,2,2,2,2,2,2,"Illinois",0
"10247",170251,17,4069,42.35163056,-90.29273056,5,5,5,5,9,2,0,12,0,1,1,0,1,1,1,4,17,1,2,1,1,2,2,2,2,2,2,3,2,1,2,2,2,2,"Illinois",0
"10248",170252,17,12697,38.42986389,-89.63011667,1,1,5,6,23,4,0,34,0,1,1,0,4,2,1,1,17,1,2,2,2,1,1,1,2,2,2,1,2,2,2,2,2,2,"Illinois",1
"10249",170254,17,12581,38.49544444,-89.63500833,1,1,5,3,5,5,0,3,0,1,1,0,1,4,1,1,17,1,2,2,1,1,2,2,2,2,2,3,2,2,2,2,2,2,"Illinois",0
"10250",170255,17,8357,40.41166389,-90.79126944,3,3,5,1,20,3,0,12,0,2,7,0,1,2,2,1,17,1,2,2,2,2,2,2,2,2,2,2,2,1,1,2,2,2,"Illinois",0
"10251",170257,17,4097,42.33329722,-87.91199722,7,7,5,7,9,1,0,25,0,1,1,0,3,1,1,1,17,2,1,1,2,1,2,2,2,2,2,3,2,2,2,2,2,2,"Illinois",0
"10252",170258,17,5044,41.78556667,-87.69477222,1,1,5,7,15,6,0,8,0,1,1,0,1,1,1,1,17,2,2,1,2,1,2,1,1,2,2,3,2,2,2,1,2,2,"Illinois",0
"10253",170259,17,13861,37.74067222,-88.94386111,1,1,6,2,22,3,0,8,0,1,1,0,1,2,1,1,17,2,2,2,1,1,2,2,1,2,2,3,2,2,2,2,2,2,"Illinois",0
"10254",170260,17,11632,38.93680833,-90.279475,1,1,5,7,15,3,0,24,0,1,1,0,4,1,1,1,17,1,2,1,2,1,2,2,2,2,2,2,2,2,1,2,2,2,"Illinois",0
"10255",170261,17,9149,40.03563056,-88.59591111,4,4,5,2,9,4,0,12,1,18,1,0,1,1,1,1,17,2,2,1,1,2,2,1,2,1,2,3,2,1,2,2,2,2,"Illinois",0
"10256",170262,17,5109,41.75973333,-87.90186944,1,1,5,4,19,1,0,25,1,5,1,0,4,1,1,1,17,2,1,2,1,1,1,1,2,2,2,2,2,2,2,2,2,2,"Illinois",0
"10257",170263,17,14313,37.48311389,-89.25607222,2,2,5,3,10,9,0,12,0,8,1,0,1,1,1,1,17,1,2,1,1,2,2,2,2,2,2,3,2,1,2,2,2,2,"Illinois",0
"10258",170264,17,4803,41.91693611,-87.75590278,1,1,5,6,7,6,0,8,0,2,2,0,1,1,1,1,17,2,2,1,1,1,2,2,1,2,2,2,2,2,1,2,2,2,"Illinois",0
"10259",170265,17,4839,41.89346111,-87.6511,1,2,4,5,3,6,0,30,0,1,1,0,4,3,2,1,17,2,2,2,1,1,2,1,2,2,2,1,2,2,2,2,2,2,"Illinois",1
"10260",170266,17,6331,41.21744444,-90.11479722,1,1,5,6,1,4,0,24,0,1,1,0,4,2,1,1,17,1,2,2,1,1,1,2,2,2,2,1,2,2,2,2,2,2,"Illinois",1
"10261",170267,17,13337,38.03936389,-88.25800833,1,1,5,7,20,4,0,53,0,1,1,0,4,2,2,1,17,2,2,2,2,1,2,1,2,2,2,1,2,2,2,2,2,2,"Illinois",1
"10262",170268,17,4332,42.20821667,-88.97926944,1,1,3,2,15,5,0,11,0,1,1,0,1,1,1,1,17,1,2,1,1,1,1,2,2,2,2,3,2,2,2,2,2,2,"Illinois",0
"10263",170269,17,13582,37.906525,-88.96535833,1,1,5,1,21,4,0,35,0,1,1,0,4,2,1,1,17,1,2,2,2,1,1,1,2,2,2,3,2,2,2,2,2,2,"Illinois",1
"10264",170270,17,9474,39.92646944,-90.39053333,3,3,5,7,0,4,0,1,0,1,1,0,4,2,1,1,17,1,2,2,2,1,2,2,2,1,2,3,2,2,2,2,2,2,"Illinois",0
"10265",170271,17,4100,42.331825,-89.11229444,1,1,5,4,0,4,0,8,0,1,1,0,1,2,1,1,17,1,2,2,1,1,2,2,1,2,2,3,2,2,2,1,2,2,"Illinois",0
"10266",170272,17,5968,41.39726667,-90.94224444,3,3,5,1,20,3,0,12,0,1,1,0,1,5,1,2,17,1,2,2,2,2,1,2,2,2,2,1,2,2,2,2,2,2,"Illinois",1
"10267",170273,17,5392,41.64274167,-88.12465833,2,2,5,2,13,4,0,12,0,2,2,0,1,1,1,1,17,2,2,1,1,2,1,2,2,2,2,3,2,1,2,2,2,2,"Illinois",0
"10268",170274,17,10348,39.583475,-89.03158333,2,2,5,6,10,2,0,12,0,1,1,0,1,1,1,1,17,1,2,1,1,2,2,2,2,2,2,2,2,1,2,2,2,2,"Illinois",0
"10269",170275,17,5952,41.40566389,-88.83565,4,4,5,6,11,3,0,12,0,8,1,0,1,1,1,1,17,1,2,1,1,3,2,1,2,2,2,3,2,2,1,2,2,2,"Illinois",0
"10270",170276,17,5423,41.63187778,-87.77652222,3,3,5,4,18,5,0,12,0,2,2,1,1,1,1,1,17,2,2,2,1,3,1,1,2,2,2,3,2,2,2,2,2,2,"Illinois",0
"10271",170278,17,5867,41.44628056,-88.19531111,3,3,6,5,1,1,0,12,0,1,1,0,1,2,1,2,17,1,1,2,1,2,2,1,2,1,2,1,2,2,1,2,2,2,"Illinois",1
"10272",170279,17,11924,38.798625,-89.67319722,1,1,6,1,21,3,0,1,0,1,1,0,1,2,1,1,17,1,2,2,2,1,1,1,2,2,2,1,2,2,2,2,2,2,"Illinois",1
"10273",170280,17,10497,39.48808333,-88.60809167,2,2,6,7,14,3,0,12,0,2,3,0,1,1,1,1,17,1,2,1,2,2,1,2,2,2,2,3,2,2,2,2,2,2,"Illinois",0
"10274",170281,17,4984,41.815875,-87.66516944,1,1,3,6,16,6,0,8,0,2,2,0,1,1,1,3,17,2,2,1,1,1,2,2,1,2,2,3,2,2,1,2,2,2,"Illinois",0
"10275",170283,17,4599,42.04080556,-87.71075556,2,2,6,5,22,6,0,5,0,1,1,0,1,3,1,1,17,2,2,2,1,2,1,2,2,2,2,3,2,2,2,1,2,2,"Illinois",0
"10276",170284,17,9644,39.85511667,-88.943525,2,2,6,6,0,6,0,8,0,1,1,0,1,2,1,1,17,2,2,2,1,1,2,2,1,2,2,2,2,2,1,2,2,2,"Illinois",0
"10277",170285,17,9729,39.82127222,-88.12237778,1,1,6,6,6,4,0,34,0,3,3,0,4,2,1,1,17,1,2,1,1,1,2,2,2,1,2,1,2,2,2,2,2,2,"Illinois",1
"10278",170286,17,4554,42.06543056,-88.90185556,1,1,6,5,9,5,0,1,0,1,1,0,1,1,1,1,17,1,2,1,1,1,2,2,2,1,2,2,2,2,2,2,2,2,"Illinois",0
"10279",170287,17,5124,41.75188333,-87.55598056,3,3,2,4,1,6,0,8,0,1,1,0,1,2,10,1,17,2,2,2,1,1,2,2,1,2,2,3,2,2,2,2,2,2,"Illinois",0
"10280",170288,17,4827,41.90241944,-87.74514167,1,1,1,5,2,6,0,9,0,1,1,0,1,3,1,1,17,2,2,2,1,1,2,2,2,2,2,3,2,2,2,1,2,2,"Illinois",0
"10281",170289,17,4648,42.01874722,-87.67604167,1,1,1,6,13,6,0,8,0,8,1,0,1,1,1,1,17,2,2,1,1,1,2,2,1,2,2,3,2,2,2,2,2,2,"Illinois",0
"10282",170290,17,4763,41.9465,-87.7178,1,1,1,6,6,6,0,8,0,2,2,0,1,2,1,1,17,2,2,1,1,1,2,2,1,2,2,3,2,2,2,2,2,2,"Illinois",0
"10283",170291,17,4900,41.85912222,-87.71519444,1,1,1,3,10,6,0,42,0,1,1,0,4,1,1,1,17,2,2,1,1,1,2,2,2,2,2,2,2,2,2,2,2,2,"Illinois",0
"10284",170292,17,5271,41.69226111,-87.64984444,1,1,1,7,0,6,0,30,0,1,1,0,4,3,1,1,17,2,2,2,2,1,2,2,2,1,2,1,2,2,2,2,2,2,"Illinois",1
"10285",170293,17,5118,41.75583611,-87.66357222,3,3,1,1,22,6,0,12,0,2,2,0,1,3,8,1,17,2,2,2,2,2,2,1,2,2,1,1,2,2,2,2,2,2,"Illinois",1
"10286",170294,17,5110,41.75960278,-87.65443611,1,1,4,1,13,6,0,9,0,1,1,0,1,1,1,1,17,2,2,1,2,1,2,2,2,2,2,3,2,2,2,1,2,2,"Illinois",0
"10287",170295,17,5287,41.68545556,-87.61106389,2,2,4,7,3,6,0,46,0,3,3,0,4,3,1,1,17,2,2,2,2,1,2,2,2,2,2,3,2,2,1,2,2,2,"Illinois",0
"10288",170296,17,5065,41.77751667,-87.66417778,1,1,6,3,21,6,0,8,0,1,1,0,1,3,1,1,17,2,2,2,1,1,2,2,1,2,2,3,2,2,2,1,2,2,"Illinois",0
"10289",170297,17,4898,41.85985,-87.65092778,3,3,4,2,20,6,0,12,0,2,3,0,1,2,1,1,17,2,2,2,1,2,2,2,2,2,2,3,2,2,2,1,2,2,"Illinois",0
"10290",170298,17,4997,41.80906667,-87.66498056,6,6,4,1,14,6,0,12,0,1,1,0,1,1,1,1,17,2,2,1,2,2,2,2,2,2,2,1,2,2,2,2,2,2,"Illinois",1
"10291",170299,17,7176,40.80735278,-89.94694444,2,2,4,4,1,5,0,34,0,1,1,0,4,2,99,1,17,1,2,2,1,1,2,2,2,1,2,2,2,2,1,1,2,2,"Illinois",1
"10292",170300,17,11778,38.86617778,-89.26349167,1,1,5,1,22,5,0,42,0,1,1,0,4,2,1,1,17,1,2,2,2,1,1,1,2,2,2,1,2,2,2,2,2,2,"Illinois",1
"10293",170301,17,4786,41.92956111,-87.74300556,1,1,4,2,0,6,0,8,0,4,1,0,1,3,1,1,17,2,2,2,2,1,2,2,1,2,2,3,2,2,2,2,2,2,"Illinois",0
"10294",170302,17,4810,41.90979167,-87.73385833,3,3,1,7,22,3,0,8,0,2,3,0,1,3,1,2,17,2,2,2,2,2,2,1,1,2,2,3,2,2,1,2,2,2,"Illinois",1
"10295",170303,17,5156,41.735875,-87.63259167,2,2,4,7,15,6,0,39,0,1,1,0,4,1,1,1,17,2,2,1,2,2,2,2,2,2,2,3,2,1,2,2,2,2,"Illinois",0
"10296",170304,17,4597,42.04131111,-87.98501389,1,1,6,7,2,1,0,25,0,1,1,1,4,3,1,1,17,2,1,2,2,1,2,2,2,2,2,2,2,2,2,2,2,2,"Illinois",1
"10297",170305,17,5570,41.57195278,-87.558825,4,4,6,5,20,3,0,12,0,2,2,0,1,3,1,1,17,2,2,2,1,3,2,1,2,2,2,3,2,2,2,2,2,2,"Illinois",0
"10298",170306,17,4991,41.81033611,-88.04234167,1,1,6,5,2,1,0,24,0,1,1,0,4,3,1,1,17,2,1,2,1,1,1,1,2,2,2,1,2,2,2,2,2,2,"Illinois",1
"10299",170307,17,4207,42.27936944,-88.22743056,1,1,6,7,19,3,0,1,0,1,1,0,4,1,2,1,17,2,2,2,2,1,2,1,2,1,2,1,2,2,2,2,2,2,"Illinois",1
"10300",170308,17,5169,41.73055278,-87.97953611,1,1,6,4,12,7,0,31,0,1,1,0,4,1,1,1,17,2,2,1,1,1,2,2,2,2,2,2,2,1,2,2,2,2,"Illinois",0
"10301",170309,17,4957,41.82706667,-88.20188056,1,1,1,5,20,3,0,8,0,1,1,0,1,3,1,1,17,2,2,2,1,1,2,2,1,2,2,2,2,2,1,2,2,2,"Illinois",0
"10302",170310,17,12451,38.56628056,-90.191675,1,1,2,6,6,6,0,8,0,1,1,0,1,2,1,1,17,2,2,1,1,1,2,2,1,2,2,3,2,2,2,2,2,2,"Illinois",0
"10303",170311,17,4153,42.30607778,-88.01413056,3,3,3,7,2,4,0,12,0,2,2,1,1,3,1,1,17,2,2,2,2,2,2,2,2,2,2,1,2,2,1,2,2,2,"Illinois",1
"10304",170312,17,5573,41.57161944,-87.746675,2,2,1,5,7,6,0,12,0,1,1,0,1,4,1,1,17,2,2,1,1,2,2,2,2,2,2,3,2,2,2,2,2,2,"Illinois",0
"10305",170313,17,4822,41.9046,-87.911975,3,3,3,1,0,2,0,8,0,1,1,0,1,3,1,1,17,2,2,2,2,1,2,1,1,2,2,2,1,2,2,2,2,2,"Illinois",0
"10306",170314,17,12446,38.56864722,-90.09029722,1,1,5,4,7,3,0,42,0,1,1,0,4,9,1,1,17,2,2,1,1,1,2,2,2,2,2,1,2,2,2,2,2,2,"Illinois",1
"10307",170315,17,12729,38.41060278,-88.05705278,2,2,5,1,11,3,0,12,0,1,1,0,1,1,1,2,17,1,2,1,2,2,2,1,2,2,2,3,2,1,2,2,2,2,"Illinois",0