"","ST_CASE","OBJECT_ID","FID","LATITUDE","LONGITUD","PERMVIT","PERSONS","MONTH","DAY_WEEK","HOUR","ROUTE","SP_JUR","HARM_EV","RELJCT1","RELJCT2","TYP_INT","WRK_ZONE","REL_ROAD","LGT_COND","WEATHER","FATALS","STATE","A_RU","A_INTER","A_TOD","A_DOW","A_CT","A_MC","A_SPCRA","A_PED","A_ROLL","A_POLPUR","A_POSBAC","A_D15_20","A_D65PLS","A_D21_24","A_HR","A_DIST","A_DROWSY","STATE_NAME","drunkDr"
"10715",170752,17,4742,41.95629722,-87.87700833,1,1,10,2,20,3,0,8,0,3,3,0,1,2,1,1,17,2,2,2,1,1,2,2,1,2,2,2,2,2,2,2,2,1,"Illinois",0
"10716",170753,17,13516,37.94953056,-88.99599444,1,1,10,5,10,4,0,34,0,1,1,0,4,1,1,1,17,1,2,1,1,1,2,2,2,1,2,2,2,2,2,2,2,2,"Illinois",0
"10717",170754,17,10384,39.560675,-88.02636389,2,2,10,7,18,4,0,12,0,2,3,0,1,1,1,1,17,1,2,2,2,2,1,2,2,2,2,3,2,1,2,1,2,2,"Illinois",0
"10718",170755,17,5333,41.66739444,-87.68040833,1,1,10,6,18,6,0,8,0,1,1,0,1,3,2,1,17,2,2,2,2,1,2,2,1,2,2,3,2,1,2,2,2,2,"Illinois",0
"10719",170756,17,8039,40.56671389,-89.00279722,2,2,10,1,19,1,0,1,1,5,1,0,4,2,1,1,17,1,1,2,2,1,2,2,2,1,2,3,2,1,2,2,2,2,"Illinois",0
"10720",170757,17,5785,41.48446111,-90.38759722,4,4,10,7,19,3,0,12,0,3,3,0,1,5,1,1,17,2,2,2,2,3,2,2,2,2,2,3,2,1,1,2,2,2,"Illinois",0
"10721",170758,17,5751,41.49932778,-89.28701944,1,1,11,1,3,2,0,34,0,3,4,0,4,2,1,1,17,1,2,2,2,1,2,1,2,1,2,1,2,2,2,2,2,2,"Illinois",1
"10722",170759,17,8007,40.57840833,-90.01883056,1,1,11,2,18,5,0,8,0,1,1,0,1,2,1,1,17,2,2,2,1,1,2,2,1,2,2,3,2,2,2,2,2,2,"Illinois",0
"10723",170760,17,4159,42.30290556,-89.11650556,2,2,11,3,0,4,0,33,0,1,1,0,4,2,1,1,17,2,2,2,1,1,2,1,2,2,1,3,2,2,2,2,2,2,"Illinois",1
"10724",170761,17,4088,42.33921944,-89.05824444,2,2,11,3,16,4,0,12,0,2,2,0,1,1,1,1,17,2,2,1,1,2,1,2,2,2,2,1,2,1,2,2,2,2,"Illinois",1
"10725",170762,17,5447,41.6223,-90.15740556,2,2,11,3,14,5,0,12,0,1,1,0,1,1,1,2,17,1,2,1,1,2,2,2,2,2,2,3,1,2,2,2,2,2,"Illinois",0
"10726",170763,17,5183,41.72576389,-88.23491667,1,1,11,3,16,6,0,3,0,1,1,0,4,1,1,1,17,2,2,1,1,1,2,2,2,2,2,1,2,2,2,2,2,2,"Illinois",1
"10727",170764,17,12021,38.75479167,-89.95235278,1,1,11,4,16,1,0,31,1,5,1,0,8,1,1,1,17,2,1,1,1,1,2,1,2,1,2,2,2,1,2,2,2,2,"Illinois",0
"10728",170765,17,5444,41.62584167,-87.70189444,2,2,11,7,17,3,0,8,0,3,3,0,1,5,1,1,17,2,2,1,2,1,2,2,1,2,2,3,2,2,2,2,2,2,"Illinois",0
"10729",170766,17,5288,41.68459444,-87.55938611,3,3,6,5,22,6,0,33,0,1,1,0,4,3,2,1,17,2,2,2,1,1,2,1,2,1,2,3,1,2,2,2,2,2,"Illinois",0
"10730",170767,17,13463,37.97945556,-89.036875,2,2,11,7,19,3,0,11,0,1,1,0,1,2,1,1,17,1,2,2,2,1,1,2,2,2,2,3,2,2,2,2,2,2,"Illinois",1
"10731",170768,17,7779,40.65391667,-87.70485,1,1,11,3,9,4,0,10,0,6,1,0,1,1,10,1,17,1,2,1,1,1,2,2,2,1,2,2,2,2,2,2,2,2,"Illinois",0
"10732",170770,17,12347,38.61655556,-89.14521667,2,2,11,3,16,2,0,1,0,1,1,0,1,1,1,1,17,1,2,1,1,1,2,2,2,1,2,3,2,2,1,2,2,2,"Illinois",0
"10733",170771,17,11669,38.91807778,-90.16347222,1,1,11,1,17,3,0,8,0,1,1,0,1,3,1,1,17,2,2,1,2,1,2,2,1,2,2,3,2,2,2,2,2,2,"Illinois",0
"10734",170772,17,4904,41.85378611,-87.95761944,1,1,11,1,17,3,0,9,0,2,2,0,1,2,1,1,17,2,2,1,2,1,2,2,2,2,2,2,2,2,2,2,2,2,"Illinois",0
"10735",170773,17,4833,41.89600278,-87.672175,2,2,11,4,7,6,0,12,0,2,2,0,1,1,1,1,17,2,2,1,1,2,1,2,2,2,2,3,2,2,2,2,2,2,"Illinois",0
"10736",170774,17,5704,41.52352778,-88.05953056,1,1,11,4,18,6,0,9,0,2,2,0,1,2,1,1,17,2,2,2,1,1,2,2,2,2,2,3,2,2,2,2,2,2,"Illinois",0
"10737",170775,17,4946,41.83214722,-87.95957222,2,2,11,5,9,4,0,12,0,1,1,0,1,1,1,1,17,2,2,1,1,2,2,2,2,2,2,3,2,1,2,2,2,2,"Illinois",0
"10738",170776,17,7056,40.84260278,-89.68123611,1,1,11,2,10,3,0,34,0,1,1,0,4,1,10,1,17,1,2,1,1,1,2,1,2,1,2,1,2,1,2,2,2,2,"Illinois",1
"10739",170777,17,4646,42.01912778,-87.71127222,1,1,11,6,16,6,1,9,0,2,2,0,1,3,10,1,17,2,2,1,1,1,2,2,2,2,2,2,2,2,2,2,2,2,"Illinois",0
"10740",170778,17,10156,39.67161944,-88.31100833,2,2,11,2,12,2,0,12,0,1,1,0,1,1,2,1,17,1,2,1,1,2,2,2,2,2,2,2,2,2,1,2,2,2,"Illinois",0
"10741",170779,17,6154,41.29926111,-87.62213333,2,2,11,4,17,3,0,12,0,1,1,0,1,2,1,1,17,1,2,1,1,2,2,2,2,2,2,3,1,2,2,2,2,2,"Illinois",0
"10742",170780,17,8148,40.51445,-89.78448889,4,4,11,4,18,4,0,12,0,1,1,0,1,2,1,2,17,1,2,2,1,2,2,2,2,2,2,3,2,1,2,2,1,2,"Illinois",0
"10743",170781,17,12034,38.74836667,-90.12096111,1,1,11,7,15,6,0,38,0,3,3,0,4,1,1,1,17,2,2,1,2,1,1,1,2,2,2,1,2,2,2,2,2,2,"Illinois",1
"10744",170782,17,11650,38.92508333,-88.65965556,3,3,11,7,14,3,0,12,0,8,1,0,1,1,1,1,17,1,2,1,2,2,2,2,2,2,2,3,2,2,2,2,2,2,"Illinois",0
"10745",170783,17,8057,40.56,-88.90895278,1,1,11,1,6,1,0,1,0,1,1,0,4,1,1,1,17,1,1,1,2,1,2,1,2,1,2,2,2,2,2,2,2,2,"Illinois",0
"10746",170784,17,12788,38.37455278,-90.05235833,2,2,11,2,6,4,0,12,0,3,2,0,1,4,1,1,17,1,2,1,1,2,2,2,2,2,2,3,1,2,2,2,2,2,"Illinois",0
"10747",170785,17,4809,41.91073056,-88.17455556,2,2,11,6,10,3,0,12,0,1,1,0,1,1,1,1,17,1,2,1,1,2,2,2,2,2,2,1,2,2,2,2,2,2,"Illinois",1
"10748",170786,17,14798,37.16277222,-88.53811944,1,1,11,1,21,5,0,42,0,8,1,0,4,2,1,1,17,1,2,2,2,1,2,1,2,2,2,1,2,2,2,2,2,2,"Illinois",1
"10749",170787,17,5206,41.718325,-87.89338333,2,2,11,6,5,3,0,12,0,1,1,0,1,2,1,1,17,2,2,2,1,2,2,1,2,2,2,2,1,2,2,2,2,2,"Illinois",0
"10750",170788,17,5120,41.75480833,-87.92005556,2,2,11,1,21,1,0,8,1,18,1,0,1,3,1,1,17,2,1,2,2,1,2,1,1,2,2,2,2,2,2,2,2,2,"Illinois",0
"10751",170789,17,4932,41.83877222,-87.63046944,3,3,11,6,0,1,0,25,1,19,1,0,10,3,2,1,17,2,2,2,1,1,2,1,2,2,2,1,2,2,2,2,1,2,"Illinois",1
"10752",170790,17,9512,39.91181944,-91.35257222,1,1,11,6,22,5,0,33,0,1,1,0,4,3,2,1,17,2,2,2,2,1,2,1,2,2,2,2,1,2,2,2,2,2,"Illinois",0
"10753",170791,17,5168,41.73101667,-88.30571667,1,1,11,2,20,6,0,8,0,3,3,0,1,2,2,1,17,2,2,2,1,1,2,2,1,2,2,2,1,2,2,2,2,2,"Illinois",0
"10754",170792,17,7018,40.85821667,-90.00420833,1,1,11,7,3,1,0,1,0,1,1,0,3,2,1,1,17,1,1,2,2,1,2,2,2,1,2,3,2,2,1,2,2,2,"Illinois",1
"10755",170793,17,4534,42.07409444,-88.29019167,1,1,11,3,20,3,0,8,0,1,1,0,1,3,2,1,17,2,2,2,1,1,2,2,1,2,2,3,2,2,2,2,2,2,"Illinois",0
"10756",170794,17,12063,38.73155,-89.84663056,1,1,10,3,23,5,0,1,0,1,1,0,1,2,1,1,17,1,2,2,1,1,1,1,2,2,2,1,2,2,2,2,2,2,"Illinois",1
"10757",170795,17,10540,39.46375278,-90.98528333,1,1,12,7,8,5,0,1,0,1,1,0,1,1,1,1,17,1,2,1,2,1,2,2,2,1,2,3,2,1,2,2,2,2,"Illinois",0
"10758",170796,17,5226,41.711725,-87.77963611,1,1,12,1,2,6,0,43,0,1,1,0,4,3,1,1,17,2,2,2,2,1,1,1,2,2,2,1,2,2,2,2,2,2,"Illinois",1
"10759",170797,17,4150,42.31001944,-88.21337222,3,3,11,6,14,5,0,42,0,1,1,0,4,1,1,3,17,2,2,1,1,1,2,1,2,2,2,2,1,2,2,2,2,2,"Illinois",0
"10760",170798,17,14229,37.54231944,-88.76338333,1,1,11,1,7,4,0,42,0,1,1,0,4,1,10,1,17,1,2,1,2,1,2,2,2,2,2,3,2,1,2,2,2,2,"Illinois",0
"10761",170799,17,10613,39.414375,-90.21245556,2,2,12,3,17,3,0,12,0,1,1,0,1,5,1,1,17,1,2,1,1,2,2,1,2,2,2,2,2,2,2,2,2,2,"Illinois",0
"10762",170801,17,4643,42.02134444,-88.28356667,1,1,12,4,5,3,0,8,0,1,1,0,1,3,5,1,17,2,2,2,1,1,2,2,1,2,2,3,2,2,2,2,2,2,"Illinois",0
"10763",170802,17,9762,39.80480278,-89.71563611,1,1,12,3,13,5,0,34,0,1,1,0,4,1,1,1,17,2,2,1,1,1,2,2,2,1,2,2,2,2,2,2,2,2,"Illinois",0
"10764",170803,17,9305,39.98472222,-90.44599444,1,1,12,3,16,2,0,1,0,3,3,0,1,1,1,1,17,1,2,1,1,1,2,2,2,1,2,1,2,2,2,2,2,2,"Illinois",1
"10765",170804,17,14222,37.54569167,-89.31373333,1,1,12,7,7,3,0,42,0,1,1,0,4,1,2,1,17,1,2,1,2,1,2,1,2,1,2,1,2,2,2,2,1,2,"Illinois",1
"10766",170805,17,4654,42.01528611,-88.22644444,1,1,9,2,5,2,0,8,0,1,1,0,1,2,1,1,17,2,2,2,2,1,2,2,1,2,2,2,2,2,2,2,2,2,"Illinois",0
"10767",170806,17,11728,38.89123056,-90.14614167,4,4,12,7,16,6,0,12,0,1,1,0,1,3,8,1,17,2,2,1,2,2,1,1,2,2,2,3,1,2,2,2,2,2,"Illinois",0
"10768",170808,17,6173,41.29149167,-90.59022778,2,2,10,7,6,2,0,12,0,1,1,0,1,2,1,1,17,1,2,1,2,2,2,1,2,2,2,3,2,2,2,2,2,2,"Illinois",0
"10769",170809,17,4781,41.93498056,-88.98102222,2,2,10,4,12,3,0,12,0,1,1,0,1,1,1,1,17,1,2,1,1,2,2,2,2,2,2,3,2,2,2,2,2,2,"Illinois",0
"10770",170810,17,8907,40.13582778,-91.01380556,1,1,10,6,22,5,0,32,0,1,1,0,4,2,1,1,17,1,2,2,2,1,2,2,2,2,2,2,2,2,1,2,2,2,"Illinois",0
"10771",170811,17,13437,37.98808056,-88.81243889,4,4,10,7,23,4,0,34,0,3,3,0,4,2,1,1,17,1,2,2,2,1,2,1,2,1,2,1,1,2,2,2,2,2,"Illinois",1
"10772",170812,17,4666,42.006725,-88.11921667,3,3,10,2,19,6,0,12,0,2,3,0,1,3,1,2,17,2,2,2,1,2,2,1,2,2,2,2,1,2,2,2,2,2,"Illinois",0
"10773",170813,17,12671,38.44141389,-90.12773611,1,1,10,5,7,3,0,33,0,3,3,0,4,9,1,1,17,1,2,1,1,1,1,1,2,2,2,1,2,2,1,2,2,2,"Illinois",1
"10774",170814,17,5498,41.60088611,-87.64508889,4,4,10,4,23,2,0,12,0,2,3,0,1,3,1,2,17,2,2,2,1,2,2,1,2,2,2,1,2,2,2,2,2,2,"Illinois",1
"10775",170815,17,11847,38.83333611,-90.07167222,3,3,10,6,7,3,0,12,0,3,2,0,1,3,1,1,17,2,2,1,1,2,1,1,2,2,2,3,2,2,2,2,2,2,"Illinois",0
"10776",170816,17,6566,41.09245556,-89.65787778,2,2,11,2,17,3,0,12,0,1,1,0,1,5,1,1,17,1,2,1,1,2,2,2,2,2,2,3,2,2,2,2,2,2,"Illinois",0
"10777",170817,17,5828,41.46739167,-87.64828889,3,3,11,3,4,6,0,42,0,1,1,0,4,2,1,1,17,2,2,2,1,1,2,2,2,2,2,1,2,2,1,2,2,2,"Illinois",1
"10778",170818,17,9260,39.99665833,-90.43678611,4,4,11,5,15,2,0,12,0,1,1,0,1,1,1,1,17,2,2,1,1,2,2,1,2,1,2,2,2,2,2,2,2,2,"Illinois",0
"10779",170819,17,6721,40.99838889,-90.44699444,1,1,11,6,9,5,0,34,0,1,1,0,4,1,1,1,17,1,2,1,1,1,2,1,2,1,2,1,1,2,2,2,2,2,"Illinois",1
"10780",170820,17,5568,41.57234444,-90.249075,1,1,11,6,1,3,0,32,0,1,1,0,4,2,1,1,17,1,2,2,1,1,2,1,2,1,2,3,2,2,2,2,2,2,"Illinois",1
"10781",170821,17,4845,41.89013056,-89.07271389,2,2,11,7,5,3,0,35,0,1,1,0,4,2,1,1,17,1,2,2,2,1,2,1,2,1,2,3,2,2,2,2,2,2,"Illinois",0
"10782",170822,17,4326,42.21226944,-89.10877222,1,1,11,7,17,3,0,8,0,1,1,0,1,3,1,1,17,2,2,1,2,1,2,1,1,2,2,3,2,2,2,2,2,2,"Illinois",0
"10783",170823,17,9647,39.85371944,-91.38274722,3,3,11,2,7,3,0,12,0,1,1,0,1,1,2,1,17,1,2,1,1,3,2,1,2,1,2,3,2,2,2,2,2,1,"Illinois",0
"10784",170824,17,6273,41.24846111,-88.10978889,1,1,11,1,16,5,0,30,0,1,1,0,4,5,1,1,17,1,2,1,2,1,2,1,2,2,2,3,2,2,1,2,2,2,"Illinois",1
"10785",170825,17,13694,37.82513889,-88.42557778,4,4,11,7,23,2,0,32,0,1,1,0,4,2,1,1,17,1,2,2,2,1,2,2,2,1,2,3,2,2,2,2,2,1,"Illinois",0
"10786",170826,17,11741,38.88530556,-90.09435278,2,2,11,1,8,6,0,12,0,3,3,0,1,1,1,1,17,2,2,1,2,2,2,2,2,2,2,3,2,1,2,2,2,2,"Illinois",0
"10787",170827,17,10924,39.26122778,-89.11062222,1,1,11,7,23,4,0,1,0,1,1,0,4,2,1,1,17,1,2,2,2,1,2,1,2,1,2,3,2,2,2,2,2,2,"Illinois",1
"10788",170828,17,11644,38.92711944,-90.18573333,5,5,11,3,17,2,0,12,0,1,1,0,1,5,10,1,17,2,2,1,1,3,2,2,2,2,2,3,2,1,2,2,2,2,"Illinois",0
"10789",170829,17,9626,39.86083333,-88.95010278,4,4,11,5,16,6,0,12,0,1,1,0,1,1,1,1,17,2,2,1,1,2,2,1,2,2,2,3,1,2,2,2,2,2,"Illinois",0
"10790",170830,17,4601,42.03949444,-88.19609444,5,5,11,1,16,3,0,12,0,3,3,0,1,1,1,1,17,2,2,1,2,2,2,2,2,2,2,3,2,2,2,2,2,2,"Illinois",0
"10791",170831,17,12365,38.60940833,-90.10496111,1,1,11,1,5,6,0,19,0,1,1,0,4,3,1,1,17,2,2,2,2,1,2,2,2,2,2,1,2,2,2,2,2,2,"Illinois",1
"10792",170832,17,12029,38.75019444,-90.07075833,1,1,11,2,5,3,0,8,0,2,2,0,1,2,2,1,17,2,2,2,2,1,2,1,1,2,2,3,2,2,2,2,2,2,"Illinois",0
"10793",170833,17,6663,41.03203333,-89.63005,6,6,11,5,15,3,0,12,0,3,2,0,1,1,1,1,17,1,2,1,1,2,2,2,2,2,2,3,1,2,2,2,2,2,"Illinois",0
"10794",170834,17,4221,42.27261944,-87.99375278,2,2,11,6,7,3,0,12,0,3,3,0,1,1,10,1,17,2,2,1,1,2,2,2,2,2,2,3,2,1,1,2,2,2,"Illinois",0
"10795",170835,17,13124,38.17991389,-88.65335833,3,3,11,5,22,3,0,34,0,1,1,0,4,2,10,1,17,1,2,2,1,1,2,2,2,1,2,3,2,2,1,2,2,2,"Illinois",0
"10796",170836,17,8306,40.43330278,-88.99052778,2,2,11,6,18,2,0,52,1,19,1,0,3,3,2,1,17,2,2,2,2,1,2,2,2,2,2,1,2,2,2,2,2,2,"Illinois",1
"10797",170837,17,9659,39.84983333,-88.816175,3,3,12,4,8,3,0,12,0,1,1,0,1,1,1,1,17,1,2,1,1,2,2,2,2,2,2,2,1,2,2,2,2,2,"Illinois",0
"10798",170838,17,12360,38.61127778,-90.08425556,1,1,12,5,1,5,0,8,0,3,3,0,1,2,1,1,17,2,2,2,1,1,2,2,1,2,2,3,2,2,2,1,2,2,"Illinois",0
"10799",170839,17,7423,40.748525,-88.15378333,2,2,12,5,17,2,0,12,0,1,1,0,1,2,1,1,17,1,2,1,1,2,2,2,2,2,2,1,2,2,1,2,2,2,"Illinois",1
"10800",170840,17,6408,41.17931667,-88.64496944,2,2,12,7,23,3,0,35,0,3,4,0,8,2,1,1,17,1,2,2,2,1,2,1,2,1,2,3,2,2,2,2,2,2,"Illinois",0
"10801",170841,17,13857,37.74314722,-89.16166944,1,1,12,7,20,3,0,8,0,3,2,0,1,2,1,2,17,1,2,2,2,1,2,2,1,2,2,3,2,2,2,2,2,2,"Illinois",0
"10802",170842,17,4215,42.27668889,-89.08254444,3,3,12,6,1,5,0,12,1,18,1,0,1,3,1,1,17,2,2,2,1,2,2,1,2,1,2,1,2,2,2,2,2,2,"Illinois",2
"10803",170843,17,4908,41.85048889,-87.63040556,2,2,12,3,23,6,0,25,0,1,1,1,4,3,1,2,17,2,2,2,1,1,2,1,2,2,2,1,2,2,1,2,2,2,"Illinois",1
"10804",170844,17,5999,41.38456389,-89.45068056,4,4,12,3,13,6,0,12,0,1,1,0,1,1,1,1,17,2,2,1,1,2,2,2,2,2,2,2,2,2,2,2,2,2,"Illinois",0
"10805",170845,17,4894,41.86227778,-87.73484444,2,2,12,1,23,6,0,9,0,3,2,0,1,3,1,1,17,2,2,2,2,1,2,1,1,2,2,3,1,2,2,2,2,2,"Illinois",0
"10806",170846,17,9226,40.01047778,-88.23786389,3,3,9,4,11,4,0,12,0,2,2,0,1,1,1,1,17,2,2,1,1,2,2,2,2,2,2,3,2,1,2,2,2,2,"Illinois",0
"10807",170847,17,7859,40.63160278,-87.8106,1,1,11,6,4,4,0,1,0,1,1,0,4,2,2,1,17,1,2,2,1,1,2,2,2,1,2,2,2,2,2,2,2,2,"Illinois",0
"10808",170848,17,4133,42.31686111,-88.14659444,1,1,9,5,17,6,0,1,0,1,1,0,1,1,1,1,17,2,2,1,1,1,1,1,2,2,2,3,1,2,2,2,2,2,"Illinois",0
"10809",170849,17,7235,40.79429444,-90.24073056,3,3,11,7,7,4,0,12,0,1,1,0,1,1,1,1,17,1,2,1,2,2,2,2,2,2,2,3,1,2,2,2,2,2,"Illinois",0
"10810",170850,17,4828,41.89865556,-88.97811111,1,1,11,1,3,5,0,34,0,1,1,0,4,2,1,1,17,1,2,2,2,1,2,2,2,1,2,1,2,2,2,2,2,2,"Illinois",1
"10811",170851,17,4432,42.14186111,-87.76709444,1,1,11,2,6,6,0,30,0,1,1,0,4,4,1,1,17,2,2,1,1,1,2,2,2,2,2,3,2,1,2,2,2,2,"Illinois",0
"10812",170852,17,8953,40.11804444,-91.38501389,1,1,11,4,22,5,0,1,0,1,1,0,1,2,1,1,17,1,2,2,1,1,2,2,2,1,2,1,2,2,1,2,2,2,"Illinois",1
"10813",170853,17,4707,41.97739167,-89.35448889,3,3,12,7,13,3,0,12,0,1,1,0,1,1,1,1,17,1,2,1,2,2,2,2,2,2,2,3,2,2,2,2,2,2,"Illinois",1
"10814",170854,17,3899,42.43048333,-89.38024167,3,3,12,7,2,4,0,34,0,1,1,0,4,2,5,1,17,1,2,2,2,1,2,1,2,1,2,3,2,2,1,2,2,2,"Illinois",1
"10815",170855,17,5146,41.74013056,-88.37545833,2,2,12,6,9,4,0,12,0,2,3,0,1,1,1,1,17,2,2,1,1,2,2,1,2,2,2,3,2,2,2,2,2,2,"Illinois",0
"10816",170856,17,12624,38.47336667,-89.678,2,2,12,1,22,3,0,12,0,1,1,0,1,2,1,1,17,1,2,2,2,2,2,1,2,2,2,3,1,2,2,2,2,2,"Illinois",0
"10817",170857,17,8269,40.44578333,-88.80611111,2,2,12,2,11,4,0,12,0,8,1,0,1,1,5,1,17,1,2,1,1,2,2,1,2,2,2,2,1,1,2,2,2,2,"Illinois",0
"10818",170858,17,4154,42.30603333,-88.33388889,1,1,12,2,17,5,0,12,0,1,1,0,1,2,2,1,17,2,2,1,1,2,2,1,1,2,2,3,2,2,2,2,1,2,"Illinois",0
"10819",170859,17,4944,41.83313889,-87.91975,2,2,12,3,11,4,0,12,0,1,1,0,1,1,1,1,17,2,2,1,1,2,2,1,2,2,2,2,2,1,2,2,1,2,"Illinois",0
"10820",170860,17,5249,41.70147222,-87.76920278,1,1,12,4,15,6,0,42,0,3,10,0,4,1,10,1,17,2,2,1,1,1,2,2,2,2,2,2,2,2,2,2,2,2,"Illinois",0
"10821",170861,17,11246,39.10399167,-88.47216111,4,4,12,6,17,3,0,12,0,2,2,0,1,5,2,1,17,1,2,1,1,2,2,2,2,2,2,2,1,2,2,2,2,2,"Illinois",0
"10822",170862,17,4268,42.25117778,-88.91527222,1,1,12,1,21,6,0,30,0,1,1,0,4,2,2,1,17,2,2,2,2,1,2,2,2,2,2,2,2,2,2,2,2,2,"Illinois",0
"10823",170863,17,5557,41.57535556,-88.43502222,3,3,12,7,8,3,0,12,0,2,2,0,1,1,10,1,17,1,2,1,2,3,2,1,2,2,2,3,2,2,2,2,2,2,"Illinois",0
"10824",170864,17,9628,39.86014722,-89.01250556,1,1,12,4,3,6,0,34,0,1,1,0,4,2,10,1,17,2,2,2,1,1,2,1,2,1,2,1,2,2,2,2,2,2,"Illinois",1
"10825",170865,17,4972,41.82085278,-89.74184444,4,4,12,2,19,4,0,12,0,1,1,0,1,2,10,2,17,1,2,2,1,2,2,2,2,2,2,3,2,2,2,2,2,2,"Illinois",0
"10826",170866,17,7947,40.59751667,-89.67040833,2,2,12,2,16,2,0,12,0,1,1,0,1,2,1,2,17,1,2,1,1,2,2,1,2,2,2,2,2,2,1,2,2,2,"Illinois",0
"10827",170867,17,4698,41.98324722,-88.14917778,5,5,12,2,16,6,0,12,0,1,1,0,1,1,2,1,17,2,2,1,1,3,2,1,2,2,2,3,2,1,2,2,2,2,"Illinois",0
"10828",170868,17,6749,40.98078056,-89.35788333,1,1,12,4,3,4,0,32,0,1,1,0,4,2,2,1,17,1,2,2,1,1,2,2,2,1,2,1,2,2,2,2,2,2,"Illinois",1
"10829",170869,17,14691,37.23243889,-89.04108611,2,2,12,5,6,3,0,12,0,1,1,0,1,2,1,2,17,1,2,1,1,2,2,2,2,1,2,3,2,2,2,2,2,2,"Illinois",0
"10830",170870,17,8920,40.13044444,-88.2713,3,3,12,5,11,6,0,42,0,3,2,0,4,1,1,1,17,2,2,1,1,1,2,1,2,2,2,2,1,2,2,2,2,2,"Illinois",0
"10831",170871,17,12480,38.55462222,-89.53530278,1,1,12,6,11,6,0,10,0,6,1,0,1,1,1,1,17,2,2,1,1,1,2,2,2,2,2,3,2,1,2,2,2,2,"Illinois",0
"10832",170872,17,11237,39.10614444,-89.48730556,2,2,12,1,1,3,0,42,0,1,1,0,4,2,1,2,17,1,2,2,2,1,2,2,2,2,2,2,1,2,2,2,2,2,"Illinois",1
"10833",170873,17,13919,37.71539722,-89.53786389,2,2,12,1,17,4,0,1,0,1,1,0,4,2,1,1,17,1,2,1,2,1,2,1,2,1,2,1,2,2,2,2,2,2,"Illinois",1
"10834",170874,17,5378,41.64808333,-88.3821,2,2,12,1,13,6,0,24,0,1,1,0,4,1,2,1,17,2,2,1,2,2,2,1,2,2,2,3,2,1,2,2,2,2,"Illinois",0
"10835",170877,17,12413,38.58776944,-88.94012778,1,1,12,3,20,3,0,34,0,1,1,0,4,2,5,1,17,1,2,2,1,1,2,2,2,1,2,1,2,2,2,2,2,2,"Illinois",1
"10836",170878,17,7796,40.64996389,-89.03866389,1,1,12,3,7,4,0,3,0,1,1,0,5,9,99,1,17,1,2,1,1,1,2,1,2,2,2,1,2,2,2,2,2,2,"Illinois",1
"10837",170880,17,11172,39.13310833,-88.44458889,2,2,12,6,16,5,0,12,0,2,2,0,1,1,1,1,17,1,2,1,1,2,1,1,2,2,2,3,2,1,1,2,2,2,"Illinois",0
"10838",170881,17,5203,41.7202,-88.54686667,2,2,12,3,15,4,0,12,0,1,1,0,1,1,1,1,17,2,2,1,1,2,2,2,2,2,2,3,2,2,2,2,2,2,"Illinois",0
"10839",170882,17,4912,41.84909167,-87.73036389,1,1,12,5,21,6,0,8,0,1,1,0,1,3,1,1,17,2,2,2,1,1,2,1,1,2,2,3,2,2,1,1,2,2,"Illinois",1
"10840",170883,17,5559,41.57493056,-87.55885,1,1,12,7,6,3,0,8,0,1,1,0,1,3,1,1,17,2,2,1,2,1,2,2,1,2,2,3,2,2,2,2,2,2,"Illinois",0
"10841",170884,17,4938,41.83692222,-87.67911389,7,7,12,2,6,1,0,18,1,19,1,1,4,1,3,1,17,2,1,1,1,1,2,1,2,2,2,2,2,2,2,2,2,1,"Illinois",0
"10842",170885,17,4570,42.05189444,-88.30913889,1,1,12,2,7,6,0,33,0,1,1,0,4,9,99,1,17,2,2,1,1,1,2,2,2,1,2,1,2,2,2,2,2,2,"Illinois",1
"10843",170886,17,6422,41.17367222,-87.91869722,3,3,12,5,15,3,0,12,0,4,1,0,1,1,1,1,17,1,2,1,1,2,2,2,2,2,2,3,2,1,2,2,2,2,"Illinois",0
"10844",170887,17,7776,40.65475833,-89.00454444,1,1,12,7,2,1,0,8,0,1,1,0,1,2,1,1,17,1,1,2,2,1,2,2,1,2,2,2,2,2,2,2,2,2,"Illinois",0
"10845",170888,17,12390,38.59697778,-89.55553611,1,1,12,3,13,5,0,32,0,1,1,0,4,1,1,1,17,1,2,1,1,1,2,1,2,1,2,3,1,2,2,2,2,2,"Illinois",0
"10846",170889,17,4245,42.26401944,-89.01986111,1,1,12,4,14,2,0,46,0,3,2,0,4,1,1,1,17,2,2,1,1,1,2,2,2,2,2,3,2,1,2,2,2,1,"Illinois",0
"10847",170890,17,4887,41.86728333,-87.73009167,1,1,9,2,2,6,0,42,0,1,1,0,4,3,1,1,17,2,2,2,2,1,2,1,2,2,2,2,2,2,2,2,2,2,"Illinois",0
"10848",170891,17,4696,41.98443889,-87.82330833,1,1,5,6,23,6,0,33,0,3,2,0,4,3,1,1,17,2,2,2,2,1,1,2,2,2,2,2,2,1,2,2,2,2,"Illinois",0
"10849",170892,17,4773,41.94041667,-87.8362,2,2,8,7,15,3,0,12,0,2,2,0,1,1,1,1,17,2,2,1,2,2,2,2,2,2,2,3,1,2,2,2,2,2,"Illinois",0