"","ST_CASE","OBJECT_ID","FID","LATITUDE","LONGITUD","PERMVIT","PERSONS","MONTH","DAY_WEEK","HOUR","ROUTE","SP_JUR","HARM_EV","RELJCT1","RELJCT2","TYP_INT","WRK_ZONE","REL_ROAD","LGT_COND","WEATHER","FATALS","STATE","A_RU","A_INTER","A_TOD","A_DOW","A_CT","A_MC","A_SPCRA","A_PED","A_ROLL","A_POLPUR","A_POSBAC","A_D15_20","A_D65PLS","A_D21_24","A_HR","A_DIST","A_DROWSY","STATE_NAME","drunkDr"
"10986",180064,18,13549,37.92904722,-87.96644722,4,4,2,4,9,3,0,12,0,1,1,0,1,1,1,1,18,1,2,1,1,3,2,2,2,2,2,3,2,2,2,2,2,2,"Indiana",0
"10987",180065,18,6217,41.27251111,-84.93607222,3,3,2,4,14,3,0,12,0,1,1,0,1,1,10,1,18,1,2,1,1,2,2,2,2,2,2,2,2,2,2,2,2,1,"Indiana",0
"10988",180066,18,5267,41.69560278,-86.31425833,2,2,2,5,7,2,0,25,0,1,1,0,3,1,11,1,18,2,2,1,1,2,2,2,2,2,2,2,2,2,2,2,2,2,"Indiana",0
"10989",180067,18,10200,39.651375,-86.07106389,2,2,2,3,15,5,0,12,0,1,1,0,1,1,1,1,18,2,2,1,1,2,2,2,2,2,2,2,2,1,2,2,2,2,"Indiana",0
"10990",180068,18,8362,40.40893611,-84.84425278,1,1,2,6,17,4,0,34,0,1,1,0,4,1,10,1,18,1,2,1,1,1,2,2,2,1,2,2,2,2,2,2,2,2,"Indiana",0
"10991",180069,18,11227,39.10951111,-85.95211389,2,2,2,1,18,1,0,12,0,1,1,0,1,2,2,1,18,1,1,2,2,2,2,2,2,1,2,2,2,2,2,2,2,2,"Indiana",0
"10992",180070,18,13489,37.96482222,-87.81272778,1,1,2,5,18,4,0,1,0,1,1,0,4,2,1,1,18,1,2,2,1,1,2,1,2,1,2,1,2,2,2,2,2,2,"Indiana",1
"10993",180071,18,12832,38.34537222,-85.75933333,3,3,2,1,15,1,0,1,0,1,1,0,4,1,1,1,18,2,1,1,2,1,2,1,2,1,2,2,1,2,2,2,2,2,"Indiana",0
"10994",180072,18,10694,39.37263889,-86.40030833,1,1,2,3,19,4,0,42,0,1,1,0,4,2,1,1,18,1,2,2,1,1,2,1,2,2,2,3,2,2,2,2,2,2,"Indiana",1
"10995",180073,18,8910,40.13471111,-86.24186111,1,1,2,3,9,4,0,43,0,1,1,0,4,1,10,1,18,1,2,1,1,1,2,2,2,1,2,2,2,2,2,2,2,2,"Indiana",0
"10996",180074,18,8213,40.47835556,-85.89295556,2,2,2,5,5,2,0,12,0,1,1,0,1,2,11,1,18,1,2,2,1,2,2,2,2,2,2,2,2,2,2,2,2,2,"Indiana",0
"10997",180075,18,6648,41.04333056,-84.99764444,1,1,2,2,20,5,0,35,0,1,1,0,4,2,10,1,18,1,2,2,1,1,2,2,2,1,2,1,2,1,2,2,2,2,"Indiana",1
"10998",180076,18,5297,41.68065556,-86.58332778,3,3,2,2,9,2,0,12,0,2,2,0,1,1,10,1,18,1,2,1,1,2,2,2,2,2,2,2,2,2,2,2,2,2,"Indiana",0
"10999",180077,18,5320,41.67210833,-86.59946389,5,5,2,7,10,2,0,12,0,1,1,0,1,1,11,1,18,1,2,1,2,3,2,1,2,2,2,3,2,2,2,2,2,2,"Indiana",0
"11000",180078,18,5574,41.57005833,-87.42018611,5,5,2,1,4,1,0,48,0,1,1,0,4,2,1,3,18,2,1,2,2,1,2,2,2,2,2,2,2,2,1,2,2,2,"Indiana",0
"11001",180079,18,7751,40.66286944,-86.77421389,3,3,2,5,12,4,0,43,0,1,1,0,4,1,1,1,18,1,2,1,1,1,2,1,2,1,2,3,2,2,2,2,2,2,"Indiana",0
"11002",180080,18,7814,40.64474167,-85.68672222,1,1,2,7,13,4,0,1,0,1,1,0,4,1,1,1,18,1,2,1,2,1,1,1,2,2,2,2,2,1,2,2,2,2,"Indiana",0
"11003",180081,18,9866,39.76475556,-86.26984722,1,1,2,1,2,2,0,8,0,3,2,0,1,2,1,1,18,2,2,2,2,1,2,2,1,2,2,3,2,2,1,2,2,2,"Indiana",0
"11004",180082,18,10164,39.66551944,-87.49743611,2,2,2,7,21,3,0,52,0,1,1,0,4,2,1,2,18,1,2,2,2,1,2,1,2,2,2,1,2,2,2,2,2,2,"Indiana",1
"11005",180083,18,12730,38.41028333,-85.76487778,1,1,2,3,7,1,0,42,0,1,1,0,4,1,1,1,18,2,1,1,1,1,2,1,2,2,2,3,2,2,2,2,2,2,"Indiana",0
"11006",180084,18,9018,40.08764722,-85.69199722,3,3,2,7,9,5,0,12,0,1,1,0,1,1,4,1,18,2,2,1,2,2,2,2,2,2,2,2,2,2,2,2,2,2,"Indiana",0
"11007",180085,18,10343,39.58609444,-86.820925,3,3,1,1,16,2,0,12,0,1,1,0,1,1,4,1,18,1,2,1,2,2,2,2,2,2,2,2,2,2,2,2,2,2,"Indiana",0
"11008",180086,18,11021,39.20743889,-87.38950278,3,3,2,5,22,2,0,12,0,1,1,0,1,2,1,1,18,1,2,2,1,2,2,2,2,2,2,3,2,2,2,2,1,2,"Indiana",0
"11009",180087,18,13561,37.92605278,-86.99815556,1,1,2,5,23,3,0,42,0,1,1,0,4,2,1,1,18,1,2,2,1,1,2,2,2,2,2,3,2,2,2,2,2,2,"Indiana",0
"11010",180088,18,6376,41.19525833,-87.18360556,1,1,2,6,4,5,0,42,0,1,1,0,4,2,1,1,18,1,2,2,1,1,2,2,2,2,2,3,2,2,2,2,2,2,"Indiana",0
"11011",180089,18,12843,38.33632222,-85.74878333,1,1,2,6,23,2,0,8,0,1,1,0,1,2,10,1,18,2,2,2,2,1,2,2,1,2,2,2,2,2,2,2,2,2,"Indiana",0
"11012",180090,18,10952,39.24431389,-85.94139444,1,1,3,1,11,2,0,24,0,1,1,0,4,1,4,1,18,2,2,1,2,1,2,1,2,1,2,1,2,2,2,2,2,2,"Indiana",1
"11013",180091,18,10742,39.34915833,-86.49013056,1,1,2,7,11,3,0,42,0,1,1,0,4,1,1,1,18,1,2,1,2,1,2,2,2,2,2,1,2,2,2,2,2,2,"Indiana",1
"11014",180092,18,12869,38.32333333,-87.17992222,3,3,2,7,14,3,0,12,0,1,1,0,1,1,1,1,18,1,2,1,2,3,2,2,2,2,2,2,2,2,1,2,2,2,"Indiana",0
"11015",180093,18,7162,40.81191944,-86.3646,1,1,3,2,16,4,0,42,0,1,1,0,4,1,1,1,18,1,2,1,1,1,2,2,2,2,2,1,2,2,2,2,2,2,"Indiana",1
"11016",180094,18,11515,38.98626389,-85.65609167,3,3,2,3,17,2,0,12,0,3,3,0,1,1,1,1,18,1,2,1,1,2,2,2,2,2,2,3,2,2,2,2,2,2,"Indiana",0
"11017",180095,18,6153,41.30148333,-87.30119167,1,1,2,1,5,1,0,31,0,1,1,0,4,2,1,1,18,1,1,2,2,1,2,2,2,2,2,1,2,2,1,2,2,2,"Indiana",1
"11018",180096,18,6535,41.10788333,-85.21621389,1,1,3,1,19,5,0,8,0,1,1,0,1,2,10,1,18,1,2,2,2,1,2,2,1,2,2,2,2,2,2,2,2,2,"Indiana",0
"11019",180097,18,13119,38.18416944,-86.98848333,2,2,2,5,20,2,0,12,0,7,1,0,1,2,1,1,18,1,2,2,1,2,2,2,2,2,2,2,2,1,2,2,2,2,"Indiana",0
"11020",180098,18,10286,39.61246111,-86.72146111,1,1,3,5,9,2,0,1,0,1,1,0,3,1,1,1,18,1,2,1,1,1,2,1,2,1,2,1,2,2,2,2,2,2,"Indiana",1
"11021",180099,18,8487,40.34709444,-87.092025,1,1,3,6,7,4,0,10,0,6,1,0,1,1,1,1,18,1,2,1,1,1,2,2,2,2,2,2,2,2,2,2,2,2,"Indiana",0
"11022",180100,18,11539,38.97665556,-85.89115,1,1,3,3,16,3,0,42,0,1,1,0,4,1,2,1,18,1,2,1,1,1,2,2,2,2,2,3,2,1,2,2,2,2,"Indiana",0
"11023",180101,18,9898,39.75588333,-86.05451667,1,1,3,5,5,5,0,8,0,2,2,0,1,2,1,1,18,2,2,2,1,1,2,2,1,2,2,3,2,2,2,2,2,2,"Indiana",0
"11024",180102,18,12471,38.55721667,-86.404125,6,6,3,3,12,3,0,12,0,1,1,0,1,1,2,1,18,1,2,1,1,3,2,2,2,1,2,3,1,1,2,2,2,1,"Indiana",0
"11025",180103,18,10496,39.48815278,-86.80276667,1,1,3,2,9,3,0,35,0,1,1,0,4,1,10,1,18,1,2,1,1,1,2,2,2,1,2,3,2,2,2,2,2,2,"Indiana",0
"11026",180104,18,11030,39.20174722,-85.85113333,1,1,3,2,7,4,0,5,0,1,1,0,4,4,10,1,18,2,2,1,1,1,1,1,2,2,2,3,2,2,2,2,2,2,"Indiana",0
"11027",180105,18,10644,39.40005278,-87.10599167,2,2,3,4,5,3,0,12,0,1,1,0,1,2,1,1,18,1,2,2,1,2,2,2,2,1,2,3,1,2,2,2,2,2,"Indiana",0
"11028",180107,18,11787,38.86018889,-86.521175,1,1,3,3,10,3,0,35,0,1,1,0,3,1,2,1,18,1,2,1,1,1,2,1,2,2,2,2,2,2,2,2,2,2,"Indiana",0
"11029",180108,18,12126,38.70153611,-87.48478056,1,1,3,4,7,4,0,24,0,1,1,0,4,4,5,1,18,1,2,1,1,1,2,1,2,2,2,2,2,2,1,2,2,2,"Indiana",0
"11030",180109,18,12288,38.63818889,-87.17743333,1,1,3,6,5,3,0,8,0,1,1,0,1,2,2,1,18,1,2,2,1,1,2,2,1,2,2,3,2,2,2,2,2,2,"Indiana",0
"11031",180110,18,6437,41.16096667,-85.19687778,1,1,3,7,16,5,0,17,0,1,1,0,4,1,1,1,18,1,2,1,2,1,2,2,2,2,2,1,2,2,2,2,2,2,"Indiana",1
"11032",180111,18,6421,41.17371944,-85.11504444,1,1,3,6,21,5,0,53,0,3,4,0,4,2,5,1,18,2,2,2,2,1,2,2,2,2,2,2,2,1,2,2,2,2,"Indiana",0
"11033",180112,18,5925,41.41800833,-87.36434167,2,2,3,7,15,3,0,12,0,2,2,0,1,1,1,1,18,2,2,1,2,2,1,2,2,2,2,2,1,2,2,2,2,2,"Indiana",0
"11034",180114,18,13481,37.96866111,-87.67699167,4,4,3,7,22,6,0,12,0,1,1,0,1,2,1,1,18,2,2,2,2,2,2,2,2,2,2,1,1,2,2,2,2,2,"Indiana",1
"11035",180115,18,9381,39.95301111,-86.51901944,2,2,3,7,11,3,0,12,0,1,1,0,1,1,10,1,18,1,2,1,2,2,2,1,2,2,2,2,2,2,2,2,2,2,"Indiana",0
"11036",180116,18,11420,39.02834444,-85.83562222,5,5,3,3,8,2,0,12,0,3,3,0,1,2,2,1,18,1,2,1,1,3,2,1,2,2,2,3,2,2,2,2,2,2,"Indiana",0
"11037",180118,18,12679,38.438375,-85.69755556,1,1,2,7,14,4,0,35,0,1,1,0,4,1,10,1,18,1,2,1,2,1,2,2,2,2,2,3,2,1,2,2,2,2,"Indiana",0
"11038",180119,18,9742,39.81621389,-86.27011111,5,5,3,7,17,5,0,12,0,2,2,0,1,1,1,1,18,2,2,1,2,3,2,1,2,2,2,3,2,2,1,2,2,2,"Indiana",0
"11039",180120,18,9941,39.74241667,-85.89567222,6,6,3,1,16,4,0,12,0,2,2,0,1,1,1,1,18,2,2,1,2,2,2,2,2,2,2,3,2,2,2,2,1,2,"Indiana",0
"11040",180121,18,5408,41.63739444,-87.03375,1,1,3,2,21,2,0,34,0,1,1,0,4,2,1,1,18,1,2,2,1,1,2,2,2,2,2,2,2,2,2,2,2,2,"Indiana",0
"11041",180122,18,5529,41.58828611,-87.50842778,1,1,2,7,20,5,0,8,0,1,1,0,1,2,1,1,18,2,2,2,2,1,2,1,1,2,2,3,2,2,2,1,2,2,"Indiana",0
"11042",180123,18,6113,41.31845,-87.05585556,5,5,3,3,11,3,0,12,0,1,1,0,1,1,1,2,18,1,2,1,1,2,2,2,2,2,2,2,2,2,2,2,2,2,"Indiana",0
"11043",180124,18,11083,39.17608889,-85.95830833,2,2,3,7,1,1,0,42,0,1,1,0,4,2,1,1,18,2,1,2,2,1,2,2,2,2,2,1,2,2,1,2,2,2,"Indiana",1
"11044",180125,18,7936,40.60274444,-86.97738333,12,12,3,3,21,1,0,12,0,1,1,0,1,2,5,1,18,1,1,2,1,3,2,1,2,2,2,3,2,1,1,2,2,1,"Indiana",0
"11045",180126,18,5513,41.59363056,-87.19143333,2,2,3,2,19,2,0,8,0,1,1,0,1,2,1,1,18,2,2,2,1,1,2,2,1,2,2,2,2,2,2,2,2,2,"Indiana",0
"11046",180127,18,9285,39.98938333,-85.74218889,2,2,3,4,17,3,0,12,0,1,1,0,1,1,10,1,18,2,2,1,1,2,2,2,2,2,2,3,2,1,2,2,2,2,"Indiana",0
"11047",180128,18,11293,39.08747778,-85.01886389,2,2,3,4,14,3,0,12,0,1,1,0,1,1,1,1,18,1,2,1,1,2,2,2,2,2,2,3,2,2,2,2,2,2,"Indiana",0
"11048",180129,18,10410,39.53946111,-85.7051,1,1,3,4,10,3,0,35,0,1,1,0,4,9,10,1,18,1,2,1,1,1,2,2,2,2,2,3,2,2,1,2,2,2,"Indiana",0
"11049",180130,18,6431,41.16423889,-85.16576389,5,5,3,5,6,5,0,12,0,2,2,0,1,2,2,1,18,2,2,1,1,2,2,2,2,2,2,3,2,1,2,2,2,2,"Indiana",0
"11050",180131,18,6050,41.3509,-85.14552778,1,1,3,2,3,5,0,30,0,1,1,0,4,2,10,1,18,1,2,2,2,1,2,1,2,2,2,1,2,2,2,2,2,2,"Indiana",1
"11051",180132,18,7924,40.60816389,-86.98124167,6,6,3,3,22,1,0,12,0,1,1,0,1,2,5,1,18,1,1,2,1,3,2,1,2,2,2,3,2,2,1,2,2,2,"Indiana",0
"11052",180134,18,10570,39.44831667,-87.34465,1,1,3,5,7,5,0,24,0,1,1,0,4,2,2,1,18,1,2,1,1,1,2,2,2,1,2,3,2,2,2,2,2,2,"Indiana",0
"11053",180135,18,5364,41.65268056,-87.46756667,2,2,3,7,9,3,0,26,0,1,1,1,5,1,1,1,18,2,2,1,2,1,2,2,2,2,2,3,2,2,2,2,2,2,"Indiana",0
"11054",180136,18,5303,41.67934722,-86.04345,1,1,3,1,3,4,0,53,0,1,1,0,4,2,1,1,18,2,2,2,2,1,2,1,2,2,2,1,1,2,2,2,2,2,"Indiana",1
"11055",180137,18,8109,40.53489167,-86.13233889,2,2,3,2,17,2,0,12,0,1,1,0,1,1,7,1,18,1,2,1,1,2,2,2,2,2,2,3,1,2,2,2,2,2,"Indiana",0
"11056",180138,18,5750,41.49986667,-87.091275,2,2,3,1,20,5,0,30,0,1,1,0,4,2,2,1,18,2,2,2,2,1,2,1,2,2,2,2,2,2,1,2,2,2,"Indiana",0
"11057",180139,18,10456,39.51166944,-87.12537222,2,2,4,4,7,3,0,12,0,2,2,0,1,1,1,1,18,2,2,1,1,2,2,2,2,2,2,3,2,1,2,2,2,2,"Indiana",0
"11058",180140,18,6146,41.30389444,-87.04482222,1,1,3,3,22,4,0,42,0,1,1,0,4,1,10,1,18,1,2,2,1,1,2,2,2,2,2,2,2,2,2,2,2,2,"Indiana",0
"11059",180141,18,12846,38.33528611,-85.89920278,3,3,3,2,21,2,0,12,0,2,2,0,1,2,1,1,18,2,2,2,1,2,2,2,2,2,2,2,2,2,2,2,2,2,"Indiana",0
"11060",180143,18,5996,41.385325,-87.431225,3,3,2,2,21,5,0,12,0,3,3,0,1,2,1,1,18,2,2,2,1,2,2,1,2,2,2,3,1,2,2,2,2,2,"Indiana",0
"11061",180144,18,10749,39.34575278,-86.2605,3,3,2,7,22,3,0,24,0,1,1,0,4,2,4,1,18,1,2,2,2,1,2,2,2,1,2,3,2,2,2,2,2,2,"Indiana",0
"11062",180145,18,8240,40.46328611,-86.05411111,1,1,4,5,5,4,0,32,0,1,1,0,4,2,1,1,18,1,2,2,1,1,2,2,2,1,2,2,2,2,2,2,2,2,"Indiana",0
"11063",180146,18,9207,40.01768611,-86.91485556,3,3,4,6,13,4,0,34,0,1,1,0,4,1,2,1,18,1,2,1,1,1,2,1,2,1,2,2,1,2,2,2,2,2,"Indiana",0
"11064",180147,18,10224,39.64377778,-86.08348611,2,2,3,7,19,5,0,30,0,1,1,0,4,1,1,1,18,2,2,2,2,1,2,2,2,1,2,1,2,2,2,2,2,2,"Indiana",1
"11065",180148,18,6931,40.89348333,-85.16650833,4,4,4,7,4,3,0,12,0,1,1,0,1,2,1,3,18,1,2,2,2,2,2,2,2,2,2,1,2,1,2,2,1,2,"Indiana",1
"11066",180149,18,5174,41.72860833,-86.25056944,1,1,4,2,20,3,0,8,0,1,1,0,1,2,10,1,18,2,2,2,1,1,2,2,1,2,2,2,2,1,2,2,2,2,"Indiana",0
"11067",180150,18,10747,39.3467,-87.49349444,3,3,4,3,19,4,0,31,0,1,1,0,4,1,1,2,18,1,2,2,1,1,2,2,2,2,2,2,1,2,2,2,2,2,"Indiana",0
"11068",180151,18,12806,38.36486667,-85.96026111,2,2,4,4,20,4,0,42,0,1,1,0,4,2,10,1,18,1,2,2,1,1,2,1,2,2,2,1,2,2,2,2,2,2,"Indiana",1
"11069",180152,18,9842,39.77112778,-86.15053333,7,7,4,1,2,5,0,8,0,1,1,0,1,2,1,1,18,2,2,2,2,1,2,2,1,2,2,2,2,2,2,2,2,2,"Indiana",0
"11070",180153,18,13381,38.014175,-87.57415,1,1,3,2,20,5,0,8,0,3,2,0,1,2,10,1,18,2,2,2,1,1,2,2,1,2,2,2,2,2,2,2,2,2,"Indiana",0
"11071",180154,18,5404,41.63948056,-85.70507778,2,2,4,2,5,3,0,12,0,2,2,0,1,2,10,1,18,1,2,2,2,2,2,2,2,2,2,2,2,1,2,2,2,2,"Indiana",0
"11072",180155,18,9050,40.073,-85.85676111,1,1,3,4,12,3,0,32,0,1,1,0,4,1,1,1,18,1,2,1,1,1,2,2,2,2,2,3,2,1,2,2,2,2,"Indiana",0
"11073",180156,18,10337,39.58711111,-85.8586,1,1,4,5,19,4,0,42,0,1,1,0,4,1,1,1,18,1,2,2,1,1,2,1,2,2,2,3,1,2,2,2,2,2,"Indiana",0
"11074",180157,18,5920,41.42079444,-87.42043611,6,6,4,4,14,5,0,12,0,3,3,0,1,1,1,1,18,1,2,1,1,2,1,1,2,2,2,3,2,2,1,2,2,2,"Indiana",0
"11075",180158,18,5796,41.47990278,-87.02014444,2,2,4,5,23,3,0,12,0,1,1,0,1,2,1,2,18,2,2,2,1,2,2,1,2,1,2,1,1,2,2,2,2,2,"Indiana",1
"11076",180160,18,13108,38.18692778,-87.031025,2,2,4,5,14,3,0,12,0,2,2,0,1,1,10,1,18,1,2,1,1,2,2,2,2,2,2,3,2,1,2,2,2,2,"Indiana",0
"11077",180161,18,6390,41.18663333,-86.94951111,1,1,4,6,7,3,0,42,0,1,1,0,4,4,5,1,18,1,2,1,1,1,2,1,2,2,2,2,2,2,2,2,2,2,"Indiana",0
"11078",180162,18,12262,38.64750556,-86.91449722,1,1,3,7,11,2,0,8,0,1,1,0,1,1,10,1,18,1,2,1,2,1,2,2,1,2,2,2,2,2,2,2,2,2,"Indiana",0
"11079",180163,18,9881,39.76100556,-86.7832,2,2,4,7,18,2,0,35,0,1,1,0,4,1,1,1,18,1,2,2,2,1,2,1,2,1,2,1,2,2,2,2,2,2,"Indiana",1
"11080",180164,18,5666,41.53767778,-85.75116667,3,3,4,7,11,4,0,12,0,2,2,0,1,1,1,1,18,1,2,1,2,2,1,2,2,2,2,2,2,2,2,2,2,2,"Indiana",0
"11081",180165,18,11893,38.80965556,-87.15109444,1,1,4,7,20,3,0,1,0,1,1,0,4,5,1,1,18,1,2,2,2,1,1,2,2,2,2,3,2,2,2,2,2,2,"Indiana",0
"11082",180166,18,5189,41.72434167,-85.98114722,4,4,4,7,16,4,0,12,0,2,2,0,1,1,10,1,18,2,2,1,2,2,1,2,2,2,2,2,2,1,2,2,2,2,"Indiana",0
"11083",180167,18,8998,40.09545278,-85.96772222,2,2,4,1,3,3,0,24,0,1,1,0,4,2,1,1,18,2,2,2,2,1,2,2,2,1,2,1,2,2,2,2,2,2,"Indiana",1
"11084",180168,18,5435,41.62920833,-87.48075556,1,1,4,7,21,3,0,8,0,2,2,0,1,2,1,1,18,2,2,2,2,1,2,2,1,2,2,1,2,2,2,1,2,2,"Indiana",1
"11085",180169,18,6311,41.22977222,-86.56155,3,3,4,6,20,3,0,12,0,1,1,0,1,2,10,2,18,1,2,2,2,2,1,2,2,2,2,1,2,2,2,2,2,2,"Indiana",1
"11086",180170,18,10970,39.23307222,-85.77264167,2,2,4,6,4,4,0,1,0,1,1,0,4,2,5,1,18,1,2,2,1,1,2,2,2,1,2,3,2,1,2,2,2,2,"Indiana",0
"11087",180171,18,11474,39.00296667,-86.537275,1,1,4,1,7,3,0,1,0,1,1,0,4,4,10,1,18,1,2,1,2,1,2,2,2,1,2,3,2,2,1,2,2,2,"Indiana",0
"11088",180172,18,7101,40.82905278,-85.34114722,1,1,4,2,21,2,0,32,0,1,1,0,4,2,10,1,18,1,2,2,1,1,2,1,2,1,2,1,2,2,2,2,2,2,"Indiana",1
"11089",180173,18,10149,39.67423889,-86.499575,4,4,4,4,12,2,0,34,0,1,1,0,4,1,1,1,18,1,2,1,1,1,2,2,2,1,2,3,2,2,1,2,2,2,"Indiana",0
"11090",180174,18,9751,39.81070278,-86.1344,1,1,4,7,23,5,0,8,0,3,3,0,1,2,1,1,18,2,2,2,2,1,2,2,1,2,2,3,2,2,2,2,2,2,"Indiana",0
"11091",180175,18,11719,38.89538333,-85.81854167,1,1,4,6,17,2,0,35,0,1,1,0,4,1,1,1,18,1,2,1,1,1,2,2,2,2,2,3,2,2,2,2,2,2,"Indiana",0
"11092",180176,18,5233,41.70996667,-86.06208611,1,1,4,1,3,5,0,42,0,3,3,0,4,2,1,1,18,2,2,2,2,1,2,2,2,2,2,1,2,2,2,2,2,2,"Indiana",1
"11093",180177,18,8085,40.54696111,-86.39188333,5,5,4,5,11,3,0,12,0,2,2,0,1,1,1,1,18,1,2,1,1,2,2,1,2,2,2,2,1,2,2,2,2,2,"Indiana",0
"11094",180178,18,10244,39.63495833,-85.20169722,4,4,4,3,7,3,0,12,0,1,1,0,1,1,10,1,18,1,2,1,1,3,2,2,1,2,2,3,1,2,1,2,2,1,"Indiana",0
"11095",180179,18,13418,37.99911111,-87.66362778,1,1,4,3,14,4,0,8,0,1,1,0,1,1,1,1,18,1,2,1,1,1,2,2,1,2,2,2,2,1,2,2,2,2,"Indiana",0
"11096",180180,18,10181,39.659175,-85.053625,2,2,4,7,4,4,0,42,0,1,1,0,4,2,1,2,18,1,2,2,2,1,2,1,2,2,2,3,2,2,1,2,2,2,"Indiana",0
"11097",180181,18,10061,39.707675,-86.2644,1,3,4,6,20,1,0,14,0,1,1,0,2,2,1,1,18,2,1,2,2,1,2,1,1,2,2,2,2,2,2,2,2,2,"Indiana",0
"11098",180182,18,9328,39.97339722,-85.84316389,1,1,4,3,17,3,0,8,0,1,1,0,1,1,10,1,18,1,2,1,1,1,2,2,1,2,2,2,1,2,2,2,2,2,"Indiana",0
"11099",180184,18,9706,39.83079167,-86.045875,2,2,4,3,6,5,0,12,0,1,1,0,1,2,1,1,18,2,2,1,1,2,1,2,2,2,2,3,2,2,1,1,2,1,"Indiana",0
"11100",180185,18,13390,38.01111111,-86.68292778,1,1,4,5,14,4,0,30,0,1,1,0,4,1,1,1,18,1,2,1,1,1,2,2,2,1,2,3,1,2,2,2,2,2,"Indiana",0
"11101",180186,18,7038,40.84804444,-85.86828056,7,7,4,7,16,3,0,12,0,3,4,0,1,1,2,1,18,1,2,1,2,2,2,2,2,2,2,2,2,2,1,2,2,2,"Indiana",0
"11102",180188,18,11198,39.12229444,-86.59661111,1,1,4,6,16,4,0,42,0,1,1,0,4,1,1,1,18,1,2,1,1,1,2,2,2,2,2,3,2,2,2,2,2,2,"Indiana",0
"11103",180189,18,11106,39.16490278,-86.61085278,2,2,4,7,15,5,0,12,0,4,1,0,1,1,2,1,18,1,2,1,2,2,2,2,2,2,2,3,2,1,2,2,2,2,"Indiana",0
"11104",180190,18,12851,38.33340556,-87.52264167,1,1,4,1,10,4,0,10,0,6,1,0,1,1,1,1,18,1,2,1,2,1,2,2,2,2,2,2,2,1,2,2,2,2,"Indiana",0
"11105",180191,18,5530,41.58824444,-87.44459444,3,3,4,3,7,5,0,12,0,1,1,0,1,1,1,1,18,2,2,1,1,2,2,2,2,2,2,3,2,2,2,2,2,1,"Indiana",0
"11106",180192,18,10078,39.70062778,-86.10726111,1,1,4,1,17,1,0,30,0,1,1,0,4,1,1,1,18,2,1,1,2,1,2,2,2,1,2,3,2,2,2,2,2,2,"Indiana",0
"11107",180193,18,6869,40.91645556,-85.17877778,2,2,4,3,21,4,0,30,0,1,1,0,4,5,1,1,18,1,2,2,1,1,2,1,2,1,2,1,2,2,2,2,2,2,"Indiana",1
"11108",180194,18,8370,40.40689722,-86.59244722,1,1,4,2,20,2,0,35,0,1,1,0,4,1,1,1,18,1,2,2,1,1,2,1,2,1,2,2,2,2,2,2,2,2,"Indiana",0
"11109",180195,18,10170,39.66361389,-86.19605278,3,3,4,5,11,3,0,12,1,2,2,0,1,1,10,1,18,2,2,1,1,2,2,2,2,2,2,3,2,2,2,2,2,2,"Indiana",0
"11110",180196,18,6594,41.07627222,-86.14665278,2,2,5,7,13,4,0,42,0,1,1,0,4,1,1,1,18,1,2,1,2,1,2,1,2,1,2,2,2,2,1,2,1,2,"Indiana",0
"11111",180197,18,9815,39.77843056,-86.19964722,1,1,1,7,23,5,0,8,0,1,1,0,1,2,1,1,18,2,2,2,2,1,2,2,1,2,2,3,2,2,2,1,2,2,"Indiana",0
"11112",180198,18,9684,39.84088889,-86.06761667,1,1,3,5,9,5,0,8,0,1,1,0,1,1,2,1,18,2,2,1,1,1,2,2,1,2,2,3,2,2,2,1,2,2,"Indiana",0
"11113",180199,18,10402,39.54582222,-86.30749444,1,1,4,1,2,4,0,1,0,1,1,0,4,2,1,1,18,1,2,2,2,1,2,1,2,1,2,1,2,2,2,2,2,2,"Indiana",1
"11114",180200,18,9488,39.91981944,-86.14441944,1,1,4,4,17,5,0,8,0,1,1,0,1,1,1,1,18,2,2,1,1,1,2,2,1,2,2,3,2,1,2,2,2,2,"Indiana",0
"11115",180201,18,13181,38.13891944,-86.05604167,1,1,4,5,21,4,0,42,0,1,1,0,4,2,1,1,18,1,2,2,1,1,2,2,2,2,2,3,2,2,2,2,2,2,"Indiana",0
"11116",180202,18,5401,41.64016944,-87.43012222,3,3,5,6,9,5,0,12,0,1,1,0,1,1,1,1,18,2,2,1,1,3,2,1,2,2,2,3,2,1,2,2,2,2,"Indiana",0
"11117",180203,18,5311,41.67596944,-85.61957222,4,4,5,7,11,4,0,12,0,2,2,0,1,1,1,2,18,1,2,1,2,2,2,2,2,2,2,3,2,1,2,2,2,2,"Indiana",0
"11118",180204,18,9341,39.969075,-85.57269722,1,1,5,1,0,3,0,44,0,1,1,0,1,2,1,1,18,1,2,2,2,1,1,2,2,2,2,2,1,2,2,2,2,2,"Indiana",0
"11119",180205,18,9001,40.09435,-85.6912,1,1,5,1,4,5,0,33,0,1,1,0,3,2,1,1,18,2,2,2,2,1,2,2,2,2,2,2,2,2,2,2,2,2,"Indiana",0
"11120",180206,18,8624,40.28626944,-86.54344444,4,4,5,7,18,4,0,12,0,2,2,0,1,1,1,1,18,1,2,2,2,2,2,1,2,2,2,1,2,2,2,1,2,2,"Indiana",2
"11121",180207,18,10566,39.44976111,-87.11268056,1,1,4,2,17,1,0,1,0,1,1,0,1,1,1,1,18,1,1,1,1,1,2,2,2,1,2,1,2,2,2,2,2,2,"Indiana",1
"11122",180208,18,13413,38.00219722,-87.02401111,3,3,5,2,22,2,0,12,0,2,2,0,1,2,1,2,18,1,2,2,1,2,2,2,2,2,2,3,2,1,2,2,2,2,"Indiana",0