"","ST_CASE","OBJECT_ID","FID","LATITUDE","LONGITUD","PERMVIT","PERSONS","MONTH","DAY_WEEK","HOUR","ROUTE","SP_JUR","HARM_EV","RELJCT1","RELJCT2","TYP_INT","WRK_ZONE","REL_ROAD","LGT_COND","WEATHER","FATALS","STATE","A_RU","A_INTER","A_TOD","A_DOW","A_CT","A_MC","A_SPCRA","A_PED","A_ROLL","A_POLPUR","A_POSBAC","A_D15_20","A_D65PLS","A_D21_24","A_HR","A_DIST","A_DROWSY","STATE_NAME","drunkDr"
"11123",180209,18,10308,39.60087778,-86.44605,2,2,5,1,2,5,0,1,0,1,1,0,4,2,1,1,18,1,2,2,2,1,2,2,2,1,2,1,2,2,1,2,2,2,"Indiana",1
"11124",180210,18,8846,40.15934444,-85.67155278,2,2,5,4,19,3,0,12,0,1,1,0,1,1,1,1,18,2,2,2,1,2,1,2,2,2,2,3,2,2,2,2,2,2,"Indiana",0
"11125",180211,18,10596,39.4305,-87.3315,1,1,5,3,1,1,0,1,0,1,1,1,4,2,1,1,18,1,1,2,1,1,2,2,2,1,2,1,2,2,2,2,2,2,"Indiana",1
"11126",180212,18,5682,41.53253889,-87.36045278,3,3,5,7,13,5,0,12,0,8,1,0,1,1,1,1,18,2,2,1,2,2,1,1,2,2,2,3,2,2,2,2,2,2,"Indiana",0
"11127",180213,18,6634,41.04913889,-85.16554167,3,3,5,2,14,5,0,12,0,3,2,0,1,1,10,1,18,2,2,1,1,2,1,2,2,2,2,2,1,2,2,2,2,2,"Indiana",0
"11128",180214,18,13389,38.01118889,-87.55669722,2,2,5,6,20,5,0,12,0,3,3,0,1,2,2,1,18,2,2,2,2,2,2,1,2,2,2,3,2,2,1,2,2,2,"Indiana",0
"11129",180215,18,10192,39.65451389,-85.81816944,1,1,5,1,13,4,0,1,0,1,1,0,4,1,1,1,18,1,2,1,2,1,2,2,2,1,2,2,2,2,2,2,2,2,"Indiana",0
"11130",180216,18,9680,39.84118056,-85.97229722,3,3,5,5,18,5,0,12,0,2,2,0,1,1,1,1,18,2,2,2,1,3,2,2,2,2,2,3,2,2,2,2,2,2,"Indiana",0
"11131",180217,18,12878,38.31994167,-87.45844167,6,6,3,3,19,4,0,12,0,1,1,0,1,2,1,1,18,1,2,2,1,2,2,2,2,2,2,1,1,2,2,2,2,2,"Indiana",1
"11132",180218,18,12098,38.71279167,-85.507275,5,5,4,5,16,3,0,12,0,3,3,0,1,1,10,1,18,1,2,1,1,3,2,2,2,1,2,3,1,1,2,2,2,2,"Indiana",0
"11133",180219,18,6574,41.08606111,-87.15117222,4,4,5,6,11,2,0,12,0,3,3,0,1,1,1,1,18,1,2,1,1,2,2,2,2,2,2,3,2,2,1,2,2,2,"Indiana",0
"11134",180220,18,5629,41.55208611,-85.74759167,2,2,5,6,15,4,0,12,0,1,1,0,1,1,1,1,18,1,2,1,1,2,2,2,2,2,2,2,1,2,2,2,2,2,"Indiana",0
"11135",180221,18,5860,41.44956111,-85.84195278,3,3,5,6,14,2,0,12,0,2,2,0,1,1,1,1,18,1,2,1,1,2,2,2,2,2,2,2,1,2,2,2,2,2,"Indiana",0
"11136",180222,18,11300,39.0853,-87.42089167,1,1,5,1,8,2,0,32,0,1,1,0,4,1,10,1,18,1,2,1,2,1,2,2,2,2,2,3,2,1,2,2,2,2,"Indiana",0
"11137",180223,18,9692,39.83748333,-86.02501111,2,2,5,1,22,2,0,12,0,2,2,0,1,2,10,1,18,2,2,2,2,2,1,1,2,2,2,3,2,2,2,1,2,2,"Indiana",0
"11138",180224,18,8278,40.44205556,-85.15034167,2,2,5,6,14,3,0,12,0,1,1,0,1,1,1,1,18,1,2,1,1,2,2,2,2,2,2,1,2,1,2,2,2,2,"Indiana",1
"11139",180225,18,5795,41.48003333,-86.81541111,2,2,5,1,21,4,0,12,0,1,1,0,1,2,1,1,18,1,2,2,2,2,2,2,2,1,2,2,2,2,1,2,2,2,"Indiana",0
"11140",180226,18,6369,41.19799444,-85.69256111,1,1,5,6,12,2,0,19,0,1,1,0,4,1,10,1,18,1,2,1,1,1,2,2,2,2,2,2,2,2,2,2,2,2,"Indiana",0
"11141",180227,18,6687,41.01753889,-85.15471944,4,4,5,7,22,5,0,5,0,3,3,0,1,2,10,1,18,2,2,2,2,1,2,2,2,2,2,2,2,2,1,2,2,2,"Indiana",0
"11142",180228,18,5454,41.61924444,-86.04106389,3,3,5,2,19,2,0,12,0,3,3,0,1,1,1,1,18,1,2,2,1,2,1,1,2,2,2,1,2,2,2,2,2,2,"Indiana",1
"11143",180229,18,5339,41.66603333,-86.04230556,4,4,5,2,6,2,0,12,0,1,1,0,1,4,10,1,18,2,2,1,1,2,2,1,2,1,2,3,2,2,2,2,2,2,"Indiana",0
"11144",180230,18,10549,39.46201389,-86.86055556,1,1,5,2,0,3,0,30,0,1,1,0,4,2,10,1,18,1,2,2,2,1,2,1,2,2,2,3,2,2,1,2,2,2,"Indiana",1
"11145",180231,18,10732,39.35431944,-87.43499167,1,1,5,3,4,5,0,42,0,1,1,0,4,2,1,1,18,1,2,2,1,1,2,2,2,2,2,1,2,2,2,2,2,2,"Indiana",1
"11146",180232,18,8221,40.475575,-86.11568056,1,1,5,2,7,5,0,33,0,3,3,0,4,1,1,1,18,2,2,1,1,1,2,2,2,2,2,2,2,2,2,2,2,2,"Indiana",0
"11147",180233,18,13488,37.96614722,-87.51105833,1,1,5,5,17,5,0,8,0,2,2,0,1,1,1,1,18,2,2,1,1,1,2,2,1,2,2,2,2,2,2,2,2,2,"Indiana",0
"11148",180234,18,10180,39.65937222,-87.37724444,4,4,5,4,17,2,0,1,0,2,4,0,1,1,1,1,18,1,2,1,1,2,2,2,2,1,2,3,1,2,2,2,2,2,"Indiana",0
"11149",180235,18,13052,38.22093889,-86.151575,1,1,5,1,11,3,0,35,0,1,1,0,4,1,1,1,18,1,2,1,2,1,1,1,2,2,2,3,2,2,2,2,2,2,"Indiana",0
"11150",180236,18,10300,39.6058,-85.03500833,1,1,5,7,3,4,0,32,0,1,1,0,4,2,1,1,18,1,2,2,2,1,2,1,2,1,2,3,2,2,2,2,2,2,"Indiana",0
"11151",180237,18,9979,39.73767778,-86.13458611,1,1,5,4,6,5,0,8,0,1,1,0,1,4,10,1,18,2,2,1,1,1,2,2,1,2,2,3,2,2,1,1,2,2,"Indiana",0
"11152",180238,18,8215,40.47790556,-85.97207778,4,4,5,7,21,2,0,12,0,3,3,0,1,5,1,1,18,1,2,2,2,2,1,1,2,2,1,2,2,2,2,2,2,2,"Indiana",0
"11153",180239,18,6577,41.08412778,-84.99269167,5,5,5,3,11,2,0,12,0,3,3,0,1,1,10,1,18,1,2,1,1,3,2,2,2,2,2,3,2,1,2,2,2,2,"Indiana",0
"11154",180240,18,10626,39.40811389,-86.91385833,1,1,5,3,10,4,0,1,0,1,1,0,4,1,1,1,18,1,2,1,1,1,2,2,2,1,2,3,2,2,2,2,2,2,"Indiana",0
"11155",180241,18,8845,40.15969167,-85.67166389,2,2,5,7,23,3,0,8,0,1,1,0,1,2,10,1,18,2,2,2,2,1,2,2,1,2,2,2,2,2,2,2,2,2,"Indiana",0
"11156",180242,18,5227,41.71128333,-85.88856944,2,2,5,3,7,4,0,12,0,1,1,0,1,1,10,1,18,2,2,1,1,2,2,2,2,2,2,2,1,1,2,2,2,2,"Indiana",0
"11157",180243,18,13471,37.97473889,-87.64598056,4,4,4,3,6,3,0,12,0,2,2,0,1,1,1,1,18,2,2,1,1,3,2,2,2,2,2,3,2,2,2,2,2,2,"Indiana",0
"11158",180244,18,7071,40.83742222,-85.739475,2,2,5,3,12,3,0,53,0,1,1,0,4,1,1,1,18,1,2,1,1,1,2,2,2,2,2,1,2,2,2,2,2,2,"Indiana",1
"11159",180245,18,6249,41.25516111,-84.86625556,5,5,5,5,14,3,0,12,0,2,2,0,1,1,1,2,18,1,2,1,1,2,2,2,2,2,2,2,1,2,2,2,2,2,"Indiana",0
"11160",180246,18,5957,41.40366667,-85.787625,4,4,5,7,15,4,0,12,0,2,2,0,1,1,1,1,18,1,2,1,2,2,2,2,2,2,2,3,1,2,2,2,2,2,"Indiana",0
"11161",180247,18,9314,39.98069722,-85.877525,1,1,5,4,13,5,0,8,0,1,1,0,1,1,10,1,18,2,2,1,1,1,2,2,1,2,2,2,2,1,2,2,2,2,"Indiana",0
"11162",180248,18,5892,41.435775,-87.46995,3,3,5,5,1,2,0,12,0,1,1,0,1,2,1,1,18,2,2,2,1,2,2,2,2,2,2,3,2,2,2,2,2,2,"Indiana",0
"11163",180249,18,11349,39.06169444,-85.69775,2,2,5,1,17,3,1,12,0,1,1,0,1,1,1,1,18,1,2,1,2,2,2,2,2,2,2,2,2,2,2,2,2,2,"Indiana",0
"11164",180250,18,9786,39.79075278,-86.00935833,4,4,5,6,23,5,0,12,0,1,1,0,1,2,1,1,18,2,2,2,2,2,2,2,2,2,2,3,1,2,2,2,2,2,"Indiana",0
"11165",180251,18,7011,40.86131389,-86.51026389,2,2,5,3,22,4,0,42,0,1,1,0,4,2,1,1,18,1,2,2,1,1,2,1,2,2,2,1,2,2,2,2,2,2,"Indiana",1
"11166",180252,18,10209,39.64850278,-86.08255556,2,2,5,2,22,5,0,8,0,1,1,0,1,2,1,1,18,2,2,2,1,1,2,2,1,2,2,3,1,2,2,2,2,2,"Indiana",0
"11167",180253,18,10105,39.69347222,-86.13679444,1,1,5,3,8,5,0,8,0,2,2,0,1,1,10,1,18,2,2,1,1,1,2,2,1,2,2,3,2,2,2,2,2,2,"Indiana",0
"11168",180254,18,10821,39.31336667,-86.74308889,2,2,5,6,13,4,0,1,0,1,1,0,4,1,1,1,18,1,2,1,1,1,2,1,2,1,2,3,2,2,1,2,2,2,"Indiana",0
"11169",180255,18,8604,40.29373333,-85.07628611,3,3,5,2,0,3,0,42,0,1,1,0,4,2,1,1,18,1,2,2,2,1,2,2,2,1,2,3,1,2,2,2,2,2,"Indiana",0
"11170",180256,18,9079,40.06265833,-85.12675,3,3,5,1,11,3,0,12,0,2,2,1,1,1,2,1,18,1,2,1,2,2,2,2,2,1,2,3,2,1,1,2,2,2,"Indiana",0
"11171",180257,18,5354,41.65771111,-86.25137222,2,2,5,1,3,5,0,30,0,1,1,0,4,2,2,1,18,2,2,2,2,1,2,2,2,2,2,1,2,2,2,2,2,2,"Indiana",1
"11172",180258,18,13251,38.09851389,-86.08181111,4,4,5,7,22,3,0,42,0,1,1,0,4,2,1,1,18,1,2,2,2,1,2,1,2,2,2,3,1,2,2,2,2,2,"Indiana",0
"11173",180259,18,5868,41.44619444,-87.00271944,4,4,5,6,16,2,0,12,0,2,2,0,1,1,1,1,18,2,2,1,1,2,2,2,2,2,2,1,2,2,2,2,2,2,"Indiana",1
"11174",180261,18,8393,40.39623889,-86.77985278,3,3,5,1,20,4,0,1,0,1,1,0,1,1,10,1,18,1,2,2,2,1,2,1,2,1,2,1,2,2,2,2,2,2,"Indiana",1
"11175",180262,18,5319,41.67213333,-86.27083333,4,4,6,2,14,5,0,12,0,2,2,0,1,1,1,1,18,2,2,1,1,2,2,2,2,2,2,3,2,2,2,2,2,2,"Indiana",0
"11176",180263,18,5642,41.54811389,-87.143575,3,3,4,6,17,4,0,5,0,1,1,0,5,1,1,1,18,1,2,1,1,1,1,2,2,2,2,3,2,2,2,2,2,2,"Indiana",0
"11177",180264,18,7110,40.82763333,-85.35406389,3,3,5,4,11,2,0,12,0,2,2,0,1,1,1,2,18,1,2,1,1,2,2,2,2,2,2,2,2,2,2,2,2,2,"Indiana",0
"11178",180265,18,10705,39.36631111,-85.98608333,1,1,5,4,21,4,0,9,0,1,1,0,1,2,1,1,18,1,2,2,1,1,2,2,2,2,2,2,2,2,1,2,2,2,"Indiana",0
"11179",180266,18,9779,39.79547222,-86.21583889,3,3,5,5,13,5,0,12,0,3,2,0,1,1,1,1,18,2,2,1,1,2,2,1,2,2,2,3,2,2,2,1,2,2,"Indiana",0
"11180",180267,18,9271,39.99394167,-85.92855833,2,2,6,3,11,5,0,12,0,2,2,0,1,1,10,1,18,1,2,1,1,2,2,2,2,2,2,3,2,2,2,2,2,2,"Indiana",0
"11181",180268,18,9615,39.86493889,-84.94200556,2,2,6,3,18,1,0,12,0,1,1,0,1,1,1,1,18,1,1,2,1,2,2,2,2,2,2,2,2,2,2,2,2,2,"Indiana",0
"11182",180269,18,8500,40.34419722,-87.08379167,1,1,6,3,12,4,0,42,0,1,1,0,4,1,1,1,18,1,2,1,1,1,2,1,2,2,2,2,2,2,2,2,2,2,"Indiana",0
"11183",180270,18,6307,41.2319,-84.86562778,2,2,6,4,14,3,0,12,0,2,2,0,1,1,10,1,18,1,2,1,1,2,2,2,2,2,2,2,1,2,2,2,2,2,"Indiana",0
"11184",180271,18,10085,39.69923611,-86.13291111,2,2,6,2,18,1,0,25,0,1,1,0,3,1,1,1,18,2,1,2,1,1,2,2,2,2,2,3,2,2,2,2,2,2,"Indiana",0
"11185",180273,18,13538,37.93696389,-87.53575556,1,1,5,7,0,1,0,1,1,20,1,0,1,2,1,1,18,2,1,2,2,1,1,2,2,2,2,3,2,2,2,2,2,2,"Indiana",0
"11186",180274,18,11182,39.12825556,-87.40459722,1,1,5,1,15,4,0,10,0,6,1,0,1,1,1,1,18,1,2,1,2,1,2,2,2,2,2,3,2,2,2,2,1,2,"Indiana",0
"11187",180275,18,10321,39.59694722,-86.52645556,3,3,5,7,23,1,0,12,0,1,1,0,1,2,1,1,18,1,1,2,2,2,2,2,2,2,2,3,2,2,2,2,2,2,"Indiana",0
"11188",180276,18,11058,39.186675,-86.55811667,1,1,6,3,22,3,0,31,0,5,1,0,4,2,1,1,18,2,2,2,1,1,1,2,2,2,2,3,2,2,2,2,2,2,"Indiana",1
"11189",180277,18,9857,39.76723333,-86.186925,1,1,4,4,3,5,0,21,0,1,1,0,4,2,2,1,18,2,2,2,1,1,2,2,2,2,2,3,2,2,2,2,2,2,"Indiana",0
"11190",180278,18,9650,39.85321389,-86.24588889,1,1,5,6,22,5,0,8,0,1,1,0,1,2,98,1,18,2,2,2,2,1,2,2,1,2,2,3,2,2,2,1,2,2,"Indiana",0
"11191",180279,18,9884,39.76053056,-86.33678333,2,2,6,5,17,5,0,23,0,1,1,0,4,1,1,1,18,2,2,1,1,1,2,2,2,2,2,2,1,2,2,2,2,2,"Indiana",0
"11192",180280,18,9004,40.09350278,-85.67798056,1,1,6,6,15,5,0,9,0,2,2,0,1,1,1,1,18,2,2,1,1,1,2,2,2,2,2,2,2,2,2,2,2,2,"Indiana",0
"11193",180281,18,5549,41.580375,-87.33200278,1,1,6,4,21,5,0,8,0,3,3,0,1,2,1,1,18,2,2,2,1,1,2,1,1,2,2,3,2,2,2,1,2,2,"Indiana",0
"11194",180282,18,5773,41.48768333,-87.32053889,3,3,6,6,16,1,0,34,0,1,1,0,4,1,1,1,18,2,1,1,1,1,2,2,2,1,2,3,2,1,2,2,2,2,"Indiana",0
"11195",180283,18,5775,41.48762778,-87.51957222,3,3,6,7,17,5,0,12,0,3,3,0,1,1,10,1,18,2,2,1,2,2,1,2,2,2,2,1,2,2,2,2,2,2,"Indiana",1
"11196",180284,18,10535,39.46746111,-86.49971389,1,1,4,7,20,4,0,42,0,1,1,0,4,5,1,1,18,1,2,2,2,1,1,1,2,2,2,1,2,2,1,2,2,2,"Indiana",1
"11197",180285,18,13444,37.98656111,-87.62724444,2,2,2,4,2,5,0,8,0,1,1,0,1,2,1,1,18,2,2,2,1,1,2,2,1,2,2,1,2,2,2,2,2,2,"Indiana",1
"11198",180286,18,8590,40.29953611,-85.45220833,1,1,2,3,14,5,0,30,0,1,1,0,4,1,11,1,18,1,2,1,1,1,2,1,2,2,2,2,1,2,2,2,2,2,"Indiana",0
"11199",180287,18,13346,38.03218889,-86.05631111,2,2,5,7,19,4,0,35,0,1,1,0,4,1,1,1,18,1,2,2,2,1,2,2,2,1,2,3,2,2,2,2,2,2,"Indiana",0
"11200",180288,18,6220,41.26943056,-85.91147778,3,3,6,5,14,2,0,12,0,2,2,0,1,1,1,1,18,1,2,1,1,2,2,2,2,2,2,3,1,1,2,2,2,2,"Indiana",0
"11201",180289,18,11328,39.07091389,-85.26281111,1,1,6,1,10,2,0,42,0,1,1,0,4,1,1,1,18,1,2,1,2,1,2,2,2,1,2,3,2,1,2,2,2,2,"Indiana",0
"11202",180290,18,6483,41.13233056,-85.17123056,2,2,6,2,2,5,0,12,0,2,2,0,1,2,2,1,18,2,2,2,2,2,2,2,2,1,2,1,2,2,1,2,2,2,"Indiana",2
"11203",180291,18,12761,38.38816667,-85.68180278,1,1,6,3,20,3,0,11,0,1,1,0,1,1,1,1,18,2,2,2,1,1,1,2,2,2,2,3,2,2,2,2,2,2,"Indiana",0
"11204",180292,18,6715,41.00187778,-85.69755556,2,2,6,6,10,3,0,1,0,1,1,0,4,1,1,2,18,1,2,1,1,1,2,2,2,1,2,2,2,1,2,2,2,2,"Indiana",0
"11205",180293,18,5244,41.70300278,-86.84682222,1,1,6,3,21,5,0,8,0,6,1,0,1,2,1,1,18,2,2,2,1,1,2,2,1,2,2,2,2,2,2,2,2,2,"Indiana",0
"11206",180294,18,6177,41.29001111,-87.449525,1,1,6,3,19,3,0,42,0,1,1,0,4,1,1,1,18,1,2,2,1,1,2,2,2,2,2,3,2,1,2,2,2,2,"Indiana",0
"11207",180296,18,5951,41.40576667,-87.34806111,1,1,5,7,22,5,0,35,0,3,3,0,4,2,10,1,18,2,2,2,2,1,2,2,2,2,2,1,2,2,1,2,2,2,"Indiana",1
"11208",180297,18,13339,38.03869444,-87.67214444,1,1,6,1,4,5,0,34,0,3,3,0,4,2,1,1,18,1,2,2,2,1,2,1,2,2,2,3,2,2,2,2,2,2,"Indiana",0
"11209",180298,18,11163,39.13691111,-85.95791111,2,2,6,5,14,1,0,34,0,1,1,0,3,1,1,1,18,1,1,1,1,1,1,2,2,2,2,2,2,2,2,2,2,2,"Indiana",0
"11210",180299,18,9910,39.75241944,-86.13059722,5,5,6,2,8,5,0,12,0,2,2,0,1,1,1,1,18,2,2,1,1,3,2,1,2,2,2,2,2,2,1,1,2,2,"Indiana",0
"11211",180300,18,10533,39.46854167,-87.03923611,2,2,6,3,3,1,0,12,0,1,1,0,1,2,1,1,18,1,1,2,1,2,2,2,1,2,2,2,2,2,2,2,2,2,"Indiana",0
"11212",180301,18,9390,39.95038611,-85.81519167,3,3,6,4,7,3,0,12,0,2,2,0,1,1,1,1,18,2,2,1,1,2,2,2,2,2,2,2,1,1,2,2,2,2,"Indiana",0
"11213",180302,18,11235,39.10664722,-86.52321111,3,3,6,6,18,4,0,1,0,1,1,0,1,1,10,1,18,1,2,2,2,2,1,2,2,2,2,3,2,2,2,2,2,2,"Indiana",0
"11214",180303,18,8264,40.44770833,-86.05093889,3,3,3,6,3,4,0,1,0,1,1,0,4,2,1,1,18,1,2,2,1,1,2,2,2,1,2,1,2,2,2,2,2,2,"Indiana",1
"11215",180304,18,13521,37.94656944,-86.97117222,2,2,5,2,8,3,0,9,0,1,1,0,1,1,10,1,18,1,2,1,1,1,2,2,2,2,2,2,2,2,2,2,1,2,"Indiana",0
"11216",180305,18,10225,39.64337778,-86.42016944,2,2,6,7,0,1,0,1,0,1,1,0,3,2,1,1,18,1,1,2,2,1,2,2,2,1,2,2,2,2,2,2,2,2,"Indiana",0
"11217",180306,18,11038,39.19613333,-85.95874444,5,5,6,5,17,1,0,12,0,1,1,0,1,1,1,3,18,2,1,1,1,2,2,2,2,2,2,3,2,2,2,2,1,2,"Indiana",0
"11218",180307,18,7777,40.65446111,-85.27861111,5,5,6,7,13,3,0,12,0,2,2,0,1,1,1,2,18,1,2,1,2,2,2,2,2,2,2,2,2,1,2,2,2,2,"Indiana",0
"11219",180308,18,9702,39.83171111,-84.83221389,4,4,6,5,6,2,0,12,0,2,2,0,1,4,1,1,18,1,2,1,1,2,2,1,2,2,2,2,2,2,2,2,2,2,"Indiana",0
"11220",180309,18,5395,41.64185278,-85.27710278,5,5,3,3,13,2,0,12,0,2,2,0,1,1,2,1,18,1,2,1,1,3,2,2,2,2,2,3,2,1,1,2,2,2,"Indiana",0
"11221",180310,18,10104,39.69354444,-86.13959167,1,1,6,2,5,5,0,8,0,1,1,0,1,2,2,1,18,2,2,2,2,1,2,2,1,2,2,3,2,2,2,2,1,2,"Indiana",0
"11222",180311,18,8084,40.54746389,-85.00424167,1,1,6,5,22,3,0,1,0,1,1,0,4,2,1,1,18,1,2,2,1,1,2,2,2,1,2,3,1,2,2,2,2,2,"Indiana",0
"11223",180312,18,13172,38.14725,-86.74727778,2,2,6,2,20,5,0,12,0,8,1,0,1,1,1,1,18,1,2,2,1,2,1,1,2,2,2,2,1,2,2,2,2,2,"Indiana",0
"11224",180313,18,8790,40.19191667,-84.97548333,2,2,6,3,7,2,0,12,0,1,1,0,1,1,10,1,18,1,2,1,1,2,2,2,2,2,2,2,2,2,2,2,2,2,"Indiana",0
"11225",180314,18,6400,41.18131111,-85.04653056,3,3,6,4,22,5,0,12,0,1,1,0,1,2,2,1,18,1,2,2,1,2,2,1,2,2,2,1,2,2,2,2,2,2,"Indiana",1
"11226",180315,18,12830,38.346675,-85.79801111,5,5,6,5,21,5,0,12,0,2,2,0,1,2,1,1,18,2,2,2,1,3,2,2,2,2,2,3,1,2,2,2,2,2,"Indiana",0
"11227",180316,18,6821,40.94247778,-85.9253,5,5,6,1,12,4,0,12,0,2,2,0,1,1,10,2,18,1,2,1,2,2,2,2,2,2,2,3,2,1,2,2,2,2,"Indiana",0
"11228",180317,18,5588,41.56451944,-85.05755556,2,2,6,1,2,1,0,12,0,1,1,1,1,2,2,1,18,1,1,2,2,2,1,2,2,2,2,1,2,2,2,2,2,2,"Indiana",1
"11229",180318,18,5592,41.5639,-87.21266111,1,1,6,7,3,5,0,42,0,1,1,0,4,2,1,1,18,2,2,2,2,1,1,1,2,2,2,3,2,2,2,2,2,2,"Indiana",0
"11230",180319,18,10667,39.38723333,-87.13565278,2,2,6,4,1,3,0,34,0,1,1,0,4,2,2,1,18,1,2,2,1,1,2,2,2,2,2,3,1,2,2,2,2,2,"Indiana",0
"11231",180320,18,9767,39.80115556,-86.009525,5,5,6,6,18,5,0,12,1,3,3,0,1,1,10,1,18,2,2,2,2,3,2,1,2,2,2,3,2,2,1,2,2,2,"Indiana",0
"11232",180321,18,5142,41.74388611,-85.17315833,1,1,6,1,20,4,0,9,0,1,1,0,1,1,1,1,18,1,2,2,2,1,2,2,2,2,2,1,2,2,2,2,2,2,"Indiana",1
"11233",180323,18,12202,38.67018611,-87.54033333,1,1,6,5,18,5,0,30,0,1,1,0,4,1,1,1,18,1,2,2,1,1,2,1,2,2,2,3,2,2,2,2,2,2,"Indiana",0
"11234",180324,18,13586,37.90606111,-86.64225556,2,2,6,7,3,3,0,17,0,1,1,0,4,2,2,1,18,1,2,2,2,1,2,2,2,1,2,1,2,2,2,2,2,2,"Indiana",1
"11235",180325,18,9635,39.85757778,-86.18277222,3,3,6,7,22,5,0,12,0,8,1,0,1,2,10,1,18,2,2,2,2,2,1,2,2,2,2,3,2,2,2,2,2,2,"Indiana",0
"11236",180326,18,8154,40.51191111,-86.39232778,2,2,6,2,0,3,0,12,0,3,3,0,1,2,1,1,18,1,2,2,2,2,2,2,2,2,2,2,1,2,2,2,2,2,"Indiana",0
"11237",180327,18,8283,40.44044444,-86.87759722,2,2,6,4,9,5,0,12,0,2,2,0,1,1,1,1,18,2,2,1,1,2,2,2,2,2,2,3,2,1,2,2,2,2,"Indiana",0
"11238",180328,18,5494,41.60213889,-87.3265,2,2,6,4,5,2,0,12,0,1,1,0,1,1,1,1,18,2,2,2,1,2,2,2,2,2,2,3,2,2,2,2,2,2,"Indiana",0
"11239",180329,18,9861,39.76680278,-86.14592778,1,1,2,6,0,5,0,31,0,3,2,0,5,2,1,1,18,2,2,2,1,1,2,1,2,2,2,3,2,2,2,2,2,2,"Indiana",0
"11240",180330,18,13333,38.04047222,-87.50981111,1,1,4,2,15,5,0,30,0,1,1,0,4,1,1,1,18,2,2,1,1,1,2,2,2,2,2,3,2,1,2,2,2,2,"Indiana",0
"11241",180331,18,10206,39.65061944,-86.09805833,1,1,5,1,11,5,0,42,0,1,1,0,4,1,10,1,18,2,2,1,2,1,2,2,2,2,2,3,2,1,2,2,2,2,"Indiana",0
"11242",180332,18,5330,41.66838889,-85.72511111,1,1,6,3,18,5,0,8,0,2,3,0,1,1,1,1,18,1,2,2,1,1,2,1,1,2,2,3,2,2,2,1,2,2,"Indiana",0
"11243",180333,18,9627,39.8607,-86.27130278,1,2,6,3,10,1,0,14,0,5,1,0,4,1,1,1,18,2,1,1,1,1,2,2,2,2,2,2,2,2,2,2,2,2,"Indiana",0
"11244",180334,18,9045,40.07611389,-85.70331944,5,5,6,4,15,5,0,12,0,2,2,0,1,1,10,1,18,2,2,1,1,2,2,2,2,2,2,2,2,1,2,2,2,2,"Indiana",0
"11245",180336,18,9106,40.05225556,-85.97189444,4,4,6,7,0,4,0,53,0,1,1,0,4,2,2,2,18,1,2,2,2,1,2,1,2,2,2,2,2,2,2,2,2,2,"Indiana",0
"11246",180337,18,11571,38.96573333,-85.81173611,5,5,6,6,16,2,0,12,0,1,1,0,1,1,1,2,18,1,2,1,1,3,2,1,2,2,2,3,2,1,1,2,2,2,"Indiana",0
"11247",180338,18,8405,40.38855278,-86.80248611,2,2,6,6,16,5,0,12,0,1,1,0,1,1,2,1,18,1,2,1,1,2,2,2,2,2,2,1,2,1,2,2,2,2,"Indiana",1
"11248",180339,18,8261,40.44906667,-85.15037778,1,1,6,6,15,3,0,53,0,1,1,0,4,1,2,1,18,1,2,1,1,1,2,1,2,1,2,3,2,1,2,2,2,2,"Indiana",0
"11249",180340,18,9856,39.76726667,-86.16873611,2,2,6,6,2,5,0,33,0,1,1,0,4,2,1,1,18,2,2,2,1,1,1,2,2,2,2,3,2,2,2,2,2,2,"Indiana",0
"11250",180341,18,9622,39.86225278,-86.13879167,1,1,6,2,3,5,0,8,0,1,1,0,1,2,1,1,18,2,2,2,2,1,2,2,1,2,2,3,2,2,2,1,2,2,"Indiana",0
"11251",180342,18,5657,41.54063889,-87.33629167,1,1,6,2,13,3,0,8,0,1,1,0,1,1,2,1,18,2,2,1,1,1,2,1,1,2,2,2,2,2,1,2,2,2,"Indiana",0
"11252",180343,18,13300,38.06819722,-86.03903056,4,4,6,6,13,4,0,12,0,1,1,0,1,1,1,1,18,1,2,1,1,2,2,2,2,2,2,3,2,1,2,2,2,2,"Indiana",0
"11253",180344,18,7200,40.80226111,-85.82530556,1,1,6,7,0,3,0,8,0,1,1,0,1,2,2,1,18,1,2,2,2,1,2,2,1,2,2,3,2,2,2,1,2,2,"Indiana",0
"11254",180345,18,9563,39.89031389,-86.24230556,1,1,6,1,23,5,0,8,0,1,1,0,1,2,1,1,18,2,2,2,2,1,2,2,1,2,2,3,2,2,2,2,2,2,"Indiana",0
"11255",180346,18,5733,41.50717222,-87.29754722,3,3,6,3,19,5,0,12,0,2,2,0,1,1,1,1,18,1,2,2,1,3,2,1,2,1,2,3,2,2,2,2,2,2,"Indiana",0
"11256",180347,18,9834,39.77327222,-86.04716111,1,1,7,4,14,5,0,1,0,20,1,0,1,1,10,1,18,2,2,1,1,1,1,2,2,2,2,3,2,2,2,2,2,2,"Indiana",0
"11257",180348,18,8380,40.40291111,-86.85140556,2,2,7,6,12,5,0,12,0,2,3,0,1,1,10,1,18,2,2,1,1,2,1,2,2,2,2,2,2,1,2,2,2,2,"Indiana",0
"11258",180349,18,9461,39.93092222,-86.28247778,3,3,7,7,0,1,0,8,0,1,1,0,1,2,10,1,18,1,1,2,2,1,2,2,1,2,2,2,2,2,2,2,2,2,"Indiana",0