"","ST_CASE","OBJECT_ID","FID","LATITUDE","LONGITUD","PERMVIT","PERSONS","MONTH","DAY_WEEK","HOUR","ROUTE","SP_JUR","HARM_EV","RELJCT1","RELJCT2","TYP_INT","WRK_ZONE","REL_ROAD","LGT_COND","WEATHER","FATALS","STATE","A_RU","A_INTER","A_TOD","A_DOW","A_CT","A_MC","A_SPCRA","A_PED","A_ROLL","A_POLPUR","A_POSBAC","A_D15_20","A_D65PLS","A_D21_24","A_HR","A_DIST","A_DROWSY","STATE_NAME","drunkDr"
"11396",180493,18,13132,38.17207222,-86.87289722,2,2,9,3,15,3,0,12,0,1,1,0,1,1,1,1,18,1,2,1,1,2,1,2,2,2,2,3,2,2,2,2,2,2,"Indiana",0
"11397",180494,18,8884,40.14288889,-86.57916111,3,3,8,3,7,3,0,12,0,1,1,0,1,4,1,1,18,1,2,1,1,3,2,2,2,2,2,3,2,2,2,2,1,2,"Indiana",0
"11398",180495,18,7685,40.67718611,-86.12840556,6,6,8,3,12,2,0,12,0,3,2,0,1,1,1,1,18,1,2,1,1,3,2,1,2,2,2,3,2,1,2,2,2,2,"Indiana",0
"11399",180496,18,6426,41.16916667,-85.491725,2,2,9,4,5,2,0,12,1,2,2,0,1,2,1,1,18,1,2,2,1,2,2,2,2,2,2,3,2,2,2,2,2,2,"Indiana",0
"11400",180497,18,11240,39.10556944,-86.55146389,3,3,9,5,9,3,0,12,0,2,2,1,1,1,1,1,18,1,2,1,1,2,1,2,2,2,2,3,2,2,2,2,2,2,"Indiana",0
"11401",180498,18,10935,39.25775,-85.97612778,1,1,9,4,16,4,0,53,0,1,1,0,4,1,1,1,18,1,2,1,1,1,1,2,2,2,2,2,2,2,2,2,2,2,"Indiana",0
"11402",180499,18,12714,38.42124167,-85.69516111,1,1,8,1,10,4,0,1,0,1,1,0,1,1,1,1,18,1,2,1,2,1,1,1,2,2,2,3,2,2,1,2,2,2,"Indiana",0
"11403",180500,18,11032,39.19969722,-85.96861667,3,3,9,2,16,3,0,12,0,2,2,0,1,1,1,2,18,2,2,1,1,2,1,2,2,2,2,3,2,2,2,2,2,2,"Indiana",0
"11404",180501,18,9724,39.82435278,-86.23466944,1,1,8,7,2,5,0,8,0,1,1,0,5,2,1,1,18,2,2,2,2,1,2,2,1,2,2,3,2,2,2,2,2,2,"Indiana",1
"11405",180502,18,13171,38.14816389,-86.05055,1,1,9,4,16,5,0,34,0,1,1,0,4,1,1,1,18,1,2,1,1,1,2,2,2,1,2,3,2,2,2,2,2,2,"Indiana",0
"11406",180503,18,12052,38.73804167,-86.26426111,1,1,9,5,0,4,0,35,0,3,3,0,4,2,5,1,18,1,2,2,1,1,2,1,2,2,2,2,2,2,2,2,2,2,"Indiana",0
"11407",180504,18,7479,40.73278333,-85.42047778,2,2,9,5,9,1,0,12,0,1,1,0,1,1,1,1,18,1,1,1,1,2,2,1,2,2,2,2,2,2,1,2,2,2,"Indiana",0
"11408",180505,18,6643,41.04585278,-85.13238889,1,1,9,1,2,5,0,30,0,1,1,0,4,3,1,1,18,2,2,2,2,1,2,1,2,2,2,2,1,2,2,2,2,2,"Indiana",0
"11409",180506,18,6460,41.15053889,-84.98554722,1,1,9,2,16,3,0,15,0,1,1,0,6,1,1,1,18,1,2,1,1,1,2,2,2,1,2,2,2,2,1,2,2,2,"Indiana",0
"11410",180507,18,5533,41.58705833,-85.540375,1,1,8,5,21,4,0,49,0,1,1,0,1,2,1,1,18,1,2,2,1,1,2,1,2,2,2,2,1,2,2,2,2,1,"Indiana",0
"11411",180508,18,5554,41.57839444,-87.44215278,2,2,9,4,20,5,0,12,0,3,3,0,1,3,10,1,18,2,2,2,1,2,1,2,2,2,2,1,2,2,2,2,2,2,"Indiana",1
"11412",180509,18,6519,41.11606389,-85.83563333,3,3,9,6,15,4,0,12,0,2,2,0,1,1,1,1,18,1,2,1,1,2,1,2,2,2,2,1,2,2,2,2,2,2,"Indiana",1
"11413",180510,18,9725,39.82421111,-86.19764167,3,3,9,6,19,5,0,52,0,1,1,0,4,1,10,1,18,2,2,2,2,2,2,1,1,2,2,3,2,2,1,2,2,2,"Indiana",0
"11414",180511,18,6180,41.28934444,-87.302425,2,2,9,4,5,3,0,12,0,2,2,0,1,4,1,1,18,1,2,2,1,2,2,1,2,2,2,3,2,2,2,2,2,2,"Indiana",0
"11415",180512,18,9118,40.04666944,-86.47556111,1,1,8,6,5,3,0,33,0,1,1,0,4,2,1,1,18,1,2,2,1,1,2,2,1,2,2,3,2,2,1,2,2,2,"Indiana",1
"11416",180513,18,9135,40.03959444,-86.38260556,3,3,9,4,23,3,0,8,0,1,1,0,1,2,1,1,18,1,2,2,1,1,2,2,1,2,2,2,2,2,2,2,2,2,"Indiana",0
"11417",180514,18,7436,40.74509722,-86.81471944,2,2,9,3,14,2,0,12,0,2,2,0,1,1,10,1,18,1,2,1,1,2,2,2,2,2,2,3,2,1,2,2,2,2,"Indiana",0
"11418",180515,18,6876,40.91325833,-85.88888056,3,3,9,4,6,3,0,12,0,1,1,0,1,2,2,1,18,1,2,1,1,2,2,2,2,2,2,3,2,1,2,2,2,1,"Indiana",0
"11419",180516,18,5195,41.72218889,-85.81330833,1,1,9,7,10,5,0,8,0,1,1,0,5,1,1,1,18,2,2,1,2,1,2,2,1,2,2,2,2,2,2,2,2,2,"Indiana",0
"11420",180517,18,7289,40.77907222,-85.37409444,2,2,9,6,19,4,0,34,0,1,1,0,4,1,10,1,18,1,2,2,2,1,2,2,2,1,2,1,2,2,2,2,2,2,"Indiana",1
"11421",180518,18,9759,39.80580278,-86.09396667,1,1,9,5,4,5,0,8,0,1,1,0,4,3,1,1,18,2,2,2,1,1,2,2,1,2,2,2,2,2,2,1,2,2,"Indiana",0
"11422",180519,18,7439,40.74491389,-84.95451667,3,3,9,4,5,2,0,12,0,2,2,0,1,2,1,1,18,1,2,2,1,2,2,2,2,2,2,2,1,2,2,2,2,2,"Indiana",0
"11423",180520,18,5511,41.59446389,-87.22578056,2,2,9,4,10,2,0,12,0,1,1,0,1,1,1,1,18,2,2,1,1,2,2,1,2,2,2,2,1,2,2,2,2,2,"Indiana",0
"11424",180521,18,5485,41.60784444,-87.50001667,2,2,8,6,4,5,0,42,0,3,3,0,4,3,1,1,18,2,2,2,1,1,2,1,2,2,2,3,2,2,1,1,2,2,"Indiana",0
"11425",180522,18,8507,40.34138056,-86.65662222,2,2,9,5,19,5,0,1,0,1,1,0,4,1,1,1,18,1,2,2,1,1,1,2,2,2,2,1,2,2,2,2,2,2,"Indiana",1
"11426",180523,18,9733,39.82007222,-84.9676,2,2,9,5,13,2,0,12,0,2,3,0,1,1,1,1,18,1,2,1,1,2,2,2,2,2,2,2,2,1,2,2,1,2,"Indiana",0
"11427",180525,18,11213,39.11646111,-86.42801389,2,2,9,6,14,3,0,12,0,1,1,0,1,1,2,1,18,1,2,1,1,2,2,1,2,2,2,2,2,2,2,2,2,2,"Indiana",0
"11428",180526,18,5200,41.72139167,-85.80464722,1,1,9,3,8,3,0,1,0,1,1,0,4,1,1,1,18,2,2,1,1,1,2,2,2,1,2,2,2,2,2,2,2,2,"Indiana",0
"11429",180527,18,8952,40.11811111,-84.95453889,3,3,9,7,13,2,0,12,0,1,1,0,1,1,10,1,18,1,2,1,2,2,2,2,2,1,2,1,2,1,1,2,2,2,"Indiana",1
"11430",180528,18,13259,38.09576667,-86.904425,1,1,9,7,14,3,0,24,0,3,3,0,4,1,1,1,18,1,2,1,2,1,1,2,2,2,2,3,2,2,2,2,2,2,"Indiana",0
"11431",180530,18,10672,39.38346944,-87.39529722,2,2,9,5,8,2,0,9,0,2,3,0,1,2,1,1,18,2,2,1,1,1,2,2,2,2,2,2,2,1,2,2,2,2,"Indiana",0
"11432",180531,18,9710,39.82860833,-86.12180278,2,2,7,5,6,6,0,12,0,2,2,0,1,1,1,1,18,2,2,1,1,2,1,2,2,2,2,1,2,2,2,1,2,2,"Indiana",1
"11433",180532,18,5471,41.610875,-87.47455,1,1,9,4,19,1,0,24,0,1,1,0,4,3,1,1,18,2,1,2,1,1,2,2,2,2,2,3,2,2,2,2,2,2,"Indiana",0
"11434",180533,18,8079,40.550425,-85.97606944,4,4,9,3,21,4,0,12,0,2,2,0,1,2,1,1,18,1,2,2,1,2,2,2,2,2,2,3,2,2,2,2,2,2,"Indiana",0
"11435",180534,18,12974,38.26141667,-86.86615278,3,3,9,5,12,3,0,12,0,2,3,0,1,1,1,2,18,1,2,1,1,2,2,2,2,2,2,3,2,1,2,2,2,2,"Indiana",0
"11436",180535,18,6423,41.17355278,-87.19866111,4,4,9,4,12,2,0,12,0,2,2,0,1,1,1,2,18,1,2,1,1,3,2,2,2,2,2,3,2,1,2,2,2,2,"Indiana",0
"11437",180536,18,8562,40.30934722,-84.90985833,1,1,9,7,2,4,0,42,0,1,1,0,4,2,10,1,18,1,2,2,2,1,2,2,2,1,2,3,1,2,2,2,2,2,"Indiana",0
"11438",180537,18,6958,40.88323333,-86.87889722,2,2,9,1,15,2,0,12,0,2,2,0,1,1,10,1,18,1,2,1,2,2,2,2,2,1,2,1,2,2,2,2,2,2,"Indiana",1
"11439",180538,18,5252,41.70093889,-86.89421667,1,1,9,6,21,6,0,9,0,2,2,0,1,3,10,1,18,2,2,2,2,1,2,2,2,2,2,2,2,2,2,2,2,2,"Indiana",0
"11440",180539,18,12698,38.42981944,-87.308525,1,1,9,3,19,3,0,42,0,1,1,0,4,2,1,1,18,1,2,2,1,1,2,1,2,2,2,3,2,2,2,2,2,2,"Indiana",0
"11441",180540,18,5433,41.62968056,-87.48085278,1,1,9,4,6,2,0,30,0,1,1,0,4,4,1,1,18,2,2,1,1,1,2,1,2,1,2,1,2,2,2,2,2,2,"Indiana",1
"11442",180541,18,10889,39.27632778,-85.72416944,1,1,9,4,19,4,0,9,0,1,1,0,1,1,1,1,18,1,2,2,1,1,2,2,2,2,2,3,1,2,2,2,2,2,"Indiana",0
"11443",180542,18,10587,39.43941944,-86.35005556,2,2,9,5,14,3,0,42,0,1,1,0,6,1,1,2,18,1,2,1,1,1,2,2,2,2,2,3,2,2,2,2,2,2,"Indiana",0
"11444",180543,18,5148,41.73902778,-85.94816111,1,1,9,1,21,4,0,1,0,1,1,0,4,2,1,1,18,2,2,2,2,1,2,2,2,1,2,1,2,2,2,2,2,2,"Indiana",1
"11445",180544,18,10187,39.65752222,-86.39155833,1,1,8,4,13,1,0,1,0,1,1,0,4,1,1,1,18,1,1,1,1,1,2,2,2,1,2,2,2,2,2,2,2,2,"Indiana",0
"11446",180545,18,10847,39.29949167,-86.74299722,2,2,9,3,17,2,0,12,0,1,1,0,1,1,1,1,18,1,2,1,1,2,2,2,2,1,2,2,2,2,2,2,2,2,"Indiana",0
"11447",180546,18,7013,40.86064722,-86.879025,3,3,9,4,13,2,0,12,0,2,3,0,1,1,1,1,18,1,2,1,1,2,2,2,2,2,2,2,2,1,2,2,2,2,"Indiana",0
"11448",180547,18,5671,41.53692778,-87.33634722,2,2,9,5,20,3,0,12,0,2,2,0,1,3,10,1,18,2,2,2,1,2,1,2,2,2,2,3,2,2,2,2,2,2,"Indiana",0
"11449",180548,18,12992,38.25284444,-87.43280278,24,24,9,5,15,1,0,1,0,1,1,0,1,1,1,2,18,1,1,1,1,1,2,1,2,1,2,2,2,2,2,2,1,2,"Indiana",0
"11450",180549,18,9722,39.82457222,-86.25573056,1,1,9,1,18,5,0,8,0,1,1,0,5,1,1,1,18,2,2,2,2,1,2,2,1,2,2,3,1,2,2,2,2,2,"Indiana",0
"11451",180550,18,6039,41.35664722,-85.08695833,1,1,9,3,3,1,0,14,0,1,1,1,1,2,1,1,18,1,1,2,1,1,2,1,2,2,2,3,2,2,2,2,2,2,"Indiana",0
"11452",180551,18,10310,39.60040833,-87.43756389,2,2,9,3,13,3,0,12,0,1,1,0,1,1,2,1,18,1,2,1,1,2,2,1,2,2,2,2,2,1,2,2,2,2,"Indiana",0
"11453",180552,18,8140,40.52072778,-86.05094722,2,2,9,4,17,4,0,12,0,8,1,0,1,1,1,1,18,1,2,1,1,2,1,2,2,2,2,3,1,2,2,2,2,2,"Indiana",0
"11454",180553,18,6334,41.21608611,-85.10478889,4,4,9,4,16,1,0,12,0,1,1,0,1,1,1,2,18,1,1,1,1,2,2,2,2,2,2,2,2,2,2,2,2,2,"Indiana",0
"11455",180554,18,9783,39.79363889,-86.07389444,2,2,7,6,21,6,0,12,0,2,2,0,1,2,1,1,18,2,2,2,2,2,2,1,2,2,1,3,2,2,2,1,2,2,"Indiana",0
"11456",180555,18,13686,37.82766944,-87.63774167,1,1,9,4,13,6,0,42,0,1,1,0,4,1,1,1,18,1,2,1,1,1,2,2,2,2,2,3,1,2,2,2,2,2,"Indiana",0
"11457",180556,18,9214,40.01614722,-85.93797778,4,4,9,7,22,6,0,12,0,2,2,0,1,2,10,1,18,1,2,2,2,2,1,2,2,2,2,3,1,2,2,2,2,2,"Indiana",0
"11458",180557,18,12389,38.59779167,-87.20067778,4,4,9,1,15,3,0,12,0,1,1,0,1,1,10,1,18,1,2,1,2,2,2,2,2,2,2,3,2,1,2,2,2,2,"Indiana",0
"11459",180558,18,10544,39.46269444,-87.31435556,3,3,9,6,21,6,0,12,0,2,2,0,1,2,1,1,18,1,2,2,2,2,2,2,2,2,2,3,1,1,2,2,2,2,"Indiana",0
"11460",180559,18,10161,39.66593889,-86.08507778,1,1,9,5,23,6,0,8,0,1,1,0,1,2,1,1,18,2,2,2,1,1,2,2,1,2,2,1,2,2,2,2,2,2,"Indiana",1
"11461",180560,18,12827,38.35466667,-85.79146111,2,2,9,4,23,6,0,12,0,1,1,0,1,2,1,1,18,2,2,2,1,2,2,1,2,1,2,1,2,2,1,2,2,2,"Indiana",1
"11462",180562,18,12691,38.43284722,-87.04496667,1,1,10,2,15,3,0,35,0,1,1,0,4,1,1,1,18,1,2,1,1,1,2,2,2,2,2,3,2,1,2,2,2,2,"Indiana",0
"11463",180563,18,10804,39.32133056,-86.17069167,1,1,10,5,10,6,0,42,0,1,1,0,4,1,10,1,18,1,2,1,1,1,2,2,2,2,2,3,2,1,2,2,2,2,"Indiana",0
"11464",180564,18,12219,38.66453611,-86.92945556,3,3,10,3,12,2,0,12,0,1,1,0,1,1,1,1,18,1,2,1,1,2,2,2,2,2,2,3,2,1,2,2,1,2,"Indiana",0
"11465",180565,18,9847,39.76999167,-86.08886111,3,3,5,3,14,5,0,12,0,2,2,0,1,1,2,1,18,2,2,1,1,2,2,2,2,2,2,3,2,1,2,1,2,2,"Indiana",0
"11466",180566,18,9299,39.98628056,-86.00402778,1,1,9,2,22,3,0,8,0,1,1,0,1,2,1,1,18,2,2,2,1,1,2,2,1,2,2,2,2,2,2,2,2,2,"Indiana",0
"11467",180567,18,13050,38.22207778,-86.71328889,1,1,9,3,20,1,0,1,0,1,1,0,3,2,10,1,18,1,1,2,1,1,1,1,2,2,2,3,2,2,2,2,2,2,"Indiana",1
"11468",180568,18,8904,40.13688333,-85.63261667,2,2,10,1,20,4,0,1,0,1,1,0,1,2,1,1,18,2,2,2,2,1,1,2,2,2,2,1,2,2,2,2,2,2,"Indiana",1
"11469",180569,18,10846,39.29978333,-86.74290556,2,2,10,1,21,2,0,53,0,1,1,0,4,2,1,1,18,1,2,2,2,1,2,2,2,2,2,2,2,2,1,2,2,2,"Indiana",0
"11470",180570,18,9828,39.77480833,-86.09277778,1,1,10,7,22,6,0,9,0,1,1,0,1,3,10,1,18,2,2,2,2,1,2,2,2,2,2,3,2,2,2,1,2,2,"Indiana",0
"11471",180571,18,10098,39.69554167,-86.03873611,1,1,10,7,2,6,0,53,0,1,1,0,4,2,2,1,18,2,2,2,2,1,2,1,2,2,2,3,2,2,2,2,2,2,"Indiana",0
"11472",180572,18,5718,41.51679167,-87.47123611,1,1,10,2,2,2,0,8,0,1,1,0,2,3,1,1,18,2,2,2,2,1,2,2,1,2,2,2,1,2,2,1,1,2,"Indiana",0
"11473",180573,18,11148,39.14334722,-85.95823889,1,1,10,4,16,1,0,57,0,1,1,0,3,1,1,1,18,1,1,1,1,1,2,1,2,2,2,3,2,2,2,2,2,2,"Indiana",0
"11474",180574,18,5918,41.42108611,-87.44264722,1,1,10,4,3,2,0,31,0,1,1,0,4,2,5,1,18,1,2,2,1,1,2,1,2,1,2,2,1,2,2,2,2,2,"Indiana",0
"11475",180575,18,6777,40.96596944,-87.46932778,1,1,10,1,8,4,0,11,0,1,1,0,1,1,10,1,18,1,2,1,2,1,1,2,2,2,2,3,2,2,2,2,2,2,"Indiana",0
"11476",180576,18,9708,39.82937778,-85.58977222,12,12,7,3,16,1,0,42,0,1,1,0,4,1,1,1,18,1,1,1,1,1,2,2,2,1,2,2,2,2,2,2,2,1,"Indiana",0
"11477",180577,18,13189,38.13468611,-86.38291667,1,1,9,7,20,4,0,8,0,1,1,0,1,2,1,1,18,1,2,2,2,1,2,2,1,2,2,2,2,2,2,2,2,2,"Indiana",0
"11478",180578,18,8204,40.48023889,-85.53307222,3,3,10,5,7,3,0,12,0,1,1,0,1,4,1,1,18,1,2,1,1,3,2,2,2,2,2,2,2,1,2,2,2,2,"Indiana",0
"11479",180579,18,13009,38.24533889,-86.47063056,3,3,10,6,20,3,0,34,0,1,1,0,4,2,2,1,18,1,2,2,2,1,2,2,2,2,2,3,1,2,2,2,2,2,"Indiana",0
"11480",180580,18,12232,38.65952778,-87.15659722,3,3,10,6,15,6,0,12,0,2,2,0,1,1,10,1,18,1,2,1,1,2,1,1,2,2,2,3,2,1,2,2,2,2,"Indiana",0
"11481",180581,18,9927,39.74786111,-86.266475,7,7,10,3,7,5,0,12,0,2,3,0,1,1,10,4,18,2,2,1,1,2,2,2,2,2,2,3,2,1,2,2,2,2,"Indiana",0
"11482",180583,18,5500,41.60027222,-87.13123056,2,2,10,6,17,2,0,12,0,2,3,1,1,1,1,1,18,2,2,1,1,2,2,2,2,2,2,2,2,1,2,2,2,2,"Indiana",0
"11483",180584,18,5438,41.62865278,-86.26988611,1,1,10,7,10,5,0,8,0,1,1,0,1,9,1,1,18,2,2,1,2,1,2,2,1,2,2,3,2,2,2,1,2,2,"Indiana",0
"11484",180585,18,5927,41.41674444,-85.59769722,6,6,9,2,16,3,0,12,0,2,3,0,1,1,1,1,18,1,2,1,1,2,1,1,2,2,2,3,2,2,2,2,2,2,"Indiana",0
"11485",180586,18,9801,39.78316667,-85.81633333,2,2,9,3,15,2,0,12,0,2,3,0,1,1,2,1,18,2,2,1,1,2,2,2,2,2,2,3,2,2,2,2,2,2,"Indiana",0
"11486",180587,18,9682,39.84102222,-86.06504167,2,2,10,6,3,5,0,33,0,1,1,0,3,3,1,2,18,2,2,2,1,1,2,1,2,2,1,1,2,2,2,2,2,2,"Indiana",1
"11487",180588,18,9612,39.86772222,-87.41078889,2,2,10,7,10,3,0,12,0,3,7,0,1,1,2,1,18,1,2,1,2,2,2,2,2,1,2,3,2,1,2,2,2,2,"Indiana",0
"11488",180589,18,8825,40.17115556,-85.07305278,5,5,10,4,20,3,0,12,0,2,2,0,1,2,1,1,18,1,2,2,1,3,2,2,2,2,2,3,2,1,2,2,2,2,"Indiana",0
"11489",180590,18,12035,38.74752778,-86.60016111,2,2,10,6,6,2,0,12,0,1,1,0,1,2,1,1,18,1,2,1,1,2,2,2,2,2,2,3,2,2,2,2,2,2,"Indiana",0
"11490",180591,18,6600,41.07101667,-85.61818056,2,2,10,7,10,3,0,1,0,1,1,0,4,1,1,1,18,1,2,1,2,1,2,2,2,1,2,3,2,2,2,2,2,1,"Indiana",0
"11491",180592,18,9556,39.89260556,-85.35509722,2,2,10,2,11,3,0,42,0,1,1,0,4,1,1,1,18,1,2,1,1,1,2,2,2,2,2,2,2,2,2,2,2,2,"Indiana",0
"11492",180593,18,9239,40.00419167,-85.34896111,1,1,9,7,3,2,0,35,0,1,1,0,4,2,1,1,18,1,2,2,2,1,2,2,2,1,2,3,2,2,2,2,2,2,"Indiana",1
"11493",180595,18,10289,39.61115556,-85.41441944,2,2,10,5,12,3,0,12,0,1,1,0,1,1,1,1,18,1,2,1,1,2,2,2,2,2,2,2,2,1,2,2,1,2,"Indiana",0
"11494",180596,18,5483,41.60815,-86.11864722,2,2,10,2,17,6,0,12,0,2,2,0,1,1,1,1,18,1,2,1,1,2,2,2,2,2,2,2,2,2,2,2,2,2,"Indiana",0
"11495",180597,18,5633,41.55033889,-87.13748333,1,1,10,3,6,2,0,8,0,1,1,0,1,2,10,1,18,1,2,1,1,1,2,2,1,2,2,2,2,2,2,2,2,2,"Indiana",0
"11496",180598,18,9651,39.85293333,-85.23331667,8,8,10,7,13,1,0,12,0,1,1,0,1,1,1,1,18,1,1,1,2,3,2,2,2,2,2,3,2,2,2,2,1,2,"Indiana",0
"11497",180599,18,10595,39.43057778,-87.33788056,2,2,10,3,13,1,0,12,0,7,1,0,1,1,1,1,18,1,1,1,1,2,2,2,2,2,2,3,2,1,2,2,2,2,"Indiana",0
"11498",180600,18,6225,41.26689444,-86.07554167,3,3,10,1,9,6,0,12,0,2,2,0,1,1,1,1,18,1,2,1,2,2,2,2,2,2,2,3,2,2,2,2,2,2,"Indiana",0
"11499",180601,18,8385,40.40039167,-86.88638056,1,1,10,4,12,8,0,8,0,1,1,0,5,1,1,1,18,2,2,1,1,1,2,2,1,2,2,2,2,2,2,2,2,2,"Indiana",0
"11500",180602,18,9547,39.89622778,-86.25984722,3,3,10,6,23,6,0,12,0,2,2,0,1,3,1,1,18,2,2,2,2,2,2,2,2,2,2,1,2,2,2,2,2,2,"Indiana",1
"11501",180603,18,11093,39.17268333,-85.85211389,3,3,9,1,12,3,0,12,0,2,3,0,1,1,1,1,18,1,2,1,2,2,1,2,2,2,2,2,2,2,2,2,1,2,"Indiana",0
"11502",180604,18,8981,40.10367222,-84.94234167,4,4,10,4,16,2,0,12,0,1,1,0,1,1,1,1,18,1,2,1,1,3,2,2,2,2,2,3,1,1,2,2,2,2,"Indiana",0
"11503",180605,18,13466,37.97684444,-87.44813889,2,2,10,5,12,3,0,12,0,1,1,0,1,1,1,1,18,2,2,1,1,2,2,2,2,2,2,3,2,1,2,2,2,2,"Indiana",0
"11504",180606,18,5992,41.38685,-87.46997222,1,1,9,7,21,2,0,8,0,1,1,0,1,2,1,1,18,2,2,2,2,1,2,2,1,2,2,2,2,2,2,2,2,2,"Indiana",0
"11505",180607,18,8924,40.12990833,-86.21760833,2,2,10,4,21,5,0,12,0,2,2,0,1,3,1,1,18,1,2,2,1,2,2,2,2,2,2,3,2,2,2,2,2,2,"Indiana",0
"11506",180608,18,5417,41.63454722,-85.12666667,3,3,10,7,22,2,0,12,0,1,1,0,1,2,1,1,18,1,2,2,2,2,2,2,2,2,2,2,1,2,1,2,2,2,"Indiana",0
"11507",180609,18,9869,39.76374444,-86.3408,1,1,10,7,23,2,0,30,0,3,7,0,4,2,1,1,18,2,2,2,2,1,2,2,2,2,2,2,1,2,2,2,2,2,"Indiana",0
"11508",180610,18,13537,37.93719444,-87.87618333,2,2,10,4,10,3,0,12,0,2,2,0,1,1,1,1,18,1,2,1,1,2,2,2,2,2,2,3,2,1,2,2,2,2,"Indiana",0
"11509",180611,18,12331,38.62032222,-86.61354722,3,3,10,6,15,4,0,42,0,1,1,0,4,1,1,1,18,1,2,1,1,1,2,2,2,2,2,3,2,2,1,2,2,2,"Indiana",0
"11510",180612,18,5640,41.54823333,-86.94758056,1,1,10,7,0,2,0,1,0,1,1,0,4,2,1,1,18,1,2,2,2,1,2,2,2,1,2,2,1,2,2,2,2,2,"Indiana",0
"11511",180613,18,10936,39.25724444,-85.95077222,1,1,10,7,3,4,0,30,0,1,1,0,4,2,1,1,18,2,2,2,2,1,2,1,2,1,2,3,2,2,2,2,2,2,"Indiana",0
"11512",180614,18,11965,38.78035,-87.30415,1,1,10,2,17,3,0,35,0,1,1,0,4,1,1,1,18,1,2,1,1,1,2,1,2,1,2,3,2,2,2,2,2,2,"Indiana",0
"11513",180615,18,5637,41.54916111,-86.9913,2,2,10,2,3,2,0,12,0,1,1,0,1,2,1,1,18,1,2,2,2,2,2,2,2,2,2,2,2,2,2,2,2,2,"Indiana",0
"11514",180616,18,6824,40.93972778,-86.09523889,3,3,10,4,18,4,0,12,0,2,2,0,1,1,1,2,18,1,2,2,1,2,2,2,2,1,2,1,2,2,2,2,2,2,"Indiana",1
"11515",180617,18,7955,40.59535278,-86.77534167,2,2,10,3,17,3,0,12,0,2,2,0,1,1,1,1,18,1,2,1,1,2,2,2,2,2,2,3,2,1,2,2,2,2,"Indiana",0
"11516",180618,18,12082,38.72077222,-86.08798611,1,1,10,2,7,3,0,32,0,1,1,0,4,1,1,1,18,1,2,1,1,1,2,2,2,1,2,3,1,2,2,2,2,2,"Indiana",0
"11517",180619,18,9832,39.77381667,-86.14341944,2,3,10,2,15,6,0,12,0,2,2,0,1,1,1,1,18,2,2,1,1,2,1,2,2,2,2,3,1,2,2,2,2,2,"Indiana",0
"11518",180620,18,6503,41.12053889,-85.06173056,3,3,10,5,6,6,0,12,0,2,2,0,1,3,10,1,18,2,2,1,1,2,2,2,2,2,2,2,1,2,2,2,2,2,"Indiana",0
"11519",180621,18,11345,39.06284167,-87.564625,1,1,10,1,18,3,0,30,0,1,1,0,4,1,1,1,18,1,2,2,2,1,2,1,2,2,2,3,2,2,1,2,2,2,"Indiana",0
"11520",180622,18,5550,41.579675,-86.6591,1,1,10,7,6,4,0,42,0,1,1,0,4,2,2,1,18,1,2,1,2,1,2,1,2,2,2,1,2,2,2,2,2,2,"Indiana",1
"11521",180623,18,5259,41.69857778,-86.21924722,2,2,10,7,19,5,0,8,0,1,1,0,1,3,1,1,18,2,2,2,2,1,2,2,1,2,2,3,2,2,2,1,2,2,"Indiana",0
"11522",180625,18,9559,39.89254444,-85.03129722,1,1,10,5,10,3,0,53,0,1,1,0,4,1,1,1,18,1,2,1,1,1,2,2,2,2,2,2,2,2,1,2,2,2,"Indiana",0
"11523",180626,18,13022,38.23821667,-87.76482222,2,2,10,1,11,4,0,42,0,1,1,0,4,1,1,2,18,1,2,1,2,1,2,1,2,2,2,2,1,2,2,2,2,2,"Indiana",0
"11524",180627,18,5221,41.71324444,-86.87762222,1,1,10,3,17,6,0,10,0,6,1,0,1,1,1,1,18,2,2,1,1,1,2,2,2,1,2,3,2,2,2,2,2,2,"Indiana",0
"11525",180628,18,11740,38.88536111,-86.00659444,3,3,10,1,15,4,0,12,0,1,1,0,1,1,10,1,18,1,2,1,2,2,2,1,2,2,2,3,1,2,1,2,2,2,"Indiana",0
"11526",180629,18,9591,39.87700556,-86.035,4,4,10,4,18,5,0,12,0,1,1,0,1,5,1,1,18,2,2,2,1,2,1,2,2,1,2,3,2,2,2,2,2,2,"Indiana",0
"11527",180630,18,5605,41.560575,-87.14356667,1,1,10,6,0,5,0,8,0,1,1,0,1,2,1,1,18,1,2,2,1,1,2,2,1,2,2,2,2,2,1,2,2,2,"Indiana",0
"11528",180631,18,11582,38.96022222,-85.84384444,1,1,10,7,3,1,0,8,0,1,1,0,1,3,1,1,18,1,1,2,2,1,2,2,1,2,2,2,2,2,2,2,2,2,"Indiana",0
"11529",180632,18,12927,38.28748611,-85.74930278,1,1,10,2,21,5,0,8,0,1,1,0,1,2,2,1,18,2,2,2,1,1,2,2,1,2,2,2,2,2,2,2,2,2,"Indiana",0
"11530",180633,18,5411,41.63683889,-87.05258056,1,1,10,7,19,2,0,34,0,1,1,0,4,2,2,1,18,2,2,2,2,1,1,1,2,2,2,1,2,2,2,2,2,2,"Indiana",1
"11531",180634,18,10222,39.64475833,-86.86445556,1,1,10,3,12,5,0,8,0,2,2,0,1,1,10,1,18,1,2,1,1,1,2,2,1,2,2,2,2,2,2,2,2,2,"Indiana",0
"11532",180635,18,12938,38.28094444,-86.11106389,5,5,10,7,23,3,0,12,0,1,1,0,1,2,2,2,18,1,2,2,2,3,2,1,2,2,1,3,2,2,2,2,2,2,"Indiana",0