"","ST_CASE","OBJECT_ID","FID","LATITUDE","LONGITUD","PERMVIT","PERSONS","MONTH","DAY_WEEK","HOUR","ROUTE","SP_JUR","HARM_EV","RELJCT1","RELJCT2","TYP_INT","WRK_ZONE","REL_ROAD","LGT_COND","WEATHER","FATALS","STATE","A_RU","A_INTER","A_TOD","A_DOW","A_CT","A_MC","A_SPCRA","A_PED","A_ROLL","A_POLPUR","A_POSBAC","A_D15_20","A_D65PLS","A_D21_24","A_HR","A_DIST","A_DROWSY","STATE_NAME","drunkDr"
"11669",180778,18,8745,40.21953889,-85.78939722,1,1,12,5,10,3,0,23,0,1,1,0,4,1,10,1,18,1,2,1,1,1,2,1,2,2,2,2,2,2,2,2,2,2,"Indiana",0
"11670",180779,18,9617,39.86432778,-86.04603056,3,3,12,1,2,1,0,24,0,5,1,0,4,2,1,2,18,2,1,2,2,2,2,1,2,1,2,1,2,2,2,2,2,2,"Indiana",1
"11671",180780,18,10048,39.71194722,-86.27030278,4,4,12,7,15,1,0,12,0,1,1,0,1,1,1,1,18,2,1,1,2,3,2,2,2,2,2,3,2,1,2,1,2,2,"Indiana",0
"11672",180781,18,9674,39.84178333,-86.21175278,1,1,5,6,17,5,0,53,0,1,1,0,4,1,10,1,18,2,2,1,1,1,2,2,2,1,2,3,2,1,2,2,2,2,"Indiana",0
"11673",180782,18,10459,39.50915556,-86.31939167,9,9,12,4,18,3,0,12,0,1,1,0,1,2,1,4,18,1,2,2,1,2,2,2,2,2,2,1,1,2,2,2,2,2,"Indiana",1
"11674",180783,18,10358,39.57558333,-86.85795556,2,2,12,5,5,2,0,24,0,1,1,0,4,2,1,1,18,1,2,2,1,1,2,2,2,1,2,3,2,2,2,2,2,2,"Indiana",0
"11675",180784,18,9709,39.82916111,-86.24027778,4,4,12,6,1,5,0,12,0,1,1,0,1,3,1,2,18,2,2,2,1,2,2,2,2,2,2,3,2,2,1,2,2,2,"Indiana",0
"11676",180785,18,9846,39.77002778,-85.443,2,2,12,3,18,3,0,12,0,1,1,0,1,2,10,1,18,1,2,2,1,2,2,2,2,2,2,2,2,2,2,2,2,2,"Indiana",0
"11677",180786,18,12874,38.32078333,-85.74346944,2,2,10,5,10,5,0,12,0,2,3,0,1,1,1,1,18,2,2,1,1,2,2,2,2,2,2,3,2,1,2,2,2,2,"Indiana",0
"11678",180787,18,9837,39.77205556,-86.09860833,6,6,12,4,13,5,0,12,0,2,2,0,1,1,1,1,18,2,2,1,1,2,2,2,2,2,2,2,2,1,2,2,2,2,"Indiana",0
"11679",180788,18,12819,38.35929722,-87.56741389,2,2,1,1,3,5,0,30,0,1,1,0,4,2,1,1,18,2,2,2,2,1,2,2,2,1,2,1,2,2,2,2,2,2,"Indiana",1
"11680",180789,18,9127,40.04318611,-86.07081111,7,7,12,1,18,3,0,12,0,2,2,0,1,3,10,1,18,2,2,2,2,2,2,2,2,2,2,3,2,1,2,2,2,2,"Indiana",0
"11681",180790,18,6293,41.23708611,-86.73323889,1,1,6,1,1,4,0,8,0,1,1,0,1,2,10,1,18,1,2,2,2,1,2,2,1,2,2,3,2,2,2,1,2,2,"Indiana",0
"11682",180791,18,5838,41.46314444,-87.03666667,1,1,10,6,22,3,0,8,0,1,1,0,1,2,1,1,18,2,2,2,2,1,2,2,1,2,2,2,1,2,2,2,2,2,"Indiana",0
"11683",190001,19,3813,42.47517778,-96.10478333,1,1,1,5,1,2,0,1,0,1,1,0,4,2,1,1,19,1,2,2,1,1,2,1,2,1,2,1,2,2,2,2,2,2,"Iowa",1
"11684",190002,19,3725,42.53203333,-96.38986111,1,1,1,7,1,6,0,53,0,1,1,0,4,3,1,1,19,2,2,2,2,1,2,2,2,2,2,1,2,2,2,2,2,2,"Iowa",1
"11685",190003,19,5759,41.496675,-92.09311944,2,2,1,7,7,3,0,12,0,2,2,0,1,1,5,1,19,1,2,1,2,2,2,2,2,1,2,3,1,2,2,2,2,2,"Iowa",0
"11686",190004,19,5572,41.57171389,-93.59693056,3,3,1,7,20,2,1,12,0,2,2,0,1,3,1,1,19,2,2,2,2,2,2,1,2,2,2,1,2,2,2,2,2,2,"Iowa",1
"11687",190005,19,6658,41.03928611,-91.54576667,6,6,1,2,15,2,0,12,0,2,2,0,1,1,4,1,19,1,2,1,1,3,2,1,2,2,2,3,2,2,2,2,1,2,"Iowa",1
"11688",190006,19,2848,43.13367222,-93.25573333,2,2,1,3,12,6,0,12,0,1,1,0,1,1,10,1,19,2,2,1,1,2,2,2,2,2,2,3,2,1,2,2,2,2,"Iowa",0
"11689",190007,19,4667,42.00640278,-92.76065278,3,3,1,6,15,2,0,12,0,2,2,0,1,1,1,2,19,1,2,1,1,2,2,2,2,2,2,2,2,2,2,2,2,2,"Iowa",0
"11690",190008,19,3811,42.47547778,-96.31137778,1,1,1,6,21,2,0,1,0,1,1,0,3,2,1,1,19,1,2,2,2,1,2,2,2,1,2,3,2,2,2,2,2,1,"Iowa",0
"11691",190009,19,6029,41.36633889,-93.67301111,1,1,1,1,18,3,0,35,0,1,1,0,4,2,1,1,19,1,2,2,2,1,2,2,2,1,2,1,2,1,2,2,2,2,"Iowa",1
"11692",190010,19,4611,42.037,-95.41400556,1,1,1,1,9,3,0,42,0,1,1,0,4,1,1,1,19,1,2,1,2,1,2,2,2,1,2,2,2,1,2,2,2,2,"Iowa",0
"11693",190011,19,4336,42.20564722,-91.467675,1,1,1,3,5,4,0,1,0,1,1,0,4,2,10,1,19,1,2,2,1,1,2,2,2,1,2,3,2,2,2,2,2,2,"Iowa",0
"11694",190012,19,2679,43.267875,-93.12321389,1,1,1,4,17,4,0,35,0,1,1,0,4,2,10,1,19,1,2,1,1,1,2,2,2,1,2,2,2,1,2,2,2,2,"Iowa",0
"11695",190013,19,3854,42.44955833,-94.55334444,2,2,1,5,13,2,0,12,0,2,2,0,1,1,10,1,19,1,2,1,1,2,2,2,2,2,2,3,2,1,2,2,1,2,"Iowa",0
"11696",190014,19,7106,40.82827778,-92.2701,5,5,1,7,1,4,0,38,0,1,1,0,4,2,1,1,19,1,2,2,2,1,2,1,2,1,2,1,1,2,2,2,2,2,"Iowa",1
"11697",190015,19,8296,40.43621667,-91.46385,2,2,1,2,10,4,0,35,0,3,3,0,4,1,10,1,19,1,2,1,1,1,2,2,2,1,2,3,2,2,2,2,2,2,"Iowa",0
"11698",190016,19,4610,42.037225,-95.4788,1,1,1,4,10,3,0,35,0,1,1,0,4,1,1,1,19,1,2,1,1,1,2,2,2,1,2,3,2,1,2,2,2,2,"Iowa",0
"11699",190017,19,3810,42.47565,-93.81345,1,1,2,2,21,6,0,31,0,1,1,0,4,2,10,1,19,2,2,2,1,1,2,2,2,1,2,3,1,2,2,2,2,2,"Iowa",0
"11700",190018,19,4728,41.96409444,-92.38277778,3,3,2,4,14,2,0,12,0,2,2,0,1,1,1,2,19,1,2,1,1,2,2,2,2,1,2,3,2,2,2,2,2,2,"Iowa",0
"11701",190019,19,5143,41.74221944,-92.24009722,3,3,2,2,15,2,0,12,0,2,2,0,1,1,1,1,19,1,2,1,1,2,2,2,2,1,2,3,1,1,2,2,2,2,"Iowa",0
"11702",190020,19,3748,42.51225,-96.42712222,1,1,2,4,14,6,0,33,0,3,4,0,4,1,1,1,19,2,2,1,1,1,2,1,2,2,2,3,2,2,2,2,2,2,"Iowa",0
"11703",190021,19,7965,40.59166111,-93.54318889,1,1,2,5,16,4,0,19,0,1,1,0,4,1,10,1,19,1,2,1,1,1,2,2,2,2,2,3,2,1,2,2,2,2,"Iowa",0
"11704",190022,19,6235,41.26184722,-95.86911111,8,8,2,6,22,2,0,12,0,1,1,0,1,3,1,1,19,2,2,2,2,3,2,2,2,2,2,3,2,1,2,2,2,2,"Iowa",0
"11705",190023,19,6698,41.01108056,-92.88215556,3,3,2,7,2,2,0,42,0,1,1,0,4,2,1,1,19,1,2,2,2,1,2,2,2,1,2,1,2,2,1,2,2,2,"Iowa",1
"11706",190025,19,5753,41.49870556,-95.74658611,1,1,1,5,6,1,0,24,0,1,1,0,4,2,1,1,19,1,1,1,1,1,2,2,2,1,2,2,2,2,2,2,2,2,"Iowa",0
"11707",190026,19,6072,41.33731944,-91.69679722,3,3,2,6,8,4,0,12,0,2,2,0,1,1,10,1,19,1,2,1,1,2,2,2,2,2,2,3,2,1,2,2,2,2,"Iowa",0
"11708",190027,19,5499,41.60035833,-93.62261944,2,2,2,7,2,6,0,8,0,1,1,0,1,3,1,1,19,2,2,2,2,1,2,2,1,2,2,3,2,2,2,1,2,2,"Iowa",0
"11709",190028,19,6365,41.19975556,-94.04227222,4,4,2,7,4,4,0,1,0,1,1,0,4,2,1,1,19,1,2,2,2,1,2,2,2,1,2,1,2,2,1,2,2,2,"Iowa",1
"11710",190029,19,5730,41.50870278,-93.67450833,2,2,2,7,17,3,0,57,0,1,1,0,3,5,1,2,19,2,2,1,2,1,1,2,2,2,2,1,2,2,2,2,2,2,"Iowa",1
"11711",190030,19,4576,42.04953611,-93.15591944,1,1,2,2,16,4,0,35,0,1,1,0,4,1,1,1,19,1,2,1,1,1,2,2,2,1,2,3,2,2,2,2,2,2,"Iowa",0
"11712",190031,19,2867,43.119125,-93.06301944,7,7,2,4,11,2,0,12,0,1,1,0,1,1,4,1,19,1,2,1,1,3,2,1,2,2,2,3,2,1,2,2,2,2,"Iowa",0
"11713",190032,19,6415,41.177625,-92.08275833,3,3,3,7,23,3,0,12,0,2,2,0,1,2,10,1,19,1,2,2,2,2,2,2,2,2,2,3,1,2,1,2,1,2,"Iowa",0
"11714",190033,19,4952,41.83047778,-95.20906944,2,2,2,4,14,4,0,35,0,1,1,0,4,1,4,1,19,1,2,1,1,1,2,2,2,2,2,3,2,1,2,2,2,2,"Iowa",0
"11715",190034,19,6683,41.020625,-92.40189722,1,1,3,3,16,6,0,30,0,1,1,0,4,1,1,1,19,2,2,1,1,1,1,2,2,2,2,2,2,2,2,2,2,2,"Iowa",0
"11716",190035,19,5697,41.52751389,-90.62217778,1,1,3,3,21,6,0,8,0,1,1,0,1,2,1,1,19,2,2,2,1,1,2,2,1,2,2,3,1,2,2,2,2,2,"Iowa",0
"11717",190036,19,2841,43.13719722,-93.35622222,3,3,3,5,12,1,0,12,0,1,1,0,1,1,10,1,19,2,1,1,1,2,2,2,2,2,2,2,2,1,2,2,2,2,"Iowa",0
"11718",190037,19,3868,42.44636111,-96.37595278,3,3,3,4,10,1,0,12,0,1,1,0,1,1,10,1,19,2,1,1,1,2,2,2,2,2,2,3,2,1,2,2,2,2,"Iowa",0
"11719",190038,19,2881,43.11189444,-93.33961944,1,1,2,2,15,4,0,35,0,3,3,0,4,1,1,1,19,1,2,1,1,1,2,2,2,2,2,3,2,1,2,2,1,2,"Iowa",0
"11720",190039,19,4671,42.00134722,-90.39221667,1,1,3,7,17,4,0,32,0,1,1,0,4,1,1,1,19,1,2,1,2,1,1,2,2,2,2,1,2,2,2,2,2,2,"Iowa",1
"11721",190040,19,6748,40.98152778,-95.04427222,3,3,3,1,2,2,0,1,0,1,1,0,4,2,1,1,19,1,2,2,2,1,2,2,2,1,2,1,2,2,1,2,2,2,"Iowa",1
"11722",190041,19,7623,40.6942,-92.94370556,1,1,3,5,20,4,0,35,0,1,1,0,4,3,10,1,19,1,2,2,1,1,2,1,2,1,2,3,2,2,2,2,2,2,"Iowa",0
"11723",190042,19,2873,43.11651667,-93.01420556,2,2,3,4,12,2,0,12,0,1,1,0,1,1,10,1,19,1,2,1,1,2,2,2,2,2,2,3,2,2,2,2,2,2,"Iowa",1
"11724",190043,19,4973,41.82060833,-93.29430556,2,2,3,2,14,3,0,12,0,2,2,0,1,1,1,1,19,1,2,1,1,2,2,2,2,2,2,3,2,1,2,2,2,2,"Iowa",0
"11725",190044,19,4837,41.89419722,-91.9096,2,2,3,5,17,4,0,38,0,1,1,0,4,1,1,1,19,1,2,1,1,1,2,2,2,1,2,1,2,2,1,2,2,2,"Iowa",1
"11726",190045,19,4980,41.8169,-93.91266111,1,1,3,2,5,3,0,1,0,1,1,0,1,2,1,1,19,1,2,2,2,1,2,2,2,1,2,3,1,2,2,2,2,1,"Iowa",0
"11727",190046,19,3552,42.65273056,-91.37642222,2,2,3,1,2,4,0,1,0,1,1,0,4,2,10,1,19,1,2,2,2,1,2,2,2,1,2,1,1,2,2,2,2,2,"Iowa",1
"11728",190047,19,4993,41.809925,-93.30857778,2,2,3,6,8,2,0,12,0,2,2,0,1,1,5,1,19,1,2,1,1,2,2,1,2,2,2,2,2,2,2,2,2,2,"Iowa",0
"11729",190048,19,7178,40.80719722,-91.56448333,2,2,3,3,8,2,0,12,0,1,1,0,1,1,1,1,19,1,2,1,1,2,2,1,2,2,2,2,2,1,2,2,2,2,"Iowa",0
"11730",190049,19,6028,41.36676111,-93.69293889,2,2,3,3,17,3,0,12,0,1,1,0,1,1,1,1,19,1,2,1,1,2,2,2,2,2,2,3,2,2,2,2,2,2,"Iowa",0
"11731",190050,19,4945,41.83294444,-90.21864167,2,2,4,4,16,6,0,12,0,8,1,0,1,1,1,1,19,2,2,1,1,2,1,1,2,2,2,3,2,1,2,2,2,2,"Iowa",1
"11732",190051,19,2689,43.25717222,-95.81313333,1,1,4,7,3,3,0,1,0,3,2,0,3,2,1,1,19,1,2,2,2,1,2,2,2,1,2,1,1,2,2,2,2,2,"Iowa",1
"11733",190052,19,7364,40.761625,-91.16476667,2,2,4,7,23,4,0,1,0,1,1,0,4,2,1,1,19,1,2,2,2,1,2,2,2,1,2,2,2,2,1,2,2,2,"Iowa",0
"11734",190053,19,3303,42.85087778,-96.27266667,8,8,4,1,20,4,0,12,0,2,2,0,1,5,1,2,19,1,2,2,2,2,2,2,2,1,2,3,1,2,2,2,1,2,"Iowa",1
"11735",190054,19,5004,41.80360556,-91.03523056,1,1,3,2,99,4,0,1,0,1,1,0,1,2,1,1,19,1,2,3,3,1,2,2,2,1,2,1,2,2,2,2,2,2,"Iowa",1
"11736",190055,19,4147,42.31091111,-91.97621944,2,2,3,2,8,1,0,59,0,1,1,0,4,1,10,1,19,1,1,1,1,1,2,2,2,1,2,2,2,1,2,2,2,2,"Iowa",0
"11737",190056,19,5455,41.61903333,-93.56361389,5,5,3,3,20,6,0,33,0,1,1,0,4,3,1,1,19,2,2,2,1,3,1,1,2,2,2,1,2,2,1,2,2,2,"Iowa",1
"11738",190057,19,3615,42.60916667,-90.93240556,2,2,4,1,13,4,0,42,0,1,1,0,4,1,1,1,19,1,2,1,2,1,2,1,2,1,2,1,2,2,2,2,2,2,"Iowa",1
"11739",190058,19,6320,41.22460833,-92.439325,1,1,4,3,19,6,0,23,0,1,1,0,4,1,1,1,19,1,2,2,1,1,2,2,2,2,2,1,2,2,1,2,2,2,"Iowa",1
"11740",190059,19,4305,42.22558889,-91.89460833,6,6,4,5,16,3,0,12,0,2,3,0,1,1,10,5,19,1,2,1,1,2,2,2,2,1,2,3,1,2,2,2,2,2,"Iowa",0
"11741",190060,19,5387,41.64409167,-93.53388056,5,5,4,2,17,6,0,12,0,8,1,0,1,5,1,1,19,2,2,1,1,2,1,2,2,2,2,3,2,2,2,2,2,2,"Iowa",0
"11742",190061,19,3626,42.60258611,-91.10706667,1,1,4,6,7,3,0,35,0,1,1,0,4,1,1,1,19,1,2,1,1,1,2,2,2,1,2,2,2,2,2,2,2,2,"Iowa",0
"11743",190062,19,2531,43.46973611,-91.51671389,1,1,4,6,20,4,0,35,0,1,1,0,4,2,1,1,19,1,2,2,2,1,2,2,2,2,2,1,2,2,2,2,2,2,"Iowa",1
"11744",190063,19,6326,41.22054722,-93.73791667,1,1,4,1,22,4,0,42,0,1,1,0,4,2,2,1,19,1,2,2,2,1,2,2,2,1,2,1,2,2,2,2,2,2,"Iowa",1
"11745",190064,19,3772,42.49872778,-92.45277778,5,5,4,2,15,3,0,12,0,2,2,0,1,1,10,1,19,2,2,1,1,3,2,2,2,2,2,3,2,1,2,2,2,2,"Iowa",0
"11746",190065,19,2717,43.22935,-96.12932222,3,3,4,2,20,4,0,12,0,1,1,0,1,2,10,1,19,1,2,2,1,2,2,2,2,2,2,3,2,1,1,2,2,2,"Iowa",0
"11747",190066,19,2935,43.08309167,-94.37913889,2,2,4,4,7,2,0,12,0,1,1,0,1,1,1,1,19,1,2,1,1,2,2,2,2,2,2,3,2,2,2,2,2,2,"Iowa",0
"11748",190067,19,5107,41.7603,-94.93781944,3,3,4,5,19,2,0,12,0,2,2,0,1,1,1,1,19,1,2,2,1,2,2,2,2,2,2,3,2,2,2,2,2,2,"Iowa",0
"11749",190068,19,5230,41.71073611,-94.47958333,2,2,4,4,19,4,0,26,0,1,1,0,5,1,1,1,19,1,2,2,1,1,2,2,2,1,2,3,1,2,2,2,2,2,"Iowa",0
"11750",190069,19,3645,42.58449444,-93.87293611,1,1,4,1,19,4,0,1,0,1,1,0,4,1,1,1,19,1,2,2,2,1,2,2,2,1,2,1,2,2,2,2,2,2,"Iowa",1
"11751",190070,19,4949,41.83101389,-90.22856944,2,2,4,2,17,6,0,12,0,2,3,0,1,1,1,1,19,2,2,1,1,2,1,2,2,2,2,3,2,1,1,2,1,2,"Iowa",0
"11752",190071,19,5641,41.54815833,-90.52080278,1,1,4,4,0,1,0,59,0,1,1,0,4,2,1,1,19,2,1,2,1,1,2,1,2,2,2,3,2,2,2,2,1,2,"Iowa",0
"11753",190072,19,3787,42.49199444,-90.66509444,1,1,4,5,10,2,0,8,0,2,2,0,1,1,1,1,19,2,2,1,1,1,2,2,1,2,2,2,2,2,2,2,2,2,"Iowa",0
"11754",190073,19,3856,42.44901667,-93.64382222,1,1,5,6,22,2,0,8,0,1,1,0,1,2,1,1,19,1,2,2,2,1,2,2,1,2,2,3,2,2,2,2,2,2,"Iowa",0
"11755",190074,19,3540,42.66167222,-94.92190556,3,3,5,1,0,4,0,12,0,1,1,0,1,2,10,1,19,1,2,2,2,2,2,2,2,2,2,1,2,2,2,2,2,2,"Iowa",1
"11756",190075,19,5281,41.68717222,-92.02545556,1,1,5,1,1,1,0,38,0,1,1,0,4,2,10,1,19,1,1,2,2,1,2,2,2,1,2,1,2,2,2,2,2,2,"Iowa",1
"11757",190076,19,4500,42.09635833,-94.53757222,1,1,4,4,14,4,0,1,0,4,1,0,1,1,1,1,19,1,2,1,1,1,2,2,2,1,2,3,2,2,2,2,2,2,"Iowa",0
"11758",190077,19,4275,42.24612222,-94.04786667,3,3,5,6,8,3,0,12,0,2,2,0,1,1,10,2,19,1,2,1,1,2,2,2,2,1,2,3,1,2,2,2,2,2,"Iowa",0
"11759",190078,19,5742,41.5051,-93.57843611,1,1,5,7,5,3,0,43,0,1,1,0,4,4,10,1,19,2,2,2,2,1,2,2,2,1,2,1,1,2,2,2,2,2,"Iowa",1
"11760",190079,19,6245,41.25685833,-95.90682222,2,2,5,4,22,1,0,42,0,1,1,0,4,3,2,1,19,2,1,2,1,1,2,2,2,2,2,3,2,2,2,2,2,2,"Iowa",1
"11761",190080,19,6558,41.09608056,-91.06038056,1,1,4,1,5,4,0,34,0,1,1,0,4,2,1,1,19,1,2,2,2,1,1,1,2,2,2,1,2,2,2,2,2,2,"Iowa",1
"11762",190081,19,6043,41.35374167,-93.89215833,2,2,5,3,16,3,0,12,0,1,1,0,1,1,1,1,19,1,2,1,1,2,2,2,2,2,2,1,2,2,2,2,2,2,"Iowa",1
"11763",190082,19,4702,41.97918333,-95.45981111,1,1,5,7,0,4,0,42,0,3,3,0,4,2,1,1,19,1,2,2,2,1,2,1,2,1,2,3,2,2,2,2,2,2,"Iowa",0
"11764",190083,19,5551,41.57955278,-90.403675,1,1,5,1,0,4,0,30,0,1,1,0,4,2,1,1,19,1,2,2,2,1,2,2,2,2,2,1,1,2,2,2,2,2,"Iowa",1
"11765",190084,19,5757,41.49701944,-95.07648889,3,3,5,7,7,1,0,12,0,1,1,0,1,1,10,1,19,1,1,1,2,3,2,2,2,2,2,1,2,2,2,2,2,2,"Iowa",1
"11766",190085,19,6357,41.20489167,-92.63113056,4,4,5,1,18,4,0,12,0,2,2,0,1,1,1,2,19,1,2,2,2,2,2,2,2,1,2,3,2,2,1,2,2,2,"Iowa",0
"11767",190086,19,5465,41.61441389,-94.01275833,2,2,2,7,0,2,0,12,0,1,1,0,1,2,1,1,19,1,2,2,2,2,2,2,2,2,2,1,2,2,2,2,2,2,"Iowa",1
"11768",190087,19,4897,41.860275,-92.43034722,2,2,5,4,6,4,0,12,0,1,1,0,1,1,10,1,19,1,2,1,1,2,2,2,2,2,2,3,1,2,2,2,2,1,"Iowa",0
"11769",190088,19,2827,43.14798333,-93.30018333,4,4,5,7,21,3,0,12,0,2,3,0,1,3,1,1,19,1,2,2,2,2,1,2,2,2,2,1,1,2,2,2,2,2,"Iowa",1
"11770",190089,19,3125,42.97663611,-91.82171667,2,2,5,1,11,3,0,12,0,1,1,0,1,1,2,1,19,1,2,1,2,2,2,2,2,2,2,3,2,1,2,2,2,2,"Iowa",0
"11771",190090,19,6009,41.379775,-93.52099722,1,1,5,2,20,4,0,35,0,3,3,0,4,5,1,1,19,1,2,2,1,1,2,2,2,1,2,1,2,1,2,2,2,2,"Iowa",1
"11772",190091,19,6691,41.01539722,-92.80909167,2,2,5,5,23,2,0,12,0,3,2,0,1,3,1,1,19,1,2,2,1,2,2,2,2,2,2,1,2,2,2,2,2,2,"Iowa",1
"11773",190092,19,5284,41.68666667,-91.53986667,2,2,5,6,8,1,0,24,0,1,1,1,4,1,1,1,19,2,1,1,1,1,2,2,2,2,2,3,2,2,1,2,2,2,"Iowa",0
"11774",190093,19,5462,41.61495,-93.65306111,4,4,6,2,12,6,0,12,0,1,1,0,1,1,1,1,19,2,2,1,1,2,2,2,1,2,2,3,2,2,2,2,2,2,"Iowa",0
"11775",190094,19,5505,41.597675,-90.52662222,1,1,6,3,18,1,0,24,1,5,1,0,4,1,1,1,19,2,1,2,1,1,1,1,2,2,2,1,2,2,1,2,1,2,"Iowa",1
"11776",190095,19,6775,40.96706944,-91.58318333,3,3,6,5,5,4,0,12,0,2,2,0,1,4,5,1,19,1,2,2,1,2,2,2,2,1,2,3,1,2,2,2,2,2,"Iowa",0
"11777",190096,19,5186,41.72520278,-93.77518889,2,2,6,5,12,3,0,12,0,2,2,0,1,1,10,1,19,1,2,1,1,2,2,2,2,2,2,3,2,2,2,2,1,2,"Iowa",0
"11778",190097,19,2607,43.37125278,-92.08014444,3,3,6,7,10,3,0,12,0,2,2,0,1,1,1,2,19,1,2,1,2,2,2,2,2,1,2,2,2,1,2,2,2,2,"Iowa",0
"11779",190098,19,6116,41.31714444,-93.08909167,1,1,6,3,16,6,0,42,0,1,1,0,4,1,1,1,19,2,2,1,1,1,2,1,2,1,2,3,2,2,2,2,2,2,"Iowa",0
"11780",190099,19,7464,40.73808333,-91.15995278,4,4,6,1,14,2,0,12,0,2,2,0,1,1,10,1,19,1,2,1,2,2,2,2,2,2,2,3,2,2,2,2,2,2,"Iowa",0
"11781",190100,19,4626,42.02800278,-94.02932778,1,1,6,4,11,2,0,34,1,5,1,0,4,1,1,1,19,1,2,1,1,1,1,2,2,2,2,3,2,2,2,2,2,2,"Iowa",0
"11782",190101,19,3831,42.46178611,-92.05578056,1,1,6,4,20,4,0,32,0,1,1,0,4,5,10,1,19,1,2,2,1,1,1,2,2,2,2,3,2,2,2,2,2,2,"Iowa",0
"11783",190102,19,4351,42.19734444,-90.79276111,2,2,4,6,17,4,0,23,0,1,1,0,4,1,2,2,19,1,2,1,1,1,2,2,2,1,2,2,1,2,2,1,2,2,"Iowa",0
"11784",190103,19,4732,41.961825,-91.68120556,2,2,4,6,8,6,0,12,0,2,2,0,1,1,1,1,19,2,2,1,1,2,2,1,2,1,1,3,2,2,2,2,1,2,"Iowa",0
"11785",190104,19,5749,41.50063333,-95.89402778,1,1,6,7,19,4,0,43,0,1,1,0,4,1,1,1,19,1,2,2,2,1,1,2,2,2,2,1,2,2,2,2,2,2,"Iowa",1
"11786",190105,19,2886,43.11018056,-93.57696111,4,4,5,5,16,2,0,12,0,1,1,0,1,1,1,1,19,1,2,1,1,3,2,2,2,2,2,3,2,2,2,2,2,2,"Iowa",0
"11787",190106,19,4715,41.97118611,-91.6744,3,3,4,4,19,6,0,12,0,2,2,4,1,1,1,1,19,2,2,2,1,2,2,2,2,2,2,1,2,2,2,2,2,2,"Iowa",1
"11788",190107,19,5419,41.63343333,-90.99912778,4,4,6,5,11,1,0,12,0,1,1,1,1,1,1,1,19,1,1,1,1,3,2,1,2,2,2,3,2,2,2,2,2,2,"Iowa",0
"11789",190108,19,2653,43.30961111,-91.79211667,2,2,5,1,17,6,0,5,0,1,1,0,1,1,1,1,19,2,2,1,2,1,2,2,2,2,2,3,2,2,1,2,2,2,"Iowa",0
"11790",190109,19,6742,40.98576111,-91.60034444,5,5,6,7,14,2,0,1,0,1,1,0,4,1,1,1,19,1,2,1,2,1,2,2,2,1,2,3,1,2,2,2,2,2,"Iowa",0
"11791",190110,19,2572,43.40881944,-95.12678056,1,1,6,3,23,2,0,9,0,1,1,0,1,3,10,1,19,1,2,2,1,1,2,2,2,2,2,2,2,2,1,1,2,2,"Iowa",0
"11792",190111,19,5489,41.60668611,-93.64263333,1,1,6,5,4,6,0,33,0,1,1,0,4,3,10,1,19,2,2,2,1,1,2,1,2,1,2,1,2,2,2,2,2,2,"Iowa",1
"11793",190112,19,5037,41.79103611,-94.62624444,1,1,6,7,23,4,0,1,0,1,1,0,4,2,1,1,19,1,2,2,2,1,2,2,2,1,2,1,2,2,1,2,2,2,"Iowa",1
"11794",190113,19,5683,41.53173611,-92.23928333,3,3,6,5,9,4,0,12,0,2,2,0,1,1,1,1,19,1,2,1,1,2,2,2,2,2,2,3,2,2,2,2,2,2,"Iowa",0
"11795",190114,19,4529,42.076075,-96.1727,2,2,6,2,14,1,0,12,0,1,1,0,1,1,5,2,19,1,1,1,1,2,2,2,2,1,2,1,2,2,2,2,2,2,"Iowa",1
"11796",190115,19,5386,41.64413611,-93.42582778,2,2,7,6,16,4,0,12,0,2,2,0,1,1,1,1,19,1,2,1,1,2,1,2,2,2,2,3,1,2,2,2,1,2,"Iowa",0
"11797",190116,19,2609,43.36408056,-91.52082222,1,1,7,5,11,3,0,1,0,1,1,0,4,1,1,1,19,1,2,1,1,1,2,2,2,1,2,3,1,2,2,2,2,2,"Iowa",0
"11798",190117,19,3168,42.94555556,-95.33841944,1,1,6,7,22,4,0,14,0,1,1,0,2,2,2,1,19,1,2,2,2,1,2,2,1,2,2,2,1,2,2,2,2,2,"Iowa",0
"11799",190118,19,5504,41.59804722,-90.58171944,3,3,7,2,2,1,0,35,0,1,1,0,4,2,1,2,19,2,1,2,2,1,2,2,2,1,2,1,2,2,2,2,2,2,"Iowa",1
"11800",190119,19,3284,42.86631944,-95.80006667,2,2,6,6,23,3,0,12,0,2,2,0,1,2,1,1,19,1,2,2,2,2,2,2,2,2,2,3,2,1,2,2,2,2,"Iowa",1
"11801",190120,19,6063,41.34336389,-91.55231944,4,4,7,4,6,2,0,1,0,1,1,0,4,1,10,1,19,1,2,1,1,1,2,2,2,1,2,2,2,2,2,2,2,2,"Iowa",0
"11802",190121,19,5823,41.46875556,-91.82926111,1,1,6,4,5,4,0,8,0,1,1,0,1,2,2,1,19,1,2,2,1,1,2,2,1,2,2,2,2,2,2,2,2,2,"Iowa",0
"11803",190122,19,3715,42.53706944,-92.42784167,1,1,7,1,22,1,0,1,1,5,1,0,1,2,1,1,19,2,1,2,2,1,1,2,2,2,2,3,2,2,2,2,2,2,"Iowa",0
"11804",190123,19,6335,41.21459444,-94.12985278,1,1,6,2,2,4,0,1,0,1,1,0,4,2,1,1,19,1,2,2,2,1,2,2,2,1,2,1,2,2,2,2,2,2,"Iowa",1
"11805",190124,19,3962,42.39947778,-92.34706111,4,4,7,3,13,3,0,12,0,2,2,0,1,1,1,1,19,1,2,1,1,2,2,2,2,1,2,3,2,1,2,2,2,2,"Iowa",0
"11806",190125,19,5976,41.393425,-92.928625,1,1,6,4,20,3,0,1,0,1,1,0,1,5,1,1,19,2,2,2,1,1,2,2,2,1,2,2,2,2,2,2,2,2,"Iowa",0
"11807",190126,19,7724,40.66807778,-91.56321667,2,2,7,3,16,2,0,12,0,2,2,0,1,1,1,1,19,1,2,1,1,2,2,2,2,2,2,2,2,2,2,2,1,2,"Iowa",0
"11808",190127,19,7455,40.73965556,-91.27695833,2,2,7,5,5,3,0,12,0,2,2,0,1,4,10,1,19,1,2,2,1,2,2,2,2,2,2,2,2,2,2,2,2,2,"Iowa",0