"","ST_CASE","OBJECT_ID","FID","LATITUDE","LONGITUD","PERMVIT","PERSONS","MONTH","DAY_WEEK","HOUR","ROUTE","SP_JUR","HARM_EV","RELJCT1","RELJCT2","TYP_INT","WRK_ZONE","REL_ROAD","LGT_COND","WEATHER","FATALS","STATE","A_RU","A_INTER","A_TOD","A_DOW","A_CT","A_MC","A_SPCRA","A_PED","A_ROLL","A_POLPUR","A_POSBAC","A_D15_20","A_D65PLS","A_D21_24","A_HR","A_DIST","A_DROWSY","STATE_NAME","drunkDr"
"11809",190128,19,6916,40.89973056,-92.213575,2,2,7,1,15,4,0,1,0,1,1,0,4,1,1,1,19,1,2,1,2,1,2,2,2,1,2,1,2,2,2,2,2,2,"Iowa",1
"11810",190129,19,5370,41.64945278,-93.62790556,1,1,7,1,4,4,0,21,0,1,1,0,4,2,10,1,19,1,2,2,2,1,2,2,2,2,2,2,2,2,2,2,2,2,"Iowa",0
"11811",190130,19,5158,41.73542778,-91.21172778,2,2,7,3,19,4,0,24,0,1,1,0,4,1,1,1,19,1,2,2,1,1,2,2,2,1,2,1,2,2,2,2,2,2,"Iowa",1
"11812",190131,19,5391,41.64293889,-91.06831944,2,2,7,1,4,1,0,14,0,1,1,0,2,2,10,2,19,1,1,2,2,1,2,2,2,2,2,1,1,2,2,2,2,2,"Iowa",1
"11813",190132,19,5084,41.76926111,-91.645325,2,2,7,4,4,1,0,14,0,1,1,0,2,2,1,1,19,1,1,2,1,1,2,2,2,2,2,1,2,2,2,2,2,2,"Iowa",1
"11814",190133,19,4730,41.96354722,-92.01618889,1,1,7,2,23,2,0,8,0,1,1,0,1,2,1,1,19,1,2,2,1,1,2,2,1,2,2,3,1,2,2,2,2,2,"Iowa",0
"11815",190134,19,6091,41.32961389,-95.88588889,1,1,7,7,22,4,0,34,0,1,1,0,4,9,99,1,19,1,2,2,2,1,1,2,2,2,2,3,2,2,2,2,2,2,"Iowa",0
"11816",190135,19,4144,42.31153333,-93.15449444,1,1,7,5,21,4,0,1,0,1,1,0,4,2,1,1,19,1,2,2,1,1,2,2,2,1,2,1,2,2,2,2,2,2,"Iowa",1
"11817",190136,19,4650,42.01651944,-91.58141389,2,2,7,7,10,3,0,12,0,1,1,0,1,1,2,1,19,2,2,1,2,2,2,2,2,2,2,2,1,2,2,2,2,2,"Iowa",0
"11818",190137,19,3885,42.43591667,-92.29790833,2,2,6,2,0,6,0,19,0,1,1,0,5,3,1,1,19,2,2,2,2,1,2,2,2,2,2,1,2,2,2,2,2,2,"Iowa",1
"11819",190138,19,2557,43.43048333,-95.32376944,2,2,7,7,15,3,0,12,0,2,2,0,1,1,1,1,19,1,2,1,2,2,2,2,2,2,2,3,2,1,1,2,2,2,"Iowa",0
"11820",190139,19,3775,42.49704167,-94.12879444,3,3,7,1,20,4,0,30,0,1,1,0,4,5,1,2,19,1,2,2,2,1,2,1,2,1,2,2,2,2,2,2,2,2,"Iowa",0
"11821",190140,19,2773,43.186125,-95.78240278,3,3,7,3,16,2,0,12,0,3,2,0,1,1,1,2,19,1,2,1,1,2,2,2,2,2,2,3,2,1,2,2,2,2,"Iowa",0
"11822",190141,19,2667,43.28426111,-92.74097778,1,1,7,4,7,2,0,9,0,1,1,0,1,1,1,1,19,1,2,1,1,1,2,2,2,2,2,3,2,2,1,2,1,2,"Iowa",0
"11823",190142,19,3699,42.54763611,-96.34368333,2,2,7,4,11,6,0,12,0,1,1,0,1,1,1,1,19,2,2,1,1,2,2,2,2,2,2,3,2,2,2,1,2,2,"Iowa",0
"11824",190143,19,6224,41.26783056,-95.90814722,2,2,8,1,9,1,0,12,0,1,1,0,1,1,1,1,19,2,1,1,2,2,1,2,2,2,2,3,2,1,2,2,1,2,"Iowa",0
"11825",190144,19,4790,41.92789444,-95.46026944,1,1,8,6,21,4,0,35,0,1,1,0,4,5,1,1,19,1,2,2,2,1,2,2,2,1,2,3,1,2,2,2,1,2,"Iowa",0
"11826",190145,19,3255,42.89113056,-92.16073889,3,3,8,2,9,4,0,12,0,2,2,0,1,1,10,1,19,1,2,1,1,2,2,2,2,1,2,3,2,2,2,2,2,2,"Iowa",0
"11827",190146,19,5560,41.57485278,-92.28380556,1,1,8,1,15,4,0,43,0,1,1,0,4,1,1,1,19,1,2,1,2,1,2,2,2,1,2,3,2,1,2,2,2,2,"Iowa",0
"11828",190147,19,5714,41.52042778,-90.59886944,1,1,8,5,14,6,0,33,0,8,1,0,4,1,10,1,19,2,2,1,1,1,1,2,2,2,2,3,2,1,2,2,2,2,"Iowa",0
"11829",190148,19,3709,42.53935,-96.38112222,1,1,8,7,15,6,0,8,0,1,1,0,1,1,10,1,19,2,2,1,2,1,2,2,1,2,2,2,2,2,2,1,2,2,"Iowa",0
"11830",190149,19,6389,41.18720278,-93.59766389,8,8,8,4,8,2,0,12,0,2,2,0,1,1,1,2,19,1,2,1,1,2,2,2,2,2,2,3,2,2,2,1,2,2,"Iowa",0
"11831",190150,19,4807,41.91381667,-93.3866,3,3,8,6,6,4,0,12,0,2,2,0,1,1,1,1,19,1,2,1,1,2,2,2,2,2,2,3,1,2,2,2,2,2,"Iowa",0
"11832",190151,19,2636,43.33623611,-93.21073333,2,2,8,5,9,2,0,1,0,1,1,0,4,1,1,1,19,1,2,1,1,1,2,2,2,1,2,2,2,2,2,2,2,2,"Iowa",0
"11833",190152,19,2586,43.40223056,-94.45253056,1,1,8,7,2,3,0,1,0,1,1,0,4,2,1,1,19,1,2,2,2,1,1,2,2,2,2,1,2,2,2,2,2,2,"Iowa",1
"11834",190153,19,5463,41.61481667,-93.63181111,2,2,8,6,9,6,0,12,0,2,2,0,1,1,1,1,19,2,2,1,1,2,2,2,2,2,2,3,2,2,2,2,2,2,"Iowa",0
"11835",190154,19,2853,43.13018611,-91.21814444,1,1,8,1,13,3,0,17,0,1,1,0,4,1,1,1,19,1,2,1,2,1,2,2,2,1,2,2,2,2,2,2,2,2,"Iowa",0
"11836",190155,19,3293,42.85881389,-96.17475,2,2,8,1,15,2,0,12,0,1,1,0,1,1,10,1,19,1,2,1,2,2,2,2,2,2,2,2,1,2,2,2,2,2,"Iowa",0
"11837",190156,19,6269,41.248875,-95.90207778,1,1,8,6,2,6,0,33,0,3,2,0,1,3,1,1,19,2,2,2,1,1,1,2,2,2,2,1,2,2,2,2,2,2,"Iowa",1
"11838",190157,19,2752,43.19836389,-92.44261944,6,6,5,5,18,4,0,12,0,8,1,0,1,1,1,1,19,1,2,2,1,2,2,2,2,2,2,3,2,1,2,2,1,2,"Iowa",0
"11839",190158,19,4380,42.17650556,-93.00145278,5,5,5,1,15,4,0,12,0,1,1,0,1,1,1,1,19,1,2,1,2,2,2,2,2,2,2,3,2,2,2,1,2,2,"Iowa",0
"11840",190159,19,3557,42.65039722,-93.47106667,7,7,8,7,10,1,0,12,0,1,1,0,1,1,1,2,19,1,1,1,2,2,2,2,2,2,2,3,2,2,2,2,2,2,"Iowa",0
"11841",190160,19,5829,41.46626944,-92.54613889,4,4,8,5,12,4,0,12,0,2,2,0,1,1,1,3,19,1,2,1,1,2,2,2,2,1,2,3,1,2,2,2,2,2,"Iowa",0
"11842",190161,19,4362,42.18820278,-93.49253611,4,4,5,7,23,4,0,1,0,3,2,0,4,2,1,1,19,1,2,2,2,1,2,2,2,1,2,1,2,2,1,2,2,2,"Iowa",1
"11843",190162,19,5708,41.52235,-90.60718333,2,2,8,3,20,6,0,12,0,2,2,0,1,5,1,2,19,2,2,2,1,2,1,1,2,2,2,1,2,2,2,2,2,2,"Iowa",1
"11844",190163,19,5673,41.53653889,-90.6764,2,2,8,6,10,1,0,12,0,1,1,1,1,1,1,1,19,2,1,1,1,2,2,2,2,2,2,3,1,2,2,2,2,2,"Iowa",0
"11845",190164,19,6726,40.99659167,-94.72876389,2,2,8,2,11,4,0,1,0,1,1,0,4,1,10,1,19,1,2,1,1,1,2,2,2,1,2,2,2,1,2,2,2,2,"Iowa",0
"11846",190165,19,7090,40.83311944,-91.25937222,2,2,8,6,20,2,0,8,0,1,1,0,1,2,1,1,19,1,2,2,2,2,2,2,1,2,2,3,2,1,2,1,2,2,"Iowa",0
"11847",190166,19,5668,41.537425,-93.79595,1,1,8,1,2,4,0,8,0,1,1,0,1,2,10,1,19,1,2,2,2,1,2,2,1,2,2,3,2,2,2,1,2,2,"Iowa",0
"11848",190167,19,8305,40.43341111,-91.42006944,3,3,8,2,17,2,0,12,0,8,1,0,1,1,5,2,19,2,2,1,1,2,1,2,2,2,2,3,2,1,2,2,2,2,"Iowa",0
"11849",190168,19,5468,41.61398889,-93.59440556,1,1,7,1,18,6,0,14,0,1,1,0,7,1,1,1,19,2,2,2,2,1,1,1,2,2,2,2,2,2,1,2,2,2,"Iowa",1
"11850",190169,19,2581,43.40480556,-95.12708889,2,2,8,6,13,2,0,12,0,1,1,0,1,1,1,1,19,1,2,1,1,2,1,2,2,2,2,2,2,2,2,1,2,2,"Iowa",0
"11851",190170,19,5151,41.73805,-95.88037778,1,1,8,5,19,4,0,34,0,1,1,0,4,1,1,1,19,1,2,2,1,1,1,2,2,2,2,3,2,1,2,2,2,2,"Iowa",0
"11852",190171,19,2569,43.41485556,-95.06718611,1,1,8,3,13,4,0,34,0,1,1,0,4,1,10,1,19,1,2,1,1,1,1,2,2,2,2,3,2,2,2,2,2,2,"Iowa",0
"11853",190172,19,2820,43.15265278,-95.86134444,1,1,8,5,14,4,0,42,0,1,1,0,4,1,10,1,19,1,2,1,1,1,2,2,2,2,2,3,2,1,2,2,2,2,"Iowa",0
"11854",190173,19,4606,42.03817778,-92.91107222,1,1,8,1,20,3,0,9,0,2,3,0,1,3,1,1,19,2,2,2,2,1,2,2,2,2,2,3,2,1,2,2,2,2,"Iowa",0
"11855",190174,19,5713,41.52049722,-95.47809722,2,2,8,3,20,4,0,35,0,1,1,0,4,5,1,2,19,1,2,2,1,1,2,1,2,1,2,2,2,2,1,2,2,2,"Iowa",0
"11856",190175,19,5754,41.49853333,-93.49785,8,8,8,2,7,3,0,12,0,2,2,0,1,1,1,1,19,1,2,1,1,3,2,2,2,2,2,3,2,1,2,2,2,2,"Iowa",0
"11857",190176,19,6667,41.03073333,-95.52690556,4,4,8,6,22,2,0,12,0,1,1,0,1,2,10,1,19,1,2,2,2,2,2,2,2,2,2,3,2,2,2,2,2,2,"Iowa",0
"11858",190177,19,6640,41.04645,-95.80403333,3,3,8,1,15,2,0,12,0,2,2,0,1,1,10,1,19,1,2,1,2,2,2,2,2,2,2,3,2,1,2,2,2,2,"Iowa",0
"11859",190178,19,5731,41.50808056,-90.6389,1,1,8,1,22,6,0,30,0,1,1,0,4,3,1,1,19,2,2,2,2,1,2,1,2,1,2,1,2,2,2,2,2,2,"Iowa",1
"11860",190179,19,4223,42.27207222,-96.23219444,2,2,5,2,16,4,0,1,0,3,2,0,4,1,2,1,19,1,2,1,1,1,2,2,2,1,2,3,2,1,2,2,2,2,"Iowa",0
"11861",190180,19,4727,41.96426389,-92.29775556,5,5,8,6,16,2,0,12,0,2,2,0,1,1,1,4,19,1,2,1,1,2,2,2,2,2,2,3,2,1,2,2,2,2,"Iowa",0
"11862",190181,19,3735,42.52181389,-93.210725,4,4,7,6,13,4,0,12,0,1,1,0,1,1,1,1,19,1,2,1,1,2,2,2,2,2,2,1,2,2,2,2,2,2,"Iowa",1
"11863",190182,19,5318,41.67330556,-93.22388056,4,4,7,5,15,4,0,12,0,1,1,0,1,1,1,1,19,1,2,1,1,2,2,2,2,2,2,3,2,1,2,2,1,2,"Iowa",0
"11864",190183,19,5506,41.59678333,-90.35289444,2,2,8,5,17,6,0,5,0,1,1,0,1,1,1,1,19,1,2,1,1,1,2,2,2,2,2,2,2,2,1,2,2,2,"Iowa",0
"11865",190184,19,2770,43.18745278,-96.14252222,2,2,8,2,14,6,0,12,0,3,3,0,1,1,1,1,19,1,2,1,1,2,2,1,2,2,2,3,2,1,2,2,2,2,"Iowa",0
"11866",190185,19,8335,40.42168333,-91.42615278,2,2,9,5,7,2,0,12,0,2,2,0,1,1,1,1,19,2,2,1,1,2,2,2,2,2,2,2,1,2,2,2,2,2,"Iowa",0
"11867",190186,19,6278,41.24532222,-95.90195556,1,1,9,1,12,6,0,30,0,1,1,0,4,1,1,1,19,2,2,1,2,1,1,1,2,2,2,3,2,2,2,2,2,2,"Iowa",0
"11868",190187,19,6267,41.2489,-95.90204722,1,1,9,3,6,6,0,9,0,1,1,0,1,3,2,1,19,2,2,1,1,1,2,2,2,2,2,3,2,2,2,1,2,2,"Iowa",0
"11869",190188,19,6243,41.25844444,-94.82129167,2,2,9,5,13,3,0,12,0,1,1,0,1,1,1,2,19,1,2,1,1,2,2,2,2,2,2,3,2,1,2,2,2,2,"Iowa",0
"11870",190189,19,3967,42.39830833,-94.01048056,2,2,9,5,17,4,0,12,0,2,2,0,1,1,10,1,19,1,2,1,1,2,2,2,2,1,2,2,2,2,1,2,2,2,"Iowa",0
"11871",190190,19,3844,42.45402222,-94.92112778,1,1,9,1,13,2,0,1,0,1,1,0,4,1,1,1,19,1,2,1,2,1,1,2,2,2,2,3,2,2,2,2,2,2,"Iowa",0
"11872",190191,19,3409,42.74543611,-93.39181111,2,2,7,6,12,3,0,12,0,1,1,0,1,1,1,1,19,1,2,1,1,2,1,2,2,2,2,2,2,2,1,2,2,1,"Iowa",0
"11873",190192,19,3836,42.45903333,-92.32244167,4,4,8,3,16,6,0,12,0,8,1,0,1,1,1,1,19,2,2,1,1,2,1,2,2,2,2,3,2,2,2,2,2,2,"Iowa",0
"11874",190193,19,7852,40.63519167,-91.51725833,1,1,8,1,7,3,0,3,0,3,3,0,5,9,99,1,19,1,2,1,2,1,2,2,2,2,2,1,2,2,2,2,2,2,"Iowa",1
"11875",190194,19,2641,43.32778056,-95.42745,4,4,8,5,16,4,0,12,0,2,2,0,1,1,10,1,19,1,2,1,1,2,1,2,2,2,2,3,1,2,2,2,2,2,"Iowa",0
"11876",190195,19,6306,41.23307778,-95.88115833,1,1,9,2,2,1,0,1,1,5,1,0,4,3,1,1,19,2,1,2,2,1,1,2,2,2,2,3,2,2,2,2,2,2,"Iowa",0
"11877",190196,19,7843,40.63766667,-91.349125,2,2,9,7,3,6,0,59,0,1,1,0,4,3,10,1,19,2,2,2,2,1,2,2,2,2,2,1,2,2,2,2,2,2,"Iowa",1
"11878",190197,19,4800,41.921675,-93.744375,1,1,9,4,18,4,0,1,0,1,1,0,4,1,10,1,19,1,2,2,1,1,2,2,2,1,2,1,2,2,2,2,2,2,"Iowa",1
"11879",190198,19,3424,42.73537222,-96.61280556,2,2,9,3,14,3,0,1,0,1,1,0,4,1,1,1,19,1,2,1,1,1,2,2,2,1,2,2,2,2,1,2,1,2,"Iowa",0
"11880",190199,19,5906,41.42603056,-94.75813889,1,1,9,5,6,3,0,1,0,1,1,0,4,8,10,1,19,1,2,1,1,1,2,2,2,1,2,3,2,1,2,2,2,2,"Iowa",0
"11881",190200,19,3178,42.93834722,-95.89880278,2,2,9,5,15,4,0,12,0,2,2,0,1,1,2,1,19,1,2,1,1,2,2,2,2,2,2,3,2,2,2,2,2,2,"Iowa",0
"11882",190201,19,4624,42.0284,-92.88388889,1,1,9,3,16,6,0,30,0,3,2,0,4,1,1,1,19,2,2,1,1,1,2,2,2,2,2,3,2,2,2,2,2,2,"Iowa",0
"11883",190202,19,3613,42.61296944,-91.98344722,6,6,10,6,12,4,0,12,0,2,2,0,1,1,1,1,19,1,2,1,1,2,2,2,2,1,2,3,2,2,2,1,2,2,"Iowa",0
"11884",190203,19,5464,41.61471389,-93.63659167,1,1,10,7,12,6,0,30,0,1,1,0,4,1,1,1,19,2,2,1,2,1,2,2,2,2,2,3,2,1,2,2,2,2,"Iowa",0
"11885",190204,19,2509,43.49995,-94.03542778,1,1,9,6,20,4,0,1,0,1,1,0,4,1,1,1,19,1,2,2,2,1,2,1,2,1,2,1,2,2,2,2,2,2,"Iowa",1
"11886",190205,19,5756,41.4973,-95.00545833,3,3,9,7,12,1,0,1,0,1,1,0,1,1,1,1,19,1,1,1,2,2,1,2,2,2,2,3,2,2,2,2,2,2,"Iowa",0
"11887",190206,19,3817,42.47245833,-91.88976111,1,1,10,7,22,6,0,14,0,3,2,0,7,6,1,1,19,2,2,2,2,1,2,2,2,2,2,1,2,2,2,2,2,2,"Iowa",1
"11888",190207,19,4668,42.00627222,-96.11664444,2,2,7,5,7,1,0,1,0,1,1,0,3,1,10,1,19,1,1,1,1,1,1,2,2,2,2,2,2,1,2,2,2,2,"Iowa",0
"11889",190208,19,6555,41.09896389,-94.37589444,1,1,10,4,3,4,0,38,0,1,1,0,4,2,1,1,19,1,2,2,1,1,2,2,2,2,2,2,2,2,2,2,2,2,"Iowa",0
"11890",190209,19,5541,41.58443056,-93.68586944,1,1,8,1,10,6,0,9,0,2,3,0,1,1,1,1,19,2,2,1,2,1,2,2,2,2,2,1,2,2,2,1,2,2,"Iowa",1
"11891",190210,19,5353,41.65799722,-91.54994722,1,1,9,3,17,6,0,33,0,3,3,0,4,1,1,1,19,2,2,1,1,1,2,2,1,2,2,3,2,2,2,2,2,2,"Iowa",0
"11892",190211,19,4118,42.32617222,-92.48145278,2,2,9,6,13,4,0,12,0,1,1,0,1,1,1,1,19,1,2,1,1,2,2,2,2,2,2,3,1,2,2,2,2,1,"Iowa",0
"11893",190212,19,4608,42.03731111,-93.87568333,1,1,10,4,21,6,0,8,0,1,1,0,1,2,1,1,19,2,2,2,1,1,2,2,1,2,2,2,1,2,2,2,2,2,"Iowa",0
"11894",190213,19,4167,42.29941667,-93.77656667,1,1,10,5,13,4,0,1,0,1,1,0,4,1,1,1,19,1,2,1,1,1,2,2,2,1,2,2,2,2,2,2,2,2,"Iowa",0
"11895",190214,19,5656,41.54071389,-90.57078889,1,1,10,2,2,6,0,33,0,3,3,0,4,3,1,1,19,2,2,2,2,1,1,1,2,2,2,1,1,2,2,2,2,2,"Iowa",1
"11896",190215,19,3822,42.46838611,-92.14009722,2,2,9,4,6,4,0,12,0,3,3,0,1,4,1,2,19,1,2,1,1,2,1,1,2,2,2,2,2,2,2,1,2,2,"Iowa",0
"11897",190216,19,4242,42.26472778,-91.14658611,2,2,8,4,20,2,0,12,0,1,1,0,1,2,10,1,19,1,2,2,1,2,2,2,2,2,2,3,2,1,2,2,2,2,"Iowa",0
"11898",190217,19,7762,40.65885833,-95.03168333,2,2,10,2,16,2,0,12,0,2,2,0,1,1,1,1,19,1,2,1,1,2,2,2,2,2,2,3,2,2,2,2,2,2,"Iowa",0
"11899",190218,19,3779,42.49584444,-91.45794167,1,1,9,1,21,3,0,8,0,3,2,0,1,3,10,1,19,2,2,2,2,1,2,2,1,2,2,3,2,2,1,2,2,2,"Iowa",0
"11900",190219,19,5283,41.68682778,-91.499275,2,2,10,7,11,1,0,21,1,19,1,0,4,1,1,1,19,1,1,1,2,1,2,2,2,2,2,2,2,1,2,2,2,1,"Iowa",0
"11901",190220,19,6732,40.9932,-91.14864444,4,4,10,5,19,4,0,1,0,3,3,0,4,2,1,1,19,1,2,2,1,1,2,2,2,1,2,1,2,2,2,2,2,2,"Iowa",1
"11902",190221,19,4146,42.31106389,-96.28716667,1,1,10,6,7,4,0,30,0,3,3,0,4,4,2,1,19,1,2,1,1,1,2,1,2,1,1,1,2,2,2,2,2,2,"Iowa",1
"11903",190222,19,5606,41.56041944,-90.62717222,6,6,10,1,16,2,0,12,0,8,1,0,1,1,1,2,19,2,2,1,2,3,2,1,2,2,2,3,1,2,2,2,2,2,"Iowa",0
"11904",190223,19,5545,41.58339167,-90.571375,1,1,10,3,22,2,0,8,0,1,1,0,1,2,10,1,19,2,2,2,1,1,2,2,1,2,2,3,2,2,2,2,2,2,"Iowa",0
"11905",190224,19,3196,42.92827778,-91.34433611,4,4,10,5,17,3,0,12,0,2,2,0,1,1,10,1,19,1,2,1,1,2,2,2,2,2,2,3,2,1,2,2,2,2,"Iowa",0
"11906",190225,19,5363,41.65457222,-95.78956944,1,1,7,7,23,3,0,8,0,1,1,0,4,3,1,1,19,1,2,2,2,1,2,2,1,2,2,3,2,2,2,1,1,2,"Iowa",0
"11907",190226,19,5584,41.56665,-91.03809167,2,2,10,3,8,2,0,12,0,2,2,0,1,1,10,1,19,1,2,1,1,2,2,2,2,1,2,3,2,1,2,2,2,2,"Iowa",0
"11908",190227,19,4479,42.10688611,-93.65920556,5,5,10,6,19,4,0,12,0,2,2,0,1,2,1,1,19,1,2,2,2,2,2,2,2,1,2,3,2,2,2,2,2,2,"Iowa",0
"11909",190228,19,7360,40.762725,-92.48585278,1,1,10,6,9,4,0,49,0,8,1,0,1,1,1,1,19,1,2,1,1,1,2,2,2,2,2,2,2,2,2,2,2,2,"Iowa",0
"11910",190229,19,3506,42.68375,-91.91554444,1,1,9,2,11,6,0,33,0,1,1,0,4,1,1,1,19,2,2,1,1,1,1,2,2,2,2,2,2,2,2,2,2,2,"Iowa",0
"11911",190230,19,2913,43.09734722,-93.90179167,3,3,10,1,10,2,0,12,0,1,1,0,1,1,10,1,19,1,2,1,2,2,2,2,2,2,2,3,2,1,2,2,2,2,"Iowa",0
"11912",190231,19,6313,41.22881389,-93.970375,1,1,10,7,4,4,0,1,0,1,1,0,4,2,2,1,19,1,2,2,2,1,2,2,2,1,2,2,2,2,2,2,2,2,"Iowa",0
"11913",190232,19,5448,41.62228889,-93.58128889,2,2,11,1,0,6,0,5,0,8,1,0,1,3,1,1,19,2,2,2,2,1,2,2,2,2,2,2,2,2,2,2,1,2,"Iowa",0
"11914",190233,19,5819,41.47072778,-93.55844444,1,1,11,1,0,2,0,1,0,1,1,0,4,2,1,1,19,1,2,2,2,1,2,1,2,1,2,1,2,2,2,2,2,2,"Iowa",1
"11915",190234,19,3744,42.51567222,-96.3877,4,4,11,3,12,6,0,12,0,8,1,0,1,1,1,2,19,2,2,1,1,2,2,1,2,2,2,3,2,2,2,2,2,2,"Iowa",0
"11916",190235,19,3657,42.57624444,-91.34177778,2,2,9,2,18,3,0,12,0,1,1,0,1,1,10,1,19,1,2,2,1,2,2,2,2,2,2,3,1,2,2,2,2,2,"Iowa",0
"11917",190236,19,4431,42.14249722,-90.77016667,3,3,9,1,12,4,0,12,0,1,1,0,1,1,1,1,19,1,2,1,2,2,1,2,2,2,2,3,2,2,2,2,2,2,"Iowa",0
"11918",190237,19,4558,42.06328889,-91.11030278,4,4,9,1,21,3,0,12,0,1,1,0,1,2,1,3,19,1,2,2,2,2,2,2,2,2,2,3,1,2,2,2,2,2,"Iowa",0
"11919",190238,19,5705,41.52351667,-90.58302778,1,1,9,6,5,6,0,8,0,2,2,0,1,3,1,1,19,2,2,2,1,1,2,2,1,2,2,3,2,2,2,1,2,2,"Iowa",0
"11920",190239,19,5636,41.55003611,-93.77611389,1,1,10,2,23,1,0,8,0,1,1,0,1,3,1,1,19,2,1,2,1,1,2,2,1,2,2,2,2,2,2,2,2,2,"Iowa",0
"11921",190240,19,5194,41.72219722,-90.88526111,1,1,11,5,22,3,0,35,0,1,1,0,4,2,1,1,19,1,2,2,1,1,2,2,2,1,2,1,1,2,2,2,2,2,"Iowa",1
"11922",190241,19,6319,41.225025,-95.61297778,3,3,11,6,15,4,0,8,0,1,1,0,1,1,1,1,19,1,2,1,1,1,2,2,1,2,2,3,2,2,2,2,2,2,"Iowa",0
"11923",190243,19,4256,42.25796667,-96.25869444,4,4,11,6,23,1,0,12,0,1,1,2,1,2,1,1,19,1,1,2,2,2,2,1,2,2,2,1,2,2,2,2,2,2,"Iowa",1
"11924",190244,19,5638,41.54897778,-93.95255833,1,1,11,7,1,1,0,14,1,5,1,0,4,3,1,1,19,1,1,2,2,1,2,2,2,1,2,1,2,2,2,2,2,2,"Iowa",1
"11925",190245,19,5436,41.629,-93.54491111,3,3,11,1,18,2,0,12,0,2,3,0,1,3,1,2,19,2,2,2,2,2,2,1,2,2,2,1,2,2,2,2,2,2,"Iowa",1
"11926",190246,19,3855,42.44928333,-93.80898611,7,7,11,2,23,2,0,1,1,5,1,0,4,2,12,2,19,2,2,2,1,1,2,2,2,1,2,2,1,2,2,2,2,2,"Iowa",0
"11927",190247,19,5985,41.39005278,-92.90066944,2,2,11,3,8,3,0,42,0,1,1,0,4,1,2,1,19,2,2,1,1,1,2,2,2,2,2,3,2,1,2,2,2,2,"Iowa",0
"11928",190248,19,5295,41.68193333,-92.98368056,4,4,11,3,12,1,0,1,0,1,1,0,4,1,2,2,19,1,1,1,1,1,2,2,2,1,2,3,2,2,2,2,2,2,"Iowa",0
"11929",190249,19,5528,41.58866667,-93.66418333,2,2,11,2,8,6,0,30,0,1,1,0,4,1,1,1,19,2,2,1,1,1,2,1,2,2,2,2,2,2,1,2,1,2,"Iowa",1
"11930",190250,19,3793,42.48753333,-94.19685833,5,5,11,4,13,3,0,12,0,8,1,0,1,1,10,1,19,2,2,1,1,3,2,2,2,2,2,3,2,2,2,2,1,2,"Iowa",0
"11931",190251,19,5531,41.58782778,-90.46126111,1,1,11,5,19,6,0,30,0,1,1,0,4,2,2,1,19,2,2,2,1,1,2,2,2,2,2,1,2,2,2,2,2,2,"Iowa",1
"11932",190252,19,6714,41.00217222,-91.96506944,1,1,11,1,14,6,0,8,0,4,1,0,1,1,10,1,19,2,2,1,2,1,2,2,1,2,2,2,2,2,1,2,2,2,"Iowa",0
"11933",190253,19,8156,40.51069444,-91.56611944,4,4,11,1,20,3,0,12,0,1,1,0,1,2,2,1,19,1,2,2,2,3,2,2,2,2,2,1,2,2,2,2,2,2,"Iowa",1
"11934",190254,19,8155,40.51071667,-91.56612222,2,2,11,1,20,3,0,12,0,1,1,0,1,2,2,1,19,1,2,2,2,2,2,2,2,2,2,2,2,2,2,2,2,2,"Iowa",0
"11935",190255,19,3759,42.50668056,-92.41126111,1,1,10,5,5,3,0,8,0,2,2,0,1,3,10,1,19,2,2,2,1,1,2,2,1,2,2,3,2,2,2,2,2,2,"Iowa",0
"11936",190256,19,3669,42.57021667,-92.20121667,2,2,12,4,5,4,0,12,0,1,1,0,1,2,4,1,19,1,2,2,1,2,2,1,2,2,2,3,2,2,1,1,2,2,"Iowa",0
"11937",190257,19,6308,41.23126667,-95.84303889,3,3,12,6,12,1,0,1,1,19,1,0,4,1,1,1,19,2,1,1,1,1,2,2,2,1,2,2,1,2,2,2,2,2,"Iowa",0
"11938",190258,19,5846,41.45844167,-90.75103889,1,1,12,7,2,4,0,1,0,1,1,0,4,2,1,1,19,1,2,2,2,1,2,1,2,1,2,1,2,2,1,2,2,2,"Iowa",1
"11939",190259,19,3716,42.53671111,-93.26223333,1,1,9,1,22,2,0,8,0,1,1,0,1,2,99,1,19,1,2,2,2,1,2,2,1,2,2,3,2,2,2,1,2,2,"Iowa",0
"11940",190260,19,5426,41.63123056,-91.62929722,2,2,11,6,23,4,0,1,0,1,1,0,4,2,1,1,19,2,2,2,2,1,1,2,2,2,2,3,2,2,2,2,2,2,"Iowa",0
"11941",190261,19,3132,42.971175,-93.34922222,3,3,12,7,11,1,0,12,0,1,1,0,1,1,1,2,19,1,1,1,2,2,2,2,2,1,2,3,1,2,2,2,1,2,"Iowa",0
"11942",190262,19,2723,43.22521111,-91.81001389,1,1,10,1,2,4,0,1,0,1,1,0,4,2,1,1,19,1,2,2,2,1,2,2,2,1,2,1,2,2,2,2,2,2,"Iowa",1
"11943",190263,19,3236,42.90618056,-95.54418056,4,4,12,1,12,2,0,12,0,1,1,0,1,1,5,1,19,1,2,1,2,2,2,2,2,2,2,3,1,2,2,2,2,2,"Iowa",0
"11944",190264,19,4703,41.97913333,-93.40583056,2,2,12,5,6,4,0,12,0,2,2,0,1,4,10,1,19,1,2,1,1,2,2,2,2,2,2,3,1,2,2,2,2,2,"Iowa",0
"11945",190265,19,4620,42.03132778,-93.97359444,2,2,12,5,16,2,0,12,0,2,2,0,1,2,1,1,19,1,2,1,1,2,2,2,2,2,2,3,2,1,2,2,2,2,"Iowa",0
"11946",190266,19,6236,41.26175833,-95.902075,1,1,12,6,17,6,0,8,0,1,1,0,1,2,1,1,19,2,2,1,1,1,2,2,1,2,2,2,2,2,1,2,2,2,"Iowa",0
"11947",190267,19,4638,42.02275833,-93.64442222,1,1,12,2,7,6,0,8,0,2,3,0,1,3,2,1,19,2,2,1,1,1,2,1,1,2,2,3,2,2,1,1,2,2,"Iowa",0
"11948",190268,19,3358,42.79354444,-91.10508056,1,1,10,7,7,6,0,38,0,1,1,0,4,1,1,1,19,1,2,1,2,1,2,2,2,2,2,2,2,1,2,2,2,2,"Iowa",0