"","ST_CASE","OBJECT_ID","FID","LATITUDE","LONGITUD","PERMVIT","PERSONS","MONTH","DAY_WEEK","HOUR","ROUTE","SP_JUR","HARM_EV","RELJCT1","RELJCT2","TYP_INT","WRK_ZONE","REL_ROAD","LGT_COND","WEATHER","FATALS","STATE","A_RU","A_INTER","A_TOD","A_DOW","A_CT","A_MC","A_SPCRA","A_PED","A_ROLL","A_POLPUR","A_POSBAC","A_D15_20","A_D65PLS","A_D21_24","A_HR","A_DIST","A_DROWSY","STATE_NAME","drunkDr"
"12359",210073,21,14770,37.18240833,-87.44528889,3,3,2,4,19,3,0,12,0,1,1,0,1,2,1,1,21,1,2,2,1,2,2,2,2,2,2,3,2,2,2,2,2,2,"Kentucky",0
"12360",210074,21,14947,37.06916667,-83.68441389,1,1,2,4,19,3,0,34,0,1,1,0,4,2,1,1,21,1,2,2,1,1,2,2,2,1,2,1,2,2,2,2,2,2,"Kentucky",1
"12361",210075,21,11456,39.01143333,-84.64538333,2,2,2,4,21,3,0,8,0,1,1,0,1,2,1,1,21,2,2,2,1,1,2,2,1,2,2,3,2,2,2,2,1,2,"Kentucky",0
"12362",210076,21,13331,38.04134722,-84.63160278,5,5,2,2,15,2,0,12,0,1,1,0,1,1,10,1,21,1,2,1,1,3,2,2,2,1,2,2,1,1,1,2,1,2,"Kentucky",0
"12363",210077,21,13163,38.15077222,-84.48959722,1,1,2,6,12,3,0,30,0,1,1,0,4,1,1,1,21,2,2,1,1,1,2,2,2,2,2,2,2,2,2,2,2,2,"Kentucky",0
"12364",210078,21,14373,37.44003056,-84.46915556,4,4,2,1,0,2,0,35,0,1,1,0,4,2,10,1,21,2,2,2,2,2,2,2,2,1,2,1,2,2,2,2,2,2,"Kentucky",1
"12365",210079,21,13084,38.19912778,-85.76677222,2,2,2,1,3,3,0,43,0,3,2,0,5,3,10,1,21,2,2,2,2,1,2,2,2,2,2,2,2,2,2,2,2,1,"Kentucky",1
"12366",210080,21,12119,38.70428056,-84.081425,1,1,2,2,17,3,0,34,0,1,1,0,4,5,4,1,21,1,2,1,1,1,2,2,2,1,2,1,2,1,2,2,2,2,"Kentucky",1
"12367",210081,21,11381,39.04364722,-84.579675,2,2,2,4,11,1,0,12,1,17,1,0,1,1,4,1,21,1,1,1,1,2,2,1,2,2,2,1,2,2,2,2,1,2,"Kentucky",1
"12368",210082,21,13964,37.69515833,-85.20621111,3,3,2,4,17,2,0,12,0,1,1,0,1,5,11,1,21,1,2,1,1,2,2,1,2,2,2,1,2,2,2,2,1,2,"Kentucky",1
"12369",210083,21,15095,36.97745556,-88.47742222,3,3,2,6,16,2,0,12,0,1,1,0,1,1,1,1,21,1,2,1,1,2,2,1,2,2,2,3,2,2,1,2,2,2,"Kentucky",1
"12370",210084,21,13387,38.012575,-85.92726667,5,5,2,1,13,2,0,12,0,1,1,0,1,1,10,1,21,2,2,1,2,3,2,1,2,2,2,3,2,2,2,2,2,2,"Kentucky",0
"12371",210085,21,14270,37.50921944,-84.71371667,2,2,2,7,10,3,0,12,0,1,1,0,1,1,2,1,21,1,2,1,2,2,2,2,2,2,2,3,2,2,2,2,2,2,"Kentucky",0
"12372",210086,21,15239,36.86915556,-83.84500833,2,2,2,2,2,3,0,35,0,1,1,0,4,2,10,1,21,1,2,2,2,1,2,1,2,1,2,2,2,2,2,2,2,2,"Kentucky",0
"12373",210087,21,14808,37.15737222,-84.41844444,4,4,2,6,11,3,0,12,0,1,1,0,2,1,10,1,21,1,2,1,1,3,2,2,2,1,2,3,2,1,2,2,2,2,"Kentucky",0
"12374",210088,21,13909,37.72244167,-87.12505833,1,1,2,7,21,3,0,8,0,1,1,0,1,2,10,1,21,2,2,2,2,1,2,2,1,2,2,2,2,2,2,2,2,2,"Kentucky",0
"12375",210089,21,11243,39.10434722,-84.48563333,2,2,2,3,18,3,0,12,0,2,2,0,1,1,1,1,21,2,2,2,1,2,2,1,2,1,1,1,2,1,2,2,2,2,"Kentucky",1
"12376",210090,21,12824,38.35597778,-83.67018889,1,1,2,5,16,3,0,38,0,1,1,0,5,1,10,1,21,1,2,1,1,1,2,2,2,2,2,2,2,2,2,2,1,2,"Kentucky",0
"12377",210091,21,14705,37.22442222,-83.942275,1,1,2,6,23,3,0,42,0,1,1,0,4,2,1,1,21,1,2,2,2,1,2,1,2,2,2,1,2,2,2,2,1,2,"Kentucky",1
"12378",210092,21,14508,37.35056667,-84.35040278,1,1,2,7,20,2,0,42,0,1,1,0,4,2,10,1,21,1,2,2,2,1,2,1,2,1,2,2,2,2,2,2,2,2,"Kentucky",0
"12379",210093,21,13310,38.05768333,-85.69870278,2,2,2,7,19,1,0,8,0,1,1,0,1,2,10,1,21,2,1,2,2,1,2,2,1,2,2,3,2,2,2,2,2,2,"Kentucky",0
"12380",210094,21,14242,37.53142222,-86.40620556,1,1,1,2,14,3,0,1,0,1,1,0,4,1,1,1,21,1,2,1,1,1,1,2,2,2,2,3,2,2,2,2,2,2,"Kentucky",0
"12381",210095,21,15223,36.88568056,-86.02213056,1,1,1,7,14,2,0,1,0,3,3,0,4,1,1,1,21,1,2,1,2,1,1,2,2,2,2,3,2,2,2,2,1,2,"Kentucky",0
"12382",210096,21,13403,38.00584444,-85.83526944,1,1,2,5,17,3,0,1,0,1,1,0,4,1,1,1,21,1,2,1,1,1,2,2,2,1,2,2,2,2,2,2,2,2,"Kentucky",0
"12383",210097,21,13738,37.79816944,-86.25299722,1,1,1,5,6,4,0,8,0,1,1,0,1,4,10,1,21,1,2,1,1,1,2,2,1,2,2,2,2,2,2,2,2,2,"Kentucky",0
"12384",210098,21,12915,38.293775,-85.55920833,1,1,3,2,19,3,0,8,0,2,2,0,1,3,1,1,21,2,2,2,1,1,2,2,1,2,2,2,2,2,2,2,2,2,"Kentucky",0
"12385",210099,21,13113,38.18554167,-85.638175,1,1,3,6,19,5,0,8,0,1,1,0,1,3,1,1,21,2,2,2,2,1,2,2,1,2,2,3,2,2,2,1,2,2,"Kentucky",0
"12386",210100,21,12798,38.37003333,-85.440825,7,7,3,7,1,1,0,12,0,1,1,0,1,2,1,1,21,2,1,2,2,3,2,2,2,2,2,3,2,1,1,2,2,2,"Kentucky",0
"12387",210101,21,11249,39.10319722,-84.825075,3,3,3,7,11,1,0,12,0,1,1,0,1,1,1,2,21,1,1,1,2,2,2,2,2,2,2,2,2,2,2,2,2,2,"Kentucky",0
"12388",210102,21,14552,37.32870556,-82.4433,1,1,3,1,10,3,0,42,0,1,1,0,4,1,1,1,21,1,2,1,2,1,2,2,2,2,2,2,2,1,2,2,2,2,"Kentucky",0
"12389",210103,21,14823,37.14856111,-87.46499167,6,6,3,1,11,3,0,21,0,1,1,0,3,1,1,1,21,1,2,1,2,1,2,2,2,1,2,2,2,2,1,2,2,1,"Kentucky",0
"12390",210104,21,14291,37.49769444,-82.13696111,2,2,3,1,12,3,0,12,0,2,3,0,1,1,1,1,21,1,2,1,2,2,2,2,2,2,2,3,2,2,1,2,1,2,"Kentucky",0
"12391",210105,21,13544,37.93194444,-82.83100278,1,1,3,2,21,3,0,30,0,1,1,0,4,2,10,1,21,1,2,2,1,1,2,2,2,1,2,3,2,2,2,2,2,2,"Kentucky",0
"12392",210106,21,11439,39.01970556,-84.57349444,3,3,3,2,7,3,0,12,0,1,1,0,1,2,10,1,21,2,2,1,1,3,2,2,2,1,2,1,2,2,1,2,2,2,"Kentucky",1
"12393",210107,21,13840,37.75046667,-84.61988056,5,5,3,4,7,2,0,12,0,2,3,0,1,2,5,1,21,1,2,1,1,3,2,2,2,2,2,3,2,2,2,2,2,2,"Kentucky",0
"12394",210108,21,13254,38.09761667,-85.87273889,2,2,3,4,16,2,0,12,0,8,1,0,1,1,1,1,21,2,2,1,1,2,1,1,2,2,2,3,2,1,1,1,2,2,"Kentucky",0
"12395",210109,21,15403,36.76499167,-88.37987222,1,1,3,5,4,3,0,34,0,1,1,0,4,1,4,1,21,1,2,2,1,1,2,2,2,2,2,2,2,1,2,2,2,2,"Kentucky",0
"12396",210110,21,11527,38.98130833,-84.51621667,1,1,3,3,4,3,0,42,0,1,1,0,4,2,10,1,21,2,2,2,1,1,2,1,2,2,2,1,2,2,2,2,2,2,"Kentucky",1
"12397",210111,21,13688,37.82737778,-87.55414722,1,1,3,5,19,3,0,9,0,1,1,0,1,2,1,1,21,2,2,2,1,1,2,2,2,2,2,3,2,2,2,2,2,2,"Kentucky",0
"12398",210112,21,13096,38.19125,-84.82399722,2,2,3,2,15,2,0,12,0,2,2,0,1,1,10,1,21,2,2,1,1,2,2,2,2,2,2,3,2,1,2,2,2,2,"Kentucky",0
"12399",210113,21,13089,38.19400556,-85.64391944,4,4,3,7,16,5,0,10,0,6,1,0,1,1,1,3,21,2,2,1,2,1,2,2,2,2,2,3,1,2,2,2,1,2,"Kentucky",0
"12400",210114,21,13238,38.10282222,-85.75615,2,2,3,1,2,3,0,30,0,1,1,0,4,3,1,1,21,2,2,2,2,1,2,2,2,1,2,1,2,2,2,2,2,2,"Kentucky",1
"12401",210115,21,11415,39.03201389,-84.59041944,2,2,3,1,7,1,0,12,0,1,1,0,1,4,1,1,21,2,1,1,2,2,2,2,2,2,2,2,2,1,2,2,1,2,"Kentucky",0
"12402",210116,21,11550,38.97312778,-84.65128611,4,4,3,1,12,3,0,8,0,1,1,0,2,1,1,3,21,2,2,1,2,1,2,2,1,2,2,2,2,2,1,2,1,2,"Kentucky",0
"12403",210117,21,13602,37.89033333,-86.10860556,2,2,3,2,17,3,0,53,0,1,1,0,4,1,1,1,21,1,2,1,1,1,1,1,2,2,2,2,2,2,2,2,1,2,"Kentucky",0
"12404",210118,21,14341,37.46241389,-84.82296111,2,2,3,2,21,2,0,12,0,1,1,0,1,2,1,1,21,1,2,2,1,2,2,2,2,2,2,3,2,2,2,2,2,2,"Kentucky",1
"12405",210119,21,14685,37.23581667,-87.34544444,1,1,3,2,21,3,0,8,0,1,1,0,1,2,1,1,21,1,2,2,1,1,2,2,1,2,2,2,2,2,2,2,2,2,"Kentucky",0
"12406",210120,21,15019,37.02948611,-84.61921944,3,3,3,1,12,3,0,12,0,2,2,0,1,1,1,1,21,1,2,1,2,2,2,2,2,2,2,3,1,1,2,2,2,2,"Kentucky",0
"12407",210121,21,15571,36.65170278,-88.395925,3,3,3,1,12,3,0,12,0,2,2,0,1,1,1,1,21,1,2,1,2,3,1,2,2,2,2,3,2,1,2,2,1,2,"Kentucky",0
"12408",210122,21,13225,38.11394167,-85.67604167,5,5,3,6,11,3,0,12,0,2,2,0,1,1,2,1,21,2,2,1,1,2,2,2,2,2,2,3,2,1,1,2,2,2,"Kentucky",0
"12409",210123,21,13078,38.20467778,-85.53803056,1,1,3,2,23,3,0,9,0,1,1,0,1,2,10,1,21,2,2,2,1,1,2,2,2,2,2,2,1,2,2,2,2,2,"Kentucky",0
"12410",210124,21,14952,37.06855,-88.60389167,4,4,3,2,14,2,0,12,0,1,1,0,1,1,1,1,21,2,2,1,1,3,2,2,2,2,2,3,2,2,2,2,2,2,"Kentucky",0
"12411",210125,21,13670,37.83989444,-85.93812222,6,6,3,4,10,2,0,12,0,2,2,0,1,1,1,1,21,2,2,1,1,3,2,2,2,1,2,3,2,1,2,2,1,2,"Kentucky",0
"12412",210126,21,14730,37.20764444,-86.43297222,1,1,3,4,16,3,0,42,0,1,1,0,4,1,10,1,21,1,2,1,1,1,2,2,2,1,2,2,2,2,2,2,2,2,"Kentucky",0
"12413",210127,21,13900,37.72776389,-84.3237,3,3,3,6,13,1,0,12,0,1,1,0,1,1,1,1,21,1,1,1,1,2,2,2,2,2,2,2,2,2,2,2,2,2,"Kentucky",0
"12414",210128,21,15229,36.88252222,-87.73429167,3,3,3,4,16,2,0,12,1,5,1,0,1,1,1,1,21,1,2,1,1,2,2,2,2,2,2,3,2,2,2,2,1,2,"Kentucky",0
"12415",210129,21,15340,36.79795278,-84.02831667,1,1,3,2,15,3,0,8,0,1,1,0,1,1,1,1,21,1,2,1,1,1,2,2,1,2,2,3,2,2,2,2,1,2,"Kentucky",0
"12416",210130,21,15101,36.97163611,-88.41130556,1,1,3,1,16,2,0,34,0,1,1,0,4,1,1,1,21,1,2,1,2,1,1,2,2,2,2,3,2,2,2,2,2,2,"Kentucky",0
"12417",210131,21,14661,37.25103333,-87.45337222,3,3,3,3,9,3,0,12,1,2,3,0,1,1,1,1,21,1,2,1,1,3,2,2,2,2,2,3,2,1,2,2,1,2,"Kentucky",0
"12418",210132,21,15179,36.91585,-84.03156111,5,5,3,3,17,3,0,12,0,8,1,0,1,1,10,1,21,1,2,1,1,2,1,2,2,2,2,1,2,2,1,2,2,2,"Kentucky",1
"12419",210133,21,14589,37.30271111,-86.69337778,1,1,3,7,16,4,0,35,0,1,1,0,4,1,10,1,21,1,2,1,2,1,2,2,2,1,2,3,2,2,2,2,2,2,"Kentucky",0
"12420",210134,21,12852,38.33320556,-82.95970833,2,2,3,6,3,2,0,31,0,1,1,0,5,3,10,1,21,1,2,2,1,1,2,1,2,1,2,2,2,2,2,2,2,2,"Kentucky",0
"12421",210135,21,13160,38.15251667,-83.76234444,3,3,3,5,19,3,0,12,0,1,1,0,1,2,2,2,21,1,2,2,1,2,2,2,2,2,2,1,2,2,2,2,1,2,"Kentucky",1
"12422",210136,21,15209,36.89748889,-83.13931389,4,4,3,3,17,3,0,12,0,1,1,0,1,1,1,1,21,1,2,1,1,2,1,2,2,2,2,2,2,2,2,2,2,2,"Kentucky",0
"12423",210137,21,13017,38.24310556,-84.33167222,2,2,3,3,15,3,0,38,0,1,1,0,4,1,10,1,21,1,2,1,1,1,2,1,2,2,2,2,2,2,2,2,1,2,"Kentucky",0
"12424",210138,21,12978,38.25931389,-85.74458056,3,3,3,1,15,6,0,9,0,1,1,1,1,1,1,1,21,2,2,1,2,1,2,2,2,2,2,3,2,2,2,2,2,2,"Kentucky",0
"12425",210139,21,13675,37.83415556,-85.48155,2,2,3,3,8,3,0,12,0,3,3,0,1,1,10,1,21,2,2,1,1,2,2,2,2,2,2,3,2,2,1,2,1,2,"Kentucky",0
"12426",210140,21,13098,38.19073056,-85.64616667,1,1,3,5,21,2,0,8,0,1,1,0,1,2,10,1,21,2,2,2,1,1,2,2,1,2,2,3,1,2,2,2,2,2,"Kentucky",0
"12427",210141,21,13091,38.19271944,-85.80681389,5,5,3,7,21,2,0,12,0,8,1,0,1,6,1,1,21,2,2,2,2,2,1,2,2,2,2,1,2,2,2,1,1,2,"Kentucky",1
"12428",210142,21,15157,36.93722778,-84.71221944,1,1,1,4,10,3,0,34,0,1,1,0,4,1,1,1,21,1,2,1,1,1,2,2,2,1,2,3,2,1,2,2,2,2,"Kentucky",0
"12429",210143,21,15311,36.81368056,-83.64719444,1,1,3,1,23,3,0,42,0,1,1,0,4,2,1,1,21,1,2,2,2,1,2,2,2,2,2,1,2,2,2,2,2,2,"Kentucky",1
"12430",210144,21,14799,37.16259722,-85.53497222,1,1,1,4,3,2,0,30,0,1,1,0,4,2,11,1,21,1,2,2,1,1,2,2,2,1,2,3,2,2,2,2,2,2,"Kentucky",0
"12431",210145,21,14680,37.23821111,-85.49857222,2,2,1,4,16,3,0,12,0,1,1,0,1,1,1,1,21,1,2,1,1,2,2,2,2,2,2,3,2,2,1,2,1,2,"Kentucky",0
"12432",210146,21,14314,37.48294167,-86.34590833,2,2,3,3,12,3,0,12,0,2,2,0,1,1,1,1,21,1,2,1,1,2,2,2,2,2,2,3,2,1,2,2,1,2,"Kentucky",0
"12433",210147,21,13320,38.046925,-83.98523333,3,3,3,4,7,2,0,12,0,1,1,0,1,1,1,1,21,1,2,1,1,2,2,2,2,2,2,2,1,2,2,2,1,2,"Kentucky",0
"12434",210148,21,13245,38.10055833,-83.84714444,1,1,3,4,16,1,0,1,0,1,1,0,4,1,1,1,21,1,1,1,1,1,2,2,2,1,2,3,2,2,2,2,2,2,"Kentucky",0
"12435",210149,21,15191,36.90799167,-87.41814722,1,1,3,7,13,4,0,1,0,1,1,0,1,1,10,1,21,1,2,1,2,1,1,2,2,2,2,3,2,2,2,2,2,2,"Kentucky",0
"12436",210150,21,12722,38.41712222,-82.59819722,1,1,3,5,11,5,0,33,0,1,1,0,4,1,10,1,21,1,2,1,1,1,2,1,2,2,2,2,2,1,2,2,2,2,"Kentucky",0
"12437",210151,21,14914,37.08873056,-85.31978611,6,6,3,7,12,3,0,12,0,2,2,0,1,1,1,3,21,1,2,1,2,2,2,2,2,2,2,3,2,2,2,2,1,2,"Kentucky",0
"12438",210152,21,13955,37.69772222,-84.75888056,2,2,1,5,20,3,0,42,0,1,1,0,4,2,2,1,21,1,2,2,1,1,2,1,2,1,2,2,1,2,2,2,1,2,"Kentucky",0
"12439",210154,21,13047,38.22426667,-84.18298889,6,6,3,6,12,3,0,12,0,1,1,0,1,1,10,4,21,1,2,1,1,2,2,1,2,2,2,3,2,1,2,2,2,2,"Kentucky",0
"12440",210155,21,14551,37.32896389,-82.36831389,1,1,2,3,7,3,0,35,0,1,1,0,4,1,10,1,21,1,2,1,1,1,2,1,2,2,2,3,2,1,2,2,2,2,"Kentucky",0
"12441",210156,21,15276,36.84318056,-88.37755556,2,2,4,6,18,2,0,12,0,2,2,0,1,1,10,1,21,1,2,2,2,2,2,2,2,2,2,3,2,1,2,2,1,2,"Kentucky",0
"12442",210157,21,15055,37.00473333,-88.38008056,2,2,4,7,11,2,0,12,0,1,1,0,1,1,1,2,21,1,2,1,2,2,2,2,2,1,2,2,2,1,2,2,2,2,"Kentucky",0
"12443",210158,21,13111,38.18625556,-85.65108889,1,1,4,7,20,5,0,8,0,1,1,0,1,3,1,1,21,2,2,2,2,1,2,2,1,2,2,2,2,2,2,2,2,2,"Kentucky",0
"12444",210159,21,13644,37.85773889,-82.80854722,2,2,4,4,3,2,0,12,0,1,1,0,1,2,5,1,21,1,2,2,1,2,2,2,2,2,2,2,2,1,2,2,2,2,"Kentucky",0
"12445",210160,21,14199,37.56065278,-85.32826389,1,1,4,1,19,3,0,32,0,1,1,0,5,1,1,1,21,1,2,2,2,1,2,1,2,1,2,1,2,2,2,2,2,2,"Kentucky",1
"12446",210161,21,14158,37.59431667,-82.37516667,1,1,4,7,16,2,0,24,0,1,1,0,4,1,1,1,21,1,2,1,2,1,1,1,2,2,2,3,2,2,2,2,2,2,"Kentucky",0
"12447",210162,21,14240,37.53243333,-82.35550833,1,1,4,7,22,4,0,1,0,1,1,0,4,2,1,1,21,1,2,2,2,1,2,2,2,1,2,3,2,2,2,2,2,2,"Kentucky",1
"12448",210163,21,13350,38.02902778,-84.03012778,3,3,4,2,7,2,0,12,0,1,1,0,1,1,10,1,21,1,2,1,1,2,2,2,2,2,2,2,2,2,1,2,2,1,"Kentucky",0
"12449",210164,21,14411,37.41376667,-83.28683889,2,2,4,2,15,3,0,12,0,1,1,0,1,1,10,1,21,1,2,1,1,2,2,2,2,2,2,2,2,2,2,2,1,2,"Kentucky",0
"12450",210165,21,14319,37.47777778,-82.51616667,1,1,4,2,22,3,0,25,0,1,1,2,1,3,10,1,21,1,2,2,1,1,2,1,2,2,2,1,2,2,2,2,2,2,"Kentucky",1
"12451",210166,21,13461,37.98015278,-84.49752778,5,5,4,3,6,3,0,12,0,2,2,0,1,3,1,1,21,2,2,1,1,3,2,2,2,2,2,2,2,2,2,2,2,2,"Kentucky",0
"12452",210167,21,14540,37.33461667,-84.72803611,2,2,4,6,17,3,0,12,0,1,1,0,1,1,1,1,21,1,2,1,1,2,1,2,2,2,2,3,1,2,2,2,1,2,"Kentucky",0
"12453",210168,21,12253,38.65206944,-85.09067778,2,2,4,6,20,1,0,42,0,1,1,0,4,2,1,1,21,1,1,2,2,1,2,2,2,1,2,3,2,2,2,2,1,2,"Kentucky",0
"12454",210169,21,12683,38.4351,-83.13723889,2,2,4,7,22,3,0,1,0,1,1,0,4,2,2,2,21,1,2,2,2,1,2,1,2,1,2,1,2,2,1,2,2,2,"Kentucky",1
"12455",210170,21,13610,37.88344444,-86.95754722,2,2,4,1,11,2,0,18,0,1,1,0,4,1,1,1,21,1,2,1,2,1,2,2,2,1,2,2,2,2,2,2,1,2,"Kentucky",0
"12456",210171,21,13608,37.88737222,-87.02114167,1,1,4,2,6,2,0,24,0,1,1,0,4,4,1,1,21,1,2,1,1,1,2,2,2,1,2,2,2,2,2,2,2,2,"Kentucky",0
"12457",210172,21,13185,38.13713611,-85.70674444,4,4,4,5,20,1,0,8,1,18,1,0,1,3,1,1,21,2,1,2,1,3,2,2,1,2,2,3,2,2,2,1,1,2,"Kentucky",0
"12458",210173,21,15028,37.02297222,-84.07681944,1,1,4,6,0,3,0,42,0,1,1,0,4,2,10,1,21,1,2,2,1,1,2,2,2,2,2,2,2,2,2,2,2,2,"Kentucky",0
"12459",210174,21,14783,37.17344167,-84.63784722,2,2,4,1,17,3,0,12,0,1,1,0,1,1,1,1,21,1,2,1,2,2,2,2,2,2,2,1,2,1,1,2,2,2,"Kentucky",1
"12460",210175,21,14285,37.50239722,-84.65277778,3,3,4,4,1,2,0,12,0,1,1,0,1,2,1,1,21,1,2,2,1,2,2,2,2,1,2,2,2,2,1,2,2,2,"Kentucky",0
"12461",210176,21,13046,38.224425,-85.75965278,1,1,4,4,8,5,0,8,0,3,2,0,1,1,10,1,21,2,2,1,1,1,2,2,1,2,2,3,2,1,2,2,2,2,"Kentucky",0
"12462",210177,21,14416,37.41060833,-85.22493333,2,2,4,5,12,3,0,12,0,1,1,0,1,1,10,1,21,1,2,1,1,2,2,2,2,2,2,3,2,1,2,2,1,2,"Kentucky",0
"12463",210178,21,12971,38.26312222,-85.73155833,2,2,4,3,0,5,0,8,0,1,1,0,1,2,10,1,21,2,2,2,1,1,2,2,1,2,2,1,1,2,2,2,1,2,"Kentucky",1
"12464",210179,21,14527,37.33896111,-83.28500833,2,2,4,6,16,4,0,1,0,3,3,0,2,1,1,1,21,1,2,1,1,1,2,2,2,1,2,2,2,2,2,2,2,2,"Kentucky",0
"12465",210180,21,13562,37.92570278,-83.98650278,1,1,4,7,18,3,0,1,0,1,1,0,4,1,1,1,21,1,2,2,2,1,1,2,2,2,2,3,2,2,2,2,2,2,"Kentucky",0
"12466",210181,21,13156,38.15535278,-82.67528611,1,1,4,7,15,3,0,1,0,1,1,0,1,1,1,1,21,1,2,1,2,1,1,2,2,2,2,3,2,2,2,2,2,2,"Kentucky",0
"12467",210182,21,15576,36.64677778,-83.63439444,1,1,4,4,19,3,0,1,0,1,1,0,2,1,1,1,21,1,2,2,1,1,2,2,2,1,2,2,2,2,2,2,2,1,"Kentucky",0
"12468",210183,21,15334,36.79975278,-84.925175,8,8,5,6,17,3,0,12,0,1,1,0,1,1,1,6,21,1,2,1,1,2,2,1,2,2,2,2,2,2,2,2,2,2,"Kentucky",0
"12469",210184,21,13941,37.70654167,-85.23441944,5,5,5,1,12,2,0,12,0,2,2,0,1,1,1,1,21,1,2,1,2,3,2,2,2,2,2,1,2,1,2,1,2,2,"Kentucky",1
"12470",210185,21,13105,38.187825,-85.72674444,5,5,5,6,5,1,0,12,0,1,1,0,1,4,1,1,21,2,1,2,1,3,2,2,2,2,2,3,2,2,2,2,2,2,"Kentucky",0
"12471",210186,21,12876,38.32015833,-84.121525,3,3,5,4,7,2,0,12,0,8,1,0,1,1,1,1,21,1,2,1,1,3,2,2,2,2,2,2,2,2,1,2,1,2,"Kentucky",0
"12472",210187,21,13323,38.04578333,-85.90032222,2,2,5,4,12,2,0,12,0,8,1,0,1,1,1,1,21,2,2,1,1,2,2,2,2,2,2,3,2,2,2,2,1,2,"Kentucky",0
"12473",210188,21,11531,38.98016111,-84.71903611,4,4,5,6,17,4,0,12,0,1,1,0,1,1,1,1,21,1,2,1,1,2,2,1,2,2,2,2,1,2,2,2,1,2,"Kentucky",0
"12474",210189,21,13155,38.15617778,-85.65766667,3,3,5,4,15,3,0,12,0,1,1,0,1,1,1,1,21,2,2,1,1,3,2,1,2,1,2,3,1,2,2,2,2,2,"Kentucky",0
"12475",210190,21,14118,37.61743333,-84.77464444,7,7,5,6,10,2,0,12,0,2,2,0,1,1,1,1,21,2,2,1,1,3,1,2,2,2,2,2,2,1,1,2,1,2,"Kentucky",0
"12476",210191,21,13704,37.81768333,-86.89609167,1,1,5,6,15,4,0,1,0,1,1,0,2,1,1,1,21,1,2,1,1,1,2,2,2,1,2,2,2,2,2,2,1,2,"Kentucky",0
"12477",210192,21,13984,37.68351389,-85.85045278,1,1,5,6,22,2,0,8,0,1,1,0,1,3,1,1,21,2,2,2,2,1,2,2,1,2,2,2,2,2,2,2,2,2,"Kentucky",0
"12478",210193,21,14965,37.06210556,-83.21728056,4,4,5,7,17,3,0,12,0,1,1,0,1,1,1,1,21,1,2,1,2,2,1,2,2,2,2,1,2,2,2,2,1,2,"Kentucky",1
"12479",210194,21,13988,37.68068056,-83.93968889,1,1,5,7,17,3,0,35,0,1,1,0,4,1,1,1,21,1,2,1,2,1,2,2,2,1,2,1,2,2,2,2,2,2,"Kentucky",1
"12480",210195,21,13689,37.82723056,-86.09697778,2,2,5,3,5,3,0,1,0,1,1,0,4,4,1,1,21,1,2,2,1,1,2,1,2,1,2,1,2,2,1,2,2,2,"Kentucky",1
"12481",210196,21,13776,37.78010278,-84.34550278,5,5,5,3,17,3,0,12,0,1,1,0,1,1,1,2,21,2,2,1,1,2,2,2,2,2,2,1,1,2,2,2,2,2,"Kentucky",1
"12482",210197,21,14063,37.64835,-85.83765,2,2,5,3,21,3,0,12,0,3,3,0,1,3,1,1,21,1,2,2,1,2,2,2,2,2,2,3,2,2,2,2,1,2,"Kentucky",0
"12483",210198,21,14533,37.336275,-85.55728333,3,3,5,3,15,3,0,12,0,3,3,0,1,1,1,1,21,1,2,1,1,2,2,2,2,1,2,3,2,2,2,2,1,2,"Kentucky",0
"12484",210199,21,13117,38.18480556,-85.21464167,6,6,5,4,14,1,0,12,0,1,1,0,1,1,1,1,21,1,1,1,1,3,2,2,2,1,2,2,2,1,1,2,1,2,"Kentucky",0
"12485",210200,21,11396,39.03878889,-84.482,2,2,5,5,3,3,0,12,0,1,1,0,1,6,10,1,21,2,2,2,1,2,1,2,2,2,2,1,2,2,2,2,2,2,"Kentucky",1
"12486",210201,21,13027,38.23671667,-85.46349444,6,6,5,5,16,2,0,12,0,1,1,0,1,1,1,1,21,2,2,1,1,3,2,1,2,2,2,1,1,2,2,2,2,2,"Kentucky",1
"12487",210202,21,15110,36.964775,-85.67551667,3,3,5,6,7,3,0,1,0,1,1,0,1,1,1,1,21,1,2,1,1,1,2,2,2,1,2,3,1,2,2,2,1,2,"Kentucky",0
"12488",210203,21,14128,37.61383611,-86.26054444,1,1,5,6,15,3,0,35,0,1,1,0,4,1,1,1,21,1,2,1,1,1,2,1,2,1,2,2,2,2,2,2,2,2,"Kentucky",0
"12489",210204,21,13082,38.20132778,-85.30851667,2,2,5,7,4,1,0,12,0,1,1,0,1,2,10,1,21,1,1,2,2,2,2,2,2,2,2,3,2,2,2,2,2,2,"Kentucky",0
"12490",210205,21,15053,37.00495,-88.38980278,1,1,5,7,10,2,0,35,0,1,1,0,4,1,2,1,21,1,2,1,2,1,2,2,2,2,2,2,2,1,2,2,2,2,"Kentucky",0
"12491",210206,21,15017,37.03078889,-86.06163611,1,1,5,2,13,3,0,21,0,1,1,0,4,1,1,1,21,1,2,1,1,1,2,2,2,1,2,3,2,2,2,2,1,2,"Kentucky",0
"12492",210207,21,12997,38.25075,-85.78624444,4,4,5,1,4,2,0,12,0,2,2,0,1,6,10,1,21,2,3,2,2,3,2,2,2,2,2,1,2,2,2,2,2,2,"Kentucky",1
"12493",210208,21,13646,37.85195278,-84.63558611,2,2,5,2,16,4,0,42,0,1,1,0,4,1,1,1,21,1,2,1,1,1,2,2,2,2,2,3,2,2,2,2,1,2,"Kentucky",1