"","ST_CASE","OBJECT_ID","FID","LATITUDE","LONGITUD","PERMVIT","PERSONS","MONTH","DAY_WEEK","HOUR","ROUTE","SP_JUR","HARM_EV","RELJCT1","RELJCT2","TYP_INT","WRK_ZONE","REL_ROAD","LGT_COND","WEATHER","FATALS","STATE","A_RU","A_INTER","A_TOD","A_DOW","A_CT","A_MC","A_SPCRA","A_PED","A_ROLL","A_POLPUR","A_POSBAC","A_D15_20","A_D65PLS","A_D21_24","A_HR","A_DIST","A_DROWSY","STATE_NAME","drunkDr"
"13167",220196,22,28585,29.92528056,-90.01381944,2,2,5,1,0,6,0,12,0,2,2,0,1,2,1,1,22,2,2,2,2,2,1,1,2,2,2,2,2,2,2,2,1,2,"Louisiana",0
"13168",220197,22,28329,30.07921111,-89.92018056,3,3,5,6,3,1,0,12,0,1,1,0,1,3,1,1,22,2,1,2,1,2,2,2,2,2,2,1,2,2,2,2,2,2,"Louisiana",1
"13169",220198,22,27132,30.73983889,-90.50893889,1,1,5,1,13,5,0,10,0,6,1,0,1,1,1,1,22,1,2,1,2,1,2,2,2,2,2,3,2,2,2,2,2,2,"Louisiana",0
"13170",220199,22,28551,29.94618056,-90.08836111,1,1,5,1,23,2,0,9,0,2,2,0,1,2,1,1,22,2,2,2,2,1,2,2,2,2,2,2,2,2,2,2,2,2,"Louisiana",0
"13171",220200,22,28463,29.99276944,-90.08105,1,1,5,4,5,1,0,12,0,1,1,0,1,2,2,1,22,2,1,2,1,2,2,2,1,2,2,1,2,2,2,2,2,2,"Louisiana",1
"13172",220201,22,28598,29.9161,-90.30246111,1,1,3,1,17,2,0,33,0,1,1,0,4,2,10,1,22,2,2,1,2,1,2,1,2,1,2,1,2,2,2,2,2,2,"Louisiana",1
"13173",220202,22,25835,32.17788056,-93.33133056,1,1,5,6,16,3,0,30,0,1,1,0,4,1,1,1,22,1,2,1,1,1,2,2,2,1,2,1,2,1,2,2,2,2,"Louisiana",1
"13174",220203,22,25383,32.44201944,-91.59196944,1,1,5,7,20,3,0,32,0,1,1,0,4,2,1,1,22,1,2,2,2,1,2,2,2,1,2,1,2,1,2,2,1,2,"Louisiana",1
"13175",220204,22,27783,30.33958056,-92.03975,1,1,5,1,15,1,0,42,0,1,1,0,4,1,1,1,22,2,1,1,2,1,2,2,2,1,2,2,2,2,2,2,2,2,"Louisiana",0
"13176",220205,22,27257,30.63228889,-91.05758333,1,1,5,1,19,3,0,32,0,1,1,0,4,5,1,1,22,1,2,2,2,1,2,2,2,1,2,1,2,2,2,2,2,2,"Louisiana",1
"13177",220206,22,29211,29.52283889,-90.67518056,1,1,5,2,99,3,0,9,0,1,1,0,2,3,1,1,22,2,2,3,3,1,2,2,2,2,2,3,2,2,2,1,2,2,"Louisiana",0
"13178",220207,22,27866,30.30418889,-90.97313056,4,4,5,3,17,2,0,12,0,2,2,0,1,1,1,1,22,2,2,1,1,2,2,2,2,2,2,2,2,2,2,2,1,2,"Louisiana",0
"13179",220208,22,27501,30.47291111,-92.46565,2,2,5,4,7,3,0,12,0,1,1,0,1,1,1,1,22,1,2,1,1,2,2,1,2,2,2,2,2,2,1,2,2,2,"Louisiana",0
"13180",220209,22,26825,31.1065,-92.63698056,1,1,5,4,15,3,0,53,0,1,1,0,4,1,1,1,22,1,2,1,1,1,2,2,2,1,2,2,2,2,2,2,2,2,"Louisiana",0
"13181",220210,22,28523,29.96455,-92.07411111,3,3,5,5,14,3,0,12,0,2,2,0,1,1,1,1,22,2,2,1,1,2,2,2,2,2,2,2,2,1,2,2,2,2,"Louisiana",0
"13182",220211,22,27457,30.493,-91.1422,2,2,1,4,7,6,0,33,0,1,1,0,4,1,1,1,22,2,2,1,1,1,2,2,1,2,2,2,2,2,2,2,2,2,"Louisiana",0
"13183",220212,22,27622,30.41925,-91.0719,1,1,2,7,4,2,0,30,0,1,1,0,4,3,1,1,22,2,2,2,2,1,2,2,2,2,2,1,2,2,2,2,2,2,"Louisiana",1
"13184",220213,22,27553,30.45143056,-91.11838056,2,2,5,7,22,2,0,8,0,3,2,0,1,3,1,1,22,2,2,2,2,2,2,2,1,2,2,3,2,2,2,1,2,2,"Louisiana",0
"13185",220214,22,27467,30.48855,-91.1214,1,1,5,7,19,2,0,9,0,3,2,0,1,1,1,1,22,2,2,2,2,1,2,2,2,2,2,3,2,2,2,1,2,2,"Louisiana",0
"13186",220215,22,27563,30.44846944,-91.14603889,2,2,1,7,13,6,0,99,0,1,1,0,4,1,1,1,22,2,2,1,2,1,2,2,2,2,2,3,2,2,1,2,1,2,"Louisiana",0
"13187",220216,22,27734,30.36568889,-90.77991111,2,2,4,6,17,3,0,12,0,1,1,0,1,1,1,1,22,1,2,1,1,2,2,2,2,2,2,2,2,2,1,2,2,2,"Louisiana",0
"13188",220217,22,27710,30.37935,-90.7702,1,1,4,1,23,3,0,42,0,1,1,0,4,2,1,1,22,1,2,2,2,1,2,1,2,2,2,1,2,2,2,2,2,2,"Louisiana",1
"13189",220218,22,28006,30.24773889,-92.1727,3,3,4,4,7,1,0,12,0,1,1,0,1,1,1,1,22,2,1,1,1,2,2,2,2,2,2,2,2,1,2,2,2,2,"Louisiana",0
"13190",220219,22,28548,29.94845,-90.09935556,1,1,5,1,7,6,0,14,0,1,1,0,7,1,1,1,22,2,2,1,2,1,2,2,2,2,2,1,2,2,2,2,2,2,"Louisiana",1
"13191",220220,22,28584,29.92696667,-89.92591111,5,5,5,7,18,3,0,12,0,1,1,0,1,1,1,1,22,2,2,2,2,3,2,2,2,1,2,3,2,1,2,2,2,2,"Louisiana",0
"13192",220221,22,24199,32.95291111,-93.13087778,2,2,5,1,10,2,0,12,0,8,1,0,1,1,10,1,22,1,2,1,2,2,2,2,2,2,2,3,2,1,2,2,2,2,"Louisiana",0
"13193",220222,22,25481,32.384225,-93.75178611,1,1,5,2,15,1,0,1,0,1,1,0,4,1,1,1,22,2,1,1,1,1,2,1,2,1,2,3,1,2,2,2,2,2,"Louisiana",0
"13194",220223,22,28356,30.06093056,-90.50003889,1,1,5,5,21,3,0,9,0,1,1,0,1,3,1,1,22,2,2,2,1,1,2,2,2,2,2,1,2,2,2,1,2,2,"Louisiana",1
"13195",220224,22,25335,32.45953056,-91.14438056,3,3,5,6,0,2,0,12,0,1,1,0,1,2,1,2,22,1,2,2,1,3,2,2,2,2,2,2,2,2,2,2,2,2,"Louisiana",0
"13196",220225,22,28621,29.89908056,-91.20966111,2,2,5,6,15,3,0,1,0,8,1,0,1,1,1,1,22,1,2,1,1,2,1,1,2,2,2,1,2,2,2,2,2,2,"Louisiana",1
"13197",220226,22,27438,30.50365,-90.20448889,3,3,5,7,0,2,0,12,0,1,1,0,1,2,1,2,22,1,2,2,2,2,2,1,2,2,1,1,2,2,1,2,2,2,"Louisiana",1
"13198",220227,22,28105,30.20431111,-93.20983056,1,1,5,7,0,6,0,8,0,2,2,0,1,3,10,1,22,2,2,2,2,1,2,2,1,2,2,1,2,2,2,2,2,2,"Louisiana",1
"13199",220228,22,25937,32.08196111,-93.5079,7,7,5,1,2,2,0,12,0,1,1,0,1,2,10,1,22,1,2,2,2,2,2,2,2,1,2,1,2,2,2,2,2,2,"Louisiana",1
"13200",220229,22,25476,32.38763056,-92.05368889,1,1,5,1,23,3,0,1,0,1,1,0,4,2,10,1,22,1,2,2,2,1,2,1,2,1,2,1,2,2,2,2,2,2,"Louisiana",1
"13201",220230,22,25379,32.44411111,-92.20508889,2,2,5,2,7,3,0,12,0,1,1,0,4,1,2,1,22,1,2,1,1,2,2,2,2,2,2,2,2,2,2,2,1,2,"Louisiana",0
"13202",220231,22,26655,31.33458056,-93.11531111,2,2,5,4,19,3,0,42,0,1,1,0,4,1,10,1,22,1,2,2,1,1,2,2,2,2,2,2,1,2,2,2,2,2,"Louisiana",0
"13203",220232,22,27109,30.7557,-93.23941111,4,4,5,5,6,2,0,12,0,1,1,0,1,1,1,1,22,1,2,1,1,2,2,2,2,2,2,2,2,2,1,2,2,2,"Louisiana",0
"13204",220233,22,27764,30.35125,-91.25831111,5,5,5,5,18,3,0,12,0,7,1,0,1,1,1,1,22,2,2,2,1,2,2,2,2,2,2,1,1,2,2,2,1,2,"Louisiana",1
"13205",220234,22,27029,30.84638056,-92.22885,8,8,5,6,13,1,0,12,0,1,1,0,1,1,2,2,22,1,1,1,1,3,2,2,2,2,2,2,2,2,1,2,2,2,"Louisiana",0
"13206",220236,22,28151,30.18506667,-93.17999444,3,3,5,7,16,3,0,12,0,8,1,0,1,1,10,1,22,2,2,1,2,2,2,2,2,2,2,2,2,2,2,2,2,2,"Louisiana",0
"13207",220237,22,28803,29.78283056,-90.09958889,1,1,5,2,16,3,0,35,0,1,1,0,4,1,2,1,22,1,2,1,1,1,2,2,2,1,2,2,2,2,2,2,2,2,"Louisiana",0
"13208",220238,22,29268,29.47533889,-90.58488889,1,1,5,3,99,3,0,30,0,1,1,0,4,3,2,1,22,2,2,3,1,1,2,2,2,1,2,2,2,2,2,2,2,2,"Louisiana",0
"13209",220239,22,28204,30.15915,-92.19006111,1,1,5,3,6,3,0,35,0,1,1,0,4,4,5,1,22,1,2,1,1,1,2,2,2,1,2,2,2,2,2,2,2,2,"Louisiana",0
"13210",220240,22,28253,30.12886944,-91.9118,3,3,5,3,10,3,0,12,0,1,1,0,1,1,10,1,22,1,2,1,1,3,1,2,2,2,2,1,2,1,1,1,2,2,"Louisiana",1
"13211",220241,22,27539,30.45633889,-92.70548056,1,1,5,5,21,3,0,53,0,1,1,0,4,2,1,1,22,1,2,2,1,1,2,2,2,1,2,1,2,1,2,2,2,2,"Louisiana",1
"13212",220242,22,24418,32.85768889,-91.47553889,3,3,5,6,10,3,0,12,0,2,3,0,1,1,1,1,22,1,2,1,1,2,2,2,2,2,2,2,2,1,2,2,2,2,"Louisiana",0
"13213",220243,22,28983,29.68553889,-91.2534,1,1,5,6,1,2,0,8,0,1,1,0,1,2,1,1,22,2,2,2,1,1,2,2,1,2,2,2,1,2,2,1,2,2,"Louisiana",0
"13214",220244,22,27950,30.26805,-90.94043889,2,2,5,6,21,2,0,32,0,1,1,0,4,2,1,1,22,2,2,2,2,1,2,2,2,1,2,2,2,2,1,2,2,2,"Louisiana",0
"13215",220245,22,27325,30.58448889,-92.05068056,2,2,5,6,21,2,0,8,0,1,1,0,1,2,1,1,22,2,2,2,2,1,2,2,1,2,2,2,2,1,2,2,2,2,"Louisiana",0
"13216",220246,22,28469,29.99086944,-91.86726944,6,6,5,1,2,2,0,12,0,1,1,0,1,2,10,1,22,2,2,2,2,3,2,2,2,2,2,1,1,2,2,2,2,2,"Louisiana",1
"13217",220247,22,26417,31.61143056,-91.53161111,1,1,5,1,3,2,0,42,0,1,1,0,4,2,1,1,22,2,2,2,2,1,2,2,2,1,2,1,2,2,2,2,2,2,"Louisiana",1
"13218",220248,22,28046,30.23505,-92.40605,2,2,5,2,23,4,0,35,0,3,4,0,8,2,2,1,22,1,2,2,1,1,2,2,2,2,2,1,2,2,2,2,2,2,"Louisiana",1
"13219",220249,22,27700,30.38573056,-90.77038889,1,1,5,4,3,3,0,32,0,1,1,0,4,2,1,1,22,1,2,2,1,1,2,2,2,2,2,1,2,2,2,2,2,2,"Louisiana",1
"13220",220250,22,27451,30.49536111,-92.35161111,5,5,5,5,21,2,0,12,0,2,2,0,1,6,1,2,22,1,2,2,1,2,1,2,2,2,2,2,2,2,2,2,2,2,"Louisiana",0
"13221",220251,22,27373,30.54305,-91.4364,2,2,5,6,2,2,0,12,0,1,1,0,1,2,1,1,22,1,2,2,1,2,2,1,2,2,2,1,2,2,1,2,2,2,"Louisiana",1
"13222",220252,22,25450,32.40478056,-93.54781944,4,4,5,7,15,3,0,12,0,2,3,0,1,1,1,1,22,1,2,1,2,2,2,2,2,2,2,2,2,2,2,2,1,2,"Louisiana",0
"13223",220253,22,29097,29.61343056,-90.71578056,1,1,5,1,1,4,0,30,0,1,1,0,4,2,1,1,22,1,2,2,2,1,1,2,2,2,2,1,2,2,2,2,2,2,"Louisiana",1
"13224",220254,22,27419,30.5153,-90.4827,3,3,5,7,19,2,0,12,0,1,1,0,1,3,1,1,22,2,2,2,2,2,2,1,2,2,2,1,2,2,2,2,2,2,"Louisiana",1
"13225",220257,22,29189,29.53543889,-90.61743889,2,2,3,6,23,3,0,53,0,1,1,0,4,2,1,1,22,2,2,2,2,1,1,2,2,2,2,1,2,2,2,2,1,2,"Louisiana",1
"13226",220258,22,28215,30.153,-93.20876111,1,1,5,7,99,4,0,34,0,1,1,0,4,1,1,1,22,1,2,3,2,1,1,1,2,2,2,1,2,2,2,2,2,2,"Louisiana",1
"13227",220259,22,28424,30.01188056,-90.00291111,2,2,5,2,14,2,0,12,0,7,1,0,1,1,1,1,22,2,2,1,1,2,1,1,2,2,2,2,2,2,2,2,2,2,"Louisiana",0
"13228",220261,22,27146,30.72653056,-90.51631944,3,3,2,6,18,3,0,8,0,1,1,0,1,3,1,1,22,2,2,2,2,1,2,2,1,2,2,2,2,2,2,2,2,2,"Louisiana",0
"13229",220262,22,28417,30.01456111,-90.16316944,1,1,4,3,2,6,0,33,0,3,4,0,4,3,10,1,22,2,2,2,1,1,2,2,2,2,2,3,2,2,2,2,2,2,"Louisiana",0
"13230",220263,22,27659,30.40395,-90.32402222,2,2,4,2,23,4,0,3,0,1,1,0,5,2,10,1,22,1,2,2,1,1,2,2,2,2,2,2,1,2,2,2,2,2,"Louisiana",0
"13231",220264,22,28274,30.11375,-91.90178889,1,1,4,2,16,4,0,23,0,1,1,0,4,1,10,1,22,1,2,1,1,1,2,2,2,1,2,3,2,2,2,2,2,2,"Louisiana",0
"13232",220265,22,27215,30.66173611,-91.34920833,1,1,5,1,13,3,0,1,0,1,1,0,4,1,1,1,22,1,2,1,2,1,1,2,2,2,2,1,2,2,2,2,2,2,"Louisiana",1
"13233",220266,22,26880,31.04856944,-93.27616111,8,8,5,6,20,2,0,12,0,2,2,0,1,2,1,1,22,1,2,2,2,2,2,2,2,2,2,2,2,2,1,2,1,2,"Louisiana",0
"13234",220267,22,28802,29.78323889,-90.81841111,2,2,4,1,19,6,0,12,0,1,1,0,1,3,1,1,22,2,2,2,2,2,1,1,2,2,2,1,2,2,2,2,2,2,"Louisiana",1
"13235",220268,22,28905,29.72271111,-90.77208889,2,2,6,2,21,4,0,1,0,1,1,0,4,3,1,1,22,1,2,2,1,1,2,2,2,1,2,1,2,2,2,2,1,2,"Louisiana",1
"13236",220269,22,28986,29.68428056,-91.25693056,4,4,6,5,8,2,0,12,0,2,2,0,1,1,1,1,22,2,2,1,1,2,2,2,2,2,2,2,2,1,2,2,2,2,"Louisiana",0
"13237",220270,22,28955,29.696925,-90.78630556,1,1,6,6,21,3,0,9,0,1,1,0,1,3,1,1,22,2,2,2,2,1,2,2,2,2,2,2,2,1,2,2,2,2,"Louisiana",0
"13238",220271,22,27022,30.85373889,-91.205325,1,1,6,1,11,3,0,8,0,1,1,0,1,1,1,1,22,1,2,1,2,1,2,2,1,2,2,2,2,1,2,2,2,2,"Louisiana",0
"13239",220272,22,29412,29.36257222,-90.25460556,2,2,6,2,8,3,0,12,0,8,1,0,1,1,1,1,22,2,2,1,1,2,2,2,2,2,2,2,1,2,2,2,2,2,"Louisiana",0
"13240",220273,22,27007,30.87175,-90.40095,1,1,6,1,11,3,0,42,0,1,1,0,4,1,2,1,22,1,2,1,2,1,2,2,2,2,2,2,2,1,2,2,2,2,"Louisiana",0
"13241",220274,22,27875,30.3006,-89.72158056,3,3,6,1,11,1,0,12,0,1,1,0,1,1,1,2,22,2,1,1,2,2,2,2,2,1,2,3,2,1,2,2,1,2,"Louisiana",0
"13242",220275,22,27664,30.40110556,-92.25698056,1,1,6,2,14,3,0,35,0,1,1,0,4,1,10,1,22,1,2,1,1,1,2,2,2,2,2,2,2,2,2,2,2,2,"Louisiana",0
"13243",220276,22,27885,30.29546111,-92.02093889,1,1,6,5,2,3,0,32,0,1,1,0,4,3,1,1,22,2,2,2,1,1,1,2,2,2,2,1,2,2,2,2,1,2,"Louisiana",1
"13244",220277,22,27884,30.29568611,-92.023575,3,3,6,6,11,3,0,12,0,2,2,0,1,1,1,1,22,2,2,1,1,2,2,2,2,2,2,3,2,1,2,2,1,2,"Louisiana",0
"13245",220278,22,28479,29.98481944,-90.40975,3,3,6,2,1,3,0,43,0,8,1,0,4,3,1,1,22,2,2,2,2,1,2,2,2,1,2,3,1,2,2,1,2,2,"Louisiana",0
"13246",220279,22,28391,30.0345,-89.91726111,2,2,6,2,22,2,0,12,0,7,1,0,1,3,1,1,22,2,2,2,1,2,2,1,2,2,2,1,2,2,2,2,2,2,"Louisiana",1
"13247",220280,22,24656,32.78073056,-91.89838056,1,1,6,3,20,2,0,9,0,3,3,0,1,3,1,1,22,2,2,2,1,1,2,2,2,2,2,2,2,2,2,2,2,2,"Louisiana",0
"13248",220282,22,28310,30.09056944,-91.93226111,2,2,6,5,12,4,0,1,0,8,1,0,1,1,1,1,22,1,2,1,1,2,1,2,2,2,2,3,2,2,2,2,1,2,"Louisiana",0
"13249",220283,22,25228,32.52588056,-93.69601111,1,1,6,1,2,1,0,8,0,1,1,0,1,3,1,1,22,2,1,2,2,1,2,2,1,2,2,3,2,2,2,1,2,2,"Louisiana",0
"13250",220284,22,28547,29.94903889,-90.06948889,3,3,6,4,7,6,0,58,0,1,1,0,5,1,1,1,22,2,2,1,1,3,2,2,2,1,2,2,2,2,2,2,2,2,"Louisiana",0
"13251",220286,22,27295,30.60716111,-90.61411944,3,3,6,5,11,3,0,5,0,1,1,0,1,1,1,1,22,1,2,1,1,2,1,2,2,2,2,2,2,2,2,2,1,2,"Louisiana",0
"13252",220287,22,28510,29.9703,-90.15228056,1,1,6,3,14,3,0,8,0,1,1,0,1,1,1,1,22,2,2,1,1,1,2,2,1,2,2,2,2,2,2,2,2,2,"Louisiana",0
"13253",220288,22,25432,32.41475,-91.19161944,3,3,6,4,20,5,0,12,0,2,2,0,1,5,10,1,22,1,2,2,1,2,1,1,2,2,2,3,2,2,2,2,2,2,"Louisiana",0
"13254",220289,22,27562,30.44851944,-91.24853889,3,3,6,7,12,1,0,12,0,1,1,0,1,1,1,1,22,1,1,1,2,2,2,2,2,2,2,2,2,1,2,2,2,2,"Louisiana",0
"13255",220290,22,28938,29.70915,-90.57551111,2,2,6,1,2,3,0,33,0,1,1,0,3,3,10,1,22,2,2,2,2,2,2,2,2,1,2,1,2,2,2,2,2,2,"Louisiana",1
"13256",220291,22,28884,29.73256111,-91.42016111,1,1,6,1,23,2,0,8,0,1,1,0,1,2,1,1,22,2,2,2,2,1,2,2,1,2,2,3,2,2,2,1,2,2,"Louisiana",0
"13257",220292,22,27150,30.722225,-92.25833889,2,2,6,3,11,3,0,12,0,1,1,0,1,1,1,1,22,1,2,1,1,2,2,2,2,1,2,2,1,2,2,2,1,2,"Louisiana",0
"13258",220293,22,26352,31.70821944,-92.25245,1,1,6,4,5,3,0,1,0,1,1,0,4,4,1,1,22,1,2,2,1,1,2,2,2,1,2,3,2,2,1,2,1,2,"Louisiana",0
"13259",220294,22,28316,30.08774444,-90.97238611,2,2,6,6,10,3,0,12,0,7,1,0,1,1,1,1,22,2,2,1,1,2,2,1,2,2,2,2,2,2,2,2,2,2,"Louisiana",0
"13260",220295,22,28873,29.73776111,-90.66428056,1,1,6,7,22,3,0,35,0,1,1,0,4,2,10,1,22,2,2,2,2,1,2,2,2,1,2,2,2,2,2,2,2,2,"Louisiana",0
"13261",220296,22,27197,30.68000278,-91.266475,1,1,6,1,0,2,0,59,0,1,1,0,4,2,2,1,22,1,2,2,2,1,2,1,2,2,2,1,2,2,2,2,2,2,"Louisiana",1
"13262",220297,22,27130,30.74209722,-89.874925,1,1,6,1,12,3,0,35,0,1,1,0,4,1,10,1,22,2,2,1,2,1,2,2,2,1,2,2,2,1,2,2,2,2,"Louisiana",0
"13263",220298,22,28867,29.73893889,-90.657125,1,1,6,2,2,3,0,59,0,1,1,0,4,3,10,1,22,1,2,2,2,1,2,1,2,1,2,1,2,2,2,2,2,2,"Louisiana",1
"13264",220299,22,27784,30.33953889,-92.15853056,3,3,6,2,19,3,0,5,0,1,1,0,1,1,1,1,22,1,2,2,1,1,2,2,2,2,2,2,2,2,2,2,1,2,"Louisiana",0
"13265",220300,22,26984,30.89546111,-91.28163889,1,1,6,4,15,4,0,42,0,1,1,0,4,1,2,1,22,1,2,1,1,1,2,1,2,2,2,3,2,2,1,2,2,2,"Louisiana",0
"13266",220301,22,28011,30.24693889,-92.08988889,8,8,6,5,15,1,0,12,0,1,1,0,1,1,2,1,22,2,1,1,1,3,2,2,2,2,2,3,2,2,1,2,2,2,"Louisiana",0
"13267",220302,22,29248,29.49123056,-90.52043889,1,1,6,2,18,3,0,1,0,1,1,0,4,1,1,1,22,1,2,2,1,1,2,1,2,1,2,1,2,2,2,2,2,2,"Louisiana",1
"13268",220303,22,27940,30.27201944,-91.22241111,1,1,6,3,3,3,0,8,0,1,1,0,1,2,1,1,22,1,2,2,1,1,2,2,1,2,2,2,2,2,2,2,2,2,"Louisiana",0
"13269",220304,22,26545,31.46246111,-92.79416111,1,1,6,7,19,1,0,42,0,1,1,0,3,1,2,1,22,1,1,2,2,1,2,1,2,2,2,2,2,2,2,2,2,2,"Louisiana",0
"13270",220305,22,25393,32.43673056,-91.27211111,2,2,6,3,1,2,0,1,0,1,1,0,2,2,1,1,22,1,2,2,1,1,2,2,2,1,2,1,2,2,2,2,2,2,"Louisiana",1
"13271",220306,22,28536,29.9556,-90.07486111,5,5,4,7,17,6,0,9,0,2,2,0,1,1,2,1,22,2,2,1,2,2,2,2,2,2,2,2,2,1,2,2,2,2,"Louisiana",0
"13272",220307,22,28497,29.9756,-90.05721944,3,3,5,6,20,3,0,12,0,2,2,0,1,1,1,1,22,2,2,2,2,2,1,2,2,2,2,1,2,2,2,2,2,2,"Louisiana",1
"13273",220308,22,27566,30.4467,-91.24185,8,8,7,6,8,1,0,12,0,1,1,0,1,1,1,1,22,2,1,1,1,2,2,2,2,1,2,2,2,1,2,2,2,2,"Louisiana",0
"13274",220309,22,29315,29.4372,-90.75531944,1,1,7,6,2,4,0,53,0,1,1,0,4,2,1,1,22,1,2,2,1,1,2,1,2,1,2,1,2,2,2,2,2,2,"Louisiana",1
"13275",220310,22,28530,29.9614,-90.11398889,1,1,7,7,2,6,0,8,0,3,3,0,1,3,1,1,22,2,2,2,2,1,2,2,1,2,2,2,2,2,2,2,2,2,"Louisiana",0
"13276",220311,22,28529,29.96161111,-90.07055,1,1,7,7,20,6,0,33,0,1,1,0,3,3,1,1,22,2,2,2,2,1,1,2,2,2,2,1,2,2,2,2,2,2,"Louisiana",1
"13277",220312,22,28325,30.08166944,-90.95491944,1,1,7,7,21,3,0,59,0,1,1,0,4,2,10,1,22,1,2,2,2,1,1,2,2,2,2,1,2,2,2,2,2,2,"Louisiana",1
"13278",220313,22,26951,30.94391944,-89.96258889,1,1,7,1,13,3,0,35,0,1,1,0,4,1,1,1,22,1,2,1,2,1,1,2,2,2,2,2,2,2,2,2,1,2,"Louisiana",1
"13279",220314,22,27947,30.26905,-91.85598889,1,1,7,2,19,4,0,8,0,1,1,0,1,1,1,1,22,1,2,2,1,1,2,2,1,2,2,2,2,2,2,2,2,2,"Louisiana",0
"13280",220315,22,28526,29.96381944,-90.05631111,1,1,7,2,22,6,0,9,0,1,1,0,1,3,1,1,22,2,2,2,1,1,2,2,2,2,2,3,2,2,2,1,2,2,"Louisiana",0
"13281",220316,22,27931,30.27586944,-91.86766944,2,2,7,3,19,4,0,9,0,2,3,0,1,1,1,1,22,1,2,2,1,1,2,2,2,2,2,2,2,2,2,2,2,2,"Louisiana",0
"13282",220317,22,27346,30.56901111,-91.07193056,2,2,7,3,20,3,0,1,0,1,1,0,1,2,1,1,22,2,2,2,1,1,2,2,2,1,2,3,2,2,2,2,1,2,"Louisiana",1
"13283",220318,22,27919,30.28096111,-91.90151111,2,2,1,7,20,3,0,8,0,2,3,0,1,3,1,1,22,2,2,2,2,1,2,2,1,2,2,2,2,1,2,2,2,2,"Louisiana",0
"13284",220319,22,27354,30.56166389,-90.95579722,3,3,7,4,13,3,0,12,0,2,2,0,1,1,1,1,22,2,2,1,1,2,1,2,2,2,2,2,2,1,2,2,1,2,"Louisiana",0
"13285",220320,22,25412,32.42705278,-93.78235833,5,5,7,4,1,6,0,33,0,1,1,0,4,3,1,2,22,2,2,2,1,1,2,1,2,1,2,1,1,2,2,2,2,2,"Louisiana",1
"13286",220321,22,28630,29.88935,-92.26241944,3,3,7,4,20,4,0,59,0,1,1,0,4,5,10,1,22,3,3,2,1,1,2,2,2,1,2,2,1,2,2,2,2,2,"Louisiana",0
"13287",220322,22,27372,30.54421111,-91.75308333,1,1,7,5,1,3,0,21,1,19,1,0,4,2,10,1,22,1,2,2,1,1,2,1,2,2,2,1,2,2,2,2,1,2,"Louisiana",1
"13288",220323,22,27351,30.56460833,-90.96608889,2,2,7,5,8,3,0,12,0,2,3,0,1,1,1,1,22,2,2,1,1,2,2,2,2,2,2,3,1,1,2,2,1,2,"Louisiana",0
"13289",220324,22,25422,32.42123056,-91.32766667,2,2,7,6,2,1,0,12,0,1,1,0,1,2,10,1,22,1,1,2,1,2,2,1,2,2,2,3,2,2,2,2,2,2,"Louisiana",0
"13290",220325,22,27493,30.47883056,-90.41893889,1,1,4,1,19,1,0,59,1,19,1,0,4,3,2,1,22,2,1,2,2,1,2,2,2,1,2,3,2,2,2,2,2,2,"Louisiana",0
"13291",220326,22,28021,30.24371111,-91.05771944,2,2,4,4,20,3,0,12,0,1,1,0,1,2,1,1,22,2,2,2,1,2,2,2,2,2,2,1,2,2,2,2,2,2,"Louisiana",2
"13292",220327,22,28997,29.67985,-90.78458056,1,1,7,7,2,3,0,21,0,1,1,1,4,3,1,1,22,2,2,2,2,1,2,2,2,2,2,1,2,2,1,2,2,2,"Louisiana",1
"13293",220328,22,28467,29.9912,-92.12693056,5,5,7,7,8,3,0,1,0,2,2,0,1,1,1,1,22,2,2,1,2,2,1,2,2,2,2,2,2,2,2,2,1,2,"Louisiana",0
"13294",220329,22,27072,30.7943,-90.27596111,1,1,7,1,4,3,0,59,0,1,1,0,4,2,1,1,22,1,2,2,2,1,2,2,2,2,2,1,2,2,2,2,2,2,"Louisiana",1
"13295",220330,22,28427,30.010725,-90.0125,3,3,7,1,5,2,0,12,0,1,1,0,1,2,1,1,22,2,2,2,2,2,2,2,1,2,2,1,2,2,1,2,2,2,"Louisiana",1
"13296",220331,22,26905,31.011,-92.02708889,1,1,7,1,16,3,0,42,0,1,1,0,4,1,1,1,22,1,2,1,2,1,2,2,2,2,2,3,2,2,2,2,2,2,"Louisiana",0
"13297",220332,22,27725,30.37182222,-90.42163333,1,1,7,1,19,7,0,1,0,1,1,0,4,1,1,1,22,1,2,2,2,1,1,1,2,2,2,3,2,1,2,2,2,2,"Louisiana",0
"13298",220333,22,27019,30.85608056,-91.20358889,1,1,7,2,8,3,0,1,0,1,1,0,4,1,1,1,22,1,2,1,1,1,1,1,2,2,2,2,2,2,2,2,2,2,"Louisiana",0
"13299",220334,22,28347,30.06616111,-89.95598056,2,2,7,2,20,3,0,12,0,2,3,0,1,3,1,1,22,2,2,2,1,2,1,2,2,2,2,2,2,2,2,2,2,2,"Louisiana",0
"13300",220335,22,28017,30.24631389,-92.96296389,4,4,7,2,22,1,0,1,0,1,1,0,3,2,1,2,22,1,1,2,1,1,2,2,2,1,2,2,2,2,2,2,2,2,"Louisiana",0
"13301",220336,22,29120,29.59702778,-90.48268056,5,5,7,4,20,3,0,12,0,1,1,0,1,2,1,1,22,2,2,2,1,2,2,2,2,2,2,2,2,2,2,2,2,2,"Louisiana",0