"","ST_CASE","OBJECT_ID","FID","LATITUDE","LONGITUD","PERMVIT","PERSONS","MONTH","DAY_WEEK","HOUR","ROUTE","SP_JUR","HARM_EV","RELJCT1","RELJCT2","TYP_INT","WRK_ZONE","REL_ROAD","LGT_COND","WEATHER","FATALS","STATE","A_RU","A_INTER","A_TOD","A_DOW","A_CT","A_MC","A_SPCRA","A_PED","A_ROLL","A_POLPUR","A_POSBAC","A_D15_20","A_D65PLS","A_D21_24","A_HR","A_DIST","A_DROWSY","STATE_NAME","drunkDr"
"13302",220337,22,28435,30.0061,-92.25701944,4,4,7,5,17,4,0,35,0,1,1,0,4,1,1,1,22,1,2,1,1,1,2,1,2,1,2,1,2,2,2,2,2,2,"Louisiana",1
"13303",220338,22,25254,32.50643889,-92.15878056,1,1,7,6,8,1,0,1,1,5,1,0,8,1,1,1,22,2,1,1,1,1,1,2,2,2,2,3,2,2,2,2,2,2,"Louisiana",0
"13304",220339,22,27920,30.27961111,-90.92135,2,2,7,6,11,3,0,12,0,8,1,0,1,1,1,1,22,2,2,1,1,2,2,2,2,2,2,2,2,1,2,2,2,2,"Louisiana",0
"13305",220340,22,28085,30.21358889,-92.3526,2,2,7,6,23,4,0,32,0,3,3,0,4,2,1,1,22,1,2,2,2,1,2,2,2,1,2,2,2,2,1,2,2,2,"Louisiana",0
"13306",220341,22,26819,31.11245,-92.44376111,1,1,7,7,99,1,0,8,0,1,1,0,1,2,1,1,22,1,1,3,2,1,2,2,1,2,2,3,2,2,2,1,2,2,"Louisiana",0
"13307",220342,22,27042,30.83213056,-90.23165278,3,3,7,7,10,3,0,12,0,1,1,0,1,1,1,1,22,1,2,1,2,2,2,1,2,1,2,2,2,1,2,2,1,2,"Louisiana",0
"13308",220343,22,27173,30.69899167,-92.89415556,1,1,7,7,20,3,0,23,0,3,3,0,4,2,1,1,22,1,2,2,2,1,1,1,2,2,2,1,2,2,2,2,2,2,"Louisiana",1
"13309",220344,22,28265,30.12214722,-90.669525,2,2,4,1,4,1,0,8,0,1,1,0,3,2,5,1,22,1,1,2,2,3,2,2,1,2,2,2,1,2,1,2,2,2,"Louisiana",0
"13310",220345,22,24964,32.6834,-93.9624,1,1,3,4,2,3,0,42,0,1,1,0,4,2,2,1,22,1,2,2,1,1,2,1,2,2,2,1,2,2,2,2,2,2,"Louisiana",1
"13311",220346,22,28385,30.03806111,-92.06654722,1,1,7,4,17,3,0,42,0,1,1,0,4,1,1,1,22,1,2,1,1,1,2,2,2,2,2,2,2,1,2,2,2,2,"Louisiana",0
"13312",220347,22,27100,30.76758056,-92.17613056,1,1,7,4,15,1,0,1,0,1,1,0,3,1,1,1,22,1,1,1,1,1,2,2,2,1,2,2,2,2,2,2,2,2,"Louisiana",0
"13313",220348,22,24684,32.77291944,-91.84851389,1,1,7,5,17,2,0,35,0,1,1,0,4,1,1,1,22,1,2,1,1,1,2,2,2,1,2,1,2,2,2,2,2,2,"Louisiana",1
"13314",220349,22,26511,31.50590278,-92.55121944,2,2,7,5,19,4,0,1,0,1,1,0,1,1,1,1,22,3,3,2,1,2,1,1,2,2,2,2,2,2,1,2,1,2,"Louisiana",0
"13315",220350,22,28644,29.87916944,-89.89576944,3,3,7,5,21,3,0,12,0,2,3,0,1,2,1,1,22,2,2,2,1,2,1,2,2,2,2,3,1,2,2,2,2,2,"Louisiana",0
"13316",220351,22,27745,30.35964722,-90.86476667,3,3,7,5,22,3,0,12,0,2,3,0,1,2,1,1,22,1,2,2,1,2,2,2,2,2,2,1,2,2,2,2,2,2,"Louisiana",1
"13317",220352,22,28508,29.97076111,-90.20463056,1,1,7,6,22,3,0,33,0,3,10,0,3,3,1,1,22,2,2,2,2,1,1,1,2,2,2,1,2,2,2,2,2,2,"Louisiana",1
"13318",220354,22,28920,29.71578889,-90.79483889,1,1,7,1,99,3,0,8,0,1,1,0,1,2,1,1,22,2,2,3,2,1,2,2,1,2,2,3,2,2,2,1,2,2,"Louisiana",0
"13319",220355,22,24295,32.91426944,-92.16538056,2,2,7,1,2,4,0,35,0,1,1,0,4,2,1,1,22,1,2,2,2,1,2,2,2,1,2,1,1,2,2,2,2,2,"Louisiana",1
"13320",220356,22,27252,30.63563611,-90.40858889,4,4,7,1,20,3,0,12,0,1,1,0,1,5,1,1,22,1,2,2,2,2,2,1,2,1,2,1,2,2,2,2,2,2,"Louisiana",1
"13321",220357,22,27104,30.76056111,-90.25299167,4,4,7,1,21,3,0,12,0,1,1,0,1,2,1,2,22,1,2,2,2,2,2,2,2,2,2,1,2,2,2,2,2,2,"Louisiana",1
"13322",220358,22,25222,32.52983889,-93.67338056,2,2,7,2,15,3,0,12,0,8,1,0,1,1,1,1,22,2,2,1,1,2,2,2,2,2,2,3,2,1,2,2,2,2,"Louisiana",0
"13323",220359,22,26942,30.95041944,-92.16285,4,4,7,2,18,3,0,1,0,2,2,0,1,1,1,1,22,1,2,2,1,3,1,2,2,2,2,2,2,2,1,2,1,2,"Louisiana",1
"13324",220360,22,24092,33.01443889,-93.31783056,1,1,7,3,99,3,0,59,0,1,1,0,4,2,1,1,22,1,2,3,1,1,2,2,2,2,2,3,1,2,2,2,2,2,"Louisiana",0
"13325",220361,22,27898,30.28768056,-92.02288056,1,1,7,3,20,7,0,9,0,3,3,0,1,6,1,1,22,2,2,2,1,1,2,2,2,2,2,2,2,2,2,2,1,2,"Louisiana",0
"13326",220362,22,26670,31.31333889,-92.55453056,1,1,7,3,22,3,0,42,0,1,1,0,4,2,1,1,22,2,2,2,1,1,2,2,2,2,2,1,2,2,2,2,1,2,"Louisiana",1
"13327",220363,22,27063,30.80526944,-92.67931111,2,2,7,4,11,4,0,42,0,1,1,0,4,1,1,1,22,1,2,1,1,1,2,2,2,2,2,2,2,2,2,2,2,2,"Louisiana",1
"13328",220364,22,27221,30.65718056,-91.25313889,1,1,7,5,99,2,0,35,0,1,1,0,4,2,1,1,22,1,2,3,1,1,2,2,2,1,2,1,2,2,2,2,2,2,"Louisiana",1
"13329",220366,22,28515,29.96841389,-90.10701944,1,1,7,1,0,6,0,18,0,1,1,0,1,3,1,1,22,2,2,2,2,1,1,2,2,2,2,2,2,2,2,2,2,2,"Louisiana",0
"13330",220367,22,28084,30.21468056,-89.79076944,3,3,7,1,21,1,0,8,0,1,1,0,1,2,1,1,22,2,1,2,2,2,2,2,1,2,2,1,2,2,2,2,2,2,"Louisiana",1
"13331",220368,22,25528,32.362025,-91.13265833,1,1,7,3,5,4,0,34,0,1,1,0,4,2,1,1,22,1,2,2,1,1,2,2,2,1,2,2,2,2,2,2,2,2,"Louisiana",0
"13332",220369,22,27655,30.40691944,-92.05638056,1,1,7,4,3,1,0,8,1,18,1,0,1,2,10,1,22,2,1,2,1,1,2,2,1,2,2,2,2,2,2,2,2,2,"Louisiana",0
"13333",220370,22,27805,30.33012778,-89.87418056,2,2,7,4,13,1,0,12,0,1,1,0,1,1,1,1,22,1,1,1,1,2,2,1,2,2,2,2,2,2,2,2,2,2,"Louisiana",0
"13334",220371,22,25396,32.43493889,-91.54903056,1,1,7,4,14,4,0,35,0,1,1,0,4,1,1,1,22,1,2,1,1,1,2,2,2,1,2,2,2,1,2,2,2,2,"Louisiana",0
"13335",220372,22,26434,31.59368056,-92.28898056,2,2,7,5,15,3,0,12,0,1,1,0,1,1,1,1,22,1,2,1,1,2,2,2,2,1,2,3,2,2,2,2,1,2,"Louisiana",0
"13336",220373,22,25155,32.56985278,-93.48751667,3,3,7,6,12,1,0,52,0,1,1,0,4,1,1,1,22,1,1,1,1,1,2,2,2,2,2,2,2,2,2,2,1,2,"Louisiana",0
"13337",220374,22,26659,31.33046944,-92.49898056,8,8,7,6,14,3,0,1,0,1,1,0,4,1,1,1,22,2,2,1,1,1,2,1,2,1,2,2,2,2,2,2,2,2,"Louisiana",0
"13338",220375,22,27289,30.61013889,-91.40518889,1,1,3,3,13,3,0,34,0,1,1,0,4,1,1,1,22,1,2,1,1,1,2,2,2,1,2,3,2,2,2,2,2,2,"Louisiana",0
"13339",220376,22,28498,29.97476944,-91.83557222,5,5,8,7,16,4,0,1,0,1,1,0,1,1,1,4,22,1,2,1,2,1,2,2,2,1,2,1,2,2,2,2,2,2,"Louisiana",1
"13340",220377,22,26941,30.95435556,-90.31117778,1,1,8,1,13,4,0,42,0,1,1,0,4,1,1,1,22,1,2,1,2,1,2,1,2,2,2,3,1,2,2,2,1,2,"Louisiana",0
"13341",220378,22,28440,30.00525556,-90.02459722,3,3,8,2,1,1,0,12,0,1,1,0,1,3,1,1,22,2,1,2,2,2,2,2,2,2,2,1,2,2,1,2,2,2,"Louisiana",1
"13342",220379,22,28521,29.96560556,-90.087225,1,1,8,2,13,2,0,9,0,3,2,0,1,1,1,1,22,2,2,1,1,1,2,2,2,2,2,3,2,2,2,2,2,2,"Louisiana",0
"13343",220380,22,27571,30.4423,-91.1095,1,1,8,2,14,6,0,9,0,1,1,0,1,1,1,1,22,2,2,1,1,1,2,2,2,2,2,3,1,2,2,2,2,2,"Louisiana",0
"13344",220381,22,28210,30.15765,-93.25766111,3,3,8,3,22,4,0,8,0,1,1,0,1,2,1,1,22,1,2,2,1,1,2,2,1,2,2,2,1,2,2,1,1,2,"Louisiana",0
"13345",220382,22,28452,30.00012222,-90.12358611,3,3,8,5,17,3,0,12,0,1,1,0,1,1,1,1,22,2,2,1,1,2,2,2,2,2,2,3,2,2,1,2,2,2,"Louisiana",0
"13346",220383,22,25316,32.4712,-93.80033889,1,1,8,2,18,1,0,8,0,1,1,0,1,1,1,1,22,2,1,2,1,1,2,2,1,2,2,3,2,2,2,2,2,2,"Louisiana",0
"13347",220384,22,29390,29.38222778,-89.59070556,1,1,8,3,3,4,0,53,0,1,1,0,4,3,1,1,22,1,2,2,1,1,2,2,2,1,2,3,2,2,2,2,2,2,"Louisiana",0
"13348",220385,22,28432,30.0079,-89.99646944,2,2,8,4,9,6,0,12,0,8,1,0,1,1,1,1,22,2,2,1,1,2,2,2,2,2,2,3,2,2,2,2,1,2,"Louisiana",0
"13349",220386,22,25428,32.41748056,-93.7808,1,1,8,7,23,3,0,1,0,1,1,0,4,2,1,1,22,2,2,2,2,1,2,2,2,1,2,1,2,2,1,2,2,2,"Louisiana",1
"13350",220387,22,28133,30.19233889,-92.03828889,2,2,8,1,3,6,0,53,0,1,1,0,4,3,1,1,22,2,2,2,2,1,2,2,2,1,2,1,2,2,2,2,2,2,"Louisiana",1
"13351",220388,22,28390,30.03491111,-90.26855,2,2,8,2,0,6,0,12,0,2,4,0,1,3,2,1,22,2,2,2,2,2,2,2,2,2,2,1,2,1,2,2,2,2,"Louisiana",1
"13352",220389,22,27330,30.58063889,-92.09771111,2,2,8,4,19,4,0,9,0,1,1,0,1,5,1,1,22,1,2,2,1,1,2,2,2,2,2,2,2,2,1,2,2,2,"Louisiana",0
"13353",220390,22,28122,30.1968,-93.23966111,5,5,8,7,21,1,0,12,0,1,1,0,1,2,1,1,22,2,1,2,2,3,1,2,2,2,2,3,1,1,1,2,2,2,"Louisiana",0
"13354",220391,22,28012,30.24683056,-92.06246111,1,1,8,1,5,1,0,8,0,1,1,0,1,2,1,1,22,2,1,2,2,1,2,2,1,2,2,3,2,2,1,2,2,2,"Louisiana",0
"13355",220393,22,24629,32.7881,-94.0304,1,1,8,1,17,3,0,59,0,1,1,0,4,1,10,1,22,1,2,1,2,1,1,1,2,2,2,1,2,2,2,2,2,2,"Louisiana",1
"13356",220394,22,27053,30.81286111,-90.73026944,1,1,8,1,19,4,0,1,0,2,3,0,1,2,1,1,22,1,2,2,2,1,1,1,2,2,2,1,2,2,2,2,2,2,"Louisiana",1
"13357",220395,22,28429,30.00997778,-90.02078056,9,9,8,1,21,2,0,12,0,2,2,0,1,3,1,1,22,2,2,2,2,3,1,2,2,2,2,3,2,2,2,1,2,2,"Louisiana",0
"13358",220396,22,28431,30.00983056,-91.83283056,2,2,8,1,23,6,0,8,0,1,1,0,1,3,1,1,22,2,2,2,2,1,2,2,1,2,2,1,2,2,2,2,1,2,"Louisiana",1
"13359",220397,22,25419,32.42350556,-93.70720278,1,1,8,3,18,3,0,8,0,3,3,0,1,1,1,1,22,2,2,2,1,1,2,2,1,2,2,1,2,2,2,2,2,2,"Louisiana",1
"13360",220398,22,26074,31.95836111,-92.72066944,2,2,8,4,20,3,0,8,0,1,1,0,1,2,1,1,22,1,2,2,1,1,2,2,1,2,2,2,2,2,2,2,2,2,"Louisiana",0
"13361",220399,22,27258,30.63191111,-89.89563056,1,1,8,5,10,4,0,17,0,8,1,0,5,1,1,1,22,3,3,1,1,1,2,2,2,2,2,1,2,2,2,2,2,2,"Louisiana",1
"13362",220401,22,26712,31.26036944,-92.44703056,2,2,8,6,13,2,0,12,0,2,2,0,1,1,1,1,22,2,2,1,1,2,1,2,2,2,2,3,2,2,2,2,2,2,"Louisiana",0
"13363",220402,22,28513,29.96868889,-90.1083,4,4,8,7,1,1,0,12,1,18,1,0,1,2,1,1,22,2,1,2,2,2,2,1,2,2,2,1,2,2,1,2,2,2,"Louisiana",1
"13364",220403,22,27614,30.42473889,-89.80493056,2,2,8,7,20,4,0,32,0,1,1,0,4,2,1,1,22,1,2,2,2,1,2,2,2,1,2,1,2,2,2,2,2,2,"Louisiana",1
"13365",220405,22,27748,30.35686944,-90.04836111,1,1,8,1,11,2,0,9,0,2,2,0,1,1,1,1,22,2,2,1,2,1,2,2,2,2,2,2,2,2,2,2,2,2,"Louisiana",0
"13366",220406,22,27500,30.47331667,-90.82430833,1,1,7,2,15,1,0,18,0,1,1,1,4,1,2,1,22,2,1,1,1,1,2,1,1,2,2,2,2,2,2,2,1,2,"Louisiana",0
"13367",220407,22,24480,32.83651944,-91.87801944,5,5,7,6,21,2,0,12,0,2,3,0,1,2,1,1,22,1,2,2,2,2,2,2,2,2,2,1,2,2,2,2,1,2,"Louisiana",1
"13368",220408,22,27888,30.29340278,-90.99087222,1,1,8,7,3,1,0,42,0,1,1,0,4,2,1,1,22,2,1,2,2,1,2,2,2,2,2,1,2,2,2,2,2,2,"Louisiana",1
"13369",220409,22,27213,30.66431111,-90.35093056,1,1,8,7,2,3,0,8,0,1,1,0,1,2,1,2,22,1,2,2,2,1,2,2,1,2,2,1,2,2,2,2,2,2,"Louisiana",1
"13370",220411,22,24253,32.92739167,-91.22612222,3,4,8,1,14,2,0,14,0,1,1,0,2,1,1,1,22,1,2,1,2,1,2,2,1,2,2,3,2,1,2,2,1,2,"Louisiana",0
"13371",220412,22,27823,30.32286111,-90.93403056,3,3,8,3,23,3,0,8,0,1,1,0,1,2,1,1,22,2,2,2,1,2,2,2,1,2,2,1,1,2,2,2,2,2,"Louisiana",1
"13372",220413,22,26791,31.14476667,-92.02906667,3,3,8,6,15,4,0,12,0,1,1,0,1,1,1,1,22,1,2,1,1,2,1,2,2,2,2,1,2,2,2,2,2,2,"Louisiana",1
"13373",220414,22,27020,30.85516111,-93.35336944,2,2,8,6,5,3,0,12,0,1,1,0,1,2,1,1,22,1,2,2,1,2,2,2,2,2,2,2,2,2,2,2,2,1,"Louisiana",0
"13374",220415,22,27232,30.649725,-93.39008333,2,2,8,6,23,3,0,42,0,1,1,0,4,2,1,1,22,1,2,2,2,1,2,2,2,2,2,1,2,1,2,2,2,2,"Louisiana",1
"13375",220416,22,27084,30.77938056,-91.1315,3,3,8,7,3,3,0,43,0,1,1,0,4,2,1,2,22,1,2,2,2,1,2,2,2,2,2,3,2,2,2,2,2,2,"Louisiana",0
"13376",220417,22,24353,32.88848889,-91.73366944,6,6,8,2,14,4,0,34,0,1,1,0,4,1,1,1,22,1,2,1,1,1,2,2,2,1,2,2,2,2,1,2,1,2,"Louisiana",0
"13377",220418,22,27682,30.39204722,-91.53859722,6,6,8,3,6,1,0,12,0,1,1,0,1,4,1,1,22,1,1,1,1,3,2,2,2,2,2,2,2,2,2,2,1,2,"Louisiana",0
"13378",220419,22,24846,32.72764722,-92.44152222,4,4,8,4,18,3,0,12,0,8,1,0,1,1,1,1,22,1,2,2,1,3,1,2,2,1,2,1,2,2,2,2,1,2,"Louisiana",1
"13379",220420,22,28994,29.68168056,-91.26693056,2,2,8,3,20,2,0,1,0,8,1,0,1,2,1,1,22,2,2,2,1,2,1,2,2,2,2,3,2,2,1,1,2,2,"Louisiana",0
"13380",220421,22,27471,30.48648056,-91.25085,3,3,8,3,22,3,0,53,0,1,1,0,4,3,1,1,22,2,2,2,1,1,2,2,2,1,2,1,2,2,2,2,2,2,"Louisiana",1
"13381",220422,22,26376,31.66668333,-92.41088056,3,3,8,5,17,2,0,12,0,1,1,0,1,1,1,1,22,1,2,1,1,2,2,1,2,1,2,2,2,2,2,2,2,2,"Louisiana",0
"13382",220423,22,28838,29.75551944,-90.7312,2,2,8,6,2,3,0,35,0,1,1,0,4,2,1,1,22,2,2,2,1,1,2,1,2,1,2,1,1,2,2,2,2,2,"Louisiana",1
"13383",220424,22,27383,30.53626111,-91.53963889,3,3,8,6,18,3,0,12,0,1,1,0,1,1,1,1,22,1,2,2,2,2,2,2,2,1,2,1,2,2,2,2,2,2,"Louisiana",1
"13384",220425,22,28001,30.2496,-92.991,1,1,8,7,21,1,0,59,0,5,1,0,8,2,1,1,22,1,1,2,2,1,1,1,2,2,2,1,2,2,2,2,2,2,"Louisiana",1
"13385",220426,22,27066,30.80351111,-91.00526111,10,10,8,3,7,3,0,12,0,1,1,0,1,1,1,1,22,1,2,1,1,3,2,2,2,2,2,3,1,2,2,2,2,2,"Louisiana",0
"13386",220427,22,25303,32.47661944,-92.27968056,1,1,8,3,19,3,0,30,0,1,1,0,4,1,1,1,22,1,2,2,1,1,2,2,2,1,2,1,2,2,1,2,2,2,"Louisiana",1
"13387",220428,22,27337,30.57513889,-92.08803889,4,4,8,4,8,3,0,12,0,1,1,0,1,1,10,1,22,2,2,1,1,2,2,1,2,1,2,2,2,2,2,2,2,2,"Louisiana",0
"13388",220429,22,28193,30.16348056,-93.21395,2,2,8,1,3,3,0,8,0,1,1,0,1,3,1,1,22,2,2,2,2,1,2,2,1,2,2,1,2,2,2,2,2,2,"Louisiana",1
"13389",220430,22,25342,32.45648056,-91.70251944,3,3,8,2,7,1,0,12,0,1,1,0,1,1,1,1,22,1,1,1,1,2,2,2,2,1,2,2,2,2,2,2,2,2,"Louisiana",0
"13390",220431,22,25458,32.40211944,-92.4111,1,1,8,2,19,3,0,42,0,1,1,0,4,2,1,1,22,1,2,2,1,1,2,2,2,1,2,1,2,2,2,2,1,2,"Louisiana",1
"13391",220432,22,27193,30.6866,-90.5326,2,2,8,4,3,1,0,12,0,1,1,0,1,2,1,1,22,2,1,2,1,2,2,2,2,2,2,1,2,2,1,2,2,2,"Louisiana",1
"13392",220433,22,25179,32.55600833,-93.61765833,1,1,8,5,21,2,0,8,0,1,1,0,1,2,1,1,22,2,2,2,1,1,2,2,1,2,2,2,2,2,2,2,2,2,"Louisiana",0
"13393",220434,22,27333,30.57733889,-91.58239722,1,1,8,7,23,3,0,42,0,1,1,0,4,2,1,1,22,1,2,2,2,1,2,2,2,2,2,1,2,2,2,2,2,2,"Louisiana",1
"13394",220435,22,26370,31.6812,-91.90668889,1,1,8,1,21,3,0,42,0,1,1,0,4,2,1,1,22,1,2,2,2,1,2,2,2,2,2,3,2,2,2,2,2,2,"Louisiana",0
"13395",220436,22,28534,29.95684444,-90.07974167,2,2,9,1,13,1,0,25,0,1,1,0,4,1,1,1,22,2,1,1,2,1,2,2,2,2,2,1,2,2,2,2,2,2,"Louisiana",1
"13396",220437,22,27929,30.2766,-91.12586111,1,1,9,2,5,3,0,53,0,1,1,0,4,4,1,1,22,1,2,2,2,1,2,2,2,1,2,3,2,2,2,2,2,2,"Louisiana",0
"13397",220438,22,25420,32.42218889,-93.78711111,1,1,9,4,8,2,0,32,0,1,1,0,4,1,10,1,22,2,2,1,1,1,2,2,2,2,2,2,2,2,2,2,2,2,"Louisiana",0
"13398",220439,22,26682,31.29873056,-92.48443056,4,4,9,4,8,3,0,12,0,7,1,0,1,1,1,1,22,2,2,1,1,2,2,2,2,2,2,2,2,1,2,2,1,2,"Louisiana",0
"13399",220440,22,28126,30.19625,-93.18003889,7,7,9,6,11,3,0,12,0,2,2,0,1,1,10,1,22,2,2,1,1,3,2,1,2,2,2,3,2,2,1,2,2,2,"Louisiana",0
"13400",220441,22,26680,31.30184444,-92.48031667,1,1,9,4,22,3,0,8,1,20,1,0,1,2,1,1,22,2,2,2,1,1,2,2,1,2,2,2,2,2,2,2,2,2,"Louisiana",0
"13401",220443,22,25178,32.55625278,-93.78272222,1,1,9,7,23,2,0,1,1,18,1,0,1,3,1,1,22,2,2,2,2,1,1,1,2,2,2,1,2,2,2,2,2,2,"Louisiana",1
"13402",220444,22,27434,30.50681111,-90.36153056,1,1,8,2,22,2,0,9,0,1,1,0,1,2,1,1,22,1,2,2,1,1,2,2,2,2,2,2,2,2,1,2,2,2,"Louisiana",0
"13403",220445,22,28422,30.01340278,-89.99307222,2,2,9,6,18,2,0,12,0,2,3,0,1,1,1,1,22,2,2,2,2,2,1,1,2,1,2,1,2,2,2,2,2,2,"Louisiana",1
"13404",220446,22,28030,30.23713889,-93.22551944,1,1,9,7,20,1,0,8,0,1,1,0,1,2,1,1,22,2,1,2,2,1,2,2,1,2,2,3,2,1,2,2,2,2,"Louisiana",0
"13405",220447,22,25479,32.38468333,-93.90017222,1,1,9,3,7,4,0,59,0,1,1,0,4,2,1,1,22,1,2,1,1,1,2,1,2,1,2,2,2,2,2,2,2,2,"Louisiana",0
"13406",220448,22,28033,30.23676111,-93.34731111,1,1,9,4,1,2,0,53,0,1,1,0,4,2,1,1,22,2,2,2,1,1,2,2,2,2,2,3,2,2,2,2,2,2,"Louisiana",0
"13407",220449,22,25273,32.4908,-93.6856,2,2,9,5,17,2,0,12,0,1,1,0,1,1,1,1,22,2,2,1,1,2,2,2,2,2,2,3,2,2,2,2,2,2,"Louisiana",0
"13408",220450,22,28200,30.15991944,-92.04486944,4,4,9,6,21,6,0,12,0,8,1,0,1,1,1,1,22,2,2,2,2,2,1,2,2,2,2,2,1,2,2,2,1,2,"Louisiana",0
"13409",220451,22,27529,30.45983889,-90.04073611,1,1,5,3,3,3,0,8,0,3,3,0,1,2,2,1,22,2,2,2,1,1,2,2,1,2,2,3,2,2,2,1,2,2,"Louisiana",0
"13410",220453,22,25410,32.42893333,-93.76310278,2,2,8,3,15,6,0,12,0,2,2,0,1,1,1,1,22,2,2,1,1,2,1,2,2,2,2,3,2,2,2,2,2,2,"Louisiana",0
"13411",220454,22,28005,30.24786944,-92.19615,4,4,8,4,10,1,0,12,0,1,1,0,1,7,2,1,22,2,1,1,1,2,2,2,2,2,2,3,2,1,2,2,1,2,"Louisiana",0
"13412",220455,22,28131,30.19254167,-91.17083056,1,1,7,7,23,3,0,42,0,1,1,0,4,2,1,1,22,1,2,2,2,1,2,2,2,2,2,3,2,1,2,2,2,2,"Louisiana",0
"13413",220456,22,28624,29.8955,-90.03085,2,2,8,7,11,4,0,12,0,2,4,0,1,1,10,1,22,2,2,1,2,2,2,2,2,2,2,3,2,1,1,2,2,2,"Louisiana",0
"13414",220457,22,25128,32.5856,-93.7538,1,1,7,6,6,4,0,19,0,1,1,0,5,2,99,1,22,1,2,1,1,1,2,2,2,2,2,1,2,2,1,2,1,2,"Louisiana",1
"13415",220458,22,25347,32.45564722,-93.75678889,2,2,7,1,23,1,0,43,0,5,1,0,4,3,1,1,22,2,1,2,2,1,2,1,2,2,1,3,2,2,2,2,2,2,"Louisiana",0
"13416",220459,22,25933,32.08431944,-92.11666111,2,2,9,5,18,3,0,12,0,1,1,0,1,1,1,1,22,1,2,2,1,2,2,2,2,2,2,1,2,2,2,2,2,2,"Louisiana",1
"13417",220460,22,24788,32.74605,-91.81139722,3,3,9,6,12,3,0,12,0,1,1,0,1,1,1,1,22,1,2,1,1,2,2,2,2,2,2,1,2,1,2,2,2,2,"Louisiana",1
"13418",220461,22,26960,30.92914722,-89.834525,6,6,9,7,9,3,0,12,0,1,1,0,1,1,1,2,22,1,2,1,2,2,2,2,2,2,2,2,1,2,2,2,2,2,"Louisiana",0
"13419",220462,22,27651,30.4085,-91.03056111,2,2,9,7,13,4,0,12,0,8,1,0,1,1,10,1,22,2,2,1,2,2,1,1,2,2,2,2,2,1,1,2,2,2,"Louisiana",0
"13420",220463,22,24432,32.84993889,-93.06653056,1,1,9,1,0,2,0,42,0,1,1,0,4,2,1,1,22,1,2,2,2,1,2,2,2,2,2,2,2,2,2,2,2,2,"Louisiana",0
"13421",220464,22,27482,30.48213889,-92.85751944,1,1,9,2,4,3,0,1,0,1,1,0,1,2,1,1,22,1,2,2,2,1,2,2,2,1,2,2,2,1,2,2,2,2,"Louisiana",0
"13422",220465,22,28841,29.75301111,-90.55515,2,2,9,3,11,2,0,12,0,8,1,0,1,1,1,1,22,1,2,1,1,2,2,2,2,2,2,2,2,2,2,2,2,2,"Louisiana",0
"13423",220466,22,28609,29.91093056,-90.72955,2,2,9,4,10,3,0,16,0,1,1,0,1,1,1,2,22,1,2,1,1,2,2,2,2,2,2,2,2,2,2,2,2,2,"Louisiana",0
"13424",220467,22,28040,30.23631944,-93.63915,2,2,9,4,11,3,0,12,0,1,1,0,1,1,1,1,22,1,2,1,1,2,2,2,2,1,2,2,2,2,2,2,1,2,"Louisiana",0
"13425",220468,22,28633,29.88753056,-90.07741944,5,5,9,4,15,4,0,12,0,1,1,0,1,1,1,1,22,2,2,1,1,2,2,2,2,2,2,3,2,2,1,2,2,2,"Louisiana",0
"13426",220469,22,24561,32.80811111,-91.19893889,1,1,9,5,1,3,0,14,0,1,1,0,5,2,1,1,22,2,2,2,1,1,2,2,2,2,2,3,2,2,2,2,2,2,"Louisiana",0
"13427",220470,22,27680,30.39242778,-93.01371111,1,1,9,1,17,3,0,35,0,1,1,0,4,1,1,1,22,1,2,1,2,1,1,2,2,2,2,1,2,2,2,2,2,2,"Louisiana",1
"13428",220471,22,28036,30.23648056,-92.46415,2,2,9,1,9,3,0,12,0,2,2,0,1,1,1,1,22,1,2,1,2,2,2,2,2,2,2,3,2,1,2,2,2,2,"Louisiana",0
"13429",220472,22,27085,30.77915,-90.49094722,2,2,9,1,21,3,0,32,0,1,1,0,4,2,1,2,22,1,2,2,2,1,2,1,2,1,2,1,2,2,2,2,2,2,"Louisiana",1
"13430",220473,22,28373,30.04578611,-91.81386389,1,1,9,3,17,3,0,42,0,1,1,0,4,1,10,1,22,2,2,1,1,1,2,2,2,1,2,1,2,2,2,2,2,2,"Louisiana",1
"13431",220474,22,28271,30.11596389,-90.59780833,2,2,9,6,19,1,0,12,0,1,1,0,1,5,1,1,22,1,1,2,2,2,1,2,2,2,2,2,2,1,2,2,2,2,"Louisiana",0
"13432",220475,22,26939,30.95828889,-92.57191944,1,1,9,1,18,4,0,42,0,1,1,0,4,1,1,1,22,1,2,2,2,1,2,1,2,2,2,1,2,2,1,2,2,2,"Louisiana",1
"13433",220476,22,25564,32.34407778,-91.46984444,3,3,9,1,13,4,0,42,0,1,1,0,4,1,1,1,22,1,2,1,2,1,2,2,2,2,2,3,2,2,2,1,2,2,"Louisiana",0
"13434",220477,22,26219,31.83446667,-91.71748333,1,1,9,2,4,3,0,35,0,1,1,0,4,2,2,1,22,1,2,2,2,1,2,2,2,1,2,3,2,2,2,2,2,2,"Louisiana",0
"13435",220478,22,28558,29.94341111,-90.09718889,1,1,9,2,8,6,0,14,0,1,1,0,7,1,10,1,22,2,2,1,1,1,2,2,1,2,2,2,2,2,2,2,2,2,"Louisiana",0
"13436",220479,22,27569,30.44366389,-90.33428056,2,2,9,2,9,3,0,12,0,1,1,0,1,1,1,1,22,1,2,1,1,2,2,2,2,2,2,2,2,2,2,2,1,2,"Louisiana",0