"","ST_CASE","OBJECT_ID","FID","LATITUDE","LONGITUD","PERMVIT","PERSONS","MONTH","DAY_WEEK","HOUR","ROUTE","SP_JUR","HARM_EV","RELJCT1","RELJCT2","TYP_INT","WRK_ZONE","REL_ROAD","LGT_COND","WEATHER","FATALS","STATE","A_RU","A_INTER","A_TOD","A_DOW","A_CT","A_MC","A_SPCRA","A_PED","A_ROLL","A_POLPUR","A_POSBAC","A_D15_20","A_D65PLS","A_D21_24","A_HR","A_DIST","A_DROWSY","STATE_NAME","drunkDr"
"13437",220480,22,27953,30.26725,-93.25816389,3,3,9,2,9,3,0,12,0,1,1,0,1,1,1,1,22,2,2,1,1,3,1,2,2,2,2,2,2,1,2,2,2,2,"Louisiana",0
"13438",220481,22,26780,31.16236667,-92.06690833,1,1,9,2,14,3,0,8,0,1,1,0,1,1,1,1,22,1,2,1,1,1,2,2,1,2,2,2,2,2,2,2,2,2,"Louisiana",0
"13439",220482,22,26982,30.89786389,-93.22809167,1,1,9,3,21,3,0,59,0,1,1,1,4,2,1,1,22,1,2,2,1,1,1,2,2,2,2,1,2,2,2,2,2,2,"Louisiana",1
"13440",220483,22,26973,30.91226111,-92.88938889,2,2,9,4,17,3,0,12,0,2,2,0,1,1,1,1,22,1,2,1,1,2,2,2,2,2,2,2,2,1,2,2,2,2,"Louisiana",0
"13441",220484,22,25272,32.49188056,-92.16248611,2,2,9,5,5,3,0,8,0,1,1,0,1,2,1,1,22,2,2,2,1,1,2,2,1,2,2,2,1,2,2,2,2,2,"Louisiana",0
"13442",220485,22,28543,29.95111944,-90.17018889,2,2,9,5,7,3,0,1,0,2,3,0,1,1,1,1,22,2,2,1,1,2,1,1,2,2,2,2,2,2,1,2,2,2,"Louisiana",0
"13443",220486,22,28439,30.00537222,-91.82989722,2,2,9,6,14,6,0,9,0,1,1,0,1,1,1,1,22,2,2,1,1,1,2,2,2,2,2,2,2,2,2,2,1,2,"Louisiana",0
"13444",220487,22,26470,31.55246111,-92.71563056,1,1,9,7,3,2,0,42,0,3,3,0,4,2,1,1,22,1,2,2,2,1,2,1,2,1,2,2,2,2,2,2,2,2,"Louisiana",0
"13445",220488,22,25270,32.49353056,-92.04485278,4,4,9,7,23,1,0,12,0,1,1,0,1,3,1,2,22,2,1,2,2,2,2,2,2,2,2,1,1,2,2,2,2,2,"Louisiana",2
"13446",220489,22,27665,30.40103889,-92.14274444,4,4,9,1,9,3,0,35,0,1,1,0,4,1,1,1,22,1,2,1,2,1,2,2,2,2,2,2,2,2,2,2,1,2,"Louisiana",0
"13447",220490,22,25460,32.39940556,-92.05090278,1,1,9,2,18,3,0,58,0,1,1,0,4,1,1,1,22,1,2,2,1,1,2,2,2,1,2,1,2,2,2,2,1,2,"Louisiana",1
"13448",220491,22,28444,30.00461389,-90.02230556,1,1,9,4,22,6,0,24,1,19,1,0,4,3,1,1,22,2,2,2,1,1,1,2,2,2,2,2,2,2,2,2,2,2,"Louisiana",0
"13449",220492,22,29098,29.61222778,-89.90445556,4,4,7,2,12,3,0,12,0,1,1,0,1,1,1,2,22,1,2,1,1,2,2,2,2,2,2,2,2,2,2,2,2,2,"Louisiana",0
"13450",220493,22,27773,30.34610833,-91.086825,1,1,9,5,18,3,0,14,0,1,1,0,2,1,10,1,22,2,2,2,1,1,2,1,1,2,2,2,2,2,2,2,1,2,"Louisiana",0
"13451",220494,22,26416,31.61404167,-91.77888333,5,5,10,5,16,2,0,12,0,1,1,0,2,1,1,3,22,1,2,1,1,2,2,1,2,1,2,2,2,2,2,2,1,2,"Louisiana",0
"13452",220495,22,27281,30.61522222,-90.92543333,4,4,10,6,12,3,0,12,0,1,1,0,1,1,1,1,22,2,2,1,1,3,2,2,2,2,2,3,1,2,2,2,2,2,"Louisiana",0
"13453",220496,22,24203,32.95113611,-93.65756389,1,1,10,5,21,3,0,1,0,1,1,0,1,2,1,1,22,1,2,2,1,1,2,1,2,1,2,2,2,2,2,2,2,2,"Louisiana",0
"13454",220497,22,27348,30.56764167,-90.96449167,2,2,10,6,19,3,0,1,0,1,1,0,1,5,1,1,22,2,2,2,2,2,1,2,2,2,2,1,1,2,2,2,2,2,"Louisiana",1
"13455",220498,22,26129,31.89895,-92.80648889,3,3,10,7,22,4,0,42,0,1,1,0,4,2,1,1,22,1,2,2,2,1,2,2,2,2,2,3,1,2,2,2,2,2,"Louisiana",0
"13456",220499,22,28520,29.96609722,-91.06679722,1,1,10,2,11,3,0,34,0,1,1,0,4,1,1,1,22,1,2,1,1,1,2,2,2,1,2,1,2,2,2,2,2,2,"Louisiana",1
"13457",220500,22,27461,30.49097778,-91.16942778,3,3,9,3,23,2,0,12,0,1,1,0,1,3,1,1,22,2,2,2,1,2,2,2,2,2,2,1,1,2,2,2,2,2,"Louisiana",1
"13458",220501,22,24751,32.75658889,-93.07664167,3,3,10,2,12,2,0,12,0,2,2,0,1,1,1,1,22,1,2,1,1,2,2,2,2,2,2,2,2,2,2,2,1,2,"Louisiana",0
"13459",220502,22,27966,30.26223889,-90.88726944,5,5,10,2,15,3,0,12,0,2,2,0,1,1,1,1,22,2,2,1,1,2,2,1,2,2,2,3,2,2,2,2,1,2,"Louisiana",0
"13460",220503,22,27508,30.47066389,-90.48339722,2,2,10,3,0,1,0,12,0,1,1,0,1,2,1,1,22,2,1,2,1,2,2,2,2,2,2,1,2,2,1,2,2,2,"Louisiana",1
"13461",220504,22,26652,31.3372,-92.16508889,3,3,10,3,20,3,0,12,0,2,2,0,1,2,1,1,22,1,2,2,1,2,2,1,2,1,2,2,1,2,2,2,2,2,"Louisiana",0
"13462",220505,22,29136,29.57753611,-90.38081111,2,2,10,5,6,3,0,12,0,1,1,0,1,2,5,1,22,2,2,1,1,2,2,2,2,2,2,2,2,1,2,2,2,2,"Louisiana",0
"13463",220506,22,27519,30.466375,-91.01001667,3,3,9,6,19,2,0,12,0,2,2,0,1,5,1,1,22,2,2,2,2,2,2,2,2,2,2,3,2,2,2,2,1,2,"Louisiana",0
"13464",220507,22,28703,29.83581667,-91.62118056,1,1,10,4,19,3,0,8,0,1,1,0,1,2,10,1,22,1,2,2,1,1,2,2,1,2,2,2,2,2,2,2,2,2,"Louisiana",0
"13465",220508,22,26891,31.03923611,-92.03768056,1,1,10,5,23,3,0,32,0,1,1,0,4,2,1,1,22,1,2,2,1,1,2,1,2,2,2,2,2,2,1,2,2,2,"Louisiana",1
"13466",220509,22,27668,30.3987,-90.43101111,1,1,10,2,99,1,0,1,1,5,1,0,4,9,99,1,22,1,1,3,3,1,2,1,2,1,2,1,2,2,2,2,2,2,"Louisiana",1
"13467",220510,22,27781,30.34056667,-92.26766111,3,3,10,7,23,3,0,12,0,1,1,0,1,2,1,1,22,1,2,2,2,2,2,1,2,2,2,1,2,2,1,2,2,2,"Louisiana",1
"13468",220511,22,27064,30.80526944,-91.12011944,2,2,10,1,21,3,0,12,0,1,1,0,1,2,1,1,22,1,2,2,2,2,2,2,2,2,2,3,2,1,2,2,2,2,"Louisiana",0
"13469",220512,22,26806,31.13095556,-92.7006,2,2,10,4,6,4,0,8,0,1,1,0,1,2,5,1,22,1,2,1,1,1,2,2,1,2,2,2,2,2,2,2,2,2,"Louisiana",0
"13470",220513,22,27047,30.823175,-90.72093611,1,1,10,5,10,3,0,59,0,1,1,0,4,1,1,1,22,1,2,1,1,1,2,1,2,1,2,2,2,2,1,2,2,2,"Louisiana",0
"13471",220514,22,24248,32.93013889,-91.2261,3,3,10,4,20,2,0,12,0,2,2,0,1,5,1,2,22,1,2,2,1,2,2,2,2,1,2,2,2,2,1,2,2,2,"Louisiana",0
"13472",220515,22,27328,30.58227778,-92.59471111,1,1,10,5,10,3,0,42,0,1,1,0,4,1,1,1,22,1,2,1,1,1,2,2,2,2,2,2,1,2,2,2,2,2,"Louisiana",0
"13473",220516,22,27357,30.55811667,-91.07491111,1,1,10,6,1,3,0,34,0,1,1,0,4,2,1,1,22,2,2,2,1,1,2,1,2,2,2,1,2,2,2,2,2,2,"Louisiana",1
"13474",220517,22,26936,30.96321111,-93.10773056,1,1,10,7,2,3,0,42,0,1,1,0,4,2,1,1,22,1,2,2,2,1,2,2,2,2,2,1,2,2,2,2,2,2,"Louisiana",1
"13475",220518,22,25406,32.43159722,-93.74809444,2,2,10,3,17,6,0,12,0,2,3,0,1,1,1,1,22,2,2,1,1,2,2,1,2,2,2,2,2,1,1,2,2,2,"Louisiana",0
"13476",220519,22,27054,30.81205833,-92.406925,1,1,10,7,3,4,0,42,0,1,1,0,4,2,1,1,22,1,2,2,2,1,2,2,2,1,2,1,2,2,1,2,1,2,"Louisiana",1
"13477",220520,22,27973,30.25948889,-93.12965556,2,2,10,7,6,3,0,12,0,1,1,0,1,2,10,2,22,2,2,1,2,2,2,2,2,1,2,1,2,2,2,2,2,2,"Louisiana",1
"13478",220521,22,25376,32.44503056,-93.98111111,5,5,10,5,19,3,0,12,1,5,1,0,1,2,1,1,22,2,2,2,1,2,1,1,2,2,1,3,2,2,2,2,1,2,"Louisiana",0
"13479",220522,22,27285,30.61198611,-92.67446389,1,1,10,1,5,3,0,42,0,1,1,0,4,2,1,1,22,1,2,2,2,1,2,1,2,2,2,1,2,2,2,2,2,2,"Louisiana",1
"13480",220523,22,27271,30.62076111,-91.75968056,1,1,10,7,23,3,0,1,0,1,1,0,4,2,1,1,22,1,2,2,2,1,2,2,2,1,2,1,2,2,2,2,2,2,"Louisiana",1
"13481",220524,22,27437,30.50436111,-90.53036111,2,2,10,3,15,2,0,1,0,1,1,0,1,1,1,1,22,2,2,1,1,2,1,2,2,2,2,1,2,2,2,2,1,2,"Louisiana",1
"13482",220525,22,28471,29.98996944,-90.37088889,3,3,10,4,19,2,0,1,0,2,2,0,1,3,1,1,22,2,2,2,1,2,1,2,2,2,2,3,2,2,2,2,1,2,"Louisiana",0
"13483",220526,22,27578,30.44039444,-90.08281667,2,2,10,5,1,2,0,12,0,2,2,0,1,3,1,1,22,2,2,2,1,2,2,2,2,2,2,2,2,2,2,2,2,2,"Louisiana",0
"13484",220527,22,27055,30.81126111,-91.3878,3,3,10,6,11,2,0,12,0,1,1,0,1,1,1,1,22,1,2,1,1,2,2,2,2,2,2,3,2,1,2,2,2,2,"Louisiana",0
"13485",220529,22,27853,30.3136,-90.92708889,1,1,10,7,7,4,0,9,0,2,3,0,1,4,1,1,22,1,2,1,2,1,2,2,2,2,2,3,2,2,2,1,2,2,"Louisiana",0
"13486",220530,22,24430,32.8514,-93.9665,1,1,10,1,11,3,0,42,0,1,1,0,4,1,2,1,22,1,2,1,2,1,2,2,2,1,2,2,1,2,2,2,2,2,"Louisiana",0
"13487",220531,22,27431,30.50812778,-91.17939167,2,2,10,2,9,2,0,12,0,1,1,0,1,1,10,1,22,2,2,1,1,2,2,2,1,2,2,2,2,2,1,2,1,2,"Louisiana",0
"13488",220532,22,25424,32.42026389,-92.18485833,2,2,10,3,20,3,0,12,0,1,1,0,1,2,1,1,22,1,2,2,1,2,2,2,2,2,2,1,1,2,2,2,2,2,"Louisiana",1
"13489",220533,22,25290,32.48189722,-91.81120278,2,2,10,4,6,2,0,12,0,1,1,0,1,4,1,1,22,1,2,1,1,2,2,2,2,2,2,2,2,2,1,2,2,2,"Louisiana",0
"13490",220534,22,27782,30.33983056,-93.24746944,1,1,10,4,19,4,0,9,0,1,1,0,1,2,1,1,22,2,2,2,1,1,2,2,2,2,2,2,2,2,2,2,2,2,"Louisiana",0
"13491",220535,22,25390,32.43748333,-92.10534444,6,6,10,5,19,2,0,12,0,2,2,0,1,3,1,1,22,2,2,2,1,2,2,2,2,1,2,1,2,2,2,2,1,2,"Louisiana",1
"13492",220536,22,27991,30.25203889,-92.24436111,4,4,10,6,14,1,0,24,0,1,1,0,4,1,1,1,22,2,1,1,1,3,2,2,2,2,2,3,2,1,2,2,2,2,"Louisiana",0
"13493",220537,22,28218,30.15208056,-93.19691944,6,6,10,7,21,4,0,12,0,2,2,0,1,2,2,2,22,2,2,2,2,2,2,1,2,1,2,2,1,2,1,2,2,2,"Louisiana",0
"13494",220538,22,28874,29.73750556,-90.68856111,2,2,10,4,2,3,0,53,0,1,1,0,4,3,10,1,22,2,2,2,1,1,2,2,2,1,2,2,2,2,2,2,2,2,"Louisiana",0
"13495",220539,22,27588,30.43860556,-90.65021111,2,2,10,6,6,3,0,12,0,1,1,0,1,4,1,1,22,1,2,1,1,2,2,2,2,2,2,2,2,2,2,2,2,2,"Louisiana",0
"13496",220541,22,28187,30.16555278,-91.33733333,2,2,10,2,10,3,0,1,0,1,1,0,4,1,1,2,22,1,2,1,1,1,2,1,2,1,2,2,2,2,2,2,2,2,"Louisiana",0
"13497",220542,22,25546,32.35442778,-93.56003611,2,2,10,4,14,2,0,12,0,3,3,0,1,1,1,1,22,1,2,1,1,2,2,2,2,2,2,3,2,2,1,2,1,2,"Louisiana",0
"13498",220543,22,28067,30.22391944,-92.03261944,1,1,11,1,22,6,0,9,0,1,1,0,1,3,2,1,22,2,2,2,2,1,2,2,2,2,2,1,2,2,2,2,2,2,"Louisiana",1
"13499",220544,22,27449,30.49648056,-90.48275,7,7,11,7,18,2,0,12,0,1,1,0,1,2,1,1,22,2,2,2,2,3,2,2,2,2,2,1,2,2,2,2,2,2,"Louisiana",1
"13500",220545,22,28097,30.20925,-93.33775,2,2,11,2,17,4,0,9,0,1,1,0,1,2,1,1,22,2,2,1,1,2,2,2,2,2,2,2,1,2,2,2,2,2,"Louisiana",0
"13501",220546,22,27477,30.48399167,-91.11801389,1,1,11,5,18,2,0,8,0,2,2,0,1,3,1,1,22,2,2,2,1,1,2,2,1,2,2,3,2,1,2,2,2,2,"Louisiana",0
"13502",220547,22,26808,31.13047778,-92.063425,1,1,11,2,5,3,0,8,0,1,1,0,1,2,2,1,22,2,2,2,2,1,2,2,1,2,2,2,2,2,1,2,2,2,"Louisiana",0
"13503",220548,22,27517,30.46693889,-90.44808056,2,2,11,2,11,4,0,32,0,1,1,0,4,1,1,1,22,2,2,1,1,1,2,2,2,2,2,2,1,2,2,2,2,2,"Louisiana",1
"13504",220549,22,27520,30.465575,-91.01619444,2,2,11,7,8,2,0,12,0,2,2,0,1,1,10,1,22,2,2,1,2,2,2,2,2,2,2,1,2,2,2,2,2,2,"Louisiana",1
"13505",220550,22,27487,30.48001944,-91.11533056,2,2,11,1,16,2,0,12,0,2,2,0,1,1,1,1,22,2,2,1,2,2,2,2,2,2,2,3,2,2,2,2,2,2,"Louisiana",0
"13506",220551,22,27609,30.4278,-91.21436111,4,4,11,3,18,3,0,33,0,3,4,0,4,2,1,1,22,2,2,2,1,2,2,2,2,2,2,2,2,1,2,2,2,2,"Louisiana",0
"13507",220552,22,27631,30.41483056,-91.14433889,2,2,11,7,19,6,0,9,0,2,4,0,1,3,1,1,22,2,2,2,2,1,2,1,2,2,2,2,2,2,2,2,2,2,"Louisiana",0
"13508",220553,22,28414,30.01738056,-89.94218056,2,2,11,5,10,1,0,12,1,5,1,0,1,1,1,1,22,2,1,1,1,2,2,2,2,2,2,2,2,2,2,2,2,2,"Louisiana",0
"13509",220554,22,27163,30.70745,-91.21428056,3,3,11,5,15,3,0,12,0,1,1,0,1,1,1,1,22,1,2,1,1,2,2,2,2,2,2,2,2,2,1,2,2,2,"Louisiana",0
"13510",220555,22,28546,29.95050278,-92.06019167,1,1,11,6,13,4,0,34,0,1,1,0,4,1,1,1,22,1,2,1,1,1,2,1,2,2,2,2,2,2,2,2,1,2,"Louisiana",0
"13511",220556,22,26711,31.26116111,-92.43778056,1,1,11,6,20,6,0,33,0,1,1,0,4,3,1,1,22,2,2,2,2,1,1,2,2,2,2,1,2,2,2,2,2,2,"Louisiana",1
"13512",220557,22,28434,30.00665,-92.00828889,1,1,11,5,16,4,0,34,0,1,1,0,4,1,10,1,22,1,2,1,1,1,2,1,2,1,2,1,2,2,2,2,2,2,"Louisiana",1
"13513",220558,22,25110,32.60173889,-93.34477222,1,1,9,4,99,2,0,42,0,1,1,0,4,2,1,1,22,1,2,3,1,1,2,2,2,2,2,3,2,2,2,2,2,2,"Louisiana",0
"13514",220559,22,27946,30.26941111,-91.21755,2,2,11,1,9,4,0,34,0,1,1,0,4,9,1,1,22,1,2,1,2,1,2,2,2,1,2,1,2,2,2,2,2,2,"Louisiana",1
"13515",220560,22,28956,29.69646944,-91.27683056,1,4,10,6,20,4,0,8,0,1,1,0,5,2,10,1,22,1,2,2,2,1,2,2,1,2,2,2,2,2,2,2,1,2,"Louisiana",0
"13516",220561,22,28448,30.00260278,-91.77890556,2,2,10,2,10,3,0,12,0,1,1,0,1,1,1,1,22,1,2,1,1,2,2,2,2,2,2,3,2,2,2,2,1,2,"Louisiana",0
"13517",220562,22,26328,31.73729722,-93.04441667,2,2,11,1,17,3,0,12,0,1,1,0,1,5,2,1,22,1,2,1,2,2,2,1,2,2,2,1,2,2,2,2,2,2,"Louisiana",2
"13518",220563,22,28024,30.24204167,-92.31449167,4,4,11,1,18,1,0,12,0,1,1,0,1,2,10,1,22,1,1,2,2,2,2,2,2,1,2,2,2,2,1,2,2,2,"Louisiana",0
"13519",220564,22,27867,30.30415,-89.85320556,3,3,11,3,6,2,0,12,0,1,1,0,1,1,1,1,22,2,2,1,1,2,2,2,2,2,2,2,2,2,1,2,2,2,"Louisiana",0
"13520",220565,22,27880,30.29851944,-89.66369722,4,4,11,3,21,1,0,24,0,1,1,0,4,2,1,1,22,1,1,2,1,3,2,1,2,2,2,3,2,1,2,1,1,2,"Louisiana",0
"13521",220566,22,25190,32.55035556,-92.84186111,3,3,11,5,21,1,0,12,0,1,1,0,1,2,10,1,22,1,1,2,1,2,2,2,2,1,2,2,2,2,2,2,2,2,"Louisiana",0
"13522",220567,22,28620,29.90295556,-90.77488889,4,4,11,7,10,3,0,12,0,1,1,0,1,1,2,1,22,1,2,1,2,3,2,2,2,1,2,2,2,2,2,2,1,2,"Louisiana",0
"13523",220568,22,25457,32.40212778,-93.83664444,2,2,10,1,21,3,0,12,0,2,3,0,1,2,1,1,22,2,2,2,2,2,2,2,2,2,2,3,2,2,2,2,1,2,"Louisiana",0
"13524",220569,22,27305,30.59987778,-90.51198333,1,1,8,6,16,4,0,42,0,1,1,0,4,1,1,1,22,1,2,1,1,1,2,1,2,2,2,3,2,2,2,2,2,2,"Louisiana",1
"13525",220570,22,25227,32.5263,-93.6899,8,8,9,7,18,1,0,12,0,1,1,0,1,5,1,1,22,2,1,2,2,3,2,2,2,2,2,3,2,2,2,2,1,2,"Louisiana",0
"13526",220571,22,28340,30.07073056,-91.28566111,1,1,10,7,19,3,0,9,0,1,1,0,1,2,1,1,22,1,2,2,2,1,2,2,2,2,2,2,2,2,2,2,2,2,"Louisiana",0
"13527",220572,22,25330,32.46130278,-93.77999722,1,1,10,1,15,2,0,8,0,3,2,0,1,1,2,1,22,2,2,1,2,1,2,2,1,2,2,2,2,1,2,2,2,2,"Louisiana",0
"13528",220573,22,25169,32.56157778,-92.902375,2,2,11,7,7,1,0,42,0,1,1,0,4,1,2,1,22,1,1,1,2,1,2,1,2,2,2,3,2,1,2,2,2,2,"Louisiana",0
"13529",220574,22,28575,29.93293889,-91.01344722,2,2,11,7,4,3,0,12,0,1,1,0,1,3,10,1,22,2,2,2,2,2,2,2,2,2,2,2,2,2,2,2,2,2,"Louisiana",0
"13530",220575,22,28225,30.14786944,-90.77303333,4,4,11,7,20,1,0,35,0,1,1,0,4,2,2,3,22,1,1,2,2,1,2,1,2,1,2,2,1,2,2,2,1,2,"Louisiana",0
"13531",220576,22,28086,30.21168056,-92.14191944,2,2,11,2,12,3,0,12,0,2,2,0,1,1,1,1,22,2,2,1,1,2,2,2,2,1,2,1,2,2,2,2,2,2,"Louisiana",1
"13532",220577,22,28960,29.69442778,-91.34245278,1,1,11,4,19,2,0,8,0,1,1,0,1,2,1,1,22,1,2,2,1,1,2,2,1,2,2,2,2,1,2,2,2,2,"Louisiana",0
"13533",220578,22,25438,32.41056111,-92.19683056,3,3,11,6,7,3,0,12,0,2,3,4,1,1,1,1,22,1,2,1,1,3,1,2,2,2,2,2,2,2,2,2,1,2,"Louisiana",0
"13534",220579,22,28295,30.10089167,-92.68919722,3,3,11,7,0,4,0,1,0,1,1,0,1,2,1,1,22,1,2,2,2,1,2,2,2,1,2,1,2,2,2,2,2,2,"Louisiana",1
"13535",220580,22,27229,30.65240556,-90.19866389,2,2,11,1,12,3,0,12,0,1,1,0,1,1,1,1,22,1,2,1,2,2,2,1,2,1,2,2,2,1,2,2,2,2,"Louisiana",0
"13536",220581,22,28839,29.75534167,-90.55990278,5,5,11,1,16,3,0,12,0,1,1,0,1,1,1,1,22,1,2,1,2,2,2,1,2,1,2,2,2,2,1,2,1,2,"Louisiana",0
"13537",220582,22,29064,29.64496111,-90.67234722,2,2,11,3,4,3,0,12,0,1,1,0,1,2,10,1,22,2,2,2,1,2,2,2,2,2,2,2,2,1,2,2,2,2,"Louisiana",0
"13538",220583,22,25927,32.09075,-92.08933056,2,2,11,5,10,2,0,1,0,2,3,0,1,1,1,1,22,1,2,1,1,2,1,2,2,2,2,3,2,2,2,2,2,2,"Louisiana",0
"13539",220584,22,28495,29.97651667,-90.26467222,2,2,10,2,21,3,0,12,0,2,2,0,1,3,1,1,22,2,2,2,1,2,1,2,2,2,2,3,1,2,2,2,2,2,"Louisiana",0
"13540",220585,22,29381,29.38921944,-90.26478889,1,1,3,2,0,3,0,5,0,2,3,0,1,3,1,1,22,2,2,2,2,1,2,2,2,1,2,1,2,2,2,2,2,2,"Louisiana",1
"13541",220586,22,26628,31.36023889,-92.17273889,1,1,11,5,21,3,0,8,0,1,1,0,1,2,1,1,22,1,2,2,1,1,2,2,1,2,2,2,1,2,2,2,2,2,"Louisiana",0
"13542",220587,22,28478,29.98541111,-91.86621111,3,3,11,4,18,3,0,1,0,7,1,0,1,2,10,2,22,1,2,2,1,3,1,1,2,2,2,1,2,2,2,2,1,2,"Louisiana",2
"13543",220588,22,27233,30.64880556,-92.18315833,3,3,11,7,19,2,0,12,0,1,1,0,1,2,1,2,22,1,2,2,2,2,2,2,2,2,2,2,2,1,2,2,2,2,"Louisiana",0
"13544",220591,22,24685,32.77259167,-92.39924444,1,1,9,2,20,3,0,8,0,1,1,0,1,2,1,1,22,1,2,2,1,1,2,2,1,2,2,2,2,2,2,2,2,2,"Louisiana",0
"13545",220592,22,27087,30.77823889,-90.5251,3,3,9,6,8,4,0,42,0,1,1,0,4,1,1,1,22,1,2,1,1,1,2,2,2,2,2,2,1,2,2,2,1,2,"Louisiana",0
"13546",220593,22,27518,30.46672778,-90.88748889,5,5,9,6,23,1,0,12,0,1,1,0,1,2,1,1,22,2,1,2,2,3,2,1,2,2,2,3,1,2,2,1,1,2,"Louisiana",0
"13547",220594,22,28538,29.95446111,-90.07475,1,1,9,4,8,6,0,8,0,2,2,0,1,1,1,1,22,2,2,1,1,1,2,1,1,2,2,2,2,2,2,2,2,2,"Louisiana",0
"13548",220595,22,28398,30.02750833,-91.83859722,1,1,9,4,16,3,0,33,0,1,1,0,3,1,1,1,22,2,2,1,1,1,2,2,2,2,2,2,2,2,2,2,2,1,"Louisiana",1
"13549",220596,22,27842,30.31688056,-93.23281944,4,4,10,1,22,4,0,12,0,1,1,0,1,2,1,1,22,2,2,2,2,2,2,1,2,2,2,1,2,2,2,2,2,2,"Louisiana",1
"13550",220597,22,28107,30.20338889,-92.09216111,2,2,10,2,6,3,0,12,0,8,1,0,1,2,1,1,22,2,2,1,1,2,2,2,2,2,2,3,1,2,2,2,2,2,"Louisiana",0
"13551",220598,22,28120,30.19705278,-93.2343,4,4,10,5,19,1,0,12,1,18,1,0,1,2,1,1,22,2,1,2,1,3,2,2,2,2,2,1,2,1,1,2,2,2,"Louisiana",1
"13552",220599,22,28501,29.97416667,-90.02979444,2,2,10,2,12,6,0,12,0,2,3,0,1,1,1,1,22,2,2,1,1,2,2,2,2,2,2,2,2,1,2,2,2,2,"Louisiana",0
"13553",220600,22,27460,30.49166111,-90.040775,1,1,10,4,9,3,0,24,0,1,1,0,4,1,2,1,22,2,2,1,1,1,2,1,2,2,2,2,2,2,2,2,2,2,"Louisiana",0
"13554",220601,22,28516,29.96815,-90.06942222,5,5,10,5,4,7,0,12,1,2,2,0,1,3,1,1,22,2,1,2,1,2,2,2,2,1,2,1,2,2,2,2,2,2,"Louisiana",1
"13555",220602,22,28509,29.97037778,-90.06804722,1,1,10,7,5,7,0,8,0,2,2,0,1,3,10,1,22,2,1,2,2,1,2,2,1,2,2,1,2,2,2,1,2,2,"Louisiana",1
"13556",220603,22,28382,30.03906944,-90.25338889,1,1,10,1,12,6,0,33,0,1,1,0,4,1,2,1,22,2,2,1,2,1,2,1,2,1,2,3,2,2,1,2,2,2,"Louisiana",0
"13557",220604,22,25838,32.17750833,-91.72596111,3,3,10,7,18,2,0,12,0,2,2,0,1,1,1,1,22,2,2,2,2,2,2,2,2,1,2,3,2,1,2,2,2,2,"Louisiana",0
"13558",220605,22,28499,29.97433889,-90.15634167,1,1,11,4,22,2,0,33,1,5,1,0,8,3,1,1,22,2,2,2,1,1,1,2,2,2,2,2,2,2,2,2,2,2,"Louisiana",0
"13559",220607,22,27677,30.39296389,-91.53513056,2,2,11,6,3,1,0,12,0,1,1,0,1,2,10,1,22,1,1,2,1,2,2,1,2,2,2,2,2,2,2,2,1,2,"Louisiana",0
"13560",220608,22,27384,30.53626111,-91.32808056,2,2,11,6,5,3,0,12,0,2,2,0,1,2,1,1,22,1,2,2,1,2,2,2,2,1,2,1,2,2,2,1,2,2,"Louisiana",1
"13561",220609,22,28512,29.96961667,-90.13940556,2,2,11,1,1,3,0,23,0,1,1,0,4,2,1,1,22,2,2,2,2,2,2,1,2,1,2,1,2,2,2,2,1,2,"Louisiana",1
"13562",220610,22,26821,31.11061111,-92.34621111,1,1,10,3,10,3,0,53,0,1,1,0,4,1,1,1,22,1,2,1,1,1,2,1,2,2,2,2,1,2,2,2,2,2,"Louisiana",0
"13563",220611,22,25141,32.57995,-93.248,2,2,11,2,22,3,0,24,0,3,2,0,4,2,10,1,22,2,2,2,1,2,2,1,2,2,2,2,2,2,2,2,2,2,"Louisiana",0
"13564",220612,22,28397,30.02821944,-90.09631111,3,3,11,5,13,6,0,12,0,2,3,0,1,1,1,1,22,2,2,1,1,2,2,2,2,2,2,2,2,2,2,2,1,2,"Louisiana",0
"13565",220613,22,25398,32.43383333,-93.8319,2,2,11,7,1,3,0,8,0,3,4,0,1,6,1,1,22,2,2,2,2,1,2,2,1,2,2,1,2,2,1,1,2,2,"Louisiana",1
"13566",220614,22,27345,30.56975278,-90.62980833,2,2,12,3,7,3,0,43,0,1,1,0,4,1,1,1,22,1,2,1,1,1,2,2,2,1,2,2,2,2,2,2,2,2,"Louisiana",0
"13567",220615,22,28470,29.99026944,-90.43570278,3,3,12,4,21,3,0,12,0,1,1,0,1,2,1,1,22,2,2,2,1,2,2,2,2,1,2,3,2,2,2,2,2,2,"Louisiana",0
"13568",220616,22,25425,32.41950833,-91.30078056,9,9,12,5,18,1,0,12,0,1,1,0,1,2,1,1,22,1,1,2,1,2,2,2,2,2,2,3,2,2,2,2,1,2,"Louisiana",0
"13569",220617,22,27712,30.37853889,-89.97077778,2,2,12,7,23,1,0,12,0,1,1,0,1,2,1,1,22,2,1,2,2,2,2,2,2,1,2,2,2,1,2,2,1,2,"Louisiana",0
"13570",220618,22,27672,30.39744167,-92.89942778,1,1,12,1,18,2,0,8,0,1,1,0,1,2,1,1,22,1,2,2,2,1,2,2,1,2,2,2,1,2,2,2,2,2,"Louisiana",0