"","ST_CASE","OBJECT_ID","FID","LATITUDE","LONGITUD","PERMVIT","PERSONS","MONTH","DAY_WEEK","HOUR","ROUTE","SP_JUR","HARM_EV","RELJCT1","RELJCT2","TYP_INT","WRK_ZONE","REL_ROAD","LGT_COND","WEATHER","FATALS","STATE","A_RU","A_INTER","A_TOD","A_DOW","A_CT","A_MC","A_SPCRA","A_PED","A_ROLL","A_POLPUR","A_POSBAC","A_D15_20","A_D65PLS","A_D21_24","A_HR","A_DIST","A_DROWSY","STATE_NAME","drunkDr"
"13571",220619,22,27860,30.30853611,-90.97266111,1,1,12,4,17,3,0,9,0,1,1,0,1,2,1,1,22,2,2,1,1,1,2,1,2,2,2,2,2,2,2,2,2,2,"Louisiana",0
"13572",220620,22,28079,30.21895556,-90.80632778,1,1,12,4,23,3,0,53,0,1,1,0,4,7,1,1,22,2,2,2,1,1,1,2,2,2,2,1,2,2,2,2,2,2,"Louisiana",1
"13573",220621,22,29405,29.36706667,-90.25774722,1,1,12,7,99,3,0,8,0,1,1,0,1,2,99,1,22,2,2,3,2,1,2,2,1,2,2,3,2,2,2,1,2,2,"Louisiana",0
"13574",220622,22,27385,30.53519167,-90.46194444,1,1,12,7,19,3,0,53,0,1,1,0,4,2,10,1,22,2,2,2,2,1,2,2,2,1,2,1,2,2,2,2,2,2,"Louisiana",1
"13575",220623,22,26442,31.58489722,-92.14175833,1,1,12,5,4,3,0,35,0,1,1,0,4,2,1,1,22,1,2,2,1,1,2,1,2,1,2,3,2,2,2,2,2,2,"Louisiana",0
"13576",220624,22,27077,30.78796944,-92.05803889,1,1,12,5,15,4,0,1,0,1,1,0,4,1,1,1,22,1,2,1,1,1,2,1,2,1,2,3,2,2,2,2,1,2,"Louisiana",0
"13577",220625,22,28213,30.15392222,-92.09095,5,5,12,5,18,2,0,12,0,1,1,0,1,3,1,1,22,2,2,2,1,2,2,2,2,2,2,3,2,2,2,1,1,2,"Louisiana",0
"13578",220626,22,27310,30.59767778,-91.47484444,1,1,12,1,19,3,0,35,0,1,1,0,4,2,10,1,22,1,2,2,2,1,2,2,2,1,2,1,2,2,2,2,2,2,"Louisiana",1
"13579",220627,22,28354,30.06146944,-91.88183889,6,6,12,3,17,3,0,18,0,6,1,0,1,2,2,5,22,1,2,1,1,1,2,2,2,1,2,2,2,1,2,2,2,2,"Louisiana",0
"13580",220628,22,28882,29.73498611,-90.62809722,2,2,12,5,23,3,0,43,0,1,1,0,4,3,2,1,22,1,2,2,1,1,2,1,2,2,2,2,2,2,2,2,2,2,"Louisiana",0
"13581",220629,22,26962,30.92849167,-90.61310556,1,1,12,5,22,3,0,8,0,1,1,0,1,2,2,1,22,1,2,2,1,1,2,2,1,2,2,2,2,2,1,2,2,2,"Louisiana",0
"13582",220630,22,27579,30.44006944,-90.58048611,1,1,12,6,16,3,0,9,0,1,1,0,1,1,10,1,22,1,2,1,1,1,2,2,2,2,2,2,2,2,2,2,2,2,"Louisiana",0
"13583",220631,22,26309,31.75491667,-92.94075,1,1,12,1,18,2,0,1,0,1,1,0,4,2,2,1,22,1,2,2,2,1,2,1,2,1,2,3,2,2,2,2,2,2,"Louisiana",0
"13584",220632,22,25431,32.41508889,-93.44248056,2,2,12,2,23,4,0,1,0,8,1,0,1,2,1,1,22,1,2,2,1,1,2,2,2,1,2,1,2,2,2,2,2,2,"Louisiana",1
"13585",220633,22,27851,30.31415278,-93.19717778,3,3,12,3,19,2,0,12,0,8,1,0,1,2,10,1,22,2,2,2,1,2,2,2,2,1,2,2,2,2,1,2,2,2,"Louisiana",0
"13586",220634,22,26863,31.07119444,-92.52209167,2,2,12,5,6,2,0,12,0,1,1,0,1,2,1,1,22,1,2,1,1,2,2,2,2,2,2,2,2,2,1,2,2,2,"Louisiana",0
"13587",220635,22,27619,30.42149167,-91.43609722,1,1,12,6,9,3,0,33,0,1,1,0,5,1,1,1,22,1,2,1,1,1,2,2,2,2,2,2,2,1,2,2,2,2,"Louisiana",0
"13588",220636,22,28323,30.08343889,-90.46289444,4,4,11,2,9,2,0,12,0,8,1,0,1,1,10,1,22,2,2,1,1,2,2,2,2,2,2,3,2,2,1,2,1,1,"Louisiana",0
"13589",220637,22,29296,29.44976111,-89.61913889,3,3,11,5,1,4,0,41,0,1,1,0,4,2,10,3,22,2,2,2,1,1,2,1,2,2,2,1,2,2,2,2,2,2,"Louisiana",1
"13590",220638,22,24875,32.71518889,-93.60649722,1,1,12,3,99,3,0,59,0,1,1,0,4,9,99,1,22,1,2,3,1,1,2,2,2,1,2,1,2,1,2,2,2,2,"Louisiana",1
"13591",220639,22,28460,29.99493611,-90.05905,2,2,8,7,20,3,0,8,0,1,1,0,1,3,1,1,22,2,2,2,2,1,2,2,1,2,2,3,1,2,2,1,2,2,"Louisiana",0
"13592",220640,22,28058,30.23143333,-93.00185,2,2,12,3,17,2,0,12,0,1,1,0,1,2,1,1,22,1,2,1,1,2,2,2,2,2,2,3,2,1,2,2,2,2,"Louisiana",0
"13593",220641,22,28586,29.92480278,-90.02145833,2,2,12,6,21,3,0,8,0,2,2,0,1,3,1,1,22,2,2,2,2,1,2,2,1,2,2,1,2,2,2,2,1,2,"Louisiana",1
"13594",220642,22,28596,29.91791944,-90.00131944,3,3,8,1,0,6,0,5,0,1,1,0,1,3,1,1,22,2,2,2,2,1,2,2,2,2,2,3,2,2,2,2,2,2,"Louisiana",1
"13595",220643,22,28311,30.09046389,-89.78187222,1,1,12,7,6,2,0,42,0,1,1,0,4,1,8,1,22,1,2,1,2,1,2,2,2,2,2,2,2,2,2,2,2,2,"Louisiana",0
"13596",220644,22,28179,30.17096111,-93.22173611,1,1,12,4,2,3,0,42,0,1,1,0,3,3,10,1,22,2,2,2,1,1,2,2,2,2,2,3,2,2,2,2,2,2,"Louisiana",0
"13597",220645,22,24872,32.71673056,-93.86736111,5,5,12,7,22,1,0,12,0,1,1,0,1,2,2,3,22,1,1,2,2,3,2,2,2,1,2,1,2,2,2,2,1,2,"Louisiana",1
"13598",220646,22,28949,29.70048611,-91.18504444,2,2,12,1,7,2,0,20,0,5,1,0,4,1,1,1,22,1,2,1,2,1,2,2,2,1,2,3,2,2,2,2,2,2,"Louisiana",0
"13599",220648,22,28165,30.17646944,-92.17575,1,1,12,3,1,3,0,8,0,1,1,0,1,2,1,1,22,1,2,2,1,1,2,2,1,2,2,2,2,2,2,2,2,2,"Louisiana",0
"13600",220649,22,24835,32.73133056,-92.34318889,4,4,12,4,16,4,0,42,0,1,1,0,4,1,10,1,22,1,2,1,1,1,2,1,2,1,2,2,1,2,2,2,1,2,"Louisiana",0
"13601",220650,22,24727,32.76039444,-91.41862778,2,2,12,5,1,3,0,35,0,1,1,0,4,2,1,1,22,1,2,2,1,1,2,2,2,1,2,1,2,2,2,2,2,2,"Louisiana",1
"13602",220651,22,25286,32.48357222,-93.75516944,1,1,12,1,21,1,0,25,0,1,1,0,3,3,1,1,22,2,1,2,2,1,2,2,2,1,2,3,2,2,2,2,2,2,"Louisiana",0
"13603",220652,22,27922,30.27816111,-91.89458056,5,5,12,3,19,5,0,12,0,1,1,0,1,3,1,1,22,2,2,2,1,2,2,2,2,2,2,1,2,2,2,2,2,2,"Louisiana",1
"13604",220653,22,27577,30.44096944,-90.4316,1,1,12,4,17,5,0,8,0,1,1,0,1,2,2,1,22,2,2,1,1,1,2,2,1,2,2,2,2,1,2,2,2,2,"Louisiana",0
"13605",220654,22,25405,32.43184167,-93.71174722,6,6,12,6,21,3,0,12,0,2,2,0,1,3,1,1,22,2,2,2,2,2,2,2,2,2,2,1,2,2,2,2,2,2,"Louisiana",2
"13606",220655,22,27231,30.65119167,-91.16464167,1,1,12,2,5,3,0,42,0,1,1,0,5,3,2,1,22,2,2,2,2,1,2,2,2,2,2,2,2,2,2,2,2,2,"Louisiana",1
"13607",220656,22,25387,32.43996111,-93.75885278,1,1,12,3,23,6,0,8,0,1,1,0,1,3,2,1,22,2,2,2,1,1,2,2,1,2,2,3,2,2,2,1,2,2,"Louisiana",0
"13608",220657,22,27610,30.42775,-90.45261111,3,3,12,4,19,7,0,8,0,1,1,0,1,2,2,1,22,2,1,2,1,1,2,2,1,2,2,2,2,2,2,2,2,2,"Louisiana",0
"13609",220658,22,25145,32.57813333,-92.07246389,3,3,12,6,18,2,0,12,0,2,2,0,1,3,10,1,22,1,2,2,2,2,2,2,2,2,2,3,2,1,2,2,2,2,"Louisiana",1
"13610",220659,22,27716,30.37537778,-91.16220833,3,3,12,7,5,3,0,12,0,1,1,0,1,2,1,1,22,2,2,2,2,2,2,2,2,2,2,1,2,2,2,2,2,2,"Louisiana",1
"13611",220660,22,28276,30.11265,-91.90353056,1,1,12,2,12,9,0,59,0,1,1,0,4,1,2,1,22,3,3,1,1,1,2,2,2,2,2,2,2,2,2,2,2,2,"Louisiana",0
"13612",220661,22,27425,30.51353056,-91.17486111,3,3,7,4,11,2,0,5,0,1,1,0,1,1,1,1,22,2,2,1,1,1,2,2,2,2,2,3,2,2,2,2,2,2,"Louisiana",0
"13613",220662,22,27548,30.4519,-91.1019,1,1,11,7,7,2,0,8,0,1,1,0,1,1,1,1,22,2,2,1,2,1,2,2,1,2,2,2,2,2,1,2,2,2,"Louisiana",0
"13614",220663,22,27428,30.50983889,-91.14951111,1,1,10,1,2,3,0,9,0,1,1,0,2,3,1,1,22,2,2,2,2,1,2,2,2,2,2,1,2,2,2,2,2,2,"Louisiana",1
"13615",220664,22,24688,32.7709,-93.908,1,1,12,7,99,3,0,35,0,1,1,0,4,2,1,1,22,1,2,3,2,1,2,2,2,1,2,1,2,2,2,2,2,2,"Louisiana",1
"13616",220665,22,27699,30.38613333,-91.56042222,5,5,12,3,15,1,0,12,0,1,1,2,1,1,2,1,22,1,1,1,1,3,2,2,2,2,2,3,2,2,1,2,2,2,"Louisiana",0
"13617",220666,22,27499,30.47411944,-90.80188889,1,1,12,5,19,4,0,38,0,3,3,0,4,2,1,1,22,1,2,2,1,1,2,2,2,2,2,3,2,2,2,2,2,2,"Louisiana",0
"13618",220667,22,28610,29.90980833,-90.18313889,1,1,12,3,23,2,0,33,0,1,1,0,4,2,2,1,22,2,2,2,1,1,2,2,2,2,2,3,1,2,2,2,2,2,"Louisiana",0
"13619",220668,22,28332,30.07610833,-90.6036,2,2,12,6,17,2,0,12,0,2,3,0,1,2,1,1,22,2,2,1,1,2,2,2,2,2,2,2,2,1,2,2,1,2,"Louisiana",0
"13620",220669,22,28477,29.98646944,-92.1377,1,1,7,5,22,2,0,8,0,1,1,0,1,3,1,1,22,2,2,2,1,2,2,2,1,2,2,2,2,2,2,2,1,2,"Louisiana",0
"13621",220670,22,27558,30.45000833,-89.811925,1,1,1,1,20,4,0,34,0,1,1,0,4,2,1,1,22,1,2,2,2,1,2,1,2,1,2,1,2,2,1,2,2,2,"Louisiana",1
"13622",220671,22,27687,30.38893889,-91.17228056,1,1,3,1,10,3,0,32,0,1,1,0,4,1,1,1,22,2,2,1,2,1,2,2,2,1,2,3,2,1,2,2,2,2,"Louisiana",0
"13623",220672,22,26401,31.63572222,-91.55474167,1,1,12,6,18,2,0,8,0,1,1,0,1,3,1,1,22,2,2,2,2,1,2,2,1,2,2,2,2,2,2,2,2,2,"Louisiana",0
"13624",220673,22,27918,30.28136389,-91.22271111,1,1,12,3,4,3,0,8,0,1,1,0,1,2,1,1,22,2,2,2,1,1,2,2,1,2,2,2,2,2,2,2,2,2,"Louisiana",0
"13625",220674,22,28327,30.07985,-92.37576944,1,1,8,5,11,4,0,35,0,1,1,0,4,1,10,1,22,1,2,1,1,1,2,2,2,1,2,2,2,2,2,2,2,2,"Louisiana",0
"13626",220675,22,28044,30.23538056,-92.45091944,1,1,9,3,5,4,0,8,0,1,1,0,1,2,10,1,22,1,2,2,1,1,2,2,1,2,2,3,2,2,2,2,2,2,"Louisiana",0
"13627",220676,22,26458,31.56696944,-93.47593889,4,4,11,1,2,6,0,35,0,1,1,0,4,2,1,2,22,2,2,2,2,1,2,1,2,2,2,3,2,2,1,2,2,2,"Louisiana",0
"13628",220677,22,24653,32.78098889,-91.89906944,1,1,11,7,20,2,0,8,0,1,1,0,1,3,2,1,22,2,2,2,2,1,2,2,1,2,2,2,2,2,1,2,2,2,"Louisiana",0
"13629",220678,22,27891,30.29058056,-89.83721944,3,3,12,5,12,3,0,12,0,2,3,0,1,1,1,1,22,2,2,1,1,2,2,2,2,2,2,3,2,1,2,2,1,2,"Louisiana",0
"13630",220679,22,28461,29.99385,-92.2723,5,5,12,6,18,3,0,12,0,1,1,0,1,2,1,1,22,1,2,2,2,3,2,2,2,2,2,3,2,1,2,1,2,2,"Louisiana",0
"13631",220680,22,27697,30.38677778,-91.07276111,4,4,11,7,2,1,0,12,0,1,1,0,1,3,1,3,22,2,1,2,2,2,2,2,2,2,2,1,1,2,2,2,2,2,"Louisiana",1
"13632",220681,22,28554,29.94589167,-90.07945,1,1,4,7,0,7,0,9,1,18,1,0,1,3,10,1,22,2,2,2,2,1,2,2,2,2,2,3,2,2,1,2,2,2,"Louisiana",0
"13633",220682,22,28091,30.21086111,-90.92840833,2,2,4,5,10,3,0,32,0,1,1,0,4,1,1,2,22,2,2,1,1,1,2,1,2,2,2,2,2,1,2,2,1,2,"Louisiana",0
"13634",220683,22,25177,32.55693333,-93.78301944,3,3,12,5,17,2,0,12,1,18,1,0,1,1,1,1,22,2,2,1,1,3,2,2,2,2,2,3,2,1,2,2,2,2,"Louisiana",0
"13635",220684,22,28451,30.00031111,-90.17411111,1,1,11,4,12,4,0,38,0,1,1,0,4,1,1,1,22,2,2,1,1,1,2,2,2,1,2,3,2,2,2,2,2,2,"Louisiana",0
"13636",220685,22,28415,30.01595,-89.97886111,2,2,6,1,21,2,0,8,0,3,2,0,1,3,1,1,22,2,2,2,2,1,2,2,1,2,2,3,2,1,2,2,2,2,"Louisiana",0
"13637",220686,22,25726,32.2488,-92.70532778,2,2,12,3,22,6,0,5,0,2,2,0,1,3,1,1,22,2,2,2,1,1,2,2,2,2,2,3,2,2,1,2,1,2,"Louisiana",0
"13638",220687,22,27513,30.4685,-93.36548056,3,3,1,1,10,3,0,12,0,1,1,0,1,1,1,1,22,1,2,1,2,2,2,2,2,2,2,3,2,1,2,2,2,1,"Louisiana",0
"13639",220688,22,26830,31.10251944,-93.26973889,2,2,4,2,14,2,0,12,0,1,1,0,1,1,1,1,22,2,2,1,1,2,1,2,2,2,2,3,2,1,2,2,2,2,"Louisiana",0
"13640",220689,22,27355,30.56044722,-90.00248611,3,3,4,3,14,3,0,12,0,1,1,0,1,1,1,1,22,1,2,1,1,2,2,2,2,2,2,3,2,1,2,2,2,2,"Louisiana",0
"13641",220690,22,25045,32.64371111,-92.03634444,1,1,5,6,17,3,0,1,0,2,3,0,1,1,1,1,22,2,2,1,1,1,1,2,2,2,2,2,2,2,2,2,2,2,"Louisiana",0
"13642",220691,22,25271,32.49218611,-92.02889167,1,1,5,7,16,1,0,18,0,1,1,0,3,1,2,1,22,2,1,1,2,1,1,1,2,2,2,3,2,2,2,2,2,2,"Louisiana",0
"13643",220692,22,28312,30.08946667,-90.44539444,7,7,5,7,2,1,0,12,1,18,1,0,1,2,1,1,22,1,1,2,2,3,2,1,2,2,2,3,2,1,2,2,1,2,"Louisiana",0
"13644",220693,22,27625,30.41788889,-90.3723,1,1,6,5,19,4,0,42,0,1,1,0,4,1,1,1,22,1,2,2,1,1,2,2,2,2,2,3,2,2,2,2,2,2,"Louisiana",0
"13645",220694,22,28628,29.88965833,-90.11396111,1,1,7,7,20,4,0,8,0,1,1,0,1,3,10,1,22,2,2,2,2,1,2,2,1,2,2,2,2,2,2,2,2,2,"Louisiana",1
"13646",220695,22,27641,30.41133333,-90.04100278,2,2,5,6,11,3,0,12,0,2,3,0,1,1,1,1,22,2,2,1,1,2,1,2,2,2,2,3,2,1,2,2,2,2,"Louisiana",0
"13647",220696,22,27557,30.45005,-91.15468889,2,2,7,4,21,6,0,8,0,1,1,0,1,3,1,1,22,2,2,2,1,1,2,2,1,2,2,3,2,2,2,2,2,2,"Louisiana",0
"13648",220697,22,28096,30.20929444,-93.32550278,2,2,8,2,9,3,0,12,0,2,3,0,1,1,1,1,22,2,2,1,1,2,2,2,2,2,2,3,2,1,1,2,1,2,"Louisiana",0
"13649",220698,22,25107,32.60533889,-93.86541944,1,1,8,5,19,3,0,43,0,1,1,0,4,1,1,1,22,1,2,2,1,1,2,2,2,2,2,3,2,1,2,2,2,2,"Louisiana",0
"13650",220699,22,26117,31.91065,-93.28158056,2,2,8,7,15,3,0,59,0,1,1,0,4,1,2,1,22,1,2,1,2,1,2,1,2,2,2,3,2,2,2,2,1,2,"Louisiana",0
"13651",220700,22,28186,30.16645,-93.37606944,3,3,8,7,11,3,0,12,0,8,1,0,1,1,1,1,22,1,2,1,2,2,2,2,2,1,2,3,2,2,2,2,2,2,"Louisiana",0
"13652",220701,22,27455,30.49381944,-90.41493889,1,1,11,6,16,3,0,5,0,2,6,0,1,1,1,1,22,2,2,1,1,1,1,2,2,2,2,3,2,2,2,2,2,2,"Louisiana",0
"13653",220702,22,28568,29.93841667,-90.05294167,1,1,4,4,22,6,0,10,0,1,1,0,5,3,1,1,22,2,2,2,1,1,2,2,2,2,2,3,2,2,2,2,2,2,"Louisiana",0
"13654",230001,23,1593,44.85108889,-68.82346944,2,2,1,5,2,6,0,42,0,1,1,0,6,2,1,1,23,2,2,2,1,1,2,2,2,2,2,1,2,2,2,2,2,2,"Maine",1
"13655",230002,23,1786,44.5323,-67.59951944,2,2,1,7,0,3,0,24,0,1,1,0,4,3,1,2,23,1,2,2,2,1,2,1,2,2,2,1,2,2,2,2,2,2,"Maine",1
"13656",230003,23,2170,43.95068056,-70.55303889,3,3,1,4,13,2,0,12,0,1,1,0,1,1,10,2,23,1,2,1,1,2,2,2,2,2,2,2,2,1,2,2,2,2,"Maine",0
"13657",230004,23,1867,44.40780556,-70.04526944,2,2,1,2,8,3,8,12,0,1,1,0,1,1,1,1,23,1,2,1,1,2,2,1,2,1,2,2,2,2,2,2,2,2,"Maine",0
"13658",230005,23,1633,44.78776111,-68.81643889,1,1,1,2,17,2,0,8,0,1,1,0,1,1,1,1,23,2,2,1,1,1,2,2,1,2,2,1,2,2,2,2,2,2,"Maine",1
"13659",230006,23,1844,44.44676111,-70.80946111,1,1,1,7,2,6,0,48,0,1,1,0,8,2,1,1,23,1,2,2,2,1,2,2,2,2,2,1,2,2,2,2,2,2,"Maine",1
"13660",230007,23,2044,44.12208889,-69.10026944,1,1,1,6,17,6,0,8,0,1,1,0,2,2,2,1,23,2,2,1,1,1,2,2,1,2,2,1,2,2,2,1,2,2,"Maine",1
"13661",230008,23,1089,45.66296944,-68.63761944,2,3,2,3,16,3,0,14,0,1,1,0,4,1,1,1,23,1,2,1,1,1,2,2,1,2,2,2,2,2,2,2,2,2,"Maine",0
"13662",230009,23,2298,43.73758889,-70.63061111,3,3,1,6,16,3,0,12,1,2,4,0,1,1,1,1,23,1,2,1,1,2,2,2,2,2,2,2,2,1,2,2,2,2,"Maine",0
"13663",230010,23,2317,43.71513889,-70.23529444,1,1,2,4,14,2,0,8,0,98,1,0,1,1,1,1,23,2,2,1,1,1,2,2,1,2,2,2,2,1,2,2,1,2,"Maine",0
"13664",230011,23,2150,43.98933056,-70.04546111,3,3,2,2,6,3,0,12,0,1,1,0,1,4,4,1,23,1,2,1,1,2,2,1,2,2,2,3,2,2,2,2,2,2,"Maine",0
"13665",230012,23,1777,44.54650556,-70.54661111,1,1,3,6,16,6,0,30,0,1,1,0,4,1,1,1,23,2,2,1,1,1,2,2,2,2,2,1,2,1,2,2,2,2,"Maine",1
"13666",230013,23,1532,44.93515278,-69.676175,1,1,2,6,16,3,0,48,0,1,1,0,4,1,1,1,23,1,2,1,1,1,2,2,2,1,2,2,2,2,2,2,2,2,"Maine",0
"13667",230014,23,654,47.04721111,-68.20258056,5,5,3,2,10,3,0,12,0,1,1,0,1,1,10,4,23,1,2,1,1,2,2,2,2,2,2,2,2,2,2,2,2,2,"Maine",0
"13668",230015,23,1626,44.79685278,-69.74896389,2,2,3,3,10,3,0,12,0,1,1,0,1,1,1,1,23,1,2,1,1,2,2,2,2,2,2,2,2,2,2,2,2,2,"Maine",0
"13669",230016,23,1932,44.30721944,-69.09411944,2,2,3,3,19,3,0,12,0,1,1,0,1,5,1,1,23,1,2,2,1,2,2,1,2,2,2,1,2,2,2,2,2,2,"Maine",2
"13670",230017,23,1367,45.17337778,-69.35046111,1,1,4,4,12,3,0,11,0,1,1,0,1,1,1,1,23,1,2,1,1,1,1,2,2,2,2,2,2,2,2,2,2,2,"Maine",0
"13671",230018,23,1122,45.60125,-68.51768889,2,2,4,2,12,3,0,12,0,2,3,0,1,1,2,1,23,1,2,1,1,2,2,2,2,2,2,2,2,1,2,2,2,2,"Maine",0
"13672",230019,23,2673,43.279,-70.5953,1,1,5,7,0,2,0,42,0,3,3,0,6,3,1,1,23,1,2,2,2,1,2,2,2,2,2,1,2,2,2,2,2,2,"Maine",1
"13673",230020,23,1674,44.72206111,-69.79878889,1,1,5,1,15,6,0,35,0,3,3,0,4,1,1,1,23,1,2,1,2,1,2,1,2,1,2,1,2,2,2,2,2,2,"Maine",1
"13674",230022,23,2075,44.07526944,-70.10960556,3,3,5,2,10,6,0,12,0,1,1,0,1,1,1,1,23,2,2,1,1,2,2,2,2,2,2,2,2,2,2,2,1,2,"Maine",0
"13675",230023,23,718,46.87766944,-68.27026111,1,1,5,4,21,6,0,32,0,1,1,0,4,2,1,1,23,1,2,2,1,1,2,2,2,1,2,1,2,2,2,2,2,2,"Maine",1
"13676",230024,23,1517,44.95035,-67.67481944,3,3,5,5,4,3,0,12,0,1,1,0,1,4,1,1,23,1,2,2,1,2,2,1,2,2,2,2,1,2,2,2,2,1,"Maine",0
"13677",230025,23,2432,43.59716111,-70.56391111,2,2,5,7,2,3,8,12,0,1,1,0,1,2,1,1,23,1,2,2,2,2,2,2,2,2,2,1,2,2,1,2,2,2,"Maine",1
"13678",230026,23,2471,43.55336944,-70.61303056,1,1,5,7,13,3,0,58,0,1,1,0,4,1,1,1,23,1,2,1,2,1,1,1,2,2,2,2,2,2,2,2,2,2,"Maine",0
"13679",230027,23,1980,44.24215,-70.15921111,1,1,5,7,0,6,0,42,0,1,1,0,6,2,1,1,23,1,2,2,2,1,2,2,2,2,2,1,2,2,2,2,2,2,"Maine",1
"13680",230028,23,2484,43.5355,-70.91645833,1,1,5,1,18,3,0,30,0,1,1,0,4,1,1,1,23,1,2,2,2,1,1,2,2,2,2,1,2,2,1,2,2,2,"Maine",1
"13681",230029,23,1368,45.17337778,-69.35046111,1,1,4,3,11,3,0,11,0,1,1,0,4,1,1,1,23,1,2,1,1,1,2,2,2,2,2,2,2,1,2,2,2,2,"Maine",0
"13682",230030,23,1555,44.90974722,-69.62721389,1,1,5,4,1,3,0,1,0,1,1,0,4,2,10,1,23,1,2,2,1,1,2,2,2,1,2,1,2,2,2,2,2,2,"Maine",1
"13683",230031,23,2350,43.66586944,-70.29318889,1,1,5,5,1,6,0,42,0,3,3,0,6,3,1,1,23,2,2,2,1,1,1,1,2,2,2,1,2,2,2,2,2,2,"Maine",1
"13684",230032,23,589,47.18746944,-68.57108889,1,1,5,4,9,6,0,34,0,1,1,0,4,1,10,1,23,1,2,1,1,1,2,1,2,1,2,2,2,2,1,2,2,2,"Maine",0
"13685",230033,23,2483,43.53561944,-70.44423056,1,1,5,5,6,1,0,59,0,1,1,0,4,1,1,1,23,1,2,1,1,1,2,1,2,2,2,2,2,2,2,2,2,2,"Maine",0
"13686",230034,23,2182,43.91213889,-69.83376111,1,1,5,6,17,6,0,24,0,1,1,0,4,1,1,1,23,2,2,1,1,1,1,2,2,2,2,2,2,2,2,2,2,2,"Maine",0
"13687",230035,23,2264,43.77849444,-70.72747778,4,4,5,7,3,6,0,23,0,1,1,0,6,2,5,1,23,1,2,2,2,1,2,1,2,1,2,1,1,2,2,2,2,2,"Maine",1
"13688",230036,23,1622,44.8016,-68.77135,1,1,5,7,20,2,0,8,0,3,2,0,1,5,1,1,23,2,2,2,2,1,2,2,1,2,2,2,2,1,2,2,2,2,"Maine",0
"13689",230037,23,1274,45.39065,-67.71641944,1,1,5,6,23,2,0,11,0,1,1,0,1,2,1,1,23,1,2,2,2,1,1,2,2,2,2,2,2,2,2,2,2,2,"Maine",0
"13690",230038,23,1855,44.41913056,-69.78086944,1,1,6,6,15,6,0,42,0,1,1,0,6,1,1,1,23,1,2,1,1,1,1,2,2,2,2,1,2,2,2,2,2,2,"Maine",1
"13691",230039,23,1630,44.79148889,-69.21638056,3,3,6,7,7,3,0,12,0,1,1,0,1,1,1,1,23,1,2,1,2,2,2,1,2,1,2,2,1,1,2,2,2,2,"Maine",0
"13692",230040,23,2031,44.14776389,-70.33106944,1,1,6,7,20,6,0,1,0,1,1,0,6,5,1,1,23,1,2,2,2,1,1,1,2,2,2,1,2,2,2,2,2,2,"Maine",1
"13693",230041,23,1313,45.3107,-68.65933056,4,4,6,1,13,1,0,12,0,7,1,0,1,1,1,1,23,1,1,1,2,2,2,2,2,2,2,2,2,1,2,2,2,2,"Maine",0
"13694",230042,23,1996,44.21336111,-69.2286,2,2,6,3,14,3,0,18,0,1,1,0,1,1,2,1,23,1,2,1,1,1,2,2,2,2,2,2,2,1,2,2,2,2,"Maine",0
"13695",230043,23,1756,44.57058889,-68.72563889,5,5,6,5,17,3,0,12,0,1,1,0,1,1,1,1,23,1,2,1,1,2,1,2,2,2,2,2,2,1,2,2,2,2,"Maine",0
"13696",230044,23,2135,44.00551111,-70.30531111,2,2,6,7,14,1,0,24,0,1,1,0,4,1,1,1,23,1,2,1,2,1,2,2,2,1,2,1,2,2,2,2,2,2,"Maine",1
"13697",230045,23,2592,43.38934167,-70.77845,1,1,6,2,7,6,0,42,0,1,1,0,6,1,2,1,23,1,2,1,1,1,2,2,2,2,2,1,2,2,2,2,2,2,"Maine",1
"13698",230046,23,1616,44.81048889,-68.93028889,3,3,6,5,21,6,0,30,0,1,1,0,4,2,1,1,23,1,2,2,1,1,2,1,2,2,2,1,2,2,1,2,2,2,"Maine",1
"13699",230047,23,1847,44.43622222,-69.02453056,4,4,6,4,9,3,0,12,0,1,1,2,1,1,1,1,23,2,2,1,1,2,1,2,2,2,2,3,2,1,1,2,1,2,"Maine",0
"13700",230048,23,1871,44.40306944,-70.12911111,3,3,7,5,11,3,0,12,0,1,1,0,1,1,1,1,23,1,2,1,1,2,1,2,2,2,2,2,2,2,2,2,2,2,"Maine",0
"13701",230049,23,1547,44.92156111,-69.82633333,1,1,7,6,14,2,0,42,0,1,1,0,6,1,1,1,23,1,2,1,1,1,2,2,2,1,2,2,2,1,2,2,2,2,"Maine",0
"13702",230050,23,1846,44.43923056,-69.65418056,2,2,7,7,1,6,0,42,0,1,1,0,5,2,1,2,23,1,2,2,2,1,2,1,2,2,1,1,2,2,2,2,2,2,"Maine",1
"13703",230051,23,1286,45.37445278,-70.58208611,2,2,7,1,14,6,0,42,0,1,1,0,6,1,1,1,23,1,2,1,2,1,2,1,2,1,2,1,1,2,2,2,2,2,"Maine",1
"13704",230052,23,2095,44.05098333,-70.08101389,1,1,7,6,18,3,0,34,0,1,1,0,4,1,1,1,23,2,2,2,2,1,1,2,2,2,2,2,2,2,2,2,2,2,"Maine",0
"13705",230053,23,2493,43.524075,-70.888025,1,1,7,7,0,3,0,8,0,1,1,0,1,2,1,1,23,1,2,2,2,1,2,2,1,2,2,2,1,2,2,1,2,2,"Maine",0
"13706",230054,23,1726,44.62898889,-68.77018889,1,1,7,1,18,6,0,32,0,1,1,0,6,1,1,1,23,1,2,2,2,1,1,1,2,2,2,1,2,2,2,2,2,2,"Maine",1