"","ST_CASE","OBJECT_ID","FID","LATITUDE","LONGITUD","PERMVIT","PERSONS","MONTH","DAY_WEEK","HOUR","ROUTE","SP_JUR","HARM_EV","RELJCT1","RELJCT2","TYP_INT","WRK_ZONE","REL_ROAD","LGT_COND","WEATHER","FATALS","STATE","A_RU","A_INTER","A_TOD","A_DOW","A_CT","A_MC","A_SPCRA","A_PED","A_ROLL","A_POLPUR","A_POSBAC","A_D15_20","A_D65PLS","A_D21_24","A_HR","A_DIST","A_DROWSY","STATE_NAME","drunkDr"
"13707",230055,23,1687,44.70473056,-69.215,4,4,7,2,20,6,0,34,0,1,1,0,4,5,1,1,23,1,2,2,1,1,2,1,2,1,2,1,2,2,1,2,1,2,"Maine",1
"13708",230056,23,775,46.68331944,-67.90223056,1,1,7,3,15,6,0,1,0,1,1,0,5,1,10,1,23,1,2,1,1,1,2,1,2,1,2,1,2,2,2,2,2,2,"Maine",1
"13709",230057,23,2698,43.24541111,-70.62716944,5,5,7,6,13,1,0,12,0,1,1,0,1,1,1,1,23,1,2,1,1,2,2,2,2,1,2,2,2,2,2,2,2,2,"Maine",0
"13710",230058,23,1970,44.25618056,-69.83741944,1,1,7,7,0,6,0,1,0,1,1,0,1,2,1,1,23,1,2,2,2,1,2,2,2,1,2,1,2,2,2,2,2,2,"Maine",1
"13711",230059,23,2029,44.14863889,-69.91513056,1,1,7,1,13,6,0,1,0,1,1,0,5,1,2,1,23,1,2,1,2,1,2,1,2,1,2,1,2,2,2,2,2,2,"Maine",1
"13712",230060,23,2321,43.71025556,-70.33649722,2,2,7,7,20,6,0,43,0,1,1,0,6,3,1,1,23,2,2,2,2,1,1,1,2,2,2,1,2,2,2,2,2,2,"Maine",1
"13713",230061,23,1475,45.00006944,-67.60143889,3,3,7,2,13,3,0,12,0,1,1,0,1,1,10,1,23,1,2,1,1,2,2,2,2,2,2,2,2,1,2,2,2,2,"Maine",0
"13714",230062,23,1659,44.75041111,-68.69993056,2,2,7,3,15,6,0,42,0,1,1,0,6,1,10,1,23,1,2,1,1,1,2,1,2,1,2,1,2,2,2,2,1,2,"Maine",1
"13715",230063,23,1342,45.24063889,-68.63336111,1,1,7,6,21,3,0,11,0,1,1,0,1,2,1,1,23,1,2,2,2,1,1,2,2,2,2,1,2,2,2,2,2,2,"Maine",1
"13716",230064,23,558,47.23581944,-68.65561111,2,2,8,7,1,3,0,12,0,1,1,0,1,2,1,1,23,1,2,2,2,2,1,1,2,2,2,1,1,2,1,2,2,2,"Maine",2
"13717",230065,23,1929,44.31148056,-68.33238889,3,3,8,7,14,3,0,35,0,1,1,0,4,1,1,1,23,1,2,1,2,1,2,2,2,1,2,2,2,2,2,2,2,2,"Maine",0
"13718",230066,23,1960,44.26488889,-70.31538056,2,2,8,1,15,3,0,12,0,1,1,0,1,1,1,1,23,1,2,1,2,2,2,1,2,2,2,1,2,2,2,2,2,2,"Maine",1
"13719",230067,23,1725,44.62965,-70.05128056,1,1,8,1,1,3,0,34,0,1,1,0,4,2,1,1,23,1,2,2,2,1,1,1,2,2,1,1,2,2,1,2,2,2,"Maine",1
"13720",230068,23,1712,44.66522778,-69.95335278,1,1,5,3,13,2,0,30,0,1,1,0,4,1,1,1,23,1,2,1,1,1,2,2,2,2,2,3,2,1,2,2,2,2,"Maine",0
"13721",230069,23,1287,45.37111111,-70.01268333,2,2,7,3,14,2,0,42,0,1,1,0,6,7,99,2,23,1,2,1,1,1,2,1,2,2,2,3,2,2,2,2,2,2,"Maine",0
"13722",230070,23,2802,43.17118056,-70.61851944,1,1,8,3,0,6,0,8,0,1,1,0,4,3,1,1,23,1,2,2,1,1,2,2,1,2,2,1,2,2,1,1,1,2,"Maine",1
"13723",230071,23,2254,43.79478889,-69.93781111,1,1,8,4,6,3,0,8,0,1,1,0,1,1,1,1,23,1,2,1,1,1,2,2,1,2,2,2,1,2,2,2,2,2,"Maine",0
"13724",230072,23,2635,43.3369,-70.94021944,1,1,9,7,18,2,0,33,0,1,1,0,4,1,1,1,23,1,2,2,2,1,1,1,2,2,2,2,2,2,2,2,2,2,"Maine",0
"13725",230073,23,2157,43.97185278,-70.06156111,1,1,8,1,19,3,0,30,0,3,4,4,4,1,1,1,23,1,2,2,2,1,1,2,2,2,2,1,2,2,2,2,2,2,"Maine",1
"13726",230074,23,2324,43.70861667,-70.69829444,1,1,8,6,9,3,0,35,0,1,1,0,4,1,1,1,23,1,2,1,1,1,2,1,2,2,2,3,2,2,2,2,2,2,"Maine",0
"13727",230075,23,1218,45.47391111,-67.74836111,3,3,8,1,12,2,0,42,0,1,1,0,6,1,1,1,23,1,2,1,2,1,2,1,2,2,2,2,2,2,1,2,1,2,"Maine",0
"13728",230076,23,2038,44.13521111,-70.65633056,1,1,8,2,18,3,0,24,0,1,1,0,4,1,1,1,23,1,2,2,1,1,2,1,2,1,2,1,2,2,2,2,2,2,"Maine",1
"13729",230077,23,2155,43.98243056,-70.53685,3,3,8,3,5,3,0,30,0,1,1,0,4,4,10,1,23,1,2,2,1,1,2,1,2,2,2,2,2,2,2,2,2,2,"Maine",0
"13730",230078,23,659,47.02991944,-68.16818056,6,6,8,6,21,3,0,12,0,2,2,0,1,2,1,1,23,1,2,2,2,2,2,2,2,1,2,3,1,2,2,2,2,2,"Maine",0
"13731",230079,23,1984,44.23391111,-70.70591944,1,1,8,4,21,6,0,35,0,1,1,0,4,2,1,1,23,1,2,2,1,1,2,1,2,1,2,1,2,2,2,2,2,2,"Maine",1
"13732",230080,23,2482,43.53603056,-70.5807,3,3,8,7,23,6,0,42,0,1,1,0,6,2,1,3,23,1,2,2,2,1,2,1,2,1,2,2,2,2,2,2,2,2,"Maine",1
"13733",230081,23,2036,44.14221944,-70.43165,1,1,8,7,14,6,0,42,0,3,4,0,4,1,1,1,23,1,2,1,2,1,1,1,2,2,2,1,2,2,2,2,2,2,"Maine",1
"13734",230082,23,2173,43.94563056,-69.75363889,5,5,8,5,19,2,0,12,0,2,3,0,1,1,1,1,23,1,2,2,1,3,2,2,2,2,2,3,2,1,2,2,2,2,"Maine",0
"13735",230083,23,1722,44.63899722,-69.67905,1,1,8,3,17,3,0,34,0,1,1,0,4,1,2,1,23,1,2,1,1,1,2,1,2,2,2,2,2,2,1,2,1,2,"Maine",1
"13736",230084,23,1755,44.57107222,-69.61838056,2,2,8,5,15,2,0,12,0,3,3,0,1,1,1,1,23,2,2,1,1,2,1,2,2,2,2,2,2,2,2,2,2,2,"Maine",0
"13737",230085,23,1201,45.49688889,-68.5617,1,1,8,7,17,1,0,1,0,1,1,0,6,1,1,1,23,1,1,1,2,1,1,1,2,2,2,1,2,2,2,2,2,2,"Maine",1
"13738",230086,23,1647,44.76924444,-70.12840278,1,1,8,1,21,3,0,30,0,1,1,0,4,2,1,1,23,1,2,2,2,1,2,1,2,1,2,1,2,2,2,2,1,2,"Maine",1
"13739",230087,23,1702,44.68048056,-69.887675,1,1,8,1,16,2,0,58,0,2,3,0,1,1,1,1,23,1,2,1,2,1,1,2,2,2,2,3,2,2,2,2,2,2,"Maine",0
"13740",230088,23,2301,43.73414167,-70.22908333,5,5,9,7,12,1,0,12,0,1,1,0,1,1,1,1,23,1,2,1,2,2,1,1,2,2,2,3,2,2,1,2,2,2,"Maine",0
"13741",230089,23,707,46.89553056,-67.94678056,1,1,9,2,12,3,0,7,0,3,2,0,1,1,1,1,23,1,2,1,1,1,1,2,2,2,2,2,2,2,2,2,2,2,"Maine",0
"13742",230090,23,2199,43.88376111,-70.80898889,3,3,9,2,14,3,0,12,0,1,1,0,1,1,1,2,23,1,2,1,1,2,1,2,2,2,2,1,2,1,2,2,2,2,"Maine",1
"13743",230091,23,1754,44.57421944,-68.74883056,1,1,9,4,23,2,0,8,0,1,1,0,1,2,1,1,23,1,2,2,1,1,2,2,1,2,2,1,2,2,2,2,2,2,"Maine",1
"13744",230092,23,2591,43.39231111,-70.89086944,1,1,9,7,22,6,0,1,0,3,3,0,6,2,10,1,23,1,2,2,2,1,1,1,2,2,2,1,2,2,2,2,2,2,"Maine",1
"13745",230093,23,1969,44.25776667,-70.29618056,1,1,9,6,20,3,0,14,0,1,1,0,2,2,1,1,23,1,2,2,2,1,2,2,1,2,2,3,2,2,2,1,1,2,"Maine",0
"13746",230095,23,1730,44.62169167,-70.07179722,3,3,11,3,17,2,0,12,0,1,1,0,1,2,1,1,23,1,2,1,1,2,2,2,2,2,2,2,2,2,2,2,2,2,"Maine",0
"13747",230096,23,714,46.88805,-68.01428611,3,3,9,4,13,2,0,12,0,2,2,0,1,1,1,2,23,2,2,1,1,2,2,2,2,2,2,2,2,1,2,2,2,2,"Maine",1
"13748",230097,23,1591,44.85491111,-69.41328056,4,4,9,1,14,6,0,42,0,1,1,0,4,1,1,1,23,1,2,1,2,1,2,1,2,2,2,1,2,2,2,2,2,2,"Maine",1
"13749",230098,23,1278,45.38690278,-70.02098889,1,1,10,1,16,2,0,43,0,1,1,0,4,1,1,1,23,1,2,1,2,1,2,2,2,1,2,2,2,2,2,2,2,2,"Maine",0
"13750",230099,23,1865,44.40833056,-68.23963056,2,3,9,3,13,3,0,14,0,1,1,0,2,1,1,1,23,1,2,1,1,1,2,2,1,2,2,2,2,2,2,2,2,1,"Maine",1
"13751",230100,23,2251,43.79801667,-70.42525556,1,1,9,3,23,6,0,33,0,3,2,0,4,3,1,1,23,1,2,2,1,1,1,1,2,2,2,1,2,2,1,2,2,2,"Maine",1
"13752",230101,23,2388,43.63215,-70.44621944,1,1,10,4,10,6,0,35,0,1,1,0,4,1,1,1,23,1,2,1,1,1,2,2,2,1,2,1,2,2,2,2,1,2,"Maine",1
"13753",230102,23,1797,44.51718056,-70.41141944,8,8,10,7,16,2,0,12,0,1,1,0,1,1,1,1,23,1,2,1,2,3,2,2,2,2,2,3,2,1,2,2,2,2,"Maine",0
"13754",230103,23,2099,44.04811944,-70.5475,1,1,9,7,11,3,0,42,0,1,1,0,4,1,1,1,23,1,2,1,2,1,2,2,2,2,2,2,2,1,2,2,2,2,"Maine",0
"13755",230104,23,1906,44.33886111,-68.67486944,1,1,10,5,22,3,0,42,0,1,1,0,4,1,1,1,23,1,2,2,1,1,2,2,2,2,2,3,2,2,2,2,2,2,"Maine",0
"13756",230105,23,1828,44.47328056,-70.73223889,2,2,10,6,15,5,0,12,0,1,1,0,1,1,1,1,23,1,2,1,1,2,2,2,2,2,2,2,2,2,2,2,2,2,"Maine",1
"13757",230106,23,2183,43.90763889,-69.94,2,2,9,2,7,3,0,12,0,2,3,0,1,1,10,1,23,2,2,1,1,2,2,2,2,2,2,3,2,1,2,2,2,2,"Maine",1
"13758",230108,23,2452,43.57210556,-70.51221667,2,2,10,4,11,3,0,12,0,1,1,0,1,1,1,1,23,2,2,1,1,2,2,1,2,2,2,2,2,2,2,2,2,2,"Maine",1
"13759",230109,23,1514,44.95411111,-69.27883889,2,2,9,7,17,6,0,35,0,1,1,0,4,1,1,1,23,1,2,1,2,1,2,2,2,1,2,3,2,2,2,2,2,2,"Maine",0
"13760",230110,23,1639,44.77958333,-69.726025,1,1,10,1,20,2,0,8,0,2,2,0,1,3,1,1,23,2,2,2,2,1,2,2,1,2,2,1,2,2,2,2,2,2,"Maine",1
"13761",230111,23,1592,44.85231944,-68.80833056,2,2,10,3,20,3,0,12,0,1,1,0,1,2,1,1,23,2,2,2,1,2,2,2,2,2,2,2,2,1,2,2,2,2,"Maine",1
"13762",230112,23,1589,44.859,-68.71896111,1,1,10,4,23,1,0,42,0,1,1,0,4,2,10,1,23,1,1,2,1,1,2,2,2,1,2,1,2,2,2,2,2,2,"Maine",1
"13763",230113,23,818,46.5424,-67.91551111,3,3,10,6,7,2,0,12,0,1,1,0,1,1,2,1,23,1,2,1,1,2,2,2,2,2,2,3,2,1,2,2,2,1,"Maine",0
"13764",230114,23,2645,43.32413889,-70.63573056,4,4,8,4,13,3,0,12,0,2,4,0,1,1,1,1,23,1,2,1,1,3,2,2,2,2,2,3,2,1,2,2,2,2,"Maine",0
"13765",230115,23,2064,44.08449167,-70.203625,2,2,12,2,6,3,0,8,0,1,1,0,1,4,1,1,23,2,2,1,1,1,2,2,1,2,2,2,2,2,2,2,2,2,"Maine",1
"13766",230116,23,1156,45.55383889,-68.54983889,2,2,11,1,10,1,0,1,0,1,1,0,4,1,1,1,23,1,2,1,2,1,2,2,2,1,2,2,2,2,2,2,2,2,"Maine",0
"13767",230117,23,1863,44.41198889,-69.74686944,1,1,11,5,0,1,0,1,0,1,1,0,3,2,1,1,23,1,1,2,1,1,2,2,2,1,2,2,2,2,2,2,2,1,"Maine",0
"13768",230118,23,1604,44.8309,-68.24248056,2,4,11,5,18,3,0,8,0,1,1,0,1,2,10,1,23,1,2,2,1,1,2,2,1,2,2,2,2,2,2,2,2,2,"Maine",0
"13769",230119,23,1874,44.40161111,-69.80981944,4,4,12,1,13,3,0,12,0,1,1,0,1,1,1,1,23,1,2,1,2,2,2,2,2,1,2,2,2,2,2,2,2,2,"Maine",1
"13770",230120,23,1869,44.40725,-69.53916944,1,1,9,3,11,3,0,35,0,1,1,0,4,1,10,1,23,1,2,1,1,1,2,2,2,1,2,1,2,2,2,2,1,2,"Maine",1
"13771",230121,23,2344,43.67661111,-70.54661111,4,4,11,5,1,6,0,30,0,1,1,0,4,2,1,1,23,1,2,2,1,1,2,1,2,1,2,2,1,2,2,2,2,2,"Maine",1
"13772",230122,23,2041,44.12972778,-69.63879167,1,1,11,5,20,6,0,42,0,1,1,0,6,2,2,1,23,1,2,2,1,1,2,1,2,1,2,1,2,2,2,2,2,2,"Maine",1
"13773",230123,23,759,46.73323056,-67.87065,1,1,11,7,6,2,0,34,0,1,1,0,4,4,1,1,23,1,2,1,2,1,2,2,2,2,2,2,2,2,2,2,2,2,"Maine",0
"13774",230124,23,1644,44.77388056,-69.90689444,3,3,11,6,22,3,0,42,0,3,4,0,6,2,10,1,23,1,2,2,2,1,2,1,2,2,2,1,2,2,1,2,2,2,"Maine",1
"13775",230125,23,1526,44.93936944,-69.86596111,1,1,11,6,22,2,0,8,0,1,1,0,1,2,1,1,23,1,2,2,2,1,2,2,1,2,2,2,1,2,2,2,2,2,"Maine",0
"13776",230126,23,2045,44.11846111,-70.19434444,2,2,11,1,17,6,0,12,0,2,2,0,1,3,1,1,23,2,2,1,2,2,1,1,2,2,2,1,2,2,2,2,2,2,"Maine",1
"13777",230127,23,2145,43.99527778,-69.68507222,5,5,11,3,13,2,0,12,0,8,1,0,1,1,1,1,23,1,2,1,1,2,2,2,2,2,2,3,2,1,2,2,2,2,"Maine",0
"13778",230128,23,1915,44.32671944,-69.746675,1,1,11,2,5,2,0,33,0,1,1,0,4,2,1,1,23,1,2,2,2,1,1,2,2,2,2,1,2,2,2,2,2,2,"Maine",1
"13779",230129,23,2067,44.08213611,-70.19870556,1,1,11,4,17,3,0,8,0,1,1,0,1,3,1,1,23,2,2,1,1,1,2,2,1,2,2,3,2,2,2,2,2,2,"Maine",0
"13780",230130,23,2004,44.2059,-70.67703056,1,1,11,6,21,6,0,1,0,1,1,0,4,2,1,1,23,1,2,2,2,1,2,2,2,1,2,1,2,2,1,2,2,2,"Maine",1
"13781",230131,23,2114,44.03385556,-69.95290833,1,1,11,7,4,3,0,58,0,1,1,0,6,2,1,1,23,1,2,2,2,1,2,1,2,1,2,1,2,2,2,2,2,2,"Maine",1
"13782",230132,23,874,46.35681944,-67.84221944,2,2,11,2,7,2,0,12,0,1,1,0,1,1,4,1,23,1,2,1,1,2,2,2,2,2,2,3,2,2,2,2,2,2,"Maine",1
"13783",230133,23,1999,44.21021667,-69.74315278,1,1,11,2,17,3,0,8,0,1,1,0,1,2,1,1,23,1,2,1,1,1,2,2,1,2,2,2,2,2,2,2,2,2,"Maine",0
"13784",230134,23,835,46.48693056,-67.85338889,2,2,11,7,17,6,0,12,0,1,1,0,1,2,10,1,23,1,2,1,2,2,2,2,2,2,2,1,1,2,2,2,1,2,"Maine",2
"13785",230135,23,2008,44.18801111,-69.22628889,3,3,12,7,23,6,0,17,0,1,1,0,6,7,1,2,23,1,2,2,2,1,2,1,2,1,2,2,1,2,2,2,2,2,"Maine",0
"13786",230136,23,1741,44.60254167,-69.47336944,2,2,12,1,15,3,0,12,0,1,1,0,1,5,1,1,23,1,2,1,2,2,2,1,2,2,2,1,2,2,2,2,2,2,"Maine",2
"13787",230137,23,1744,44.59467222,-70.27243333,1,1,12,1,17,3,0,32,0,1,1,0,6,2,1,1,23,1,2,1,2,1,2,2,2,2,2,3,2,1,2,2,2,2,"Maine",0
"13788",230138,23,1606,44.82876944,-68.66041944,3,3,12,2,10,3,0,12,0,8,1,0,1,1,1,1,23,1,2,1,1,2,2,2,2,2,2,3,2,2,2,2,2,2,"Maine",0
"13789",230139,23,2189,43.89809444,-70.34397222,2,2,12,4,14,3,0,12,0,1,1,0,1,1,1,1,23,1,2,1,1,2,2,2,2,2,2,2,2,1,1,2,2,2,"Maine",0
"13790",230140,23,2550,43.44176667,-70.77906111,1,1,12,7,6,3,0,40,0,1,1,0,4,1,1,1,23,2,2,1,2,1,2,2,2,2,2,2,2,1,2,2,2,2,"Maine",0
"13791",230141,23,1751,44.57655,-68.72623889,2,2,12,1,22,6,0,1,0,1,1,0,4,2,1,1,23,1,2,2,2,1,2,1,2,1,2,1,2,2,1,2,2,2,"Maine",1
"13792",230143,23,2525,43.4786,-70.42976111,1,1,12,1,12,8,0,35,0,1,1,0,4,1,10,1,23,2,2,1,2,1,1,1,2,2,2,2,2,2,2,2,2,2,"Maine",0
"13793",230144,23,2361,43.6589,-70.25245,1,1,12,5,17,6,0,8,0,1,1,0,1,3,2,1,23,2,2,1,1,1,2,2,1,2,2,2,2,2,2,2,2,2,"Maine",0
"13794",230145,23,966,45.99943056,-68.27975,3,3,12,3,18,1,0,1,0,1,1,0,5,2,3,1,23,1,1,2,1,1,2,1,2,1,2,2,2,1,2,2,2,2,"Maine",0
"13795",230146,23,1657,44.75270278,-69.57305,1,1,12,6,4,3,0,1,0,1,1,0,4,2,3,1,23,1,2,2,1,1,2,1,2,1,2,1,1,2,2,2,2,2,"Maine",1
"13796",230147,23,1273,45.3915,-67.71715,2,2,12,3,17,3,0,8,0,4,1,0,1,3,4,1,23,1,2,1,1,1,2,1,1,2,2,2,2,2,2,2,2,2,"Maine",0
"13797",230148,23,1753,44.57462222,-69.62879444,1,1,12,6,14,6,0,49,0,1,1,0,1,1,1,1,23,2,2,1,1,1,2,2,2,2,2,2,2,1,2,2,1,2,"Maine",0
"13798",240001,24,10073,39.70194444,-78.7167,1,1,1,5,0,3,0,35,0,1,1,0,4,2,1,1,24,1,2,2,1,1,2,2,2,1,2,1,2,2,2,2,2,2,"Maryland",1
"13799",240002,24,11858,38.82853333,-76.51263611,1,1,1,5,18,3,0,30,0,1,1,0,4,3,1,1,24,2,2,2,1,1,2,1,2,2,2,1,2,2,2,2,2,2,"Maryland",1
"13800",240003,24,11350,39.06158611,-77.09183611,1,1,1,2,17,3,0,8,0,2,2,0,1,2,1,1,24,2,2,1,1,1,2,2,1,2,2,3,2,1,2,2,2,2,"Maryland",0
"13801",240004,24,11519,38.98425278,-76.58788056,1,1,1,4,2,1,0,8,0,1,1,0,1,2,1,1,24,1,1,2,1,2,2,2,1,2,2,3,2,2,2,2,2,2,"Maryland",0
"13802",240005,24,11596,38.95448889,-76.07842222,6,6,1,7,1,2,0,12,0,2,2,0,1,3,1,5,24,2,2,2,2,2,2,2,2,1,2,3,2,2,2,2,2,2,"Maryland",0
"13803",240006,24,10977,39.22710833,-75.97666111,1,1,1,3,11,4,0,1,0,1,1,0,6,1,1,1,24,1,2,1,1,1,2,2,2,1,2,1,2,2,2,2,2,2,"Maryland",1
"13804",240007,24,11944,38.78890833,-76.80274167,1,1,1,2,11,4,0,35,0,1,1,0,4,1,1,1,24,2,2,1,1,1,2,2,2,2,2,2,2,1,2,2,2,2,"Maryland",0
"13805",240008,24,12046,38.74063333,-76.82145556,1,1,1,4,0,4,0,33,0,1,1,0,4,3,1,1,24,2,2,2,1,1,2,1,2,2,2,1,2,2,2,2,1,2,"Maryland",1
"13806",240009,24,10666,39.38904167,-76.47615,1,1,1,1,7,4,0,33,0,1,1,0,4,1,3,1,24,2,2,1,2,1,2,2,2,2,2,2,2,2,2,2,2,2,"Maryland",0
"13807",240010,24,10361,39.57484167,-76.40610556,5,5,1,1,8,3,0,24,0,1,1,0,4,1,3,1,24,1,2,1,2,2,2,1,2,2,2,3,2,2,2,2,2,2,"Maryland",0
"13808",240011,24,12826,38.35494444,-75.71576389,2,2,1,3,18,3,0,11,0,1,1,0,1,2,1,1,24,2,2,2,1,2,2,2,2,2,2,3,2,1,2,2,2,2,"Maryland",0
"13809",240012,24,10807,39.32063889,-76.48705833,1,1,1,6,8,1,0,1,0,1,1,0,8,1,1,1,24,2,1,1,1,1,2,1,2,1,2,2,2,2,2,2,2,2,"Maryland",0
"13810",240013,24,10067,39.70387778,-77.15260556,2,2,1,4,12,4,0,12,0,8,1,0,1,1,4,1,24,1,2,1,1,2,2,2,2,2,2,3,2,1,2,2,1,2,"Maryland",0
"13811",240014,24,10757,39.341975,-77.09069444,1,1,1,1,14,3,0,24,0,1,1,0,4,1,10,1,24,2,2,1,2,1,2,1,2,1,2,2,2,2,2,2,2,2,"Maryland",0
"13812",240015,24,10220,39.64568333,-76.55680556,2,2,1,2,11,3,0,12,0,1,1,0,1,1,4,1,24,1,2,1,1,2,2,1,2,2,2,3,2,2,1,2,2,2,"Maryland",0
"13813",240016,24,11857,38.8287,-76.8932,1,1,1,6,6,6,0,33,0,1,1,0,4,3,1,1,24,2,2,1,1,1,2,2,2,2,2,2,2,2,2,2,2,2,"Maryland",0
"13814",240017,24,11071,39.18092778,-76.72076944,1,1,1,6,21,3,8,8,0,1,1,0,1,2,1,1,24,2,2,2,2,1,2,2,1,2,2,3,2,2,2,1,2,2,"Maryland",0
"13815",240018,24,10770,39.33761667,-76.74473333,1,1,1,7,1,1,0,42,0,1,1,0,4,2,1,1,24,2,1,2,2,1,2,2,2,2,2,1,2,2,1,2,2,1,"Maryland",1
"13816",240019,24,10207,39.64920556,-77.75880833,1,1,1,5,22,3,0,9,0,1,1,0,1,2,10,1,24,2,2,2,1,1,2,2,2,2,2,3,2,2,1,1,2,2,"Maryland",0
"13817",240020,24,10929,39.25910278,-76.67436944,2,2,2,2,21,1,0,8,0,1,1,0,1,2,1,1,24,2,1,2,1,1,2,2,1,2,2,3,2,2,2,2,2,2,"Maryland",0
"13818",240021,24,11652,38.92456667,-76.87054444,3,3,1,6,5,3,0,8,0,3,3,0,1,2,1,1,24,2,2,2,1,3,2,2,1,2,2,3,2,2,2,1,2,2,"Maryland",0
"13819",240022,24,11804,38.85287778,-76.95620556,1,1,1,5,20,3,0,8,0,3,3,0,4,2,1,1,24,2,2,2,1,1,2,2,1,2,2,3,2,2,2,2,2,2,"Maryland",0
"13820",240023,24,10815,39.31661667,-76.74145833,2,2,1,7,1,4,0,33,0,1,1,0,4,3,1,1,24,2,2,2,2,1,2,1,2,2,2,1,2,2,1,2,2,2,"Maryland",1
"13821",240024,24,10882,39.28050833,-76.70610556,1,1,1,7,4,3,0,33,0,1,1,0,4,3,1,1,24,2,2,2,2,1,2,1,2,1,2,3,2,2,2,2,2,2,"Maryland",0
"13822",240025,24,10752,39.34461389,-76.70106944,3,3,1,2,19,6,0,12,0,1,1,0,1,2,1,1,24,2,2,2,1,2,2,2,2,2,2,1,2,2,2,2,2,2,"Maryland",1
"13823",240026,24,10699,39.36996667,-76.68154167,1,1,1,3,10,6,0,14,0,1,1,1,7,1,1,1,24,2,2,1,1,1,2,2,2,2,2,3,2,1,2,2,2,2,"Maryland",0
"13824",240027,24,11144,39.14624167,-76.84330556,1,1,2,1,17,1,0,24,0,1,1,0,3,1,1,1,24,2,1,1,2,1,1,2,2,2,2,2,2,2,2,2,2,2,"Maryland",0
"13825",240028,24,12837,38.34195,-75.16231667,1,1,1,6,15,8,0,8,0,1,1,0,5,1,1,1,24,1,2,1,1,1,2,2,1,2,2,3,2,1,2,2,1,2,"Maryland",0
"13826",240029,24,10890,39.27496667,-76.61915556,4,4,1,3,15,6,0,12,0,1,1,0,1,1,1,1,24,2,2,1,1,3,2,2,2,2,2,3,2,2,2,2,2,2,"Maryland",0
"13827",240030,24,10609,39.41646389,-77.54448333,3,3,2,4,7,4,0,12,0,1,1,0,1,1,1,1,24,2,2,1,1,2,2,1,2,2,2,3,1,2,2,2,2,2,"Maryland",0
"13828",240031,24,10881,39.28071111,-76.48526944,2,2,2,4,2,3,0,8,0,1,1,0,1,2,1,1,24,2,2,2,1,1,2,2,1,2,2,3,2,1,2,2,2,2,"Maryland",0
"13829",240032,24,12879,38.31941389,-76.48093333,3,3,2,2,18,3,0,12,0,1,1,0,1,3,4,1,24,2,2,2,1,3,2,2,2,2,2,1,2,2,2,2,2,2,"Maryland",1
"13830",240033,24,11084,39.17588611,-76.83663333,1,1,2,4,7,4,0,42,0,1,1,0,4,1,1,1,24,2,2,1,1,1,2,1,2,2,2,2,2,2,1,2,2,2,"Maryland",0
"13831",240034,24,10107,39.69281389,-75.81497778,1,1,2,4,12,4,0,35,0,1,1,0,4,1,1,1,24,1,2,1,1,1,2,1,2,2,2,2,2,2,2,2,1,2,"Maryland",0
"13832",240035,24,10961,39.23891667,-77.05565556,4,4,2,3,9,3,0,48,0,1,1,0,4,1,10,1,24,1,2,1,1,2,2,2,2,2,2,3,1,2,2,2,2,2,"Maryland",0
"13833",240036,24,11435,39.02172778,-76.98792222,1,1,2,4,11,4,0,8,0,3,2,0,1,1,1,1,24,2,2,1,1,1,2,2,1,2,2,1,2,2,1,2,2,2,"Maryland",1
"13834",240037,24,10601,39.42784167,-77.50545556,3,3,2,5,20,2,0,12,0,1,1,0,1,3,1,1,24,2,2,2,1,2,2,1,2,2,2,1,2,1,2,2,1,2,"Maryland",1
"13835",240038,24,10799,39.32275556,-76.54421944,4,4,2,6,16,6,0,12,0,7,1,0,1,1,1,1,24,2,2,1,1,2,2,2,2,2,2,3,2,2,2,2,2,2,"Maryland",0
"13836",240039,24,10287,39.61237222,-76.53160556,1,1,2,7,16,3,0,58,0,1,1,0,4,1,10,1,24,1,2,1,2,1,2,2,2,2,2,1,2,2,2,2,2,2,"Maryland",1
"13837",240040,24,11899,38.80788611,-76.89905556,1,1,2,7,21,3,0,8,0,1,1,0,1,3,1,1,24,2,2,2,2,1,2,2,1,2,2,3,2,2,2,2,2,2,"Maryland",0
"13838",240041,24,11014,39.21029722,-76.72300556,1,1,2,4,4,2,0,8,0,1,1,0,1,3,1,1,24,1,2,2,1,1,2,2,1,2,2,3,2,2,2,1,2,2,"Maryland",0
"13839",240042,24,11455,39.01147222,-77.15006944,2,2,2,4,13,1,0,12,0,1,1,0,1,1,1,1,24,2,1,1,1,2,2,1,2,1,2,3,2,1,2,2,2,2,"Maryland",0
"13840",240043,24,10340,39.58688333,-75.86960556,2,2,2,7,20,4,0,32,0,1,1,0,4,2,1,1,24,2,2,2,2,1,2,2,2,1,2,1,2,2,2,2,2,2,"Maryland",1
"13841",240044,24,11592,38.95620833,-76.67975833,2,2,3,1,2,1,0,12,0,1,1,0,1,2,1,1,24,2,1,2,2,2,2,2,2,2,2,1,2,2,2,2,2,2,"Maryland",1
"13842",240045,24,11028,39.20223889,-76.63190556,1,1,3,1,18,1,0,25,0,1,1,0,4,2,3,1,24,2,1,2,2,1,2,1,2,1,2,1,2,2,2,2,2,2,"Maryland",1
"13843",240046,24,10680,39.38004444,-76.968425,4,4,3,6,13,3,0,12,0,1,1,0,1,1,1,1,24,2,2,1,1,3,2,2,2,2,2,3,2,2,2,2,2,2,"Maryland",0
"13844",240047,24,12766,38.38555278,-75.42223056,4,4,3,1,19,2,0,12,0,2,2,0,1,3,1,1,24,1,2,2,2,2,2,2,2,1,2,3,2,1,2,2,2,2,"Maryland",0