"","ST_CASE","OBJECT_ID","FID","LATITUDE","LONGITUD","PERMVIT","PERSONS","MONTH","DAY_WEEK","HOUR","ROUTE","SP_JUR","HARM_EV","RELJCT1","RELJCT2","TYP_INT","WRK_ZONE","REL_ROAD","LGT_COND","WEATHER","FATALS","STATE","A_RU","A_INTER","A_TOD","A_DOW","A_CT","A_MC","A_SPCRA","A_PED","A_ROLL","A_POLPUR","A_POSBAC","A_D15_20","A_D65PLS","A_D21_24","A_HR","A_DIST","A_DROWSY","STATE_NAME","drunkDr"
"13845",240048,24,10303,39.60464167,-76.44159167,1,1,3,1,1,4,0,30,0,1,1,0,4,3,1,1,24,1,2,2,2,1,2,1,2,2,2,1,2,2,2,2,2,2,"Maryland",1
"13846",240049,24,10599,39.42987778,-76.79275,2,2,3,2,14,3,0,12,0,1,1,0,1,1,1,1,24,2,2,1,1,2,2,2,2,2,2,3,2,1,2,2,2,2,"Maryland",0
"13847",240050,24,11051,39.19006944,-77.18531389,1,1,3,7,1,4,0,8,0,1,1,0,1,3,1,1,24,3,3,2,2,1,2,2,1,2,2,1,1,2,2,1,2,2,"Maryland",1
"13848",240051,24,11036,39.19824167,-77.42890556,4,4,3,2,7,3,0,12,0,1,1,0,1,1,98,1,24,2,2,1,1,3,2,2,2,1,2,3,1,2,2,2,2,2,"Maryland",0
"13849",240052,24,10739,39.35054167,-76.68831111,2,2,3,1,4,6,0,12,0,1,1,0,1,3,1,1,24,2,2,2,2,2,2,2,2,2,2,1,2,2,2,2,2,2,"Maryland",1
"13850",240053,24,12036,38.74696944,-76.07164167,3,3,3,7,10,6,0,12,0,2,2,0,1,1,2,1,24,2,2,1,2,2,2,2,2,2,2,3,2,2,2,2,2,2,"Maryland",0
"13851",240054,24,10773,39.3346,-76.48489722,3,3,3,1,1,2,0,12,0,3,2,0,1,3,1,1,24,2,2,2,2,2,2,2,2,2,2,1,2,2,1,2,2,2,"Maryland",1
"13852",240055,24,11478,39.00034167,-76.07336944,2,2,3,1,3,3,0,42,0,3,3,0,4,2,1,1,24,1,2,2,2,1,2,2,2,2,2,1,2,2,2,2,2,2,"Maryland",1
"13853",240056,24,11551,38.97274167,-76.25966389,3,3,3,1,19,2,0,12,0,1,1,0,1,5,1,2,24,1,2,2,2,2,2,2,2,2,2,1,2,2,2,2,1,2,"Maryland",1
"13854",240057,24,11041,39.19459167,-77.26100556,1,1,3,4,1,1,0,8,0,1,1,0,1,2,1,1,24,2,1,2,1,1,2,2,1,2,2,3,2,1,2,2,2,2,"Maryland",0
"13855",240058,24,10131,39.68169167,-76.73045,1,1,3,5,6,4,0,32,0,1,1,0,4,4,1,1,24,1,2,1,1,1,2,2,2,1,2,2,2,2,1,2,2,2,"Maryland",0
"13856",240059,24,10478,39.49566667,-76.40101111,1,1,3,5,18,3,0,8,0,1,1,0,1,2,1,1,24,2,2,2,1,1,2,2,1,2,2,3,2,2,1,1,2,2,"Maryland",0
"13857",240060,24,10203,39.65094167,-78.75705,1,1,3,5,14,6,0,8,0,2,2,0,1,1,1,1,24,2,2,1,1,1,2,2,1,2,2,3,2,2,2,2,1,2,"Maryland",0
"13858",240061,24,11503,38.99158056,-76.840775,2,2,3,7,3,3,0,38,0,1,1,0,4,2,10,1,24,2,2,2,2,1,2,1,2,2,1,1,2,2,2,2,2,2,"Maryland",1
"13859",240062,24,10251,39.62943333,-75.95385556,3,3,3,7,15,3,0,12,0,1,1,0,1,1,1,1,24,2,2,1,2,2,2,2,2,2,2,3,2,2,2,2,2,2,"Maryland",0
"13860",240063,24,11521,38.98289722,-76.56071944,6,6,3,7,14,1,0,12,0,1,1,0,1,1,1,3,24,2,1,1,2,3,2,1,2,1,2,3,1,2,2,2,1,2,"Maryland",0
"13861",240064,24,12870,38.32324444,-76.67587778,1,1,3,1,3,3,0,30,0,1,1,0,4,2,1,1,24,1,2,2,2,1,2,2,2,2,2,1,2,2,2,2,1,2,"Maryland",1
"13862",240065,24,12095,38.71461389,-76.87810833,2,2,3,4,9,3,0,12,0,2,2,0,1,1,10,1,24,2,2,1,1,2,2,2,2,2,2,3,2,1,2,2,2,2,"Maryland",0
"13863",240066,24,11406,39.03613056,-77.02842222,2,2,3,3,6,3,0,8,0,1,1,0,1,4,1,1,24,2,2,1,1,1,2,2,1,2,2,3,2,2,2,2,2,2,"Maryland",0
"13864",240067,24,10975,39.22980833,-77.26802222,1,1,3,4,19,3,0,8,0,1,1,0,1,6,1,1,24,2,2,2,1,1,2,2,1,2,2,3,2,1,2,2,2,2,"Maryland",0
"13865",240068,24,10374,39.56778056,-76.97887778,1,1,3,7,19,3,0,8,0,1,1,0,1,2,1,1,24,2,2,2,2,1,2,2,1,2,2,3,2,2,2,2,2,2,"Maryland",0
"13866",240069,24,13318,38.04834444,-75.75803611,5,5,3,6,16,3,0,12,0,8,1,0,1,1,2,1,24,1,2,1,1,3,2,1,2,2,2,3,2,1,1,2,2,2,"Maryland",0
"13867",240070,24,11730,38.890275,-76.84649167,1,1,3,1,3,1,0,24,0,1,1,0,3,6,1,1,24,2,1,2,2,1,2,2,2,2,2,1,2,2,2,2,2,2,"Maryland",1
"13868",240071,24,11736,38.88713333,-76.89363056,2,2,3,7,20,3,0,33,0,1,1,0,4,3,1,1,24,2,2,2,2,1,2,2,2,2,2,1,2,2,2,2,2,2,"Maryland",1
"13869",240072,24,12016,38.75721389,-76.995525,1,1,3,1,1,4,0,34,0,1,1,0,4,3,1,1,24,2,2,2,2,1,2,1,2,1,2,1,2,2,2,2,2,2,"Maryland",1
"13870",240073,24,10403,39.54553889,-77.03909722,9,9,3,5,8,4,0,12,0,2,2,0,1,1,10,1,24,2,2,1,1,2,2,2,2,2,2,3,2,2,2,2,2,2,"Maryland",0
"13871",240074,24,10844,39.30067222,-76.49219167,2,2,3,3,22,3,0,12,0,2,2,0,1,3,1,1,24,2,2,2,1,2,2,2,2,2,2,3,2,1,2,2,1,2,"Maryland",0
"13872",240075,24,12182,38.67819722,-76.80997778,2,2,3,6,17,3,0,12,0,1,1,0,1,1,10,1,24,1,2,1,1,2,2,1,2,2,2,3,2,2,2,2,2,2,"Maryland",0
"13873",240076,24,12488,38.54671389,-76.07131944,1,1,3,7,20,3,0,8,0,1,1,0,1,2,1,2,24,1,2,2,2,1,2,2,1,2,2,3,2,1,2,2,2,2,"Maryland",0
"13874",240077,24,10299,39.605875,-77.77083611,1,1,4,4,7,1,0,34,0,1,1,0,4,1,1,1,24,1,1,1,1,1,2,2,2,1,2,2,2,1,2,2,2,2,"Maryland",0
"13875",240078,24,11173,39.13300833,-76.68797778,7,7,4,3,20,3,0,12,0,1,1,0,1,3,10,1,24,2,2,2,1,3,2,2,2,2,2,1,2,2,2,2,2,2,"Maryland",1
"13876",240079,24,10193,39.65323889,-77.91693611,2,2,4,5,0,1,0,12,0,1,1,0,1,3,2,2,24,2,1,2,1,2,2,2,2,2,2,1,2,2,1,2,2,2,"Maryland",1
"13877",240080,24,11638,38.93153889,-76.89569167,1,1,4,5,4,2,0,24,0,5,1,0,4,2,2,1,24,2,2,2,1,1,2,2,2,1,2,1,2,2,2,2,2,2,"Maryland",1
"13878",240081,24,12875,38.32047778,-76.67189167,2,2,4,6,11,3,0,12,0,8,1,0,1,1,10,1,24,2,2,1,1,2,2,2,2,2,2,3,1,1,2,2,1,2,"Maryland",0
"13879",240082,24,11608,38.94777778,-76.85993056,3,3,4,7,2,1,0,12,0,1,1,0,1,3,1,1,24,2,1,2,2,2,2,1,2,1,2,1,2,2,2,2,2,2,"Maryland",1
"13880",240083,24,10664,39.38984167,-76.76177778,1,3,4,7,21,1,0,14,0,1,1,0,2,2,10,1,24,2,1,2,2,1,1,2,2,2,2,1,2,2,2,2,2,2,"Maryland",1
"13881",240084,24,12703,38.42761111,-75.67189167,1,1,4,1,0,2,0,7,0,1,1,1,1,6,1,1,24,2,2,2,2,1,1,2,2,2,2,1,2,1,2,2,2,2,"Maryland",1
"13882",240085,24,10706,39.36580556,-76.69168611,1,1,4,3,15,6,0,33,0,1,1,0,4,1,1,1,24,2,2,1,1,1,2,2,2,2,2,3,2,1,2,2,2,2,"Maryland",0
"13883",240086,24,11271,39.09761944,-76.71163333,1,1,4,7,21,3,0,42,0,1,1,0,4,2,1,1,24,2,2,2,2,1,2,1,2,2,2,2,2,2,2,2,2,2,"Maryland",0
"13884",240087,24,12510,38.53221667,-75.81767778,6,6,4,3,20,3,0,34,0,1,1,0,4,2,2,1,24,1,2,2,1,1,2,2,2,1,2,2,2,2,1,2,1,2,"Maryland",0
"13885",240088,24,12263,38.647075,-76.90487778,1,1,4,5,1,4,0,30,0,1,1,0,4,2,1,1,24,2,2,2,1,1,2,1,2,1,1,2,2,2,2,2,1,2,"Maryland",0
"13886",240089,24,11869,38.81990833,-76.06352778,1,1,4,5,15,3,0,1,0,1,1,0,4,1,10,1,24,1,2,1,1,1,2,2,2,1,2,2,2,2,2,2,2,2,"Maryland",0
"13887",240090,24,11518,38.98464167,-76.75710556,1,1,3,7,12,3,0,8,0,2,2,0,1,1,2,1,24,2,2,1,2,1,2,2,1,2,2,3,2,2,2,2,2,2,"Maryland",0
"13888",240091,24,10853,39.29595556,-76.74283333,2,2,4,5,20,1,0,14,0,1,1,0,4,2,1,1,24,2,1,2,1,1,2,2,2,2,2,2,2,2,2,2,2,2,"Maryland",0
"13889",240092,24,10039,39.71500278,-78.72530833,2,2,4,5,18,4,0,5,0,1,1,0,1,1,1,1,24,1,2,2,1,1,2,2,2,2,2,3,2,1,2,2,2,2,"Maryland",0
"13890",240093,24,11214,39.11636667,-76.96396667,2,2,4,2,16,3,0,12,0,8,1,0,1,1,1,1,24,2,2,1,1,2,1,2,2,2,2,1,2,2,2,2,2,2,"Maryland",1
"13891",240094,24,11908,38.80529444,-76.95978333,1,1,4,6,20,4,0,8,0,1,1,0,1,7,1,1,24,2,2,2,2,1,2,2,1,2,2,3,2,2,2,2,2,2,"Maryland",0
"13892",240095,24,11186,39.12754167,-76.54035,1,1,4,1,23,3,0,8,0,1,1,0,1,2,2,1,24,2,2,2,2,1,2,2,1,2,2,3,2,1,2,2,2,2,"Maryland",0
"13893",240096,24,12454,38.56524444,-76.98389444,2,2,4,2,15,2,0,12,0,2,2,0,1,1,1,1,24,2,2,1,1,2,2,2,2,1,2,3,2,1,2,2,2,2,"Maryland",0
"13894",240097,24,13065,38.21574167,-76.48491667,1,1,4,4,17,9,0,35,0,1,1,0,4,1,10,1,24,3,3,1,1,1,2,1,2,1,2,2,2,2,2,2,2,2,"Maryland",0
"13895",240098,24,11680,38.909775,-76.91579167,1,1,4,7,20,4,0,8,0,1,1,0,1,3,1,1,24,2,2,2,2,1,2,2,1,2,2,3,2,2,2,2,2,2,"Maryland",0
"13896",240099,24,11640,38.93098056,-76.01716389,4,4,4,3,6,3,0,12,0,1,1,0,1,1,10,3,24,1,2,1,1,3,2,2,2,2,2,3,2,2,2,2,1,2,"Maryland",0
"13897",240100,24,11815,38.85064722,-76.95489167,5,5,3,5,20,3,0,12,0,1,1,0,1,2,10,1,24,2,2,2,1,3,2,1,2,2,2,3,2,2,1,1,1,2,"Maryland",0
"13898",240101,24,10791,39.3265,-76.42305,1,1,4,5,20,3,0,1,0,1,1,0,1,3,1,1,24,2,2,2,1,1,1,2,2,2,2,2,2,2,2,2,2,2,"Maryland",0
"13899",240102,24,12751,38.39723889,-75.57167222,2,2,4,4,13,2,0,12,1,5,1,0,1,1,1,1,24,2,2,1,1,2,1,2,2,2,2,3,2,2,1,2,2,2,"Maryland",0
"13900",240103,24,11532,38.97972222,-76.71409444,1,1,4,3,2,3,0,42,0,1,1,0,3,3,1,1,24,2,2,2,1,1,2,2,2,1,2,1,2,2,1,2,2,2,"Maryland",1
"13901",240104,24,12982,38.25876389,-76.48276389,2,2,4,7,1,4,0,24,0,1,1,0,4,2,1,1,24,2,2,2,2,1,2,1,2,1,2,1,2,2,2,2,2,2,"Maryland",1
"13902",240105,24,12693,38.43209167,-75.58769167,1,1,4,7,23,4,0,42,0,1,1,0,4,2,2,1,24,2,2,2,2,1,2,2,2,2,2,1,2,2,2,2,2,2,"Maryland",1
"13903",240106,24,12353,38.61417778,-75.77713611,1,1,4,3,19,3,0,53,0,1,1,0,4,5,1,1,24,1,2,2,1,1,2,2,2,1,2,1,2,2,1,2,1,2,"Maryland",1
"13904",240107,24,10761,39.34048889,-76.54829167,1,1,2,5,19,2,0,8,0,1,1,0,1,3,1,1,24,2,2,2,1,1,2,2,1,2,2,3,2,2,2,2,2,2,"Maryland",0
"13905",240108,24,11050,39.19015,-76.89301944,5,5,4,4,13,4,0,12,0,1,1,0,1,1,10,1,24,2,2,1,1,3,2,2,2,1,2,1,1,2,1,2,2,2,"Maryland",1
"13906",240109,24,10464,39.50621667,-76.21461389,4,4,4,5,19,1,0,12,0,7,1,0,1,1,1,1,24,2,1,2,1,2,2,2,2,2,2,3,2,2,2,2,2,2,"Maryland",0
"13907",240110,24,11913,38.80328056,-76.06005,4,4,4,4,23,2,0,12,0,1,1,0,1,2,1,1,24,2,2,2,1,2,2,2,2,2,2,2,2,1,2,2,2,2,"Maryland",0
"13908",240111,24,10700,39.36959167,-76.50417778,4,4,4,5,12,4,0,12,0,1,1,0,1,1,1,1,24,2,2,1,1,2,2,2,2,2,2,3,2,1,2,2,2,2,"Maryland",0
"13909",240112,24,10714,39.36160833,-76.52519167,2,2,4,4,16,4,0,12,0,1,1,0,1,1,1,1,24,2,2,1,1,2,2,2,2,2,2,3,2,1,2,2,2,2,"Maryland",0
"13910",240113,24,10368,39.57042222,-76.13586944,7,7,4,5,10,3,0,12,0,3,3,0,1,1,1,1,24,2,2,1,1,2,2,2,2,2,2,3,2,1,2,2,2,2,"Maryland",0
"13911",240114,24,10425,39.532675,-77.59448056,1,1,4,6,2,2,0,58,0,2,2,0,1,2,2,1,24,3,3,2,1,1,2,1,2,2,2,1,2,2,2,2,2,2,"Maryland",1
"13912",240115,24,10563,39.45320833,-77.50495,1,1,4,6,16,1,0,42,0,1,1,0,3,1,2,1,24,2,1,1,1,1,2,2,2,2,2,2,2,2,2,2,2,2,"Maryland",0
"13913",240116,24,12008,38.760575,-76.96119167,2,2,4,2,18,4,0,1,0,1,1,0,1,1,1,1,24,2,2,2,1,2,1,2,2,2,2,1,2,2,2,2,2,2,"Maryland",1
"13914",240117,24,11411,39.032875,-76.89859167,6,6,4,2,4,4,0,12,0,1,1,0,1,3,1,2,24,2,2,2,2,2,2,2,2,2,2,3,1,2,2,2,1,2,"Maryland",1
"13915",240118,24,10347,39.58514444,-75.80571111,1,1,4,3,7,4,0,9,0,1,1,0,1,1,1,1,24,2,2,1,1,1,2,1,2,2,2,3,2,2,2,2,1,2,"Maryland",0
"13916",240120,24,12639,38.46351111,-77.17110556,2,2,4,3,21,3,0,12,0,1,1,0,1,2,1,1,24,1,2,2,1,2,2,2,2,2,2,1,1,2,1,2,2,2,"Maryland",1
"13917",240121,24,10825,39.31192222,-76.73169167,2,2,5,5,0,3,0,8,0,1,1,0,1,2,1,1,24,2,2,2,1,1,2,2,1,2,2,3,2,2,2,2,2,2,"Maryland",0
"13918",240122,24,11949,38.78654167,-76.96795278,1,1,4,3,14,4,0,8,0,1,1,0,1,1,2,1,24,2,2,1,1,1,2,2,1,2,2,3,2,2,2,2,2,2,"Maryland",0
"13919",240123,24,10030,39.71834444,-76.65560556,2,2,4,2,14,3,0,12,0,2,2,0,1,1,1,1,24,2,2,1,1,2,2,2,2,2,2,3,2,1,1,2,1,2,"Maryland",0
"13920",240124,24,10234,39.64088056,-78.87876389,5,5,5,7,0,1,0,24,0,1,1,0,4,2,1,2,24,1,1,2,2,1,2,2,2,2,2,3,2,2,2,2,2,2,"Maryland",0
"13921",240125,24,11520,38.984075,-76.54519722,7,7,5,6,12,1,0,24,0,1,1,0,4,1,1,1,24,2,1,1,1,2,2,1,2,1,2,3,2,2,2,2,2,2,"Maryland",0
"13922",240126,24,12072,38.72803889,-76.881275,3,3,5,7,21,3,0,12,0,2,2,0,1,2,1,1,24,3,3,2,2,2,1,2,2,2,2,3,2,2,2,2,2,2,"Maryland",0
"13923",240127,24,10106,39.69331944,-78.12908889,1,1,5,1,1,3,0,42,0,1,1,0,4,2,1,1,24,3,3,2,2,1,2,1,2,2,2,1,2,2,1,2,2,2,"Maryland",1
"13924",240128,24,11610,38.94730556,-76.97806389,1,1,1,5,18,4,0,59,0,3,5,0,4,3,1,1,24,3,3,2,1,1,2,2,2,2,2,3,2,1,2,2,1,2,"Maryland",0
"13925",240129,24,12237,38.65704444,-76.87558056,8,8,5,1,16,2,0,12,0,2,2,0,1,1,1,2,24,3,3,1,2,3,1,1,2,2,2,3,2,2,2,2,2,2,"Maryland",0
"13926",240130,24,10153,39.67309722,-77.59802778,1,1,5,1,0,4,0,31,0,1,1,0,4,2,1,1,24,3,3,2,2,1,2,1,2,2,2,1,2,2,2,2,2,2,"Maryland",1
"13927",240131,24,10179,39.66005,-79.12752222,4,4,5,1,0,4,0,34,0,1,1,0,4,2,1,1,24,1,2,2,2,1,2,1,2,1,2,1,2,2,2,2,2,2,"Maryland",1
"13928",240132,24,10806,39.32076944,-76.95007778,1,1,5,7,1,4,0,38,0,1,1,0,4,2,1,1,24,3,3,2,2,1,2,1,2,1,2,1,1,2,2,2,1,2,"Maryland",1
"13929",240133,24,11147,39.14478333,-76.64311389,1,1,5,4,21,1,0,33,1,3,3,0,3,3,1,1,24,3,3,2,1,1,2,2,2,2,2,2,2,1,2,2,2,2,"Maryland",0
"13930",240134,24,10534,39.46839444,-76.41026389,2,2,5,4,9,2,0,12,0,8,1,0,1,1,1,1,24,3,3,1,1,2,2,2,2,1,2,3,1,1,2,2,1,2,"Maryland",0
"13931",240135,24,11367,39.0516,-76.52222222,2,2,5,3,19,3,0,12,0,2,3,0,1,5,1,2,24,3,3,2,1,2,2,2,2,1,2,1,2,2,2,2,2,2,"Maryland",1
"13932",240136,24,10861,39.29200556,-76.65039167,1,1,4,3,18,6,0,8,0,1,1,0,1,1,1,1,24,3,3,2,1,1,2,2,1,2,2,3,2,2,2,2,2,2,"Maryland",0
"13933",240137,24,12941,38.27704444,-76.68270556,1,1,5,7,3,3,0,34,0,1,1,0,4,2,1,1,24,3,3,2,2,1,2,2,2,1,2,1,2,2,2,2,2,2,"Maryland",1
"13934",240138,24,12593,38.48917778,-76.91672778,1,1,5,7,22,3,0,52,0,1,1,0,4,2,1,1,24,3,3,2,2,1,2,1,2,1,2,3,2,2,2,2,2,2,"Maryland",0
"13935",240139,24,10558,39.45546389,-76.92819444,3,3,5,1,14,3,0,12,0,1,1,0,1,1,1,1,24,3,3,1,2,2,2,2,2,2,2,3,2,1,2,2,2,2,"Maryland",0
"13936",240140,24,10603,39.42700833,-76.39000278,1,1,5,1,23,1,0,31,0,1,1,0,4,2,98,1,24,3,3,2,2,1,2,2,2,1,2,2,2,1,2,2,2,2,"Maryland",0
"13937",240141,24,11219,39.11490556,-75.78191944,1,1,5,7,9,4,0,34,0,1,1,0,4,1,1,1,24,3,3,1,2,1,1,1,2,2,2,1,2,2,2,2,2,2,"Maryland",1
"13938",240142,24,12058,38.73424444,-76.82660556,1,1,5,2,12,2,0,42,0,1,1,0,4,1,10,1,24,3,3,1,1,1,2,1,2,2,2,2,2,2,1,2,1,2,"Maryland",0
"13939",240143,24,13278,38.08279722,-75.39865833,3,3,5,2,20,3,0,42,0,1,1,0,4,2,2,3,24,3,3,2,1,1,2,1,2,2,2,1,2,2,2,2,2,2,"Maryland",1
"13940",240144,24,10271,39.61905,-77.58995833,1,1,5,5,0,4,0,31,0,1,1,0,4,2,1,1,24,3,3,2,1,1,2,2,2,2,2,1,2,2,2,2,2,2,"Maryland",1
"13941",240145,24,12768,38.38525833,-75.32099167,1,1,5,7,18,2,0,42,0,1,1,0,4,1,10,1,24,3,3,2,2,1,2,2,2,2,2,1,2,2,2,2,2,2,"Maryland",1
"13942",240146,24,12099,38.71274167,-75.78844444,1,1,5,2,14,3,0,35,0,1,1,0,4,1,1,1,24,3,3,1,1,1,2,2,2,1,2,3,2,1,2,2,2,2,"Maryland",0
"13943",240147,24,12868,38.323975,-76.47420278,2,2,5,6,1,3,0,26,0,1,1,0,4,2,2,1,24,3,3,2,1,1,2,2,2,2,2,3,2,1,2,2,2,2,"Maryland",0
"13944",240148,24,12604,38.483675,-76.54380833,4,4,5,4,17,3,0,12,0,1,1,0,1,1,1,1,24,3,3,1,1,2,2,2,2,2,2,3,2,2,2,2,2,2,"Maryland",0
"13945",240149,24,10339,39.58689722,-76.97079167,1,1,5,3,22,4,0,1,0,1,1,0,6,2,1,1,24,3,3,2,1,1,1,2,2,2,2,1,2,2,2,2,2,2,"Maryland",1
"13946",240150,24,10725,39.35630556,-76.70259722,2,2,5,3,21,3,0,30,0,3,2,0,4,3,1,2,24,3,3,2,1,1,2,2,2,2,2,1,2,2,2,2,2,2,"Maryland",1
"13947",240151,24,10820,39.313475,-76.95121667,2,2,5,3,17,3,0,12,0,7,1,0,1,1,1,1,24,3,3,1,1,2,1,1,2,2,2,3,2,1,2,2,2,2,"Maryland",0
"13948",240152,24,12800,38.36961944,-75.26698889,1,1,5,2,3,3,0,42,0,1,1,0,3,2,1,1,24,3,3,2,2,1,2,2,2,2,2,1,2,2,2,2,2,2,"Maryland",1
"13949",240153,24,13335,38.03984722,-75.77088611,1,1,5,3,17,3,0,34,0,1,1,0,4,1,1,1,24,3,3,1,1,1,2,2,2,2,2,2,2,2,2,2,1,2,"Maryland",0
"13950",240154,24,11517,38.985175,-76.88019167,2,2,5,3,3,1,0,8,0,1,1,0,1,2,1,1,24,2,1,2,1,1,2,2,1,2,2,3,2,2,2,2,2,2,"Maryland",0
"13951",240155,24,11265,39.09920278,-75.96053889,2,2,5,4,9,2,0,12,0,2,2,0,1,1,1,1,24,3,3,1,1,2,2,2,2,2,2,3,2,1,2,2,2,2,"Maryland",0
"13952",240156,24,10364,39.57294167,-76.13630556,1,3,5,5,13,1,0,14,1,19,1,0,4,1,1,1,24,3,1,1,1,1,2,2,1,1,2,3,2,2,2,2,2,2,"Maryland",0
"13953",240157,24,11166,39.13581111,-77.12471111,2,2,5,1,23,3,0,12,0,1,1,0,1,2,1,1,24,2,2,2,2,2,2,2,2,2,2,1,2,2,2,2,2,2,"Maryland",2
"13954",240158,24,11359,39.057575,-77.07785278,2,2,5,7,21,4,0,12,0,2,2,0,1,3,1,1,24,2,2,2,2,2,1,2,2,2,2,3,2,2,2,2,2,2,"Maryland",0
"13955",240159,24,12682,38.43755,-75.68240278,1,1,6,2,11,2,0,59,0,1,1,0,4,1,1,1,24,3,3,1,1,1,2,2,2,2,2,1,2,2,2,2,2,2,"Maryland",1
"13956",240160,24,11516,38.98531111,-76.57406111,1,1,5,1,15,1,0,42,0,5,1,0,4,1,1,1,24,3,3,1,2,1,2,1,2,2,2,1,2,2,2,2,2,2,"Maryland",1
"13957",240161,24,11297,39.08597778,-77.01920833,2,2,5,4,13,3,0,12,0,1,1,0,1,1,1,1,24,2,2,1,1,2,2,2,2,1,2,3,2,2,2,2,2,2,"Maryland",0
"13958",240162,24,10767,39.33811111,-76.66733611,4,4,5,5,19,3,0,12,0,2,2,0,1,5,1,1,24,3,3,2,1,2,2,2,1,2,2,3,2,2,2,1,2,2,"Maryland",0
"13959",240163,24,11247,39.10396111,-77.05922222,1,1,5,1,15,8,0,42,0,1,1,0,3,1,1,1,24,3,3,1,2,1,2,2,2,2,2,3,2,1,2,2,2,2,"Maryland",0
"13960",240164,24,10447,39.51824167,-76.91315,5,5,5,1,15,3,0,12,0,3,2,0,1,1,1,1,24,3,3,1,2,3,2,2,2,2,2,3,2,2,2,2,2,2,"Maryland",0
"13961",240165,24,11567,38.96688333,-76.95753611,2,2,5,7,20,3,0,12,0,2,2,0,1,1,1,1,24,2,2,2,2,2,1,1,1,2,2,3,2,2,2,2,2,2,"Maryland",0
"13962",240166,24,12148,38.6915,-76.98909167,2,2,5,7,0,3,0,12,0,2,3,0,1,3,1,1,24,2,2,2,2,2,2,1,2,2,2,1,2,2,2,2,2,2,"Maryland",2
"13963",240167,24,12134,38.69768333,-76.54441111,1,1,5,7,17,3,0,33,0,3,3,0,4,1,1,1,24,2,2,1,2,1,1,2,2,2,2,3,2,1,2,2,2,2,"Maryland",0
"13964",240168,24,12539,38.51766389,-77.02415833,4,4,6,2,17,9,0,59,0,1,1,0,4,1,10,1,24,3,3,1,1,1,2,2,2,2,2,1,2,2,1,2,2,2,"Maryland",1
"13965",240169,24,10489,39.49200278,-76.18955,2,2,6,6,23,2,0,30,0,1,1,0,4,3,1,1,24,3,3,2,2,1,2,2,2,1,2,3,2,2,1,2,2,2,"Maryland",0
"13966",240170,24,11281,39.09208889,-75.82713333,3,3,6,7,23,4,0,42,0,1,1,0,4,2,1,1,24,3,3,2,2,1,2,1,2,1,2,1,2,2,2,2,1,2,"Maryland",1
"13967",240171,24,10516,39.47955,-77.46010556,1,1,6,7,13,4,0,32,0,1,1,0,4,1,1,1,24,3,3,1,2,1,1,2,2,2,2,1,2,2,2,2,1,2,"Maryland",1
"13968",240172,24,11203,39.12110556,-77.15845,1,1,6,5,9,4,0,8,0,2,2,0,1,1,1,1,24,2,2,1,1,1,2,2,1,2,2,3,2,2,2,2,2,2,"Maryland",0
"13969",240173,24,12184,38.67693333,-75.80483611,4,4,6,2,12,3,0,12,0,2,2,0,1,1,1,2,24,3,3,1,1,2,2,2,2,2,2,3,2,2,2,2,2,2,"Maryland",0
"13970",240174,24,10262,39.62382222,-79.32252778,1,1,6,4,16,2,0,8,0,1,1,0,2,1,1,1,24,1,2,1,1,1,2,2,1,2,2,3,2,1,2,2,2,1,"Maryland",0
"13971",240175,24,12611,38.48026667,-76.55081667,1,1,6,1,17,8,0,1,0,1,1,0,1,1,1,1,24,3,3,1,2,1,1,1,2,2,2,1,2,2,2,2,2,2,"Maryland",1
"13972",240176,24,12071,38.72812778,-76.88117778,2,2,6,7,13,3,0,12,0,2,2,0,1,1,1,1,24,3,3,1,2,2,2,2,2,1,2,3,2,1,2,2,2,2,"Maryland",0
"13973",240177,24,10651,39.39422778,-76.42799167,2,2,6,6,20,4,0,42,0,1,1,0,4,3,1,2,24,3,3,2,2,1,2,1,2,2,2,3,1,2,2,2,2,2,"Maryland",0
"13974",240178,24,10113,39.69066111,-77.32426389,1,1,3,6,7,2,0,14,0,1,1,0,4,1,4,1,24,3,3,1,1,1,2,2,2,2,2,3,2,2,2,2,2,2,"Maryland",0
"13975",240179,24,10372,39.56916667,-77.53197222,1,1,6,6,4,3,0,24,0,1,1,0,4,2,99,1,24,3,3,2,1,1,1,2,2,2,2,2,2,2,2,2,2,2,"Maryland",0
"13976",240180,24,10557,39.45569444,-77.75788056,1,1,6,6,23,3,0,1,0,1,1,0,1,2,10,1,24,3,3,2,2,1,1,1,2,2,2,1,2,2,2,2,2,2,"Maryland",1
"13977",240181,24,12626,38.471575,-76.73151111,1,1,6,7,12,4,0,24,0,1,1,0,4,1,2,1,24,3,3,1,2,1,2,2,2,2,2,2,2,2,2,2,2,2,"Maryland",1
"13978",240182,24,11081,39.17662778,-77.24743889,1,1,6,1,0,1,0,24,1,5,1,0,3,3,5,1,24,3,3,2,2,1,2,1,2,2,2,1,2,2,2,2,1,2,"Maryland",1
"13979",240183,24,11320,39.07503333,-76.90425,1,1,6,1,3,1,0,35,0,1,1,0,3,2,2,1,24,3,3,2,2,1,2,1,2,1,2,2,2,2,2,2,2,2,"Maryland",0