"","ST_CASE","OBJECT_ID","FID","LATITUDE","LONGITUD","PERMVIT","PERSONS","MONTH","DAY_WEEK","HOUR","ROUTE","SP_JUR","HARM_EV","RELJCT1","RELJCT2","TYP_INT","WRK_ZONE","REL_ROAD","LGT_COND","WEATHER","FATALS","STATE","A_RU","A_INTER","A_TOD","A_DOW","A_CT","A_MC","A_SPCRA","A_PED","A_ROLL","A_POLPUR","A_POSBAC","A_D15_20","A_D65PLS","A_D21_24","A_HR","A_DIST","A_DROWSY","STATE_NAME","drunkDr"
"13980",240184,24,11535,38.97897222,-76.53879722,1,1,6,7,22,3,0,8,0,2,2,0,1,2,2,1,24,3,3,2,2,1,2,2,1,2,2,3,2,2,2,2,2,2,"Maryland",0
"13981",240185,24,12567,38.50064444,-76.52950556,3,3,6,1,19,4,0,12,0,2,2,0,1,1,1,1,24,3,3,2,2,2,2,2,2,2,2,1,2,2,1,2,2,2,"Maryland",1
"13982",240186,24,11308,39.08313056,-77.24945,4,4,6,5,23,4,0,32,0,1,1,0,4,3,10,2,24,3,3,2,1,1,2,2,2,1,2,1,1,2,2,2,2,2,"Maryland",1
"13983",240187,24,11160,39.13823333,-77.15351667,2,2,6,7,16,4,0,12,0,2,2,0,1,1,2,1,24,3,3,1,2,2,2,2,2,2,2,2,2,2,1,2,2,2,"Maryland",0
"13984",240188,24,11111,39.162525,-77.38686389,1,1,6,3,20,3,0,16,0,1,1,0,1,5,10,1,24,3,3,2,1,1,2,2,2,2,2,2,2,1,2,2,2,2,"Maryland",0
"13985",240189,24,10801,39.32206111,-76.65512222,3,3,6,1,20,6,0,12,0,2,99,0,1,1,1,1,24,3,3,2,2,2,1,2,2,2,2,3,1,1,2,1,2,2,"Maryland",0
"13986",240190,24,10718,39.35873333,-76.77114444,1,1,6,6,11,3,0,33,0,1,1,0,4,1,10,1,24,3,3,1,1,1,2,2,2,1,2,3,2,2,2,2,2,2,"Maryland",0
"13987",240191,24,11801,38.85347778,-76.93731944,1,1,7,6,16,4,0,8,1,2,3,0,1,1,1,1,24,3,3,1,1,1,2,2,1,2,2,3,2,2,2,2,2,2,"Maryland",0
"13988",240192,24,10789,39.32695,-77.40967778,1,1,5,7,12,3,0,38,0,1,1,0,6,1,1,1,24,3,3,1,2,1,1,2,2,2,2,3,2,1,2,2,2,2,"Maryland",0
"13989",240193,24,11962,38.78162222,-76.87735,1,1,6,5,1,4,0,30,0,1,1,0,4,3,1,1,24,3,3,2,1,1,2,2,2,2,2,1,2,2,2,2,2,2,"Maryland",1
"13990",240194,24,12015,38.75782222,-76.867375,1,1,6,2,20,4,0,1,0,1,1,0,1,2,10,1,24,3,3,2,1,1,1,2,2,2,2,2,2,2,1,2,2,2,"Maryland",0
"13991",240195,24,10835,39.30508333,-76.60217222,1,1,6,1,16,6,0,9,0,2,4,0,1,1,1,1,24,3,3,1,2,1,2,2,2,2,2,3,2,1,2,2,2,2,"Maryland",0
"13992",240196,24,11755,38.877925,-76.85812778,1,1,6,6,22,4,0,9,0,1,1,0,1,3,1,1,24,3,3,2,2,1,2,2,2,2,2,3,2,2,2,1,2,2,"Maryland",0
"13993",240197,24,10869,39.28757778,-76.73433889,2,2,6,2,21,2,0,8,0,3,2,0,1,3,1,1,24,3,3,2,1,1,2,2,1,2,2,3,2,2,2,2,2,2,"Maryland",0
"13994",240198,24,10027,39.71941667,-75.87577778,1,1,6,5,10,3,0,12,0,1,1,0,1,1,1,1,24,3,3,1,1,2,2,1,1,2,2,3,2,2,2,2,2,2,"Maryland",0
"13995",240199,24,12010,38.75988889,-76.99705,3,3,6,2,2,4,0,5,0,1,1,0,1,2,1,1,24,1,2,2,2,1,2,2,2,2,2,1,2,2,2,2,2,2,"Maryland",1
"13996",240200,24,10931,39.25870833,-76.52461389,1,1,6,6,16,4,0,8,0,1,1,0,2,1,1,1,24,2,2,1,1,1,2,2,1,2,2,1,2,2,2,2,2,2,"Maryland",1
"13997",240201,24,10870,39.28713611,-76.53825278,1,1,6,6,22,6,0,8,0,1,1,0,1,3,1,1,24,2,2,2,2,1,2,2,1,2,2,3,2,2,2,2,2,2,"Maryland",0
"13998",240202,24,11341,39.06506667,-76.91155278,2,2,6,5,1,1,0,12,0,1,1,4,1,3,1,1,24,2,1,2,1,3,2,2,1,2,2,3,2,2,2,2,2,2,"Maryland",0
"13999",240203,24,11901,38.80743056,-76.89986667,5,5,6,7,14,3,0,12,0,8,1,0,1,1,1,1,24,2,2,1,2,3,2,2,2,2,2,3,2,1,2,2,2,2,"Maryland",0
"14000",240204,24,10528,39.47374167,-76.40873611,5,5,6,7,21,2,0,12,0,1,1,0,1,2,2,1,24,3,3,2,2,2,2,1,2,2,2,1,2,2,2,2,1,2,"Maryland",1
"14001",240205,24,11002,39.21571667,-76.71198056,2,2,8,7,16,2,0,12,0,8,1,0,1,1,1,1,24,3,3,1,2,2,1,2,2,2,2,1,2,2,2,2,2,2,"Maryland",1
"14002",240206,24,10360,39.57484444,-76.14793333,3,3,7,4,20,3,0,12,0,2,2,0,1,5,1,1,24,3,3,2,1,2,2,2,2,2,2,3,1,1,2,2,2,2,"Maryland",0
"14003",240207,24,12677,38.43871944,-75.77591111,2,2,7,6,17,4,0,12,0,8,1,0,1,1,1,1,24,3,3,1,1,2,2,2,2,2,2,3,2,2,2,2,2,2,"Maryland",0
"14004",240208,24,11631,38.93804167,-76.05495,3,3,7,1,20,3,0,12,0,2,2,0,1,1,1,1,24,3,3,2,2,2,2,1,2,1,2,1,2,2,2,2,2,2,"Maryland",2
"14005",240209,24,10688,39.37673889,-76.54038056,1,1,6,5,18,3,0,8,0,1,1,0,1,1,1,1,24,3,3,2,1,1,2,2,1,2,2,3,2,2,2,2,2,2,"Maryland",0
"14006",240210,24,12700,38.42866944,-75.219275,6,6,7,6,11,2,0,12,0,2,2,0,1,1,1,1,24,3,3,1,1,3,1,2,2,2,2,3,2,1,1,2,2,2,"Maryland",0
"14007",240211,24,10830,39.31041667,-76.47093611,4,4,7,7,11,3,0,12,0,2,2,0,1,1,2,1,24,3,3,1,2,2,2,2,2,2,2,1,2,2,2,2,2,2,"Maryland",1
"14008",240212,24,12104,38.71010278,-76.54825,1,1,7,4,19,4,0,59,0,1,1,0,4,1,2,1,24,3,3,2,1,1,2,1,2,2,2,1,2,2,2,2,2,1,"Maryland",1
"14009",240213,24,10173,39.663125,-79.41492222,3,3,7,5,11,3,0,12,0,2,2,0,1,1,1,1,24,3,3,1,1,2,2,2,2,2,2,3,2,1,2,2,2,2,"Maryland",0
"14010",240214,24,12763,38.38780556,-75.47017222,1,1,7,7,22,3,0,38,0,1,1,0,4,3,1,1,24,3,3,2,2,1,2,2,2,1,2,1,2,2,2,2,2,2,"Maryland",1
"14011",240215,24,10576,39.44467778,-77.09481944,3,3,7,2,9,3,0,12,0,1,1,0,1,1,1,1,24,3,3,1,1,2,2,2,2,2,2,3,2,2,2,2,2,2,"Maryland",0
"14012",240216,24,12388,38.59791944,-76.58447222,1,1,7,2,0,3,0,33,0,1,1,0,4,3,1,1,24,3,3,2,2,1,1,1,2,2,2,1,2,2,1,2,2,2,"Maryland",1
"14013",240217,24,10940,39.25185556,-76.07709167,2,2,7,2,13,3,0,12,0,2,3,0,1,1,1,1,24,3,3,1,1,2,2,2,2,2,2,3,2,1,2,2,2,2,"Maryland",0
"14014",240218,24,10135,39.68108611,-77.90869167,1,1,7,6,7,4,0,41,0,1,1,0,4,1,1,1,24,3,3,1,1,1,2,1,2,1,2,1,2,2,1,2,1,2,"Maryland",1
"14015",240219,24,11125,39.15564167,-77.21612778,2,2,7,7,19,3,0,12,0,2,2,0,1,5,10,1,24,3,3,2,2,2,1,2,2,2,2,3,2,2,2,2,2,2,"Maryland",0
"14016",240220,24,11362,39.05540278,-77.08355833,1,1,7,5,10,4,0,31,0,3,2,0,4,1,1,1,24,3,3,1,1,1,2,2,1,2,2,3,2,1,2,2,2,2,"Maryland",0
"14017",240221,24,10545,39.46264722,-76.58628611,4,4,7,5,21,3,0,12,0,1,1,0,1,3,1,1,24,3,3,2,1,2,2,2,2,2,2,3,2,1,2,2,2,2,"Maryland",0
"14018",240222,24,10886,39.278325,-77.16727778,1,1,7,1,5,3,0,30,0,1,1,0,4,2,5,1,24,3,3,2,2,1,2,1,2,1,2,1,1,2,2,2,2,2,"Maryland",1
"14019",240223,24,10188,39.65707778,-76.70033611,1,1,7,3,1,4,0,42,0,1,1,0,4,3,1,1,24,3,3,2,1,1,2,2,2,2,2,1,2,2,1,2,2,2,"Maryland",1
"14020",240224,24,10530,39.47094167,-76.66089167,1,1,7,6,9,1,0,1,0,20,1,0,1,1,1,1,24,3,3,1,1,1,2,2,2,1,2,2,2,2,2,2,2,2,"Maryland",0
"14021",240225,24,10860,39.29224167,-77.26295,1,1,7,3,21,4,0,30,0,1,1,0,4,2,1,1,24,3,3,2,1,1,2,2,2,1,2,2,2,2,2,2,2,2,"Maryland",0
"14022",240226,24,12665,38.44523611,-75.56046389,4,4,7,1,14,2,0,12,0,2,2,0,1,1,1,1,24,3,3,1,2,2,2,2,2,2,2,3,2,2,2,2,2,2,"Maryland",0
"14023",240227,24,10648,39.39648333,-76.87905,5,5,7,6,5,3,0,12,0,1,1,0,1,1,1,1,24,3,3,2,1,3,2,2,2,2,2,3,2,1,2,2,2,2,"Maryland",0
"14024",240228,24,10778,39.33363889,-76.47626389,2,2,7,4,11,4,0,12,0,2,2,0,1,1,1,1,24,3,3,1,1,2,2,2,2,2,2,3,2,1,1,2,1,2,"Maryland",0
"14025",240229,24,10291,39.61067222,-75.90805833,2,2,7,4,8,2,0,12,0,2,3,0,1,1,1,1,24,3,3,1,1,2,1,2,2,2,2,3,2,1,2,2,2,2,"Maryland",0
"14026",240230,24,12129,38.69970556,-76.7947,1,1,7,5,18,4,0,43,0,1,1,0,6,1,1,1,24,3,3,2,1,1,1,2,2,2,2,3,2,2,1,2,2,2,"Maryland",0
"14027",240231,24,11918,38.801475,-76.90469167,4,4,7,1,20,4,0,12,0,8,1,0,1,3,1,1,24,3,3,2,2,3,1,2,2,2,2,1,2,2,1,2,2,2,"Maryland",1
"14028",240232,24,12221,38.66367778,-76.87465,6,6,7,3,16,2,0,12,0,1,1,0,1,1,1,1,24,3,3,1,1,3,2,2,2,2,2,3,2,2,2,2,1,2,"Maryland",0
"14029",240233,24,10230,39.64213611,-78.76440556,1,1,3,1,2,3,0,24,0,1,1,0,4,3,1,1,24,3,3,2,2,1,1,1,2,2,2,1,2,2,1,2,2,2,"Maryland",1
"14030",240234,24,10253,39.62880556,-78.76701389,1,1,5,7,22,6,0,19,0,1,1,0,6,8,1,1,24,3,3,2,2,1,2,2,2,2,2,2,2,2,2,1,2,2,"Maryland",0
"14031",240235,24,10494,39.48860833,-76.19681944,2,2,8,6,21,2,0,8,0,3,4,0,1,2,1,1,24,3,3,2,2,2,2,2,1,2,2,3,2,2,2,1,2,2,"Maryland",0
"14032",240236,24,11138,39.14905,-77.01909722,1,1,8,1,8,3,0,59,0,1,1,0,4,1,1,1,24,3,3,1,2,1,2,2,2,2,2,2,2,2,2,2,2,2,"Maryland",0
"14033",240237,24,12005,38.76175556,-76.59731389,6,6,8,7,16,3,0,12,0,1,1,0,1,1,1,1,24,3,3,1,2,2,2,2,2,2,2,3,2,1,2,2,2,1,"Maryland",0
"14034",240238,24,10097,39.69570833,-78.15096389,3,3,8,3,2,1,0,12,0,1,1,0,1,2,1,2,24,3,3,2,1,2,2,2,2,1,2,3,2,2,2,2,2,2,"Maryland",0
"14035",240239,24,10559,39.45437222,-76.63213611,2,2,8,4,11,3,0,12,0,2,3,0,1,1,1,1,24,3,3,1,1,2,1,2,2,2,2,3,2,1,1,2,2,2,"Maryland",0
"14036",240240,24,11780,38.86484167,-76.84727778,2,2,8,5,0,1,0,12,0,1,1,1,1,2,1,1,24,3,3,2,1,2,1,1,2,2,2,1,2,2,2,2,2,2,"Maryland",1
"14037",240241,24,10215,39.64711944,-77.74060556,1,1,8,7,21,6,2,30,0,3,3,0,4,3,1,1,24,3,3,2,2,1,2,1,2,2,2,2,2,2,2,2,2,2,"Maryland",0
"14038",240242,24,10715,39.36085278,-76.52369167,2,2,9,3,13,2,0,33,0,3,3,0,4,1,1,1,24,3,3,1,1,1,2,2,2,2,2,3,2,2,2,2,1,2,"Maryland",0
"14039",240243,24,10598,39.43025833,-76.34760556,1,1,9,4,23,2,0,8,0,1,1,0,1,2,1,1,24,2,2,2,1,1,2,2,1,2,2,3,2,2,2,2,2,2,"Maryland",0
"14040",240244,24,10854,39.295575,-76.52454444,6,6,8,5,20,3,0,12,0,3,2,0,1,5,10,2,24,3,3,2,1,2,2,2,2,2,2,3,2,2,1,2,2,2,"Maryland",0
"14041",240245,24,12009,38.7604,-76.00168889,3,3,8,1,0,3,0,12,0,1,1,0,1,2,1,1,24,3,3,2,2,2,2,2,2,2,2,1,2,2,2,1,1,1,"Maryland",1
"14042",240246,24,11027,39.20226389,-76.60058333,1,1,8,2,2,3,0,59,0,1,1,0,3,3,1,1,24,3,3,2,2,1,2,2,2,2,2,1,2,2,2,2,2,2,"Maryland",1
"14043",240247,24,11900,38.80785556,-76.97479444,4,4,9,5,17,1,0,12,0,1,1,0,1,1,2,1,24,3,1,1,1,3,2,1,2,2,2,1,2,2,2,2,1,2,"Maryland",1
"14044",240248,24,10448,39.517175,-76.83545,2,2,8,2,7,3,0,12,0,2,3,0,1,1,1,1,24,3,3,1,1,2,2,2,2,2,2,3,2,2,2,2,1,2,"Maryland",0
"14045",240249,24,11449,39.01363333,-77.04353889,1,1,8,4,12,1,0,33,0,1,1,0,4,1,1,1,24,3,3,1,1,1,2,2,2,1,2,2,2,2,2,2,2,2,"Maryland",0
"14046",240250,24,11179,39.12864167,-77.34345,6,6,8,3,19,3,0,12,0,1,1,0,1,1,10,1,24,3,3,2,1,2,2,2,2,1,2,1,2,2,2,2,2,2,"Maryland",1
"14047",240251,24,11743,38.8849,-76.91141111,3,3,8,1,3,3,0,39,0,1,1,0,4,6,1,1,24,3,3,2,2,1,2,1,2,2,2,3,2,2,1,2,2,2,"Maryland",0
"14048",240252,24,12787,38.37470833,-76.44393611,4,4,9,5,19,3,0,12,0,2,2,0,1,5,1,2,24,3,3,2,1,3,1,2,2,2,2,3,2,2,2,2,2,2,"Maryland",0
"14049",240253,24,11259,39.10093889,-77.09453611,2,2,9,6,11,3,0,12,0,2,2,0,1,1,1,1,24,3,3,1,1,2,1,2,2,2,2,3,1,1,2,2,2,2,"Maryland",0
"14050",240254,24,10682,39.37956667,-76.77768056,4,4,8,1,11,4,0,12,0,2,3,0,1,1,1,1,24,3,3,1,2,3,2,2,2,2,2,3,2,1,2,2,2,2,"Maryland",0
"14051",240255,24,10093,39.696175,-76.31999167,3,3,9,3,11,3,0,12,0,3,2,0,1,1,1,1,24,3,3,1,1,3,1,2,2,2,2,3,2,2,2,2,1,2,"Maryland",0
"14052",240256,24,10552,39.46064167,-76.25465556,2,2,8,6,22,2,0,5,0,1,1,0,1,2,1,1,24,3,3,2,2,2,1,2,2,2,2,1,1,2,2,2,2,2,"Maryland",1
"14053",240257,24,11599,38.95255556,-75.84036944,3,3,8,7,20,3,0,12,0,2,2,0,1,5,1,1,24,3,3,2,2,2,2,2,2,2,2,3,1,1,2,2,1,2,"Maryland",0
"14054",240258,24,10226,39.64323889,-78.035625,1,1,8,1,22,1,0,12,0,1,1,0,1,2,1,1,24,2,1,2,2,2,2,2,1,2,2,3,2,2,2,2,2,2,"Maryland",0
"14055",240259,24,10781,39.33310278,-77.57817778,1,1,5,5,12,3,0,24,0,1,1,0,4,1,1,1,24,3,3,1,1,1,2,1,2,1,2,2,2,1,2,2,1,2,"Maryland",0
"14056",240260,24,11118,39.15859722,-76.70553611,2,2,8,7,16,3,0,12,0,8,1,0,1,1,1,1,24,3,3,1,2,2,1,2,2,2,2,3,2,1,2,2,2,2,"Maryland",0
"14057",240261,24,11193,39.12616667,-77.1829,1,1,9,2,5,3,0,8,0,2,2,0,1,2,1,1,24,3,3,2,2,1,2,2,1,2,2,3,2,2,2,2,2,2,"Maryland",0
"14058",240262,24,11668,38.91826111,-76.89653889,6,6,6,2,5,4,0,12,0,1,1,0,1,1,1,1,24,3,3,2,2,2,2,2,2,2,2,1,2,2,2,2,2,2,"Maryland",1
"14059",240263,24,10954,39.24349167,-76.69084167,4,4,9,3,17,1,0,25,0,1,1,0,4,1,1,1,24,3,3,1,1,2,2,2,1,2,2,3,2,2,2,2,2,2,"Maryland",0
"14060",240264,24,10077,39.70083889,-76.48244167,2,2,8,2,9,3,0,12,0,1,1,0,1,1,1,1,24,3,3,1,1,2,2,2,2,2,2,3,2,2,1,2,2,2,"Maryland",0
"14061",240265,24,10971,39.23221111,-76.97810833,1,1,8,4,22,4,0,31,0,1,1,0,4,2,1,1,24,3,3,2,1,1,2,1,2,1,2,1,2,2,2,2,2,2,"Maryland",1
"14062",240266,24,11998,38.76496111,-76.21246389,1,1,9,2,19,4,0,5,0,2,3,0,1,5,1,1,24,3,3,2,1,1,1,2,2,2,2,3,2,2,2,2,2,2,"Maryland",0
"14063",240267,24,11979,38.77304167,-76.99589167,2,2,8,2,22,3,0,8,0,1,1,0,1,2,2,1,24,3,3,2,1,2,2,2,1,2,2,3,2,2,2,2,2,2,"Maryland",0
"14064",240268,24,10630,39.40575833,-76.67156944,3,3,8,6,1,1,0,12,0,1,1,0,1,2,1,1,24,2,1,2,1,2,2,1,2,2,2,1,2,2,1,2,1,2,"Maryland",1
"14065",240269,24,12496,38.53998333,-77.18882222,3,3,8,1,14,3,0,12,0,2,3,0,1,1,1,1,24,3,3,1,2,2,2,2,2,1,2,3,2,2,2,2,2,2,"Maryland",0
"14066",240270,24,10727,39.356225,-77.13785,1,1,9,4,9,1,0,42,0,1,1,0,3,1,1,1,24,2,1,1,1,1,2,2,2,2,2,2,2,2,2,2,2,2,"Maryland",0
"14067",240271,24,12650,38.45553333,-75.55841389,1,1,8,7,4,2,0,8,0,2,2,0,1,3,1,1,24,3,3,2,2,1,2,2,1,2,2,3,2,2,2,2,2,2,"Maryland",0
"14068",240272,24,11661,38.922375,-76.87696389,2,2,8,2,9,3,0,12,0,2,3,0,1,1,1,1,24,3,3,1,1,2,1,2,2,2,2,3,2,1,2,2,1,2,"Maryland",0
"14069",240273,24,12070,38.72819444,-76.88103889,4,4,8,4,21,3,0,12,0,2,98,0,1,2,10,2,24,3,3,2,1,2,2,2,2,2,2,1,2,2,1,2,1,2,"Maryland",1
"14070",240274,24,10282,39.61421667,-76.12623056,2,2,9,1,5,3,0,21,0,1,1,0,4,2,1,1,24,3,3,2,2,1,2,1,2,2,2,3,2,2,2,2,2,2,"Maryland",0
"14071",240275,24,10141,39.67695556,-76.08527778,1,1,8,6,19,4,0,8,0,1,1,0,1,5,1,1,24,3,3,2,2,1,2,1,1,2,2,3,1,2,2,2,2,2,"Maryland",0
"14072",240276,24,12885,38.31634167,-76.49139167,2,2,8,4,13,3,0,12,0,1,1,0,1,1,1,1,24,3,3,1,1,2,2,2,2,1,2,3,2,1,2,2,2,2,"Maryland",0
"14073",240277,24,11542,38.97494167,-76.75575,1,1,9,5,21,3,0,8,0,3,2,0,1,3,1,1,24,3,3,2,1,1,2,2,1,2,2,3,2,2,2,2,2,2,"Maryland",0
"14074",240278,24,12236,38.65817778,-76.87424722,2,2,8,5,22,2,0,8,0,5,1,0,1,2,1,1,24,3,3,2,1,2,2,2,1,2,2,3,2,2,2,2,2,2,"Maryland",0
"14075",240279,24,10584,39.44160278,-76.99834722,1,1,9,6,23,3,0,24,0,1,1,0,4,2,1,1,24,3,3,2,2,1,2,2,2,2,2,2,2,2,2,2,2,2,"Maryland",0
"14076",240280,24,11375,39.04718889,-76.82911389,2,2,8,1,4,3,0,12,0,1,1,0,1,2,1,2,24,3,3,2,2,2,1,2,2,2,2,1,2,2,1,2,2,2,"Maryland",1
"14077",240281,24,11033,39.19944444,-76.63531944,5,5,9,4,17,4,0,12,0,1,1,0,1,1,1,1,24,3,3,1,1,2,2,2,2,1,2,3,2,2,2,2,2,2,"Maryland",0
"14078",240282,24,10723,39.35687222,-77.13769722,1,1,9,7,15,3,0,9,0,1,1,0,1,1,1,1,24,3,3,1,2,1,2,2,2,2,2,3,2,2,2,2,2,2,"Maryland",0
"14079",240283,24,10837,39.30465278,-76.58539167,2,2,9,5,15,6,0,12,0,2,2,0,1,1,1,1,24,3,3,1,1,2,1,1,2,2,2,3,2,2,2,2,2,2,"Maryland",0
"14080",240284,24,13216,38.11731389,-75.46031389,1,1,8,2,20,2,0,1,0,1,1,0,3,2,1,1,24,3,3,2,1,1,2,2,2,1,2,1,2,2,2,2,2,2,"Maryland",1
"14081",240285,24,10526,39.47490556,-76.64099167,2,2,8,2,10,4,0,12,0,2,2,0,1,1,10,1,24,3,3,1,1,2,1,2,2,2,2,3,1,1,2,2,2,2,"Maryland",0
"14082",240286,24,11573,38.96493889,-77.12306389,2,2,8,6,6,3,0,9,0,3,3,0,2,4,1,1,24,3,3,1,1,1,2,2,2,2,2,3,2,2,1,2,2,2,"Maryland",0
"14083",240287,24,12652,38.45133889,-75.70593611,4,4,8,2,13,2,0,34,0,1,1,0,4,1,1,1,24,3,3,1,1,1,2,2,2,1,2,3,2,2,2,2,2,2,"Maryland",0
"14084",240288,24,10074,39.70188611,-76.64081944,2,2,8,2,18,1,0,1,0,1,1,0,3,1,1,1,24,3,3,2,1,1,2,2,2,1,2,3,2,2,2,2,2,2,"Maryland",0
"14085",240289,24,10780,39.33330833,-76.44790556,1,1,9,5,21,3,0,8,0,1,1,0,1,2,1,1,24,3,3,2,1,1,2,2,1,2,2,3,2,2,2,2,2,2,"Maryland",0
"14086",240290,24,10474,39.49858056,-76.46676667,4,4,9,1,16,4,0,42,0,1,1,0,4,1,1,1,24,3,3,1,2,1,2,2,2,2,2,3,2,2,2,2,2,2,"Maryland",0
"14087",240291,24,10392,39.552575,-75.84320556,1,1,6,1,19,4,0,42,0,1,1,0,4,1,1,1,24,3,3,2,2,1,2,2,2,2,2,1,2,1,2,2,1,2,"Maryland",1
"14088",240292,24,10255,39.62732222,-76.47475,11,11,4,4,14,3,0,12,0,2,2,0,1,1,1,1,24,3,3,1,1,2,1,2,2,2,2,3,2,1,2,2,1,2,"Maryland",0
"14089",240293,24,12100,38.71271111,-76.98966944,2,2,9,7,2,3,0,12,0,2,2,0,1,3,1,1,24,3,3,2,2,2,2,2,2,2,2,1,2,2,2,2,1,2,"Maryland",1
"14090",240294,24,12867,38.32618056,-76.65599167,1,1,7,7,18,4,0,34,0,1,1,0,4,5,1,1,24,3,3,2,2,1,1,2,2,2,2,1,2,2,2,2,1,2,"Maryland",1
"14091",240295,24,10216,39.64680556,-77.71537778,2,2,8,5,11,6,0,12,0,2,2,0,1,1,1,1,24,3,3,1,1,2,1,2,2,2,2,1,2,1,2,2,2,2,"Maryland",1
"14092",240296,24,10842,39.30186944,-76.69485833,4,4,8,3,17,6,0,12,0,1,1,0,1,1,1,2,24,3,3,1,1,2,2,1,2,2,2,3,2,2,2,2,2,2,"Maryland",0
"14093",240297,24,11301,39.08464167,-76.69528333,1,1,8,3,6,4,0,33,0,1,1,0,4,2,1,1,24,3,3,1,1,1,2,2,2,1,2,2,2,2,2,2,2,2,"Maryland",0
"14094",240298,24,12853,38.33313056,-76.91963611,1,1,9,1,10,3,0,42,0,1,1,0,4,1,1,1,24,3,3,1,2,1,2,2,2,2,2,2,2,2,2,2,2,2,"Maryland",0
"14095",240299,24,10525,39.47523056,-76.65061944,2,2,9,7,11,4,0,12,0,2,2,0,1,1,1,1,24,3,3,1,2,2,2,1,2,2,2,3,2,2,2,2,2,2,"Maryland",0
"14096",240300,24,10877,39.28453333,-76.54433611,1,1,4,5,13,1,0,24,0,1,1,0,4,1,1,1,24,3,3,1,1,1,1,1,2,2,2,1,2,2,2,2,2,2,"Maryland",1
"14097",240301,24,10986,39.22323333,-76.85505833,1,1,6,1,15,9,0,39,0,1,1,0,5,1,1,1,24,3,3,1,2,1,2,2,2,2,2,2,2,1,2,2,1,2,"Maryland",0
"14098",240302,24,12508,38.5331,-76.60509167,2,2,9,7,15,3,0,12,0,1,1,0,1,1,1,1,24,3,3,1,2,2,2,2,2,2,2,1,2,2,2,2,2,2,"Maryland",1
"14099",240303,24,12785,38.37580833,-75.61761111,2,2,9,6,5,2,0,8,0,1,1,0,1,2,1,1,24,3,3,2,1,1,2,2,1,2,2,3,2,2,2,2,2,2,"Maryland",0
"14100",240304,24,11224,39.111875,-77.18971944,1,1,10,1,9,1,0,1,0,20,1,0,1,1,10,1,24,3,3,1,2,1,2,1,2,1,2,2,2,2,2,2,2,2,"Maryland",0
"14101",240305,24,10855,39.29502778,-77.453775,8,8,9,6,20,3,0,12,0,2,2,0,1,3,1,1,24,3,3,2,2,2,2,1,2,1,2,1,1,2,2,2,2,2,"Maryland",1
"14102",240306,24,10152,39.67313056,-77.35800556,1,1,9,4,4,2,0,1,0,1,1,1,4,2,10,1,24,3,3,2,1,1,1,2,2,2,2,2,2,2,2,2,2,2,"Maryland",0
"14103",240307,24,11960,38.78254167,-76.91280556,3,3,9,1,13,4,0,12,0,2,3,0,1,1,1,2,24,3,3,1,2,2,2,1,2,2,2,3,2,2,2,2,2,2,"Maryland",0
"14104",240308,24,11889,38.81221667,-76.72028611,4,4,9,2,14,3,0,12,0,1,1,0,1,1,1,1,24,3,3,1,1,3,2,2,2,2,2,3,2,1,2,2,2,2,"Maryland",0
"14105",240309,24,10231,39.64196667,-76.870875,2,2,9,4,15,3,0,12,0,2,3,0,1,1,1,1,24,3,3,1,1,2,1,2,2,2,2,3,2,1,1,2,1,2,"Maryland",0
"14106",240310,24,10138,39.68060833,-78.96321667,1,1,9,4,20,2,0,35,0,1,1,0,4,2,1,1,24,3,3,2,1,1,1,2,2,2,2,1,2,2,2,2,2,2,"Maryland",1
"14107",240311,24,12530,38.52141389,-77.01335833,2,2,9,5,20,3,0,12,0,1,1,0,1,2,1,1,24,3,3,2,1,2,2,2,2,2,2,3,2,2,2,2,2,2,"Maryland",0
"14108",240312,24,10832,39.30959722,-76.6527,2,2,7,1,1,8,0,12,0,2,2,0,1,3,1,1,24,3,3,2,2,2,1,2,2,2,2,3,2,2,1,2,2,2,"Maryland",0
"14109",240313,24,10617,39.41126667,-76.76855833,2,2,8,5,15,3,0,12,0,2,3,0,1,1,10,1,24,3,3,1,1,2,2,2,2,2,2,3,2,1,2,2,2,2,"Maryland",0
"14110",240314,24,10839,39.30399167,-76.48497778,2,2,8,2,5,3,0,8,0,1,1,0,1,4,1,1,24,3,3,2,2,1,2,1,1,2,2,3,2,2,1,1,2,2,"Maryland",0
"14111",240315,24,11317,39.07613611,-77.11501389,1,1,8,1,14,6,0,38,0,1,1,0,4,1,1,1,24,3,3,1,2,1,2,2,2,2,2,1,2,1,2,2,2,2,"Maryland",1
"14112",240316,24,11907,38.80533333,-76.99560556,3,3,9,4,23,1,0,12,0,5,1,0,1,3,1,1,24,3,3,2,1,2,1,1,2,2,2,3,2,2,2,2,1,2,"Maryland",0
"14113",240317,24,10984,39.22386667,-76.69856389,2,2,9,6,15,2,0,12,0,1,1,0,1,1,1,1,24,3,3,1,1,2,1,1,2,2,2,3,2,2,2,2,2,2,"Maryland",0
"14114",240318,24,10771,39.33759722,-76.66489722,1,1,9,6,16,3,0,19,0,1,1,0,6,1,1,1,24,2,2,1,1,1,2,2,2,2,2,1,2,2,2,2,2,2,"Maryland",1