"","ST_CASE","OBJECT_ID","FID","LATITUDE","LONGITUD","PERMVIT","PERSONS","MONTH","DAY_WEEK","HOUR","ROUTE","SP_JUR","HARM_EV","RELJCT1","RELJCT2","TYP_INT","WRK_ZONE","REL_ROAD","LGT_COND","WEATHER","FATALS","STATE","A_RU","A_INTER","A_TOD","A_DOW","A_CT","A_MC","A_SPCRA","A_PED","A_ROLL","A_POLPUR","A_POSBAC","A_D15_20","A_D65PLS","A_D21_24","A_HR","A_DIST","A_DROWSY","STATE_NAME","drunkDr"
"14115",240319,24,10973,39.23193056,-76.71236389,1,1,9,7,11,1,0,41,0,5,1,0,6,1,1,1,24,3,3,1,2,1,2,2,2,2,2,2,2,2,2,2,2,2,"Maryland",0
"14116",240320,24,11327,39.07163056,-76.70736111,1,1,9,6,19,4,0,30,0,3,3,0,4,3,1,1,24,2,2,2,2,1,1,2,2,2,2,3,2,2,2,2,2,2,"Maryland",0
"14117",240321,24,11708,38.90034167,-76.78172222,2,2,9,7,7,3,0,12,0,2,2,0,1,1,1,1,24,3,3,1,2,2,2,2,2,1,2,1,2,2,2,2,2,2,"Maryland",1
"14118",240322,24,11159,39.13896667,-77.13707778,2,2,9,6,2,3,0,24,0,1,1,0,4,2,1,1,24,3,3,2,1,1,1,1,2,2,2,1,2,2,1,2,2,2,"Maryland",1
"14119",240323,24,10731,39.35443611,-76.45279444,2,2,10,7,21,2,0,8,0,1,1,0,1,2,10,1,24,3,3,2,2,1,2,2,1,2,2,3,2,2,2,2,2,2,"Maryland",0
"14120",240324,24,12836,38.34265556,-76.71374167,2,2,11,6,21,3,0,8,0,1,1,0,1,2,1,1,24,3,3,2,2,2,2,2,1,2,2,3,1,2,2,2,2,2,"Maryland",0
"14121",240325,24,11554,38.97226944,-77.18306944,2,2,9,4,20,1,0,25,1,20,1,0,1,2,1,1,24,3,3,2,1,2,1,1,2,2,2,3,2,2,2,2,2,2,"Maryland",0
"14122",240326,24,12726,38.41393333,-76.94176111,3,3,10,5,20,3,0,12,0,1,1,0,1,2,1,1,24,3,3,2,1,3,1,2,2,2,2,1,2,2,2,2,2,2,"Maryland",1
"14123",240327,24,10385,39.55984722,-77.03019167,2,2,11,4,11,3,0,12,0,2,3,0,1,1,1,1,24,3,3,1,1,2,2,2,2,2,2,3,2,1,1,2,2,2,"Maryland",0
"14124",240328,24,11691,38.90653889,-76.53768889,1,1,9,1,16,4,0,42,0,1,1,0,4,1,10,1,24,3,3,1,2,1,2,1,2,2,2,3,1,2,2,2,2,2,"Maryland",0
"14125",240329,24,12709,38.422225,-75.31693889,1,1,10,2,10,4,0,34,0,1,1,0,4,1,1,1,24,3,3,1,1,1,2,2,2,1,2,2,2,2,2,2,2,2,"Maryland",0
"14126",240330,24,10056,39.71092222,-77.06352222,1,1,11,4,20,3,0,42,0,1,1,0,4,2,1,1,24,3,3,2,1,1,2,2,2,2,2,2,2,2,1,2,2,2,"Maryland",0
"14127",240331,24,11185,39.12775833,-77.33373611,1,1,9,4,3,3,0,42,0,1,1,0,4,2,2,1,24,3,3,2,1,1,2,2,2,1,2,1,1,2,2,2,2,2,"Maryland",1
"14128",240332,24,11767,38.869975,-76.92015,2,2,9,1,11,4,0,12,0,2,3,0,1,1,1,1,24,3,3,1,2,2,1,2,2,2,2,3,2,2,2,2,1,2,"Maryland",0
"14129",240333,24,11436,39.02076944,-77.12236389,2,2,10,1,12,3,0,12,0,2,2,0,1,1,1,1,24,3,3,1,2,2,1,2,2,2,2,3,2,1,2,2,2,2,"Maryland",0
"14130",240334,24,11481,38.999475,-77.09680556,2,2,11,4,6,3,0,12,0,2,2,0,1,3,1,1,24,3,3,1,1,2,1,2,2,2,2,3,2,2,2,2,2,2,"Maryland",0
"14131",240335,24,10359,39.57500556,-77.43388333,2,2,9,3,22,2,0,12,0,1,1,0,2,3,2,1,24,3,3,2,1,3,2,2,1,2,2,3,2,2,2,1,2,2,"Maryland",0
"14132",240336,24,10543,39.46290833,-77.59598611,2,2,10,1,15,4,0,42,0,1,1,0,4,1,10,1,24,3,3,1,2,1,2,1,2,2,2,3,2,2,2,2,2,2,"Maryland",0
"14133",240337,24,11195,39.124475,-75.76033611,1,1,11,1,4,3,0,34,0,1,1,0,4,2,1,1,24,3,3,2,2,1,2,1,2,1,2,1,2,2,2,2,2,2,"Maryland",1
"14134",240338,24,11806,38.85260278,-76.90912778,2,2,9,1,23,3,0,1,0,1,1,0,1,2,1,1,24,3,3,2,2,2,2,2,2,1,2,1,2,2,2,1,2,2,"Maryland",1
"14135",240339,24,13002,38.249775,-75.37231111,1,1,9,1,15,3,0,34,0,1,1,0,4,1,1,1,24,3,3,1,2,1,1,2,2,2,2,2,2,1,2,2,2,2,"Maryland",0
"14136",240340,24,10486,39.49308333,-76.60547778,2,2,9,6,11,4,0,12,0,1,1,0,1,1,1,1,24,3,3,1,1,2,2,2,2,2,2,3,2,1,2,2,2,2,"Maryland",0
"14137",240341,24,10296,39.60818333,-76.07301944,1,1,9,1,17,4,0,8,0,1,1,0,1,1,1,1,24,3,3,1,2,1,2,2,1,2,2,3,2,2,1,2,2,2,"Maryland",0
"14138",240342,24,11852,38.83024167,-76.87417222,1,1,10,6,4,1,0,24,0,1,1,0,4,3,1,1,24,3,3,2,1,1,2,2,2,1,2,2,2,1,2,2,1,1,"Maryland",0
"14139",240343,24,11128,39.154,-76.83775,1,1,11,1,1,1,0,42,0,1,1,0,4,2,1,1,24,3,3,2,2,1,2,1,2,2,2,1,2,2,2,2,2,2,"Maryland",1
"14140",240344,24,10711,39.36321944,-77.51658611,2,2,12,4,3,2,0,24,0,1,1,0,4,3,5,1,24,3,3,2,1,1,2,2,2,2,2,2,2,2,2,2,2,2,"Maryland",0
"14141",240345,24,10417,39.53661667,-77.42406389,2,2,9,4,13,2,0,12,0,3,2,0,1,1,1,1,24,3,3,1,1,2,2,2,2,2,2,3,2,1,2,2,2,2,"Maryland",0
"14142",240346,24,12770,38.384875,-75.37553333,2,2,10,3,5,2,0,12,0,3,2,0,1,2,1,1,24,3,3,2,1,2,2,2,2,2,2,3,2,1,2,2,2,2,"Maryland",0
"14143",240347,24,11324,39.07331667,-76.675075,4,4,10,7,10,4,0,12,0,1,1,0,1,1,1,1,24,3,3,1,2,2,2,1,2,2,2,3,2,2,2,2,2,2,"Maryland",0
"14144",240348,24,11275,39.09565,-76.83871111,2,2,9,5,18,3,0,12,0,2,2,0,1,1,1,1,24,3,3,2,1,2,2,2,2,2,2,1,2,2,2,2,2,2,"Maryland",1
"14145",240349,24,12909,38.29725833,-75.61382778,1,1,10,6,19,4,0,8,0,1,1,0,2,2,1,1,24,3,3,2,2,1,2,2,1,2,2,2,2,2,2,2,2,2,"Maryland",0
"14146",240350,24,10775,39.33450833,-76.48475556,1,1,10,7,0,2,0,8,0,1,1,0,1,7,1,1,24,3,3,2,2,1,2,2,1,2,2,3,2,2,2,2,2,2,"Maryland",0
"14147",240351,24,10928,39.25913333,-76.61576667,12,12,10,6,21,3,0,12,0,1,1,0,1,3,1,1,24,3,3,2,2,2,2,2,2,2,2,3,2,2,2,2,2,2,"Maryland",0
"14148",240352,24,10824,39.31194722,-76.73059167,1,1,10,3,6,3,0,8,0,1,1,0,1,2,1,1,24,3,3,1,1,1,2,2,1,2,2,3,2,1,2,2,2,2,"Maryland",0
"14149",240353,24,11031,39.20001667,-75.90029167,1,1,10,4,99,2,0,24,0,1,1,0,3,2,1,1,24,3,3,3,1,1,2,2,2,1,2,2,2,2,1,2,2,2,"Maryland",0
"14150",240354,24,10240,39.63910278,-77.82533889,1,1,10,4,6,1,0,8,0,1,1,0,1,3,1,1,24,3,3,1,1,1,2,2,1,2,2,3,2,2,2,2,2,2,"Maryland",0
"14151",240355,24,11959,38.78265278,-76.31519444,4,4,10,6,15,3,0,12,0,1,1,0,1,1,1,1,24,3,3,1,1,2,2,2,2,1,2,3,2,2,2,2,2,1,"Maryland",1
"14152",240356,24,11607,38.94798056,-76.47736944,1,1,10,1,2,4,0,42,0,1,1,0,4,2,1,1,24,3,3,2,2,1,2,2,2,2,2,3,1,2,2,2,2,2,"Maryland",0
"14153",240357,24,10635,39.40316389,-76.94668056,3,3,10,1,5,3,0,33,0,3,2,0,4,3,10,1,24,3,3,2,2,1,2,1,2,1,2,2,1,2,2,2,2,2,"Maryland",1
"14154",240358,24,11217,39.11524167,-77.07531944,1,1,10,7,0,3,0,59,0,3,98,0,3,3,1,1,24,3,3,2,2,1,2,2,2,2,2,2,2,1,2,2,2,2,"Maryland",0
"14155",240359,24,11391,39.04083889,-76.99613611,1,1,10,5,6,2,0,8,0,1,1,0,1,1,1,1,24,3,3,1,1,1,2,2,1,2,2,3,2,2,2,2,2,2,"Maryland",0
"14156",240360,24,11512,38.98739444,-76.99514167,3,3,10,5,19,3,0,33,0,1,1,0,4,3,1,1,24,3,3,2,1,1,2,2,2,2,2,2,1,2,2,2,2,2,"Maryland",0
"14157",240361,24,11564,38.96981944,-77.11203056,1,1,10,4,18,3,0,8,0,2,2,0,1,3,1,1,24,3,3,2,1,1,2,2,1,2,2,3,2,2,2,2,2,2,"Maryland",0
"14158",240362,24,11509,38.98811389,-77.01761389,1,1,10,4,0,4,0,42,0,3,4,0,4,3,1,1,24,3,3,2,1,1,2,2,2,2,2,1,2,2,1,2,2,2,"Maryland",1
"14159",240363,24,10483,39.49461667,-77.18576667,1,1,10,3,9,3,0,32,0,1,1,0,4,1,10,1,24,3,3,1,1,1,2,2,2,2,2,1,2,2,2,2,2,2,"Maryland",1
"14160",240364,24,12190,38.67497222,-76.87588889,1,1,10,4,7,2,0,8,0,2,2,0,1,2,2,1,24,3,3,1,1,1,2,2,1,2,2,3,2,1,2,1,2,2,"Maryland",0
"14161",240365,24,11024,39.20418056,-76.60257222,1,1,10,7,3,3,0,24,0,1,1,0,4,2,1,1,24,3,3,2,2,1,2,2,2,1,2,1,2,2,2,2,2,2,"Maryland",1
"14162",240366,24,10117,39.68948611,-77.73039444,1,2,10,4,17,4,0,17,0,1,1,0,4,1,2,1,24,3,3,1,1,1,2,2,2,2,2,2,2,2,2,2,2,2,"Maryland",0
"14163",240367,24,10810,39.31794722,-76.68810833,2,2,7,7,0,9,0,12,0,2,2,0,1,3,1,1,24,3,3,2,2,2,2,2,2,2,2,3,2,2,2,1,2,2,"Maryland",0
"14164",240368,24,10733,39.35359444,-76.69868611,4,4,8,1,21,3,0,12,0,1,1,0,1,3,1,1,24,3,3,2,2,2,1,1,2,2,2,1,2,2,2,2,2,2,"Maryland",1
"14165",240369,24,10843,39.30083333,-76.544325,5,5,8,7,19,3,0,33,0,1,1,0,3,3,1,1,24,3,3,2,2,1,2,1,2,1,2,1,2,2,2,2,2,2,"Maryland",1
"14166",240370,24,12934,38.28410556,-76.47354722,2,2,10,3,14,3,0,12,0,1,1,0,1,1,1,1,24,3,3,1,1,2,1,1,2,2,2,3,2,2,2,2,2,2,"Maryland",0
"14167",240371,24,12349,38.61580556,-76.52834444,1,1,10,7,14,4,0,9,0,1,1,0,1,1,1,2,24,3,3,1,2,1,2,2,2,2,2,1,2,2,2,2,2,2,"Maryland",1
"14168",240372,24,10248,39.63096111,-76.08068889,2,2,10,7,21,3,0,8,0,1,1,0,1,2,1,1,24,3,3,2,2,1,2,2,1,2,2,3,2,2,2,2,2,2,"Maryland",0
"14169",240373,24,11097,39.17034722,-76.55543889,10,10,10,7,22,4,0,12,0,1,1,0,1,3,1,2,24,3,3,2,2,3,2,1,2,1,2,1,1,2,1,2,2,2,"Maryland",2
"14170",240374,24,11926,38.79808889,-76.98507222,1,1,10,3,23,4,0,8,0,1,1,0,1,3,10,1,24,3,3,2,1,1,2,2,1,2,2,3,2,2,2,1,2,2,"Maryland",0
"14171",240375,24,12859,38.32983333,-75.74578056,1,1,10,2,7,3,0,34,0,1,1,0,4,4,1,1,24,3,3,1,1,1,2,2,2,2,2,2,2,2,1,2,2,2,"Maryland",0
"14172",240376,24,11898,38.808525,-76.9701,1,1,10,1,21,1,0,5,0,5,1,0,4,2,1,1,24,2,1,2,2,1,1,1,2,2,2,3,2,2,2,2,2,2,"Maryland",1
"14173",240377,24,11679,38.91037222,-76.92333333,5,5,10,7,2,4,0,12,0,1,1,0,1,3,1,1,24,3,3,2,2,2,1,2,2,2,2,3,1,2,2,2,2,2,"Maryland",0
"14174",240378,24,12272,38.64289444,-77.04415,1,1,10,3,17,3,0,24,0,1,1,0,4,1,1,1,24,3,3,1,1,1,1,2,2,2,2,3,2,2,2,2,1,2,"Maryland",0
"14175",240379,24,11035,39.19841389,-76.739825,1,1,10,6,20,2,0,8,0,2,2,0,1,3,1,1,24,3,3,2,2,1,2,2,1,2,2,3,2,2,2,2,2,2,"Maryland",0
"14176",240380,24,12173,38.68076111,-76.87413056,2,2,10,5,7,2,0,12,0,8,1,0,1,4,1,1,24,3,3,1,1,2,2,2,2,2,2,3,2,2,2,2,2,2,"Maryland",0
"14177",240381,24,11626,38.93943889,-76.93459167,1,1,10,6,23,3,0,8,0,1,1,0,1,3,1,1,24,3,3,2,2,1,2,2,1,2,2,3,2,2,2,1,2,2,"Maryland",0
"14178",240382,24,12064,38.73119722,-76.75639722,2,2,10,7,12,3,0,42,0,1,1,0,4,1,1,1,24,3,3,1,2,1,2,2,2,2,2,3,2,2,2,2,2,1,"Maryland",0
"14179",240383,24,10803,39.32165833,-76.505925,1,1,11,1,18,2,0,8,0,1,1,0,1,3,1,1,24,3,3,2,2,1,2,2,1,2,2,3,2,2,2,2,2,2,"Maryland",0
"14180",240384,24,10637,39.40204167,-76.59969167,3,3,11,3,14,4,0,12,0,1,1,0,1,1,2,1,24,3,3,1,1,2,2,2,2,1,2,3,2,2,2,2,2,2,"Maryland",0
"14181",240385,24,12872,38.32228889,-75.61976111,5,5,11,1,17,2,0,12,0,2,2,0,1,3,1,1,24,3,3,1,2,2,2,2,2,2,2,3,2,2,1,2,1,2,"Maryland",0
"14182",240386,24,10800,39.322175,-76.54839722,2,2,11,1,21,6,0,12,0,3,2,0,1,3,1,1,24,3,3,2,2,2,2,2,2,2,1,3,2,2,2,2,2,2,"Maryland",1
"14183",240387,24,10809,39.31874167,-76.57705,1,1,11,7,7,2,0,33,0,1,1,0,4,1,1,1,24,3,3,1,2,1,2,1,1,2,2,3,2,2,2,1,2,2,"Maryland",0
"14184",240388,24,10926,39.26032222,-76.48791667,1,1,11,1,12,9,0,9,0,1,1,0,5,1,98,1,24,3,3,1,2,1,2,2,2,2,2,3,2,1,2,2,2,2,"Maryland",0
"14185",240389,24,10895,39.271925,-76.67022778,2,2,11,4,5,9,0,12,0,2,3,0,1,3,1,1,24,3,3,2,1,2,1,1,2,2,2,3,2,2,2,2,2,2,"Maryland",0
"14186",240390,24,11096,39.17057222,-76.88348611,2,2,11,7,5,2,0,24,0,1,1,0,3,2,1,1,24,3,3,2,2,1,1,2,2,2,2,2,2,2,2,2,2,2,"Maryland",0
"14187",240391,24,11982,38.77135833,-76.876,3,3,11,2,17,3,0,12,0,2,3,0,1,5,1,1,24,2,2,1,1,2,2,2,2,1,2,3,2,2,2,2,2,2,"Maryland",0
"14188",240392,24,10367,39.57072222,-75.88473611,4,4,11,5,13,4,0,12,0,1,1,0,1,1,98,2,24,3,3,1,1,2,2,2,2,1,2,3,1,2,2,2,2,2,"Maryland",0
"14189",240393,24,10517,39.478575,-77.34190833,3,3,11,1,13,6,0,30,0,1,1,0,4,1,1,1,24,3,3,1,2,1,2,1,2,1,2,2,1,2,2,2,2,2,"Maryland",0
"14190",240394,24,12913,38.29457222,-75.67740556,1,1,11,7,16,4,0,35,0,1,1,0,4,5,1,1,24,3,3,1,2,1,2,2,2,1,2,1,2,1,2,2,2,2,"Maryland",1
"14191",240395,24,10845,39.299975,-76.64578889,1,1,11,3,19,2,0,8,0,2,2,0,1,2,1,1,24,3,3,2,1,1,2,2,1,2,2,3,2,2,2,2,2,2,"Maryland",0
"14192",240396,24,10492,39.49045,-76.37454722,4,4,11,6,17,4,0,12,0,1,1,0,1,2,1,1,24,3,3,1,1,2,2,2,2,2,2,3,1,2,2,2,2,2,"Maryland",0
"14193",240397,24,11590,38.95703889,-76.921825,2,2,11,2,18,3,0,8,0,1,1,0,1,3,1,1,24,3,3,2,1,1,2,2,1,2,2,3,2,2,2,2,2,2,"Maryland",0
"14194",240398,24,10684,39.37918611,-76.51967778,2,2,11,5,12,1,0,12,0,1,1,0,1,1,1,1,24,2,1,1,1,2,1,1,2,2,2,3,2,2,2,2,2,2,"Maryland",0
"14195",240399,24,10966,39.23606944,-76.47084444,1,1,11,5,2,3,0,33,0,3,2,0,4,2,1,1,24,3,3,2,1,1,1,2,2,2,2,1,2,2,2,2,2,2,"Maryland",1
"14196",240400,24,10695,39.37251111,-76.58174722,5,5,11,7,11,3,0,30,0,1,1,0,4,1,10,1,24,3,3,1,2,2,2,2,2,1,2,3,2,2,1,2,2,2,"Maryland",0
"14197",240401,24,10880,39.28092222,-76.704875,2,2,11,1,8,9,0,12,0,1,1,0,1,4,2,1,24,3,3,1,2,2,2,1,2,2,2,1,2,2,2,2,2,2,"Maryland",1
"14198",240402,24,11080,39.17700833,-77.23846111,1,1,11,6,18,3,0,8,0,3,3,0,1,2,1,1,24,3,3,2,2,1,2,2,1,2,2,3,2,2,2,2,2,2,"Maryland",0
"14199",240403,24,12257,38.64981667,-76.77092222,2,2,11,3,9,3,0,12,0,2,3,0,1,1,1,1,24,3,3,1,1,2,2,2,2,2,2,3,2,1,2,2,1,2,"Maryland",0
"14200",240404,24,10437,39.52345556,-77.60213333,5,5,12,4,20,1,0,12,0,1,1,0,2,2,1,1,24,2,1,2,1,2,2,2,2,2,2,2,2,2,2,2,2,2,"Maryland",0
"14201",240405,24,12394,38.59571667,-76.938075,2,2,11,6,4,2,2,12,0,1,1,0,1,2,5,1,24,3,3,2,1,2,1,1,2,2,2,1,2,2,2,2,2,2,"Maryland",1
"14202",240406,24,10423,39.53402222,-76.99469167,3,3,11,2,16,3,0,12,0,1,1,0,1,5,2,1,24,3,3,1,1,2,2,1,2,2,2,3,2,1,2,2,1,2,"Maryland",0
"14203",240407,24,11361,39.05618889,-76.95429167,3,3,11,2,2,4,0,12,0,2,2,0,1,3,1,1,24,3,3,2,2,2,2,2,2,1,2,3,2,2,1,2,2,2,"Maryland",0
"14204",240408,24,11382,39.04299167,-76.79838611,3,3,11,5,12,3,0,12,0,1,1,0,1,1,2,1,24,2,2,1,1,2,2,2,2,2,2,3,2,1,1,2,2,2,"Maryland",0
"14205",240409,24,11483,38.99881667,-76.74085556,3,3,11,5,23,4,0,12,0,3,4,0,1,3,1,2,24,3,3,2,1,2,2,2,2,2,2,3,2,2,2,2,2,2,"Maryland",0
"14206",240410,24,11408,39.03495833,-76.94929167,4,4,11,3,6,3,0,8,0,2,3,0,1,3,1,1,24,3,3,1,1,1,2,2,1,2,2,3,2,2,2,2,2,2,"Maryland",0
"14207",240411,24,11555,38.97226111,-76.99712778,8,8,11,5,15,3,0,12,0,2,3,0,1,1,1,1,24,2,2,1,1,2,2,2,2,2,2,1,2,2,2,2,1,2,"Maryland",1
"14208",240412,24,11598,38.95342778,-76.97333056,18,18,11,1,16,3,0,12,0,1,1,0,1,1,1,4,24,2,2,1,2,3,2,1,2,2,2,1,2,2,2,1,2,2,"Maryland",1
"14209",240413,24,10582,39.44198056,-76.35877222,4,4,11,3,15,1,0,12,0,1,1,0,1,1,1,1,24,1,1,1,1,3,2,2,2,2,2,1,2,2,1,2,2,2,"Maryland",1
"14210",240414,24,10678,39.38098333,-76.51213333,1,1,12,5,14,3,0,8,0,3,2,0,1,1,1,1,24,3,3,1,1,1,2,2,1,2,2,2,2,2,1,2,2,2,"Maryland",0
"14211",240416,24,12829,38.34690556,-76.56505833,2,2,12,7,19,3,0,33,0,1,1,0,4,3,1,2,24,3,3,2,2,1,2,1,2,1,2,1,2,2,2,2,2,2,"Maryland",1
"14212",240417,24,10476,39.49723611,-76.89334167,2,2,12,2,21,3,0,30,0,1,1,0,4,3,1,1,24,3,3,2,1,1,2,1,2,2,2,1,2,2,1,2,2,2,"Maryland",1
"14213",240418,24,10568,39.44926667,-76.32399444,3,3,12,4,17,1,0,12,0,1,1,0,1,2,1,1,24,3,1,1,1,3,2,2,2,2,2,3,2,2,1,2,2,2,"Maryland",0
"14214",240419,24,10147,39.674775,-76.07034167,3,3,12,5,6,4,0,12,0,2,3,0,1,2,1,1,24,3,3,1,1,2,2,1,2,2,2,3,2,2,2,2,1,2,"Maryland",0
"14215",240420,24,10726,39.35622778,-76.40223056,1,1,12,3,4,4,0,18,0,1,1,0,1,2,1,1,24,2,2,2,1,1,2,2,2,2,2,1,2,2,2,2,2,2,"Maryland",1
"14216",240421,24,11922,38.79987778,-77.00586111,4,4,12,6,6,1,0,12,0,1,1,0,1,3,1,2,24,2,1,1,1,2,2,2,2,2,2,3,2,1,2,2,1,2,"Maryland",0
"14217",240422,24,10236,39.64051667,-77.40125278,2,2,12,6,15,2,0,12,0,2,2,0,1,1,1,1,24,2,2,1,1,2,2,2,2,2,2,3,2,1,2,2,2,2,"Maryland",0
"14218",240423,24,10816,39.31578056,-76.60840833,2,2,12,7,1,4,0,39,0,1,1,0,4,3,1,1,24,3,3,2,2,1,2,2,2,2,2,1,2,2,2,2,2,2,"Maryland",1
"14219",240424,24,11529,38.98120556,-76.49475,1,1,12,2,8,3,0,33,0,1,1,0,4,1,10,1,24,3,3,1,1,1,2,2,1,2,2,3,2,2,1,2,1,2,"Maryland",0
"14220",240425,24,10536,39.46648889,-76.63735833,1,1,12,5,6,3,0,8,0,3,3,0,1,3,10,1,24,3,3,1,1,1,2,2,1,2,2,3,2,1,2,2,2,2,"Maryland",0
"14221",240426,24,11803,38.85303889,-76.76985833,2,2,12,5,22,3,0,12,0,1,1,0,1,2,10,1,24,3,3,2,1,2,2,1,2,2,2,3,1,2,2,2,2,2,"Maryland",1
"14222",240427,24,11086,39.17476111,-76.59768611,3,3,12,5,22,4,0,12,0,1,1,0,1,3,10,1,24,3,3,2,1,2,2,2,2,2,2,1,1,2,2,2,2,2,"Maryland",1
"14223",240428,24,10313,39.59904722,-78.73834167,4,4,12,5,7,3,0,12,0,2,3,0,1,1,2,1,24,3,3,1,1,3,2,2,2,2,2,3,1,2,2,2,2,2,"Maryland",0
"14224",240429,24,11152,39.14271667,-76.817675,1,1,12,7,13,3,0,42,1,19,1,0,4,1,1,1,24,3,3,1,2,1,2,1,2,2,2,2,2,2,2,2,2,2,"Maryland",0
"14225",240430,24,10823,39.31319722,-76.61935278,1,1,12,5,9,8,0,8,0,2,2,0,1,1,2,1,24,3,3,1,1,1,2,2,1,2,2,3,2,2,2,2,2,2,"Maryland",0
"14226",240431,24,11395,39.03982222,-75.79969722,6,6,12,1,16,3,0,12,0,1,1,0,1,1,1,1,24,3,3,1,2,3,2,2,2,1,2,3,2,1,2,2,2,2,"Maryland",0
"14227",240432,24,12509,38.53240833,-76.73575278,3,3,12,3,17,3,0,12,0,2,3,0,1,2,1,1,24,3,3,1,1,3,2,2,2,2,2,3,2,2,2,2,1,2,"Maryland",0
"14228",240433,24,11192,39.12617222,-76.68906667,1,1,12,1,1,3,0,8,0,1,1,0,1,3,1,1,24,3,3,2,2,1,2,2,1,2,2,1,2,2,2,1,2,2,"Maryland",1
"14229",240434,24,12376,38.60384167,-76.90125556,2,2,12,7,14,4,0,12,0,2,2,0,1,1,1,1,24,2,2,1,2,2,1,2,2,2,2,1,2,1,2,2,2,2,"Maryland",1
"14230",240435,24,12028,38.75073611,-76.87931389,2,2,12,4,21,3,0,12,0,2,2,0,1,1,2,1,24,2,2,2,1,2,2,2,2,2,2,3,2,2,2,2,2,2,"Maryland",0
"14231",240436,24,11873,38.81848333,-76.911375,2,2,12,6,3,1,0,12,0,1,1,0,1,3,98,1,24,2,1,2,1,2,2,2,2,2,2,3,2,2,2,2,2,2,"Maryland",0
"14232",240437,24,10852,39.29632222,-76.73420278,1,1,12,6,20,4,0,8,0,1,1,0,1,2,1,1,24,2,2,2,2,1,2,2,1,2,2,3,2,2,2,2,2,2,"Maryland",0
"14233",240438,24,10120,39.68835278,-79.19036944,1,1,12,7,19,1,0,35,0,1,1,0,4,2,2,1,24,1,1,2,2,1,2,2,2,2,2,1,2,2,2,2,2,2,"Maryland",1
"14234",240439,24,12012,38.75968056,-76.06209167,1,1,12,7,19,2,0,8,0,2,2,0,1,3,1,1,24,2,2,2,2,1,2,2,1,2,2,3,2,2,2,2,2,2,"Maryland",0
"14235",240440,24,10597,39.43047778,-77.76470833,1,1,12,1,19,9,9,1,0,1,1,0,4,2,2,1,24,3,3,2,2,1,1,1,2,2,2,1,2,2,2,2,2,2,"Maryland",1
"14236",240441,24,10963,39.23838333,-77.10448889,1,1,12,3,18,3,0,35,0,1,1,0,4,2,1,1,24,1,2,2,1,1,2,2,2,1,2,2,1,2,2,2,2,2,"Maryland",0
"14237",240442,24,11272,39.09759444,-77.13652222,1,1,12,7,18,4,0,9,0,2,2,0,1,3,1,1,24,2,2,2,2,1,2,2,2,2,2,3,2,2,1,2,2,2,"Maryland",0
"14238",240443,24,10221,39.645625,-76.24768611,1,1,12,1,4,9,0,30,0,3,3,0,4,2,5,1,24,3,3,2,2,1,2,2,2,2,2,3,2,2,1,2,2,2,"Maryland",0
"14239",240444,24,10620,39.41035,-76.41452778,6,6,12,6,13,1,0,12,0,1,1,0,1,1,1,2,24,2,1,1,1,2,2,2,2,2,1,3,1,2,2,2,2,2,"Maryland",0
"14240",240445,24,10451,39.51589722,-76.14648889,0,0,12,7,15,8,0,8,0,1,1,0,4,1,1,1,24,2,2,1,2,1,2,2,1,2,2,2,2,2,2,2,2,2,"Maryland",0
"14241",240446,24,10988,39.22115,-76.6546,3,3,12,1,8,3,0,12,0,5,1,0,1,1,10,1,24,3,3,1,2,2,2,1,2,2,2,3,2,2,2,2,2,2,"Maryland",0
"14242",240447,24,11311,39.07771667,-77.13337222,1,1,12,5,21,3,0,8,0,1,1,0,1,3,1,1,24,3,3,2,1,1,2,2,1,2,2,1,2,2,2,2,2,2,"Maryland",1
"14243",240448,24,11802,38.85346111,-76.90916667,1,1,12,2,18,3,0,8,0,1,1,0,1,2,2,1,24,2,2,2,1,1,2,2,1,2,2,3,2,2,2,1,2,2,"Maryland",0
"14244",240449,24,11351,39.06004722,-77.08916944,1,1,12,6,19,3,0,9,0,3,3,0,1,3,2,1,24,2,2,2,2,1,2,2,2,2,2,3,2,2,2,2,2,2,"Maryland",0
"14245",240450,24,10495,39.48819722,-76.96763611,3,3,12,7,15,3,0,30,0,1,1,0,4,1,1,1,24,2,2,1,2,2,2,2,2,2,2,3,2,1,2,2,2,2,"Maryland",0
"14246",240451,24,11046,39.19170278,-76.67655833,5,5,12,4,12,3,0,12,0,2,2,0,1,1,2,1,24,2,2,1,1,2,2,2,2,2,2,3,2,2,2,2,2,2,"Maryland",0
"14247",240452,24,10703,39.36751389,-77.52271111,1,1,12,5,18,4,0,32,0,1,1,0,4,2,1,1,24,2,2,2,1,1,2,2,2,2,2,1,2,1,2,2,2,2,"Maryland",1
"14248",240453,24,10841,39.30281111,-76.82437222,2,2,12,5,17,2,0,12,0,2,3,0,1,5,1,1,24,1,2,1,1,2,2,2,2,2,2,3,2,1,2,2,2,2,"Maryland",0
"14249",240454,24,10729,39.35484722,-76.60288889,3,3,12,5,16,6,0,8,0,1,1,0,1,3,1,1,24,2,2,1,1,1,2,1,1,2,2,3,2,2,2,2,2,2,"Maryland",0