"","ST_CASE","OBJECT_ID","FID","LATITUDE","LONGITUD","PERMVIT","PERSONS","MONTH","DAY_WEEK","HOUR","ROUTE","SP_JUR","HARM_EV","RELJCT1","RELJCT2","TYP_INT","WRK_ZONE","REL_ROAD","LGT_COND","WEATHER","FATALS","STATE","A_RU","A_INTER","A_TOD","A_DOW","A_CT","A_MC","A_SPCRA","A_PED","A_ROLL","A_POLPUR","A_POSBAC","A_D15_20","A_D65PLS","A_D21_24","A_HR","A_DIST","A_DROWSY","STATE_NAME","drunkDr"
"14250",240455,24,10643,39.40028611,-76.79902778,1,1,12,1,13,4,0,8,0,1,1,0,1,1,1,1,24,2,2,1,2,1,2,2,1,2,2,3,2,2,1,2,2,2,"Maryland",0
"14251",240456,24,10734,39.35330278,-76.53250556,3,3,9,1,2,2,0,12,0,1,1,0,1,3,1,2,24,2,2,2,2,2,2,2,2,2,2,1,2,2,2,2,2,2,"Maryland",1
"14252",240457,24,10745,39.34686111,-76.46225,1,1,12,1,18,2,0,8,0,1,1,0,1,2,10,1,24,2,2,2,2,1,2,2,1,2,2,3,2,2,2,1,2,2,"Maryland",0
"14253",240458,24,11760,38.87523333,-76.87888333,3,3,12,1,17,4,0,12,0,2,3,0,1,3,10,1,24,2,2,1,2,2,2,2,2,2,2,1,2,2,2,2,2,2,"Maryland",1
"14254",240459,24,11742,38.88524722,-76.90888333,2,2,12,6,9,3,0,8,0,3,2,0,1,1,1,1,24,2,2,1,1,1,2,2,1,2,2,3,2,2,1,2,2,2,"Maryland",0
"14255",240460,24,10373,39.56845556,-75.88512778,1,1,12,5,12,4,0,1,0,1,1,0,4,1,2,1,24,2,2,1,1,1,2,1,2,1,2,2,2,2,2,2,2,2,"Maryland",0
"14256",240461,24,10652,39.39421111,-79.193575,3,3,10,7,11,3,0,12,0,1,1,0,1,1,2,2,24,1,2,1,2,2,2,2,2,2,2,3,2,2,2,2,2,1,"Maryland",0
"14257",240462,24,11781,38.862575,-76.90034722,1,1,11,5,4,3,0,33,0,1,1,0,3,3,1,1,24,2,2,2,1,1,2,2,2,1,2,2,2,2,2,2,2,2,"Maryland",0
"14258",240463,24,11658,38.92257222,-76.8673,1,1,12,5,2,3,0,33,0,1,1,0,3,2,1,1,24,2,2,2,1,1,2,2,2,2,2,2,2,2,2,2,1,2,"Maryland",0
"14259",240464,24,10304,39.60349444,-75.83810278,2,2,12,6,18,2,0,8,0,1,1,0,1,2,1,1,24,2,2,2,2,1,2,2,1,2,2,3,2,2,2,2,2,2,"Maryland",0
"14260",240465,24,11332,39.06998611,-76.830525,1,1,2,1,21,3,1,8,0,1,1,0,6,2,1,1,24,3,3,2,2,1,2,2,1,2,2,3,2,1,2,1,2,2,"Maryland",0
"14261",240466,24,10409,39.54098333,-79.00673333,2,2,12,4,13,3,0,34,0,1,1,0,4,1,2,1,24,2,2,1,1,1,2,2,2,2,2,3,2,1,2,2,1,2,"Maryland",0
"14262",240468,24,10589,39.43804444,-76.34532778,2,2,9,7,18,3,0,12,0,8,1,0,1,1,1,1,24,2,2,2,2,2,1,1,2,2,2,3,2,2,2,2,1,2,"Maryland",0
"14263",240469,24,10831,39.31011667,-76.64258889,1,1,11,2,15,2,0,8,0,2,2,0,1,1,10,1,24,2,2,1,1,1,2,2,1,2,2,3,2,1,2,2,1,2,"Maryland",0
"14264",240470,24,11634,38.93535833,-76.91658056,2,2,3,6,2,3,1,12,0,1,1,0,1,2,1,1,24,3,3,2,1,2,2,1,2,2,2,1,1,2,1,1,2,2,"Maryland",1
"14265",240471,24,11842,38.83562778,-76.91986389,2,2,8,1,0,8,1,12,0,2,2,0,1,2,1,1,24,2,2,2,2,2,2,2,2,2,2,3,2,2,2,2,2,2,"Maryland",0
"14266",240472,24,11816,38.85060833,-76.96120833,2,2,9,1,23,8,1,12,0,1,1,0,1,3,1,1,24,2,2,2,2,2,2,2,2,2,2,3,2,2,2,2,2,2,"Maryland",0
"14267",240473,24,11209,39.11769722,-76.77159444,3,3,10,4,2,3,1,99,0,1,1,0,4,2,1,2,24,3,3,2,1,1,2,2,2,2,2,1,2,2,2,2,2,2,"Maryland",1
"14268",240474,24,11266,39.09889444,-76.79666944,1,1,10,6,13,3,1,99,0,98,98,0,98,1,1,1,24,3,3,1,1,1,2,2,2,2,2,1,2,2,2,2,2,2,"Maryland",1
"14269",240475,24,10779,39.33336667,-76.66171667,8,8,11,6,21,3,0,12,0,2,2,0,1,3,1,1,24,2,2,2,2,3,2,1,2,2,2,3,2,2,2,2,2,2,"Maryland",0
"14270",250001,25,4641,42.02187778,-70.95031944,1,1,1,1,21,3,0,30,0,3,3,0,4,3,1,1,25,2,2,2,2,1,2,2,2,2,2,2,2,2,2,2,2,2,"Massachusetts",0
"14271",250002,25,3718,42.53625556,-70.98880556,1,1,1,3,0,2,0,8,0,3,3,0,1,3,10,1,25,2,2,2,1,1,2,2,1,2,2,3,2,2,2,2,2,2,"Massachusetts",0
"14272",250003,25,4489,42.10124444,-71.03602222,3,3,1,7,1,8,0,33,0,3,2,0,4,2,1,1,25,2,2,2,2,1,2,1,2,2,2,1,2,2,1,2,2,2,"Massachusetts",1
"14273",250004,25,4010,42.38179722,-73.34515833,1,1,1,1,19,8,0,24,0,1,1,0,4,3,4,1,25,1,2,2,2,1,2,2,2,1,2,1,2,2,2,2,2,2,"Massachusetts",1
"14274",250005,25,4678,41.99703333,-71.27417778,1,1,1,1,4,8,0,39,0,3,3,0,4,3,1,1,25,2,2,2,2,1,2,2,2,2,2,1,2,2,1,2,1,2,"Massachusetts",1
"14275",250006,25,5277,41.6883,-69.96654444,1,1,1,5,4,8,0,8,0,2,3,0,1,2,10,1,25,2,2,2,1,1,2,2,1,2,2,3,2,2,2,2,2,2,"Massachusetts",0
"14276",250007,25,3658,42.57618333,-71.83410556,2,2,1,7,18,3,0,8,0,1,1,0,1,1,1,1,25,2,2,2,2,1,2,1,1,2,2,3,2,1,2,2,2,2,"Massachusetts",0
"14277",250008,25,4915,41.84619167,-70.84962778,3,3,1,1,1,3,0,18,0,1,1,0,4,2,1,1,25,1,2,2,2,1,2,2,2,2,2,2,1,2,2,2,2,1,"Massachusetts",0
"14278",250009,25,3705,42.54415278,-71.87743889,2,2,1,3,18,3,0,12,1,20,1,0,1,2,1,1,25,1,2,2,1,2,2,2,2,2,2,1,2,1,2,2,2,2,"Massachusetts",1
"14279",250010,25,4329,42.21089167,-71.54435833,3,3,1,7,13,1,0,24,0,1,1,0,3,1,3,1,25,2,1,1,2,2,2,1,2,2,2,3,2,2,1,2,2,2,"Massachusetts",0
"14280",250011,25,4403,42.15782222,-73.26435278,1,1,2,7,16,8,0,24,0,1,1,0,4,1,2,1,25,1,2,1,2,1,2,2,2,2,2,2,2,2,2,2,2,2,"Massachusetts",0
"14281",250012,25,3952,42.40263889,-71.05920278,1,1,2,7,2,3,0,33,1,5,1,0,4,3,1,1,25,2,2,2,2,1,2,1,2,2,2,1,1,2,2,2,2,2,"Massachusetts",1
"14282",250013,25,4178,42.29142222,-72.40929722,1,1,2,7,1,3,0,8,0,1,1,0,1,2,1,1,25,2,2,2,2,1,2,2,1,2,2,3,2,2,2,2,1,2,"Massachusetts",0
"14283",250014,25,5402,41.64013889,-71.01578333,3,3,2,5,19,2,0,12,0,8,1,0,1,3,1,1,25,2,2,2,1,2,2,2,2,2,2,3,2,2,1,2,2,2,"Massachusetts",0
"14284",250015,25,4674,41.99895833,-71.20506389,2,2,2,3,18,1,0,48,0,1,1,0,3,2,4,1,25,2,1,2,1,2,2,2,2,1,2,3,2,2,2,2,2,2,"Massachusetts",0
"14285",250016,25,4767,41.944675,-71.28343611,1,1,3,2,21,8,0,8,0,2,3,0,1,3,1,1,25,2,2,2,1,1,2,2,1,2,2,3,2,2,2,2,2,2,"Massachusetts",0
"14286",250017,25,4367,42.18396944,-71.886975,1,1,2,4,14,1,0,8,0,1,1,0,1,1,1,1,25,2,1,1,1,2,2,2,1,2,2,3,2,2,2,2,1,2,"Massachusetts",0
"14287",250018,25,4411,42.153825,-72.638625,3,3,2,5,12,1,0,12,0,1,1,0,1,1,10,1,25,2,1,1,1,3,2,2,2,2,2,3,1,2,1,2,2,2,"Massachusetts",0
"14288",250019,25,4047,42.36278056,-71.11363056,1,1,3,4,13,8,0,9,0,1,1,0,1,1,1,1,25,2,2,1,1,1,2,2,2,2,2,3,2,2,2,2,2,2,"Massachusetts",0
"14289",250020,25,4303,42.22771389,-71.64440556,7,7,1,5,3,1,0,12,0,1,1,0,1,2,1,2,25,2,1,2,1,2,2,2,2,2,2,3,1,2,1,2,1,2,"Massachusetts",0
"14290",250021,25,4282,42.241275,-71.00488333,1,1,1,3,18,8,0,8,0,1,1,0,1,3,10,1,25,2,2,2,1,1,2,2,1,2,2,3,2,2,2,1,2,2,"Massachusetts",0
"14291",250022,25,3651,42.5796,-71.77689167,1,1,2,6,18,8,0,8,0,1,1,0,1,2,1,1,25,2,2,2,2,1,2,2,1,2,2,3,2,2,2,2,2,2,"Massachusetts",0
"14292",250023,25,3535,42.66597778,-71.117775,2,2,3,2,14,3,0,12,0,1,1,0,1,1,1,1,25,2,2,1,1,2,2,2,2,2,2,3,2,2,2,2,1,2,"Massachusetts",0
"14293",250024,25,4050,42.36125833,-71.06560833,1,1,3,4,12,8,0,8,1,18,1,0,1,1,1,1,25,2,2,1,1,1,2,2,1,2,2,3,2,2,2,2,2,2,"Massachusetts",0
"14294",250025,25,3951,42.40372222,-71.13964722,1,1,3,2,11,8,0,8,0,1,1,0,1,1,1,1,25,2,2,1,1,1,2,2,1,2,2,3,2,2,2,2,1,2,"Massachusetts",0
"14295",250026,25,3528,42.67043611,-71.57744722,1,1,1,1,22,8,0,30,0,1,1,0,4,3,1,1,25,2,2,2,2,1,2,2,2,2,2,1,2,2,1,2,2,2,"Massachusetts",1
"14296",250028,25,4525,42.07774167,-72.381775,1,1,4,6,1,8,0,35,0,8,1,0,4,2,2,1,25,2,2,2,1,1,2,2,2,1,2,2,2,2,2,2,2,2,"Massachusetts",0
"14297",250029,25,5371,41.64916389,-70.92756389,2,2,3,1,6,3,0,24,0,1,1,0,4,1,10,1,25,2,2,1,2,1,2,2,2,1,2,3,1,2,2,2,2,2,"Massachusetts",0
"14298",250030,25,4287,42.23936944,-70.98477222,4,4,2,6,12,8,0,12,0,1,1,0,1,1,1,2,25,2,2,1,1,2,2,2,2,2,2,3,2,1,2,2,1,2,"Massachusetts",0
"14299",250031,25,4434,42.14088889,-72.58355833,2,2,3,5,7,8,0,12,0,1,1,0,1,1,1,1,25,2,2,1,1,2,2,2,2,2,2,3,2,2,2,2,2,2,"Massachusetts",0
"14300",250032,25,4635,42.02363611,-71.12014167,1,1,4,1,5,8,0,59,0,1,1,0,4,6,1,1,25,2,2,2,2,1,2,1,2,1,2,1,2,2,2,2,2,2,"Massachusetts",1
"14301",250033,25,5870,41.44534167,-70.62283889,1,1,4,1,5,8,0,42,0,3,3,0,4,2,1,1,25,2,2,2,2,1,2,2,2,2,2,2,2,2,1,2,2,2,"Massachusetts",0
"14302",250034,25,3849,42.45046389,-71.02293611,1,1,4,4,22,2,0,8,0,1,1,0,1,3,2,1,25,2,2,2,1,1,2,2,1,2,2,3,1,2,2,1,1,2,"Massachusetts",0
"14303",250035,25,4190,42.28676111,-72.80133056,1,1,4,2,15,8,0,24,0,1,1,0,4,1,1,1,25,2,2,1,1,1,1,2,2,2,2,2,2,2,2,2,2,2,"Massachusetts",0
"14304",250036,25,4023,42.37335,-71.91008611,1,1,4,3,11,8,0,42,0,1,1,0,4,1,1,1,25,2,2,1,1,1,2,1,2,2,2,3,1,2,2,2,2,2,"Massachusetts",0
"14305",250037,25,4512,42.08833611,-71.42598611,2,2,4,1,12,1,0,24,0,1,1,0,4,1,1,1,25,2,1,1,2,1,2,2,2,2,2,3,2,2,2,2,1,2,"Massachusetts",0
"14306",250038,25,4156,42.30448889,-71.73593889,4,4,4,3,21,1,0,12,0,1,1,0,1,2,1,1,25,2,1,2,1,3,2,1,2,1,2,3,2,1,2,2,2,2,"Massachusetts",0
"14307",250039,25,4424,42.14704722,-71.02611667,2,2,1,6,15,8,0,12,0,2,3,0,1,1,1,1,25,2,2,1,1,2,2,2,2,2,2,3,2,1,2,2,2,2,"Massachusetts",0
"14308",250040,25,4415,42.15260556,-72.15446389,2,2,3,2,8,1,0,24,0,1,1,0,3,1,1,1,25,2,1,1,1,2,2,2,2,2,2,3,2,2,1,2,2,2,"Massachusetts",0
"14309",250041,25,4484,42.10291944,-72.22338611,1,1,4,3,23,8,0,30,0,1,1,0,4,2,1,1,25,2,2,2,1,1,2,1,2,2,2,1,2,2,2,2,2,2,"Massachusetts",1
"14310",250042,25,5076,41.771575,-71.25066389,3,3,4,5,23,1,0,42,0,1,1,0,3,2,1,2,25,2,1,2,1,1,2,2,2,2,2,3,2,2,1,2,2,2,"Massachusetts",0
"14311",250043,25,4279,42.24476111,-71.76075833,2,2,4,4,18,2,0,12,0,1,1,0,1,1,1,1,25,2,2,2,1,2,2,2,2,2,2,3,2,2,2,2,2,2,"Massachusetts",0
"14312",250044,25,4316,42.21909167,-72.62948056,2,2,4,5,21,2,0,12,0,1,1,0,1,3,1,2,25,2,2,2,1,2,2,2,2,2,2,3,2,1,2,2,2,2,"Massachusetts",0
"14313",250045,25,4185,42.28909167,-72.74286111,1,1,5,1,3,3,0,42,0,1,1,0,5,2,1,1,25,2,2,2,2,1,2,1,2,2,2,1,1,2,2,2,2,2,"Massachusetts",1
"14314",250046,25,4166,42.30073056,-71.80551667,1,1,5,1,3,1,0,8,0,1,1,0,1,3,1,1,25,2,1,2,2,1,2,2,1,2,2,3,2,2,2,1,2,2,"Massachusetts",0
"14315",250047,25,4437,42.13923611,-72.68988056,2,2,5,1,7,1,0,42,0,1,1,0,3,1,1,2,25,2,1,1,2,1,2,2,2,1,2,2,2,2,2,2,2,1,"Massachusetts",0
"14316",250048,25,4600,42.04011944,-71.09030833,3,3,5,6,16,3,0,12,0,1,1,0,1,1,1,1,25,2,2,1,1,2,2,2,2,2,2,3,2,1,2,2,2,2,"Massachusetts",0
"14317",250049,25,4453,42.13058056,-71.85760833,1,1,5,7,13,1,0,1,0,1,1,0,1,1,1,1,25,2,1,1,2,1,2,2,2,1,2,2,2,2,2,2,2,2,"Massachusetts",0
"14318",250050,25,4407,42.15728611,-71.49063889,1,1,5,4,0,1,0,8,0,1,1,0,1,2,1,1,25,2,1,2,1,1,2,2,1,2,2,3,2,2,2,2,2,2,"Massachusetts",0
"14319",250052,25,4270,42.24919444,-70.91248056,1,1,5,1,12,3,0,8,0,1,1,0,1,1,1,1,25,2,2,1,2,1,2,2,1,2,2,3,1,2,2,2,2,2,"Massachusetts",0
"14320",250053,25,3747,42.51292222,-71.03702222,2,2,5,2,6,1,0,25,0,1,1,0,3,1,1,1,25,2,1,1,1,1,2,1,2,2,2,1,2,2,2,2,2,2,"Massachusetts",1
"14321",250054,25,5247,41.70194167,-70.30442778,1,1,6,2,2,3,0,1,0,1,1,0,5,3,10,1,25,2,2,2,2,1,2,1,2,1,2,3,2,2,2,2,2,2,"Massachusetts",0
"14322",250055,25,3533,42.667225,-73.01129444,1,1,5,7,8,3,0,18,0,1,1,0,5,1,1,1,25,2,2,1,2,1,2,2,2,2,2,2,2,1,2,2,2,2,"Massachusetts",0
"14323",250056,25,4628,42.02660278,-71.16552222,6,6,6,4,15,3,0,12,0,2,2,0,1,1,1,1,25,2,2,1,1,2,2,2,2,2,2,3,1,2,2,2,1,2,"Massachusetts",0
"14324",250057,25,4616,42.03248056,-71.19218611,1,1,6,4,14,3,0,9,0,1,1,0,1,1,1,1,25,2,2,1,1,1,2,2,2,2,2,3,2,1,2,2,2,2,"Massachusetts",0
"14325",250058,25,4448,42.13313056,-70.94485833,1,1,6,4,11,3,0,42,0,3,3,0,5,1,1,1,25,2,2,1,1,1,2,2,2,2,2,3,2,2,2,2,2,2,"Massachusetts",0
"14326",250059,25,3689,42.554525,-70.88163333,3,3,5,1,21,3,0,12,0,2,2,0,1,3,1,1,25,2,2,2,2,2,2,1,2,2,2,3,2,2,2,2,2,2,"Massachusetts",1
"14327",250060,25,3611,42.6156,-71.29695278,2,2,6,5,23,1,0,12,0,1,1,0,1,2,1,1,25,2,1,2,1,2,1,2,2,2,2,1,2,2,1,2,1,2,"Massachusetts",1
"14328",250061,25,4419,42.14843333,-72.60485833,2,2,7,7,2,8,0,12,0,1,1,0,1,3,1,1,25,2,2,2,2,2,2,2,2,2,2,3,2,2,2,2,2,2,"Massachusetts",0
"14329",250062,25,4372,42.181225,-72.71766111,4,4,6,1,20,2,0,12,0,3,3,0,1,3,1,1,25,2,2,2,2,2,2,2,2,2,2,3,1,2,1,2,2,2,"Massachusetts",0
"14330",250063,25,4637,42.023625,-71.12008889,1,1,6,3,10,8,0,42,0,1,1,0,4,1,1,1,25,2,2,1,1,1,2,2,2,2,2,3,2,2,2,2,2,2,"Massachusetts",0
"14331",250066,25,3575,42.63869722,-73.101775,1,1,6,3,14,8,0,8,0,1,1,0,1,1,1,1,25,2,2,1,1,1,2,2,1,2,2,3,1,2,2,2,2,2,"Massachusetts",0
"14332",250067,25,3993,42.387525,-72.03818611,1,1,7,3,22,3,0,14,0,1,1,4,5,2,1,1,25,2,2,2,1,1,2,2,2,2,2,1,2,2,1,2,1,2,"Massachusetts",1
"14333",250068,25,4260,42.25539167,-71.79753889,2,2,5,5,99,8,0,33,0,3,7,0,4,3,1,1,25,2,2,3,1,1,2,2,1,2,2,3,2,2,2,2,1,2,"Massachusetts",0
"14334",250069,25,4398,42.1612,-70.93301389,3,3,6,5,20,8,8,12,0,2,4,0,1,5,1,1,25,2,2,2,1,2,1,2,2,2,2,3,1,2,1,2,2,2,"Massachusetts",0
"14335",250070,25,4173,42.29319722,-71.471475,3,3,6,1,99,8,0,42,0,99,1,0,5,6,1,2,25,2,2,3,2,1,2,2,2,1,2,1,2,2,2,2,2,2,"Massachusetts",1
"14336",250071,25,3934,42.41348056,-71.15573056,3,3,1,5,1,3,0,42,0,1,1,0,5,3,1,1,25,2,2,2,1,1,2,1,2,2,2,3,2,2,2,2,2,2,"Massachusetts",0
"14337",250072,25,4958,41.8269,-71.32815,1,1,1,6,22,8,0,8,0,99,1,0,2,2,1,1,25,2,2,2,2,1,2,2,1,2,2,3,2,2,1,1,2,2,"Massachusetts",0
"14338",250073,25,6218,41.27099444,-70.08295556,1,1,2,1,16,8,0,8,0,3,4,0,1,1,1,1,25,2,2,1,2,1,2,2,1,2,2,3,2,2,1,2,1,2,"Massachusetts",0
"14339",250074,25,3583,42.63259722,-71.34248889,1,1,2,5,13,8,0,8,0,1,1,0,1,1,4,1,25,2,2,1,1,1,2,2,1,2,2,3,2,2,1,2,2,2,"Massachusetts",0
"14340",250075,25,3549,42.654525,-72.56413611,1,1,2,4,7,8,0,30,0,1,1,0,4,1,1,1,25,1,2,1,1,1,2,2,2,2,2,2,2,2,1,2,2,2,"Massachusetts",0
"14341",250076,25,4571,42.051625,-72.774175,1,1,1,2,12,8,0,18,0,1,1,0,5,1,1,1,25,2,2,1,1,1,2,2,2,1,2,2,2,1,2,2,2,2,"Massachusetts",0
"14342",250077,25,4430,42.14277778,-70.88872778,1,1,1,6,20,8,0,53,0,1,1,0,5,3,1,1,25,2,2,2,2,1,2,2,2,2,2,1,2,2,2,2,2,2,"Massachusetts",1
"14343",250078,25,4201,42.28156944,-71.65240556,2,2,1,6,17,8,0,12,0,1,1,0,1,3,1,1,25,2,2,1,1,2,2,2,2,2,2,1,2,1,2,2,2,2,"Massachusetts",1
"14344",250079,25,4433,42.14185278,-72.52378056,1,1,2,7,19,8,0,8,0,1,1,0,1,3,10,1,25,2,2,2,2,1,2,2,1,2,2,3,2,2,2,2,2,2,"Massachusetts",0
"14345",250080,25,4475,42.10895,-72.57490556,2,2,7,6,14,8,0,8,0,1,1,0,1,1,1,1,25,2,2,1,1,1,2,2,1,2,2,3,2,1,2,2,2,2,"Massachusetts",0
"14346",250081,25,4983,41.816,-70.59636389,1,1,3,5,7,8,0,8,0,1,1,0,1,1,1,1,25,2,2,1,1,1,2,2,1,2,2,3,2,2,2,1,2,2,"Massachusetts",0
"14347",250082,25,4042,42.36445278,-71.17355,1,1,3,3,6,8,0,8,0,2,3,0,1,1,1,1,25,2,2,1,1,1,2,2,1,2,2,3,2,2,2,2,1,2,"Massachusetts",0
"14348",250084,25,4441,42.13632222,-71.00641111,2,2,5,7,10,3,0,12,0,1,1,0,1,1,1,1,25,2,2,1,2,2,2,2,2,2,2,1,2,1,2,2,1,2,"Massachusetts",1
"14349",250085,25,4577,42.04931389,-71.36543333,1,1,6,2,10,1,0,35,0,1,1,0,4,1,2,1,25,2,1,1,1,1,2,2,2,2,2,3,2,1,2,2,2,2,"Massachusetts",0
"14350",250086,25,4377,42.17776389,-72.03038889,4,4,6,3,15,3,0,12,0,1,1,0,1,1,1,1,25,1,2,1,1,2,2,1,2,2,2,3,2,2,1,2,1,2,"Massachusetts",0
"14351",250087,25,4233,42.26726944,-71.49884444,2,2,6,6,11,8,0,12,0,1,1,0,1,1,1,1,25,2,2,1,1,2,2,2,2,2,2,3,2,1,2,2,2,2,"Massachusetts",0
"14352",250088,25,4449,42.13290556,-72.55731944,1,1,6,6,21,1,0,8,0,1,1,0,1,3,1,1,25,2,1,2,2,1,2,2,1,2,2,3,2,2,2,2,2,2,"Massachusetts",0
"14353",250089,25,3527,42.6716,-71.19785,3,3,6,1,22,1,0,24,0,1,1,0,3,2,2,1,25,2,1,2,2,2,2,1,2,2,2,3,1,2,2,2,1,2,"Massachusetts",0
"14354",250090,25,3734,42.52242222,-71.51195556,1,1,6,2,13,8,0,18,0,1,1,0,4,1,1,1,25,2,2,1,1,1,2,2,2,2,2,3,2,2,2,2,1,2,"Massachusetts",0
"14355",250091,25,3558,42.650175,-71.28852778,2,2,6,1,99,8,0,12,0,1,1,0,1,1,2,1,25,2,2,3,2,2,2,2,2,2,2,3,2,2,2,2,2,2,"Massachusetts",0
"14356",250092,25,4131,42.317025,-73.28736944,2,2,7,6,0,2,0,12,0,1,1,0,1,2,1,1,25,1,2,2,1,2,2,2,2,2,2,1,2,2,2,2,2,2,"Massachusetts",1
"14357",250093,25,4791,41.92785556,-70.79160833,1,1,7,6,3,8,0,42,0,1,1,0,4,2,1,1,25,2,2,2,1,1,1,2,2,2,2,1,2,2,2,2,2,2,"Massachusetts",1
"14358",250094,25,4214,42.27681389,-71.71205833,4,4,7,7,18,3,0,12,0,1,1,0,1,1,1,2,25,2,2,2,2,2,1,2,2,2,2,1,2,2,2,2,2,2,"Massachusetts",1
"14359",250095,25,4141,42.31199722,-71.37961111,1,1,7,7,16,1,0,24,1,5,1,0,8,1,2,1,25,2,1,1,2,1,2,1,2,1,2,3,2,1,2,2,1,2,"Massachusetts",0
"14360",250096,25,4859,41.87835833,-70.895975,2,2,7,3,16,3,0,12,0,8,1,0,1,1,1,1,25,2,2,1,1,2,2,2,2,2,2,3,2,2,2,2,2,2,"Massachusetts",0
"14361",250097,25,4330,42.21071667,-71.46528333,1,1,4,7,21,8,0,42,0,1,1,0,4,3,10,1,25,2,2,2,2,1,1,2,2,2,2,1,2,2,1,2,2,2,"Massachusetts",1
"14362",250098,25,4450,42.13163611,-71.70196667,1,1,7,6,20,3,0,59,1,5,1,0,4,2,1,1,25,2,2,2,2,1,1,1,2,2,2,1,2,2,2,2,2,2,"Massachusetts",1
"14363",250099,25,3796,42.48462778,-72.98802222,1,1,7,7,22,3,0,35,0,1,1,0,4,2,1,1,25,1,2,2,2,1,2,1,2,1,2,2,2,2,2,2,1,2,"Massachusetts",1
"14364",250100,25,5346,41.66156111,-70.201725,2,2,7,6,1,3,0,33,0,3,4,0,4,2,1,1,25,2,2,2,1,1,1,2,2,2,2,1,2,2,2,2,2,2,"Massachusetts",1
"14365",250101,25,4368,42.18366667,-72.59315556,2,2,7,6,19,8,0,12,0,2,3,0,1,1,1,1,25,2,2,2,2,2,1,2,2,2,2,3,1,2,2,2,2,2,"Massachusetts",0
"14366",250102,25,4569,42.05343333,-72.52029722,2,2,7,2,21,8,0,33,0,1,1,0,4,3,1,1,25,2,2,2,1,1,2,1,2,2,2,3,2,2,2,2,2,2,"Massachusetts",0
"14367",250103,25,4699,41.98254444,-71.15943333,2,2,7,5,99,1,0,12,0,1,1,0,1,1,1,1,25,2,1,3,1,2,2,2,2,2,2,3,2,2,2,2,1,2,"Massachusetts",0
"14368",250104,25,3612,42.61400833,-72.59242222,2,2,7,5,22,1,0,33,0,5,1,0,4,2,1,1,25,2,1,2,1,1,2,2,2,1,2,1,2,2,2,2,2,2,"Massachusetts",1
"14369",250105,25,4176,42.29277778,-71.83521111,1,1,5,4,2,8,0,33,0,1,1,0,4,3,1,1,25,2,2,2,1,1,1,2,2,2,2,1,2,2,2,2,1,2,"Massachusetts",1
"14370",250106,25,4452,42.13058333,-71.85761389,1,1,5,3,17,1,0,34,0,1,1,0,4,1,1,1,25,2,1,1,1,1,2,2,2,1,2,1,2,2,2,2,2,2,"Massachusetts",1
"14371",250107,25,4971,41.822625,-71.01229444,1,1,6,1,18,8,0,30,0,1,1,0,4,1,1,1,25,1,2,2,2,1,1,1,2,2,2,2,2,2,2,2,2,2,"Massachusetts",0
"14372",250108,25,4520,42.08328056,-70.65191111,3,3,6,2,99,3,0,12,0,1,1,0,1,1,2,1,25,2,2,3,3,3,2,2,2,2,2,3,1,1,1,2,1,2,"Massachusetts",0
"14373",250109,25,3437,42.7268,-70.95636944,2,2,6,7,16,1,0,34,0,1,1,0,3,1,1,1,25,2,1,1,2,1,2,2,2,1,2,3,2,2,2,2,1,2,"Massachusetts",0
"14374",250110,25,4205,42.27978889,-71.83295,1,1,6,5,18,8,0,14,0,1,1,0,7,1,10,1,25,2,2,2,1,1,1,1,2,2,2,1,2,1,2,2,2,2,"Massachusetts",1
"14375",250111,25,3959,42.40100556,-71.13616111,1,1,6,7,99,8,0,8,0,1,1,0,1,3,2,1,25,2,2,3,2,1,2,2,1,2,2,3,2,1,2,2,2,2,"Massachusetts",0
"14376",250112,25,3763,42.50431111,-71.01454167,3,3,6,7,19,2,0,12,0,1,1,0,1,1,1,1,25,2,2,2,2,2,1,1,2,2,2,3,2,2,2,2,1,2,"Massachusetts",0
"14377",250113,25,4543,42.06861944,-71.18153889,1,1,7,6,14,8,0,42,0,1,1,0,4,1,1,1,25,2,2,1,1,1,2,1,2,2,2,1,2,2,2,2,1,2,"Massachusetts",1
"14378",250114,25,4189,42.28679167,-71.02639444,1,1,7,1,20,8,0,8,0,1,1,0,1,3,1,1,25,2,2,2,2,1,2,2,1,2,2,3,2,2,2,2,1,2,"Massachusetts",0
"14379",250115,25,4663,42.00801944,-71.22699722,1,1,7,2,15,1,0,32,0,1,1,0,4,1,1,1,25,2,1,1,1,1,2,2,2,2,2,2,2,2,2,2,2,2,"Massachusetts",0
"14380",250116,25,4651,42.01636667,-70.732525,1,1,7,6,0,8,0,1,0,1,1,0,1,3,1,1,25,2,2,2,1,1,1,2,2,2,2,1,1,2,2,2,2,2,"Massachusetts",1
"14381",250117,25,4514,42.08773056,-71.02116389,3,3,7,2,15,8,0,5,0,1,1,0,1,1,1,1,25,2,2,1,1,2,1,1,2,2,2,3,2,2,1,2,2,2,"Massachusetts",0