"","ST_CASE","OBJECT_ID","FID","LATITUDE","LONGITUD","PERMVIT","PERSONS","MONTH","DAY_WEEK","HOUR","ROUTE","SP_JUR","HARM_EV","RELJCT1","RELJCT2","TYP_INT","WRK_ZONE","REL_ROAD","LGT_COND","WEATHER","FATALS","STATE","A_RU","A_INTER","A_TOD","A_DOW","A_CT","A_MC","A_SPCRA","A_PED","A_ROLL","A_POLPUR","A_POSBAC","A_D15_20","A_D65PLS","A_D21_24","A_HR","A_DIST","A_DROWSY","STATE_NAME","drunkDr"
"14512",250254,25,4467,42.11641111,-71.03644167,5,5,4,2,2,8,0,33,0,1,1,0,5,3,10,2,25,2,2,2,2,1,2,1,2,1,2,1,2,2,2,2,2,2,"Massachusetts",1
"14513",250255,25,4503,42.09444167,-70.90484444,4,4,1,5,2,8,0,42,0,1,1,0,4,3,1,1,25,2,2,2,1,3,2,1,2,1,2,1,2,2,1,2,2,2,"Massachusetts",2
"14514",250256,25,4315,42.21929444,-71.02683333,2,2,9,3,99,8,0,12,0,5,1,0,1,1,1,1,25,2,2,3,1,2,1,2,2,2,2,3,2,2,2,2,2,2,"Massachusetts",0
"14515",250257,25,4262,42.25306389,-71.00681944,1,1,12,5,99,8,0,8,0,2,2,0,1,3,1,1,25,2,2,3,1,1,2,2,1,2,2,3,2,2,2,1,2,2,"Massachusetts",0
"14516",250258,25,5439,41.62785278,-70.92385556,1,1,11,7,2,3,0,8,0,1,1,0,1,3,98,1,25,2,2,2,2,1,2,1,1,2,2,3,2,2,2,1,2,2,"Massachusetts",0
"14517",250259,25,4390,42.16765,-71.89348056,6,6,10,2,99,2,0,12,0,1,1,0,1,1,10,2,25,2,2,3,3,3,2,1,2,1,2,3,2,2,2,2,2,2,"Massachusetts",0
"14518",250260,25,5290,41.68398611,-71.13171944,1,1,6,5,11,8,0,8,0,8,1,0,1,1,1,1,25,2,2,1,1,1,2,2,1,2,2,3,2,2,2,2,2,2,"Massachusetts",0
"14519",250261,25,5242,41.70461389,-71.121475,1,1,10,7,0,8,0,14,0,1,1,0,2,3,10,1,25,2,2,2,2,1,2,2,2,2,2,3,2,2,2,2,2,2,"Massachusetts",0
"14520",250262,25,3632,42.59746389,-71.96725278,2,2,11,6,4,3,0,12,0,1,1,0,1,2,10,1,25,2,2,2,1,2,2,1,2,2,2,3,1,1,2,2,2,2,"Massachusetts",0
"14521",250263,25,4446,42.13411944,-72.56751111,2,2,3,7,5,8,0,30,0,1,1,0,4,3,4,1,25,2,2,2,2,1,2,2,2,2,2,1,2,2,2,2,2,2,"Massachusetts",1
"14522",250264,25,3371,42.78026667,-71.07743611,1,1,4,5,22,3,0,8,0,2,2,0,1,3,1,1,25,2,2,2,1,1,2,2,1,2,2,3,2,1,2,2,2,2,"Massachusetts",1
"14523",250265,25,3792,42.48904444,-72.96290833,1,1,6,1,15,3,0,24,0,1,1,0,4,1,1,1,25,1,2,1,2,1,1,1,2,2,2,2,1,2,2,2,1,2,"Massachusetts",0
"14524",250266,25,4454,42.12955278,-72.04441389,1,1,8,2,1,2,0,24,0,1,1,0,4,2,1,1,25,2,2,2,2,1,2,2,2,1,2,3,2,2,2,2,1,2,"Massachusetts",0
"14525",250267,25,3753,42.50986389,-72.80920278,1,1,5,5,22,8,0,42,0,3,3,0,5,2,1,1,25,2,2,2,1,1,2,2,2,2,2,2,2,2,2,2,2,2,"Massachusetts",0
"14526",250268,25,4457,42.12674167,-72.05313889,6,6,6,7,16,2,0,12,0,8,1,0,1,1,1,1,25,2,2,1,2,2,2,2,2,2,2,3,2,2,2,2,2,2,"Massachusetts",0
"14527",250269,25,4022,42.37481389,-71.58228611,1,1,7,6,99,8,0,30,0,1,1,0,4,3,99,1,25,2,2,3,3,1,1,2,2,2,2,1,2,2,2,2,2,2,"Massachusetts",1
"14528",250270,25,5136,41.74565556,-70.11011389,1,1,10,6,19,8,0,9,0,2,3,0,1,2,2,1,25,2,2,2,2,1,2,1,2,2,2,3,2,2,1,2,2,2,"Massachusetts",0
"14529",250271,25,3733,42.52348611,-71.09548889,1,1,12,6,6,8,0,33,0,1,1,0,4,3,5,1,25,2,2,1,1,1,2,1,2,2,2,2,2,2,2,2,2,2,"Massachusetts",0
"14530",250272,25,3969,42.39544167,-71.58063889,1,1,10,1,17,8,0,9,0,2,3,0,1,1,1,1,25,2,2,1,2,1,2,2,2,2,2,3,2,2,2,1,2,2,"Massachusetts",0
"14531",250273,25,5390,41.64317778,-70.97728611,2,2,5,4,14,8,0,8,0,1,1,0,1,1,1,1,25,2,2,1,1,1,2,2,1,2,2,3,2,1,2,2,2,2,"Massachusetts",0
"14532",250274,25,4563,42.05747778,-71.87836667,2,2,2,4,17,8,0,12,0,2,3,0,1,3,11,1,25,2,2,1,1,2,2,2,2,2,2,3,1,1,2,2,2,2,"Massachusetts",0
"14533",250275,25,3773,42.49868333,-71.74667222,2,2,10,4,18,3,0,8,0,1,1,0,1,3,10,1,25,2,2,2,1,2,2,2,1,2,2,3,2,1,1,2,2,2,"Massachusetts",0
"14534",250279,25,3692,42.55264167,-71.53843611,5,5,9,1,14,3,0,12,0,2,3,0,1,1,1,1,25,2,2,1,2,3,2,2,2,2,2,3,2,2,2,2,2,2,"Massachusetts",0
"14535",250281,25,4399,42.16084722,-71.047275,1,1,12,2,17,8,0,8,0,1,1,0,1,3,1,1,25,2,2,1,1,1,2,2,1,2,2,3,2,1,2,2,2,2,"Massachusetts",0
"14536",250282,25,4462,42.12168611,-71.09665278,1,1,12,6,20,3,0,8,0,1,1,0,1,2,5,1,25,2,2,2,2,1,2,2,1,2,2,3,2,2,2,2,2,2,"Massachusetts",0
"14537",250283,25,4524,42.07785,-70.86184444,1,1,12,4,99,8,0,8,0,1,1,0,2,1,10,1,25,2,2,3,1,1,2,2,1,2,2,3,2,2,2,2,2,2,"Massachusetts",0
"14538",250284,25,4400,42.16040833,-72.33651667,1,1,12,5,17,2,0,8,0,1,1,0,1,3,1,1,25,2,2,1,1,1,2,2,1,2,2,3,2,2,2,1,2,2,"Massachusetts",0
"14539",250285,25,4541,42.07148889,-71.735875,2,2,5,7,18,8,0,12,0,8,1,0,1,1,1,1,25,2,2,2,2,2,1,2,2,2,2,3,2,2,1,2,2,2,"Massachusetts",0
"14540",250286,25,4298,42.23075833,-71.18295556,1,1,11,1,99,1,0,8,0,1,1,0,1,2,1,1,25,2,1,3,2,1,2,2,1,2,2,3,2,2,2,2,2,2,"Massachusetts",0
"14541",250287,25,4438,42.13753333,-72.56532222,1,1,3,6,22,3,0,8,0,2,3,0,1,3,10,1,25,2,2,2,2,1,2,2,1,2,2,3,2,2,2,2,2,2,"Massachusetts",0
"14542",250288,25,3911,42.42549444,-71.08596111,1,1,12,1,19,3,0,8,0,1,1,0,1,3,2,1,25,2,2,2,2,1,2,1,1,2,2,3,2,2,2,1,2,2,"Massachusetts",0
"14543",250289,25,5502,41.59988611,-70.97424167,1,1,7,3,19,8,0,8,0,1,1,0,4,1,1,1,25,2,2,2,1,1,2,2,1,2,2,3,2,2,2,2,1,2,"Massachusetts",1
"14544",250290,25,4227,42.27012222,-71.09376111,2,2,5,5,10,3,0,5,0,1,1,0,1,1,1,1,25,2,2,1,1,2,2,2,2,2,2,3,2,1,2,2,2,2,"Massachusetts",0
"14545",250291,25,4031,42.36823333,-71.05664444,3,3,6,6,2,8,0,33,0,1,1,0,4,3,1,2,25,2,2,2,1,1,2,1,2,1,2,1,2,2,2,2,2,2,"Massachusetts",1
"14546",250292,25,4172,42.29413611,-71.06298611,1,1,1,4,20,8,0,8,0,1,1,0,1,3,10,1,25,2,2,2,1,1,2,2,1,2,2,3,2,2,2,2,2,2,"Massachusetts",0
"14547",250294,25,4073,42.35042778,-71.0566,2,2,8,7,2,8,0,12,0,1,1,0,1,3,10,1,25,2,2,2,2,2,1,1,2,2,2,3,2,2,1,2,2,2,"Massachusetts",0
"14548",250295,25,4266,42.25198056,-71.80833611,1,1,10,5,0,8,0,50,0,1,1,0,4,3,1,1,25,2,2,2,1,1,1,1,2,2,2,1,2,2,1,2,2,2,"Massachusetts",1
"14549",250296,25,4184,42.28951944,-71.78625833,1,1,9,7,19,8,0,14,0,1,1,0,7,5,1,2,25,2,2,2,2,1,2,2,1,2,2,1,2,2,2,1,2,2,"Massachusetts",1
"14550",260001,26,1823,44.48493889,-85.40631389,4,4,1,6,11,2,0,12,0,1,1,0,1,1,1,2,26,1,2,1,1,2,2,1,2,2,2,2,1,2,2,2,2,2,"Michigan",0
"14551",260002,26,3092,42.99887778,-85.61565,2,2,1,1,10,6,0,12,0,1,1,0,1,1,10,1,26,2,2,1,2,2,2,1,2,2,2,2,2,2,2,2,2,2,"Michigan",0
"14552",260003,26,3877,42.44100833,-83.03915,1,1,1,7,0,6,0,8,0,3,2,0,1,2,1,1,26,2,2,2,2,1,2,2,1,2,2,3,2,2,2,1,2,2,"Michigan",0
"14553",260004,26,2599,43.37909167,-84.64520833,3,3,1,3,10,3,0,12,0,1,1,0,1,1,10,1,26,2,2,1,1,2,2,1,2,2,2,3,2,1,2,2,2,2,"Michigan",0
"14554",260005,26,1558,44.90309722,-85.26361944,1,1,1,4,14,4,0,8,0,1,1,0,1,1,4,1,26,1,2,1,1,1,2,2,1,2,2,2,2,2,2,2,2,2,"Michigan",0
"14555",260006,26,2701,43.24398056,-83.77050278,1,1,1,6,9,1,0,1,0,1,1,0,4,1,1,1,26,1,1,1,1,1,2,1,2,1,2,2,2,2,2,2,2,2,"Michigan",0
"14556",260007,26,4299,42.23030833,-85.52699722,2,2,1,6,0,4,0,5,0,1,1,0,1,2,1,1,26,2,2,2,1,1,2,2,2,2,2,2,1,2,2,1,1,2,"Michigan",0
"14557",260008,26,2763,43.19125556,-84.83232778,1,1,1,7,6,4,0,1,0,1,1,0,4,2,10,1,26,1,2,1,2,1,2,2,2,1,2,1,1,2,2,2,2,2,"Michigan",1
"14558",260009,26,2453,43.57162778,-86.33008611,2,2,1,4,8,3,0,12,0,1,1,0,1,1,4,1,26,1,2,1,1,2,2,2,2,2,2,3,1,2,2,2,2,2,"Michigan",0
"14559",260011,26,3989,42.38850833,-83.15803056,2,2,1,5,3,6,0,12,0,2,2,0,1,3,1,1,26,2,2,2,1,2,2,2,2,1,2,3,2,2,1,2,2,2,"Michigan",0
"14560",260012,26,3084,43.002225,-83.74029167,1,1,1,5,3,3,0,8,0,1,1,0,1,3,1,1,26,2,2,2,1,1,2,2,1,2,2,2,2,2,2,2,2,2,"Michigan",0
"14561",260013,26,3366,42.785275,-83.33183333,2,2,1,3,13,4,0,12,0,1,1,0,1,1,10,1,26,2,2,1,1,2,2,2,2,2,2,3,2,2,2,2,2,2,"Michigan",0
"14562",260014,26,4072,42.35059167,-83.38579444,1,1,1,7,17,6,0,8,0,3,3,0,1,3,2,1,26,2,2,1,2,1,2,2,1,2,2,2,2,2,2,2,2,2,"Michigan",0
"14563",260015,26,2683,43.26353611,-82.982125,1,2,1,7,16,4,0,53,0,1,1,0,4,1,4,1,26,1,2,1,2,1,2,1,1,2,2,2,1,2,2,2,2,2,"Michigan",1
"14564",260016,26,1046,45.75759167,-87.09016667,3,3,1,1,15,6,0,12,0,1,1,0,1,1,1,1,26,2,2,1,2,2,2,1,2,2,2,1,2,1,1,2,2,2,"Michigan",1
"14565",260017,26,3764,42.50427222,-83.64336667,5,5,1,3,8,4,0,12,0,1,1,0,2,4,4,2,26,1,2,1,1,2,2,2,2,2,2,2,2,2,2,2,2,2,"Michigan",0
"14566",260018,26,4235,42.26626389,-83.23659722,2,2,1,2,8,1,0,12,0,1,1,0,1,1,10,1,26,2,1,1,1,2,2,2,2,2,2,2,2,2,2,2,2,2,"Michigan",0
"14567",260019,26,4284,42.24029167,-83.64781389,3,3,1,1,0,4,0,12,0,1,1,0,1,2,10,2,26,1,2,2,2,2,2,1,2,2,2,1,2,2,1,2,2,2,"Michigan",1
"14568",260020,26,3105,42.9911,-85.59023333,1,1,1,1,5,3,0,1,0,1,1,0,1,2,10,1,26,1,2,2,2,1,2,2,2,1,2,3,2,2,2,2,2,2,"Michigan",0
"14569",260021,26,809,46.57405833,-88.32890556,1,1,1,1,3,2,0,48,0,1,1,0,4,2,4,1,26,1,2,2,2,1,2,2,2,1,2,1,2,2,2,2,2,2,"Michigan",1
"14570",260022,26,4142,42.31178611,-83.09526111,2,2,1,3,14,1,0,12,0,1,1,0,1,1,1,1,26,2,1,1,1,2,2,2,2,2,2,3,2,2,2,2,2,2,"Michigan",0
"14571",260023,26,3707,42.54390556,-83.28514444,2,2,1,2,5,2,0,12,0,1,1,0,1,3,10,1,26,1,2,2,2,2,2,1,2,2,2,3,1,2,2,2,2,2,"Michigan",0
"14572",260024,26,4394,42.16472778,-85.04057222,2,2,1,5,8,4,0,42,0,1,1,0,4,1,10,1,26,1,2,1,1,1,2,1,2,2,2,2,2,2,1,2,2,2,"Michigan",0
"14573",260025,26,4743,41.95592222,-85.22751667,1,1,1,4,18,4,0,42,0,1,1,0,4,1,1,1,26,1,2,2,1,1,2,1,2,1,2,1,2,2,2,2,2,2,"Michigan",1
"14574",260026,26,3955,42.40198333,-85.50251667,1,1,1,2,16,3,0,34,0,1,1,0,4,1,1,1,26,1,2,1,1,1,2,2,2,2,2,2,2,2,2,2,2,2,"Michigan",0
"14575",260027,26,3766,42.502475,-83.00666389,1,1,1,7,0,6,0,30,0,1,1,0,4,2,1,1,26,2,2,2,2,1,2,2,2,2,2,3,2,1,2,2,2,2,"Michigan",0
"14576",260028,26,4138,42.31444444,-83.11554722,2,2,1,7,15,6,0,38,0,1,1,0,4,1,1,1,26,2,2,1,2,1,2,2,1,2,2,3,2,2,1,1,2,2,"Michigan",0
"14577",260029,26,4039,42.36521667,-83.20693889,3,3,1,6,13,6,0,12,0,3,3,0,1,1,1,2,26,2,2,1,1,2,2,1,2,2,2,1,2,2,2,2,2,2,"Michigan",1
"14578",260030,26,4143,42.31158056,-83.33053889,4,4,1,3,17,6,0,12,0,1,1,0,1,3,10,1,26,2,2,1,1,2,2,2,2,2,2,2,2,2,1,2,2,2,"Michigan",0
"14579",260031,26,4476,42.10879167,-83.68251944,4,4,1,6,12,2,0,12,0,1,1,0,1,1,4,1,26,1,2,1,1,3,2,1,2,2,2,3,2,2,2,2,2,2,"Michigan",0
"14580",260032,26,4756,41.950675,-86.49460833,3,3,2,1,18,6,0,12,0,8,1,0,1,5,4,1,26,2,2,2,2,2,2,2,2,2,2,1,1,2,2,2,2,2,"Michigan",1
"14581",260033,26,2527,43.47535833,-83.76660278,2,2,2,3,17,3,0,1,0,1,1,0,3,1,4,1,26,1,2,1,1,1,2,1,2,1,2,3,2,2,2,2,2,2,"Michigan",0
"14582",260034,26,3376,42.77581944,-85.50665278,4,4,2,4,9,3,0,12,0,1,1,0,1,1,4,2,26,1,2,1,1,2,2,1,2,2,2,3,2,1,2,2,2,2,"Michigan",0
"14583",260035,26,3834,42.45983333,-85.717875,2,2,2,4,7,3,0,12,0,1,1,0,1,4,10,1,26,1,2,1,1,2,2,1,2,2,2,3,2,2,2,2,2,2,"Michigan",0
"14584",260036,26,3553,42.65198889,-82.83665,1,1,2,6,7,1,0,24,0,1,1,0,3,2,10,1,26,1,2,1,1,1,2,2,2,2,2,3,2,2,2,2,2,2,"Michigan",0
"14585",260037,26,3935,42.41303056,-82.94325556,1,1,2,6,22,1,0,8,0,1,1,0,1,3,10,1,26,2,1,2,2,1,2,2,1,2,2,2,2,2,2,2,2,2,"Michigan",0
"14586",260038,26,4020,42.37711667,-83.07788056,1,1,1,5,9,3,0,43,0,1,1,0,4,1,1,1,26,2,2,1,1,1,2,2,1,2,2,1,2,2,1,2,2,1,"Michigan",1
"14587",260039,26,3685,42.5553,-82.86104722,2,2,2,6,23,1,0,26,0,1,1,0,3,2,1,1,26,1,1,2,2,1,2,1,2,1,2,1,2,2,2,2,2,2,"Michigan",1
"14588",260040,26,3947,42.40766111,-82.95083611,2,2,2,7,6,1,0,12,0,1,1,0,1,3,10,1,26,2,1,1,2,2,2,2,2,2,2,2,2,2,2,2,2,2,"Michigan",0
"14589",260041,26,3217,42.9134,-85.69432222,2,2,1,1,2,3,0,30,0,1,1,0,4,3,2,2,26,2,2,2,2,1,2,2,2,1,2,3,2,2,1,2,2,2,"Michigan",1
"14590",260042,26,1684,44.71155556,-84.94890278,1,1,1,4,12,3,0,8,0,1,1,0,4,1,1,1,26,1,2,1,1,1,2,1,1,2,2,3,1,2,2,2,2,2,"Michigan",0
"14591",260043,26,3878,42.4407,-83.04401944,4,4,2,1,0,6,0,12,0,2,2,0,1,3,1,1,26,2,2,2,2,3,2,2,2,2,2,3,2,2,2,2,2,2,"Michigan",1
"14592",260044,26,3530,42.66871389,-83.06635,2,2,2,1,3,4,0,12,0,1,1,0,1,2,1,1,26,1,2,2,2,2,2,2,2,2,2,1,2,2,1,2,2,2,"Michigan",1
"14593",260045,26,4008,42.38351389,-83.17832778,5,5,2,7,21,7,0,21,0,1,1,0,10,3,1,2,26,2,1,2,2,2,2,1,2,2,2,3,1,1,2,2,2,2,"Michigan",0
"14594",260046,26,4000,42.38543333,-83.25838889,1,1,1,7,7,1,0,8,0,1,1,0,2,1,4,1,26,2,1,1,2,1,2,1,1,2,2,3,1,2,2,2,2,2,"Michigan",0
"14595",260047,26,4271,42.24914167,-83.23356944,1,1,2,2,2,6,0,8,0,1,1,0,1,2,1,1,26,2,2,2,2,1,2,2,1,2,2,2,1,2,2,2,2,2,"Michigan",1
"14596",260048,26,3686,42.55477222,-82.89459167,1,1,2,5,5,4,0,9,0,1,1,0,1,3,1,1,26,1,2,2,1,1,2,2,2,2,2,3,2,2,2,2,2,2,"Michigan",0
"14597",260049,26,3406,42.74804167,-82.88026667,1,1,2,3,8,4,0,30,0,1,1,0,4,1,1,1,26,1,2,1,1,1,2,1,2,2,2,3,1,2,2,2,2,2,"Michigan",0
"14598",260050,26,1897,44.35735833,-84.89307778,3,3,2,3,15,4,0,12,0,1,1,0,1,1,1,2,26,1,2,1,1,2,2,2,2,2,2,2,2,2,2,2,1,2,"Michigan",0
"14599",260051,26,4537,42.07298889,-84.99296389,2,2,2,5,5,4,0,12,0,3,2,0,1,2,4,1,26,2,2,2,1,2,2,1,2,2,2,3,2,2,2,2,2,2,"Michigan",0
"14600",260052,26,3594,42.62597778,-84.98056389,2,2,2,5,17,4,0,12,0,1,1,0,1,1,4,1,26,1,2,1,1,2,2,2,2,2,2,3,2,2,2,2,2,2,"Michigan",0
"14601",260053,26,4758,41.949125,-86.15635,3,3,2,5,23,3,0,8,0,1,1,0,1,2,4,1,26,1,2,2,1,1,2,2,1,1,2,3,2,2,1,2,2,2,"Michigan",0
"14602",260054,26,2439,43.58722778,-83.72933333,2,2,2,2,15,3,0,12,0,1,1,0,1,1,1,1,26,1,2,1,1,2,2,1,2,2,2,3,2,2,2,2,2,2,"Michigan",0
"14603",260055,26,4498,42.09750833,-83.90518611,3,3,2,6,7,2,0,12,0,1,1,0,1,4,10,1,26,1,2,1,1,3,2,2,2,2,2,3,2,2,2,2,2,2,"Michigan",0
"14604",260056,26,3462,42.70894722,-84.50564167,4,4,2,7,4,2,0,12,0,1,1,0,1,2,4,2,26,2,2,2,2,3,2,2,2,2,2,1,2,2,2,2,2,2,"Michigan",2
"14605",260057,26,1690,44.69598056,-85.209175,3,3,2,3,15,2,0,12,0,1,1,0,1,1,10,1,26,1,2,1,1,2,2,1,2,2,2,3,2,1,2,2,2,2,"Michigan",0
"14606",260058,26,1749,44.58454722,-85.56258056,2,2,2,4,11,3,0,48,0,1,1,0,4,1,10,1,26,1,2,1,1,1,2,1,2,1,2,2,2,2,2,2,2,2,"Michigan",0
"14607",260059,26,3071,43.00896111,-85.7777,5,5,2,7,14,6,0,12,0,2,2,0,1,1,10,1,26,2,2,1,2,2,2,2,2,1,2,3,1,1,2,2,1,2,"Michigan",0
"14608",260060,26,2312,43.71872222,-85.53084444,2,3,2,6,2,2,0,14,0,1,1,0,4,2,1,1,26,1,2,2,1,1,2,2,2,1,2,2,2,2,2,2,2,2,"Michigan",1
"14609",260061,26,4230,42.26905833,-84.5804,4,4,2,7,11,1,0,1,0,1,1,0,5,1,1,1,26,1,2,1,2,1,2,2,2,1,2,2,2,1,2,2,2,2,"Michigan",0
"14610",260062,26,4084,42.34372222,-83.07698611,1,1,2,3,21,3,0,48,0,1,1,0,4,3,4,1,26,2,2,2,1,1,2,2,2,2,2,1,2,2,2,2,2,2,"Michigan",1
"14611",260064,26,3863,42.44785278,-86.09016667,2,2,2,3,15,4,0,12,0,1,1,0,1,1,4,1,26,1,2,1,1,2,2,2,2,2,2,3,2,2,2,2,2,2,"Michigan",0
"14612",260065,26,4113,42.32725,-85.18029444,7,7,2,2,23,6,0,12,0,2,2,0,1,3,1,3,26,2,2,2,1,2,2,2,2,2,2,3,2,2,2,2,2,2,"Michigan",1
"14613",260066,26,2999,43.0503,-85.60018889,1,1,2,3,22,3,0,9,0,1,1,0,1,2,1,1,26,1,2,2,1,1,2,2,2,2,2,2,2,2,1,2,2,2,"Michigan",0
"14614",260067,26,1682,44.71278056,-85.40673889,2,2,2,3,10,4,0,12,0,1,1,0,1,1,4,1,26,1,2,1,1,2,2,1,2,2,2,2,2,1,2,2,2,2,"Michigan",0
"14615",260068,26,3832,42.46050278,-85.69686111,1,1,2,5,15,3,0,8,0,2,2,0,1,1,1,1,26,2,2,1,1,1,2,2,1,2,2,3,2,2,2,2,2,2,"Michigan",0
"14616",260069,26,2788,43.17718333,-85.53646111,5,5,2,7,23,3,0,12,0,1,1,0,1,2,1,1,26,1,2,2,2,3,2,2,2,2,2,1,2,2,1,2,2,2,"Michigan",1
"14617",260070,26,3495,42.68950556,-83.24908611,2,2,2,6,5,1,0,12,0,1,1,0,1,2,1,1,26,2,2,2,1,2,2,2,2,2,2,1,2,2,2,2,2,2,"Michigan",1
"14618",260072,26,2562,43.42016389,-82.85009722,1,1,2,7,18,6,0,8,0,1,1,0,1,5,1,1,26,2,2,2,2,1,2,2,1,2,2,2,2,2,2,2,2,2,"Michigan",0
"14619",260073,26,3628,42.601625,-82.85641944,1,1,3,1,2,1,0,26,0,1,1,0,3,2,4,1,26,1,1,2,2,1,2,1,2,1,2,1,2,2,1,2,2,2,"Michigan",1
"14620",260074,26,2809,43.16598333,-83.4769,4,4,1,5,14,4,0,12,0,1,1,0,1,1,4,2,26,1,2,1,1,2,2,2,2,2,2,3,1,2,2,2,2,2,"Michigan",0
"14621",260075,26,4065,42.35334722,-83.27395833,2,2,3,2,8,2,0,12,0,3,3,0,1,1,1,1,26,2,2,1,1,2,2,2,2,2,2,3,2,1,2,2,2,2,"Michigan",0
"14622",260076,26,1853,44.42512778,-85.40241944,1,1,3,3,9,6,0,10,0,6,1,0,1,1,4,1,26,2,2,1,1,1,2,2,2,2,2,2,2,2,2,2,2,2,"Michigan",0
"14623",260077,26,3313,42.84013889,-82.49681944,2,2,3,3,7,6,0,12,0,2,3,0,1,1,10,1,26,2,2,1,1,2,2,2,2,2,2,3,2,2,2,2,2,2,"Michigan",0
"14624",260078,26,3673,42.5681,-83.45968333,2,2,3,3,14,4,0,12,0,2,3,0,1,1,4,1,26,1,2,1,1,2,2,2,2,2,2,3,2,2,1,2,2,2,"Michigan",0
"14625",260079,26,2544,43.449075,-83.38548889,5,5,3,3,15,3,0,12,0,1,1,0,1,1,4,1,26,1,2,1,1,3,2,1,2,2,2,3,2,2,1,2,2,2,"Michigan",0
"14626",260080,26,3742,42.51786111,-83.18598889,3,3,3,1,14,3,0,12,0,2,2,0,1,1,10,1,26,2,2,1,2,2,2,2,2,2,2,3,2,1,2,2,2,2,"Michigan",0
"14627",260081,26,3542,42.65936111,-83.42380278,4,4,3,4,16,3,0,12,0,8,1,0,1,1,10,1,26,3,2,1,1,2,2,2,2,2,2,3,2,2,2,2,2,2,"Michigan",0
"14628",260082,26,4026,42.37289167,-83.04556389,1,1,3,3,5,6,0,8,0,1,1,0,1,2,10,1,26,2,2,2,1,1,2,2,1,2,2,3,2,2,2,1,2,2,"Michigan",0
"14629",260083,26,1618,44.80725,-85.93675,3,3,3,6,13,3,0,12,0,2,2,0,1,1,1,1,26,1,2,1,1,2,2,2,2,2,2,2,2,1,2,2,2,2,"Michigan",0
"14630",260084,26,5051,41.78273333,-86.19399167,2,2,1,7,10,2,0,12,0,1,1,0,1,1,3,1,26,1,2,1,2,2,2,1,2,1,2,2,2,2,2,2,2,2,"Michigan",0
"14631",260085,26,4237,42.26593889,-83.18423056,1,1,3,6,19,6,0,8,0,3,2,0,1,3,1,1,26,2,2,2,2,1,2,2,1,2,2,2,2,1,2,2,2,2,"Michigan",0
"14632",260086,26,3635,42.59501389,-85.05418889,6,6,3,1,17,4,0,1,0,1,1,0,4,1,1,2,26,1,2,1,2,1,2,1,2,1,2,1,2,2,2,2,2,2,"Michigan",1
"14633",260087,26,1318,45.30021944,-83.96696389,7,7,1,6,16,4,0,12,0,1,1,0,1,1,4,1,26,1,2,1,1,2,2,1,2,2,2,2,2,1,2,2,2,2,"Michigan",0
"14634",260088,26,1645,44.77281389,-85.42416944,3,3,1,7,15,3,0,12,0,1,1,0,1,1,1,1,26,1,2,1,2,2,2,1,2,2,2,2,2,1,2,2,2,2,"Michigan",0
"14635",260089,26,4334,42.20756667,-83.733575,1,1,1,6,6,4,0,8,0,2,3,0,1,3,10,1,26,2,2,1,1,1,2,2,1,2,2,2,2,2,2,2,2,2,"Michigan",0
"14636",260090,26,3767,42.50207222,-84.63066944,2,2,1,7,0,4,0,42,0,1,1,0,4,2,10,1,26,2,2,2,2,1,2,1,2,2,2,2,2,2,2,2,2,2,"Michigan",0
"14637",260091,26,3514,42.67858611,-83.33044722,3,3,1,2,12,4,0,12,0,2,3,0,1,1,10,1,26,2,2,1,1,2,2,2,2,2,2,3,2,1,2,2,2,2,"Michigan",0
"14638",260092,26,3185,42.93513056,-85.528275,1,1,1,6,7,4,0,8,0,2,3,0,1,2,10,1,26,2,2,1,1,1,2,2,1,2,2,3,2,1,2,2,2,2,"Michigan",0
"14639",260093,26,2785,43.17813889,-85.31230278,4,4,1,6,18,4,0,9,0,8,1,0,1,2,1,1,26,1,2,2,2,1,2,2,2,2,2,2,2,2,2,2,2,2,"Michigan",0
"14640",260094,26,4340,42.20465,-85.92698889,2,2,1,2,23,1,0,12,0,1,1,0,1,2,1,1,26,1,1,2,1,2,2,2,2,2,2,3,2,1,2,2,2,2,"Michigan",0
"14641",260095,26,2806,43.16751389,-85.35273056,1,1,1,1,7,4,0,35,0,1,1,0,4,2,10,1,26,1,2,1,2,1,2,2,2,1,2,2,2,2,2,2,2,2,"Michigan",0
"14642",260097,26,3332,42.81203889,-86.08853611,2,2,3,7,9,4,0,12,0,2,2,0,1,1,10,1,26,1,2,1,2,2,2,2,2,1,2,3,2,2,2,2,2,2,"Michigan",0
"14643",260098,26,4180,42.29125,-83.38653889,2,2,3,2,20,6,0,8,0,1,1,0,1,3,1,1,26,2,2,2,1,1,2,2,1,2,2,3,2,1,2,2,2,2,"Michigan",0
"14644",260099,26,3141,42.96510278,-82.45224167,1,1,3,3,6,6,0,8,0,1,1,0,1,3,1,1,26,2,2,1,1,1,2,2,1,2,2,2,2,2,2,2,2,2,"Michigan",0
"14645",260100,26,3593,42.62701111,-83.32528611,1,1,3,2,21,2,0,8,0,1,1,0,1,2,1,1,26,2,2,2,1,1,2,2,1,2,2,2,2,2,2,2,2,2,"Michigan",0
"14646",260101,26,5034,41.79203889,-86.21004444,2,2,3,6,8,2,0,12,0,1,1,0,1,4,10,1,26,1,2,1,1,2,2,2,2,2,2,3,2,2,1,2,2,1,"Michigan",0