"","ST_CASE","OBJECT_ID","FID","LATITUDE","LONGITUD","PERMVIT","PERSONS","MONTH","DAY_WEEK","HOUR","ROUTE","SP_JUR","HARM_EV","RELJCT1","RELJCT2","TYP_INT","WRK_ZONE","REL_ROAD","LGT_COND","WEATHER","FATALS","STATE","A_RU","A_INTER","A_TOD","A_DOW","A_CT","A_MC","A_SPCRA","A_PED","A_ROLL","A_POLPUR","A_POSBAC","A_D15_20","A_D65PLS","A_D21_24","A_HR","A_DIST","A_DROWSY","STATE_NAME","drunkDr"
"14647",260102,26,4035,42.36618889,-83.11685278,1,1,3,6,20,6,0,8,0,1,1,0,1,2,1,1,26,2,2,2,2,1,2,2,1,2,2,3,2,2,2,1,2,2,"Michigan",0
"14648",260103,26,3919,42.4198,-82.93183333,2,2,3,6,0,6,0,12,0,2,2,0,1,2,1,1,26,2,2,2,1,2,1,2,2,2,2,1,2,2,1,2,2,2,"Michigan",1
"14649",260104,26,3353,42.79693333,-85.76274444,2,2,3,6,18,4,0,53,0,1,1,0,4,1,10,1,26,1,2,2,2,1,2,1,2,2,2,2,1,2,2,2,2,2,"Michigan",0
"14650",260105,26,2545,43.44819722,-84.05209722,2,2,3,5,16,4,0,30,0,1,1,0,4,1,1,1,26,1,2,1,1,1,2,1,2,2,2,1,2,2,2,2,2,2,"Michigan",1
"14651",260106,26,3292,42.85903056,-85.90063611,2,2,3,6,6,4,0,12,0,1,1,0,1,2,1,1,26,1,2,1,1,2,2,2,2,2,2,2,2,2,2,2,2,2,"Michigan",0
"14652",260107,26,2975,43.06578056,-83.71413333,1,1,3,6,20,6,0,8,0,1,1,0,1,3,1,1,26,2,2,2,2,1,2,2,1,2,2,3,2,2,2,2,2,2,"Michigan",0
"14653",260108,26,3518,42.67563611,-83.24101944,1,1,3,4,5,1,0,24,0,1,1,0,4,2,1,1,26,2,1,2,1,1,2,2,2,2,2,3,2,2,1,2,2,2,"Michigan",0
"14654",260109,26,3510,42.681375,-85.545125,4,4,3,1,10,4,0,12,0,2,2,0,1,1,1,1,26,1,2,1,2,2,2,2,2,2,2,2,2,2,2,2,2,2,"Michigan",1
"14655",260110,26,2828,43.14685,-86.19578611,3,3,3,7,13,4,0,12,0,2,2,0,1,1,1,1,26,1,2,1,2,2,2,2,2,2,2,3,2,1,1,2,2,2,"Michigan",0
"14656",260111,26,3442,42.7248,-85.67416667,2,2,3,4,6,4,0,12,0,8,1,0,1,3,5,1,26,1,2,1,1,2,2,2,2,2,2,3,2,2,2,2,2,2,"Michigan",0
"14657",260112,26,3797,42.48443611,-83.26379444,1,1,3,7,18,3,0,25,0,1,1,0,3,1,1,1,26,2,2,2,2,1,2,1,2,1,2,1,2,2,2,2,2,2,"Michigan",1
"14658",260113,26,4168,42.29935,-83.78909444,5,5,3,4,13,3,1,12,1,3,2,0,1,1,1,1,26,3,2,1,1,2,2,2,2,2,2,3,2,1,2,2,1,2,"Michigan",0
"14659",260114,26,3075,43.00664444,-83.0764,1,1,3,4,22,6,0,8,0,3,2,0,1,3,1,1,26,2,2,2,1,1,2,2,1,2,2,2,1,2,2,2,2,2,"Michigan",0
"14660",260115,26,4480,42.10642778,-84.99628056,1,1,3,2,12,1,0,1,0,1,1,0,1,1,1,1,26,1,1,1,1,1,2,2,2,1,2,3,2,1,2,2,2,2,"Michigan",0
"14661",260116,26,3736,42.52141389,-84.64548333,1,1,3,1,3,6,0,42,0,1,1,0,5,2,1,1,26,2,2,2,2,1,2,2,2,2,2,3,2,2,2,2,2,2,"Michigan",1
"14662",260117,26,3661,42.57473889,-82.98361111,2,2,3,2,6,6,0,12,0,3,4,0,1,3,10,1,26,2,2,1,1,2,2,2,2,2,2,2,2,2,2,2,2,2,"Michigan",0
"14663",260118,26,4015,42.37932222,-83.23661667,1,1,3,4,0,6,0,21,0,1,1,0,4,2,1,1,26,2,2,2,1,1,2,1,2,2,2,1,2,2,2,2,2,2,"Michigan",1
"14664",260119,26,2728,43.22011389,-83.93205,2,2,3,6,14,3,0,12,0,2,2,0,1,1,1,1,26,1,2,1,1,2,2,2,2,2,2,3,2,1,2,2,2,2,"Michigan",0
"14665",260120,26,2657,43.30082778,-85.74123889,1,1,3,2,11,4,0,35,0,1,1,0,4,1,1,1,26,1,2,1,1,1,2,2,2,2,2,2,2,1,2,2,2,2,"Michigan",0
"14666",260121,26,3573,42.63927778,-85.25517222,1,1,3,4,11,4,0,42,0,1,1,0,4,1,10,1,26,1,2,1,1,1,2,2,2,2,2,3,2,2,2,2,2,2,"Michigan",0
"14667",260122,26,3643,42.58571389,-83.86794167,2,2,3,6,2,4,0,5,0,1,1,0,1,9,99,1,26,1,3,2,1,1,2,2,2,2,2,3,2,2,1,2,2,2,"Michigan",0
"14668",260123,26,4158,42.303,-84.25963056,1,1,3,5,14,4,0,42,0,1,1,0,4,1,10,1,26,1,2,1,1,1,2,2,2,2,2,2,1,2,2,2,2,2,"Michigan",0
"14669",260124,26,3564,42.64463333,-84.58246111,1,1,3,3,7,4,0,42,0,1,1,0,4,2,1,1,26,1,2,1,1,1,2,2,2,2,2,1,1,2,2,2,2,2,"Michigan",1
"14670",260125,26,4760,41.94842222,-84.86626389,2,2,3,6,7,2,0,12,0,8,1,0,1,1,10,1,26,2,2,1,1,2,2,2,2,2,2,3,1,1,2,2,2,2,"Michigan",0
"14671",260126,26,2670,43.28104444,-85.23233056,1,1,3,5,7,4,0,15,0,1,1,0,1,4,10,1,26,1,2,1,1,1,2,2,2,2,2,2,2,2,2,2,2,2,"Michigan",0
"14672",260127,26,4081,42.34488611,-83.06297222,3,3,3,3,21,6,0,15,0,3,2,0,1,2,1,1,26,3,2,2,1,1,2,2,2,2,2,3,2,2,2,2,2,2,"Michigan",0
"14673",260128,26,4358,42.19156667,-84.03236111,2,2,4,4,11,3,0,12,0,2,2,0,1,1,1,1,26,1,2,1,1,2,2,1,2,2,2,3,2,1,2,2,2,2,"Michigan",0
"14674",260129,26,3581,42.634775,-83.69915833,2,2,4,4,16,3,0,12,0,2,2,0,1,1,1,1,26,1,2,1,1,2,2,2,2,2,2,3,2,2,2,2,2,2,"Michigan",0
"14675",260130,26,2425,43.60428333,-84.72763889,8,8,4,6,1,4,0,12,0,2,2,0,1,2,1,1,26,1,2,2,1,2,2,2,2,1,2,3,2,2,2,2,2,2,"Michigan",0
"14676",260131,26,2380,43.640825,-84.38879167,1,1,4,4,7,4,0,42,0,1,1,0,4,4,10,1,26,1,2,1,1,1,2,1,2,2,2,2,1,2,2,2,2,2,"Michigan",0
"14677",260132,26,3927,42.41647222,-83.189525,4,4,4,5,2,6,0,12,0,2,2,0,1,3,1,1,26,3,2,2,1,3,1,2,2,2,2,3,2,2,1,1,2,2,"Michigan",0
"14678",260133,26,3862,42.44801667,-83.02471389,1,1,4,7,10,3,0,8,0,1,1,0,1,1,1,1,26,2,2,1,2,1,2,2,1,2,2,3,2,2,2,2,2,2,"Michigan",0
"14679",260134,26,3942,42.41000278,-83.13477778,4,4,4,7,17,6,0,8,0,1,1,0,1,1,1,1,26,2,2,1,2,1,2,2,1,2,2,3,1,2,2,2,2,2,"Michigan",0
"14680",260135,26,4691,41.98740833,-83.367675,1,1,4,6,22,2,0,8,0,1,1,0,1,2,10,1,26,1,2,2,2,1,2,2,1,2,2,2,2,2,2,2,2,2,"Michigan",0
"14681",260136,26,3282,42.86917778,-85.62335833,1,1,4,1,7,6,0,42,0,1,1,0,4,1,1,1,26,2,2,1,2,1,2,2,2,2,2,2,2,2,2,2,2,2,"Michigan",0
"14682",260137,26,3828,42.46469722,-85.72639167,1,1,4,4,21,4,0,1,0,1,1,0,4,2,1,1,26,1,2,2,1,1,2,1,2,1,2,3,2,2,2,2,2,2,"Michigan",0
"14683",260138,26,2217,43.85395278,-84.04559722,1,1,4,6,23,4,0,35,0,3,3,0,4,3,1,1,26,2,2,2,2,1,2,2,2,2,2,1,2,2,2,2,2,2,"Michigan",1
"14684",260139,26,4345,42.20103611,-85.69263056,1,1,4,7,20,4,0,42,0,1,1,0,4,1,1,1,26,1,2,2,2,1,2,1,2,2,2,1,2,2,2,2,2,2,"Michigan",1
"14685",260140,26,4444,42.13480833,-84.99514722,5,5,4,1,5,1,0,42,0,1,1,0,3,2,1,1,26,1,1,2,2,1,2,2,2,2,2,2,2,2,2,2,2,1,"Michigan",0
"14686",260141,26,3206,42.91890833,-85.22468333,1,1,4,1,20,4,0,42,0,1,1,0,4,5,10,1,26,1,2,2,2,1,2,1,2,2,2,1,2,2,2,2,2,2,"Michigan",1
"14687",260142,26,2691,43.25159444,-83.60197222,2,2,4,2,16,4,0,1,0,2,2,0,1,1,1,1,26,1,2,1,1,2,1,2,2,2,2,2,2,2,2,2,2,2,"Michigan",0
"14688",260143,26,3800,42.48085,-83.20732778,4,4,4,7,1,1,0,12,0,1,1,0,1,3,10,1,26,2,1,2,2,2,2,2,2,2,2,3,2,2,1,2,1,2,"Michigan",0
"14689",260144,26,850,46.42327778,-87.26567222,2,2,4,1,21,2,0,12,0,1,1,0,1,2,1,1,26,1,2,2,2,2,2,2,2,1,2,3,2,2,1,2,2,2,"Michigan",0
"14690",260145,26,4036,42.36611944,-85.551325,1,1,4,5,13,4,0,42,0,1,1,0,4,1,10,1,26,1,2,1,1,1,2,2,2,2,2,2,2,1,2,2,2,2,"Michigan",0
"14691",260146,26,3789,42.49152778,-82.94013611,1,1,4,6,20,3,0,8,0,1,1,0,1,3,2,1,26,2,2,2,2,1,2,2,1,2,2,2,2,2,2,2,2,2,"Michigan",0
"14692",260147,26,3898,42.43078056,-82.95888611,1,1,4,5,21,6,0,8,0,1,1,0,1,3,2,1,26,2,2,2,1,1,2,2,1,2,2,3,2,2,2,1,2,2,"Michigan",0
"14693",260148,26,3745,42.51506944,-83.10621667,1,1,4,2,22,6,0,1,0,1,1,0,4,3,1,1,26,2,2,2,1,1,2,1,2,1,2,1,2,2,1,2,2,2,"Michigan",1
"14694",260149,26,1355,45.20834722,-87.53249722,2,2,4,7,6,3,0,42,0,1,1,0,4,1,10,1,26,1,2,1,2,1,2,2,2,2,2,3,1,2,2,2,2,2,"Michigan",0
"14695",260150,26,2984,43.06047222,-85.96317778,1,1,4,3,23,6,0,34,0,3,3,0,4,2,10,1,26,2,2,2,1,1,2,2,2,1,2,1,2,2,2,2,2,2,"Michigan",1
"14696",260151,26,4182,42.29079167,-85.53018889,2,2,1,3,8,4,0,12,0,1,1,0,1,1,4,1,26,2,2,1,1,2,2,1,2,2,2,2,2,2,2,2,2,2,"Michigan",0
"14697",260152,26,3555,42.65154167,-82.99395833,1,1,4,4,12,4,0,30,0,1,1,0,4,1,1,1,26,1,2,1,1,1,2,2,2,1,2,3,2,2,2,2,2,2,"Michigan",0
"14698",260153,26,3112,42.98733333,-85.37146111,2,2,1,3,8,4,0,12,0,2,2,0,1,1,10,1,26,1,2,1,1,2,2,2,2,2,2,3,2,2,2,2,2,2,"Michigan",0
"14699",260154,26,2687,43.25755556,-85.87949444,5,5,1,6,14,4,0,12,0,1,1,0,1,1,1,1,26,1,2,1,1,2,2,2,2,1,2,2,1,2,2,2,2,2,"Michigan",0
"14700",260155,26,4003,42.38513056,-83.24301111,1,1,4,4,14,1,0,14,0,1,1,0,4,1,1,1,26,2,1,1,1,1,1,1,2,2,2,3,2,2,2,2,2,2,"Michigan",0
"14701",260156,26,3974,42.39208056,-83.12456111,1,1,1,5,19,3,0,8,0,1,1,0,11,2,1,1,26,2,2,2,1,1,2,2,1,2,2,3,2,2,2,2,2,2,"Michigan",0
"14702",260157,26,3351,42.79785833,-85.45765278,2,2,1,2,6,4,0,12,0,2,2,0,1,2,10,1,26,2,2,1,1,2,2,2,2,2,2,3,2,2,2,2,2,2,"Michigan",0
"14703",260158,26,3729,42.52513611,-83.51044722,2,2,1,2,19,6,0,12,0,2,3,0,1,3,1,1,26,2,2,2,1,2,2,2,2,1,2,1,2,2,2,1,2,2,"Michigan",1
"14704",260159,26,1993,44.22134167,-85.56761389,3,3,4,6,9,3,0,1,0,1,1,0,4,1,10,1,26,1,2,1,1,1,2,2,2,1,2,2,2,2,2,2,2,2,"Michigan",0
"14705",260160,26,4725,41.96441111,-86.55310278,1,1,1,3,22,1,0,8,0,1,1,0,1,2,1,1,26,2,1,2,1,1,2,2,1,2,2,3,2,2,2,2,2,2,"Michigan",0
"14706",260161,26,1789,44.52883056,-85.77715833,4,4,4,7,22,4,0,2,0,1,1,0,1,2,1,1,26,1,2,2,2,1,2,1,2,1,2,1,1,2,2,2,2,2,"Michigan",1
"14707",260162,26,3723,42.53511389,-83.00776667,2,2,1,4,8,6,0,12,0,2,3,0,1,1,1,1,26,2,2,1,1,2,2,2,2,2,2,3,2,1,2,2,2,2,"Michigan",0
"14708",260163,26,4613,42.03491111,-86.20423333,2,2,1,2,13,4,0,12,0,2,3,0,1,1,1,1,26,1,2,1,1,2,2,2,2,2,2,3,2,1,2,2,2,2,"Michigan",0
"14709",260164,26,4071,42.35081944,-82.99572222,1,1,4,6,20,6,0,8,0,1,1,0,1,2,1,1,26,2,2,2,2,1,2,2,1,2,2,3,2,2,2,2,2,2,"Michigan",0
"14710",260165,26,3886,42.43586389,-83.031825,2,2,4,7,19,6,0,12,0,2,2,0,1,1,1,1,26,2,2,2,2,2,1,2,2,2,2,3,2,2,2,2,2,2,"Michigan",0
"14711",260166,26,2916,43.09232222,-83.61708611,1,1,4,2,1,4,0,8,0,1,1,0,1,3,2,1,26,1,2,2,2,1,2,2,1,2,2,2,2,2,2,2,2,2,"Michigan",0
"14712",260167,26,4685,41.99105833,-83.90591667,2,2,4,4,8,4,0,1,0,1,1,0,4,1,10,1,26,1,2,1,1,1,2,1,2,1,2,1,1,2,2,2,2,2,"Michigan",1
"14713",260168,26,4670,42.00165556,-85.81479722,2,2,4,1,1,3,0,8,0,1,1,0,1,2,1,1,26,1,2,2,2,1,2,2,1,2,2,3,2,2,2,2,2,2,"Michigan",0
"14714",260169,26,3158,42.95266944,-84.0788,2,2,4,1,19,4,0,34,0,1,1,0,4,1,1,1,26,1,2,2,2,1,1,2,2,2,2,1,2,2,2,2,2,2,"Michigan",1
"14715",260170,26,4077,42.348075,-85.08646389,1,1,4,4,15,4,0,42,0,1,1,0,4,1,1,1,26,1,2,1,1,1,2,1,2,2,2,3,2,2,2,2,2,2,"Michigan",0
"14716",260171,26,3269,42.883625,-85.56557222,1,1,4,2,5,3,0,8,0,3,2,0,1,2,1,1,26,2,2,2,2,1,2,2,1,2,2,2,2,2,2,2,2,2,"Michigan",0
"14717",260172,26,3957,42.40158611,-82.94778056,4,4,4,1,3,6,0,42,0,1,1,0,4,3,1,3,26,2,2,2,2,1,2,2,2,2,2,1,2,2,2,2,2,2,"Michigan",1
"14718",260173,26,4075,42.34945833,-83.03417778,1,1,4,1,3,3,0,9,0,1,1,0,1,3,1,1,26,2,2,2,2,1,2,2,2,2,2,3,2,2,2,1,2,2,"Michigan",0
"14719",260174,26,4385,42.17309167,-85.92660556,1,1,4,2,19,4,0,42,0,1,1,0,4,1,1,1,26,1,2,2,1,1,2,1,2,2,2,1,2,2,2,2,2,2,"Michigan",1
"14720",260175,26,4030,42.37010833,-83.11755556,7,7,4,6,20,6,0,12,0,1,1,0,1,1,1,1,26,2,2,2,2,3,2,2,2,2,2,1,2,2,1,2,2,2,"Michigan",1
"14721",260176,26,3604,42.61952222,-83.27939167,8,8,4,6,19,6,0,12,0,2,2,0,1,1,1,1,26,2,2,2,2,3,2,2,2,2,2,1,1,2,1,2,2,2,"Michigan",1
"14722",260177,26,4103,42.33111667,-83.13084444,3,3,4,7,2,2,0,12,0,8,1,0,1,3,1,1,26,2,2,2,2,2,1,1,2,2,2,1,2,2,2,2,2,2,"Michigan",2
"14723",260178,26,4370,42.18189167,-83.29650278,4,4,4,3,14,6,0,12,0,1,1,0,1,1,1,1,26,1,2,1,1,2,2,2,2,1,2,3,2,2,2,2,2,2,"Michigan",0
"14724",260179,26,2218,43.853825,-84.12546389,1,1,4,7,14,4,0,1,0,1,1,0,4,1,1,1,26,1,2,1,2,1,2,1,2,1,2,1,2,2,2,2,2,2,"Michigan",1
"14725",260180,26,3696,42.54926944,-83.11655833,5,5,4,6,23,1,0,12,0,1,1,0,1,2,1,1,26,2,1,2,2,3,2,2,2,1,2,1,2,2,2,2,2,2,"Michigan",1
"14726",260181,26,2663,43.28938056,-83.73540556,1,1,4,7,23,3,0,8,0,1,1,0,1,2,1,1,26,1,2,2,2,1,2,2,1,2,2,3,2,2,2,1,2,2,"Michigan",0
"14727",260182,26,3980,42.39088056,-83.12778056,2,2,4,7,3,3,0,30,0,1,1,0,4,3,10,1,26,2,2,2,2,1,2,1,2,2,2,1,2,2,1,2,2,2,"Michigan",1
"14728",260183,26,4341,42.20345,-85.59013056,1,1,4,6,3,6,0,33,0,1,1,0,4,3,1,1,26,2,2,2,1,1,2,1,2,1,1,1,2,2,2,2,2,2,"Michigan",1
"14729",260184,26,3220,42.91272222,-83.89993333,1,1,4,7,3,4,0,42,0,1,1,0,4,2,1,1,26,1,2,2,2,1,2,1,2,2,2,1,2,2,2,2,2,2,"Michigan",1
"14730",260185,26,3915,42.42347222,-82.95735556,4,4,3,1,0,6,0,12,0,2,2,0,1,3,10,1,26,2,2,2,2,2,2,2,2,2,2,3,2,2,1,1,2,2,"Michigan",1
"14731",260186,26,3896,42.43120833,-83.17297778,3,3,4,1,10,6,0,12,0,2,2,0,1,1,1,1,26,2,2,1,2,2,2,2,2,2,2,3,1,1,2,2,2,2,"Michigan",0
"14732",260187,26,3638,42.59284722,-83.09646111,2,2,4,1,11,6,0,18,0,1,1,0,1,1,1,1,26,2,2,1,2,2,2,2,2,2,2,3,2,2,2,2,1,2,"Michigan",0
"14733",260188,26,2040,44.132175,-85.29703333,5,5,4,2,8,3,0,12,0,1,1,0,1,1,10,2,26,1,2,1,1,3,2,2,2,2,2,3,2,2,2,2,2,2,"Michigan",2
"14734",260189,26,3932,42.41461944,-83.06413611,1,1,5,6,0,3,0,33,0,1,1,0,4,2,1,1,26,2,2,2,1,1,2,1,2,1,2,1,2,2,2,2,2,2,"Michigan",1
"14735",260190,26,3130,42.973025,-85.67723056,1,1,5,6,17,2,0,24,0,1,1,0,3,1,1,1,26,2,2,1,1,1,1,1,2,2,2,3,2,2,2,2,2,2,"Michigan",0
"14736",260191,26,3346,42.79993611,-86.08307222,3,3,5,1,4,2,0,1,0,1,1,0,1,2,1,1,26,1,2,2,2,1,2,2,2,1,2,2,2,2,2,2,2,2,"Michigan",0
"14737",260192,26,3349,42.798125,-85.40848056,2,2,5,1,14,4,0,12,0,2,2,0,1,1,10,1,26,1,2,1,2,2,2,2,2,1,2,3,1,2,1,2,2,2,"Michigan",0
"14738",260193,26,3370,42.78120278,-86.10899167,1,1,5,7,15,6,0,9,0,3,2,0,1,1,1,1,26,2,2,1,2,1,2,2,2,2,2,2,2,2,2,2,2,2,"Michigan",0
"14739",260194,26,4094,42.33577778,-85.27323611,2,2,5,6,19,3,0,12,0,2,2,0,1,1,1,1,26,2,2,2,2,2,1,2,2,2,2,3,2,2,2,2,2,2,"Michigan",1
"14740",260195,26,4128,42.320875,-83.73063333,1,1,5,6,16,2,0,1,0,1,1,0,4,1,1,1,26,1,2,1,1,1,1,1,2,2,2,3,2,2,2,2,2,2,"Michigan",0
"14741",260196,26,4220,42.27359722,-85.40008333,1,1,5,7,23,4,0,1,0,1,1,0,1,2,10,1,26,1,2,2,2,1,2,1,2,1,2,2,2,2,2,2,2,2,"Michigan",0
"14742",260197,26,1830,44.46886667,-83.32341944,4,4,5,3,6,2,0,35,0,1,1,0,4,1,1,1,26,1,2,1,1,1,2,2,2,1,2,2,2,2,1,2,2,1,"Michigan",0
"14743",260198,26,3218,42.91334722,-85.68601111,1,1,5,3,5,3,0,8,0,1,1,0,1,3,1,1,26,2,2,2,1,1,2,2,1,2,2,2,2,2,1,2,2,2,"Michigan",0
"14744",260199,26,1642,44.77448889,-85.76608889,4,4,5,7,11,3,0,12,0,8,1,0,1,1,10,1,26,1,2,1,2,2,2,2,2,2,2,3,2,1,2,2,2,2,"Michigan",0
"14745",260200,26,3450,42.71777778,-83.09303056,5,5,5,6,18,4,0,52,0,1,1,0,4,1,10,3,26,1,3,2,2,1,2,2,2,1,2,1,1,2,2,2,2,2,"Michigan",1
"14746",260201,26,3357,42.79368611,-82.80011944,1,1,5,7,15,4,0,53,0,1,1,0,4,1,1,1,26,1,2,1,2,1,2,2,2,2,2,2,2,2,2,2,2,2,"Michigan",0
"14747",260202,26,3022,43.03715,-86.22011389,3,3,5,2,12,2,0,12,0,2,3,0,1,1,2,1,26,1,2,1,1,2,2,2,2,2,2,2,2,2,2,2,2,2,"Michigan",0
"14748",260203,26,3928,42.41596389,-83.20001389,5,5,1,1,0,6,0,12,0,1,1,0,1,3,1,1,26,2,2,2,2,2,2,2,2,2,2,1,2,2,2,2,2,2,"Michigan",2
"14749",260204,26,3341,42.80503333,-84.32543889,2,2,1,2,18,3,0,12,0,2,3,0,1,3,1,1,26,1,2,2,1,2,2,1,2,2,2,3,2,1,2,2,2,2,"Michigan",0
"14750",260205,26,2713,43.23416111,-86.21866944,1,1,1,7,23,3,0,8,0,1,1,0,1,2,10,1,26,2,2,2,2,1,2,2,1,2,2,3,2,2,2,1,2,2,"Michigan",0
"14751",260206,26,3073,43.00730556,-85.51858889,3,3,5,2,16,4,0,12,0,1,1,0,1,1,2,2,26,1,2,1,1,2,2,2,2,2,2,2,1,1,2,2,2,2,"Michigan",0
"14752",260207,26,4297,42.23080833,-85.86245278,2,2,1,5,16,4,0,12,0,1,1,0,1,1,4,1,26,2,2,1,1,2,2,1,2,2,2,3,2,1,2,2,2,2,"Michigan",0
"14753",260208,26,1223,45.46446389,-85.05854722,2,2,5,3,7,4,0,42,0,1,1,0,4,2,10,2,26,1,2,1,1,1,2,2,2,1,2,1,2,2,2,2,2,2,"Michigan",1
"14754",260209,26,4191,42.28664167,-86.24326111,1,1,5,1,1,4,0,34,0,1,1,0,4,2,1,1,26,1,2,2,2,1,2,1,2,1,2,3,2,2,2,2,2,2,"Michigan",1
"14755",260211,26,2567,43.41528611,-84.01548333,2,2,5,6,15,3,0,53,0,1,1,0,4,1,1,1,26,1,2,1,1,1,2,2,2,2,2,3,2,1,2,2,2,2,"Michigan",0
"14756",260212,26,2576,43.40797778,-84.50331667,3,3,5,2,14,3,0,12,0,1,1,0,1,1,2,2,26,1,2,1,1,2,2,2,2,2,2,2,2,1,2,2,1,2,"Michigan",0
"14757",260213,26,5032,41.79261111,-84.53420833,1,1,5,4,13,4,0,8,0,1,1,0,1,1,1,1,26,1,2,1,1,1,2,2,1,2,2,3,2,2,2,2,1,2,"Michigan",0
"14758",260214,26,3025,43.03665,-83.66790278,6,6,5,2,19,6,0,12,0,2,2,0,1,1,10,1,26,2,2,2,1,2,2,2,2,2,2,1,2,2,2,2,2,2,"Michigan",1
"14759",260215,26,3602,42.62006389,-82.88134444,1,1,5,5,2,3,0,32,0,1,1,0,4,2,1,1,26,1,2,2,1,1,1,1,2,2,2,1,2,2,1,2,2,2,"Michigan",1
"14760",260216,26,5017,41.79620556,-86.04956667,1,1,5,6,4,4,0,8,0,1,1,0,1,2,2,1,26,1,2,2,1,1,2,2,1,2,2,1,2,2,1,2,2,2,"Michigan",1
"14761",260217,26,3621,42.60590556,-83.01619444,2,2,5,6,19,3,0,21,0,1,1,0,3,1,2,1,26,2,2,2,2,1,2,1,2,2,2,2,2,2,2,2,2,2,"Michigan",0
"14762",260218,26,3458,42.71091111,-85.50617222,9,9,5,7,13,4,0,12,0,2,2,0,1,1,1,1,26,1,2,1,2,3,2,2,2,2,2,3,2,2,2,2,2,2,"Michigan",0
"14763",260219,26,3529,42.66988333,-83.21001667,1,1,5,5,16,6,0,8,0,1,1,0,1,1,1,1,26,2,3,1,1,1,2,2,1,2,2,3,2,2,2,2,2,2,"Michigan",0
"14764",260220,26,3113,42.98730833,-84.92299722,1,1,5,1,0,4,0,5,0,1,1,0,4,2,1,1,26,1,2,2,2,1,1,2,2,2,2,1,2,2,1,2,2,2,"Michigan",1
"14765",260221,26,3713,42.53769722,-83.74731667,1,1,1,1,7,4,0,8,0,1,1,0,1,2,10,1,26,2,2,1,2,1,2,2,1,2,2,2,2,2,2,2,2,2,"Michigan",0
"14766",260222,26,2421,43.60575833,-83.94807778,3,3,5,1,3,1,0,12,0,1,1,0,1,2,1,1,26,1,1,2,2,2,2,2,2,1,2,1,2,2,2,2,2,2,"Michigan",1
"14767",260223,26,2065,44.08374722,-84.29843333,1,1,5,7,20,4,0,34,0,1,1,0,4,1,1,1,26,1,2,2,2,1,2,2,2,1,2,1,2,2,2,2,2,2,"Michigan",1
"14768",260224,26,3348,42.79867222,-84.54274167,3,3,5,2,7,3,0,12,0,2,2,0,1,1,1,1,26,1,2,1,1,2,2,2,2,1,2,3,2,2,2,2,2,2,"Michigan",0
"14769",260225,26,2583,43.40445556,-83.95761667,1,1,5,2,23,6,0,38,0,1,1,0,4,3,1,1,26,2,2,2,1,1,1,1,2,2,1,1,2,2,2,2,2,2,"Michigan",1
"14770",260226,26,3265,42.88506667,-85.45551111,1,1,5,3,9,4,0,53,0,1,1,0,4,1,2,1,26,1,2,1,1,1,2,2,2,2,2,2,2,1,2,2,2,2,"Michigan",0
"14771",260227,26,4469,42.11487778,-84.63165,1,1,5,4,15,4,0,34,0,1,1,0,4,1,1,1,26,1,2,1,1,1,2,2,2,2,2,3,1,2,2,2,1,2,"Michigan",0
"14772",260228,26,2754,43.19716944,-85.64149722,2,2,5,5,15,4,0,12,0,2,2,0,1,1,1,1,26,1,2,1,1,2,2,2,2,1,2,2,2,2,2,2,1,2,"Michigan",0
"14773",260229,26,2819,43.15431389,-86.06638056,3,3,5,5,22,4,0,12,0,2,2,0,1,2,10,1,26,1,2,2,1,2,2,2,2,1,2,1,2,2,1,2,2,2,"Michigan",1
"14774",260230,26,3634,42.59648611,-84.43292222,2,2,5,6,10,4,0,12,0,2,2,0,1,1,1,1,26,1,2,1,1,2,2,2,2,2,2,3,2,1,2,2,2,2,"Michigan",0
"14775",260231,26,2012,44.17641111,-84.12554444,4,4,5,6,9,3,0,12,0,2,2,0,1,1,1,1,26,1,2,1,1,2,2,2,2,2,2,3,2,1,2,2,2,2,"Michigan",0
"14776",260232,26,2659,43.29151389,-83.43275,5,5,5,1,0,4,0,12,0,2,2,0,1,2,1,1,26,1,2,2,2,2,2,2,2,2,2,3,1,2,2,2,2,2,"Michigan",1
"14777",260233,26,4241,42.26477222,-84.73196944,7,7,5,1,19,1,0,12,0,1,1,0,1,1,10,3,26,1,1,2,2,2,2,1,2,2,2,2,1,2,2,2,2,2,"Michigan",0
"14778",260234,26,3505,42.68394167,-82.73276111,7,7,5,6,10,3,0,12,0,2,2,0,1,1,1,1,26,2,2,1,1,2,2,1,2,2,2,1,1,2,2,2,2,2,"Michigan",1
"14779",260235,26,2001,44.20831667,-85.21925556,1,1,5,4,14,6,0,42,0,1,1,0,4,1,1,1,26,2,2,1,1,1,2,1,2,2,2,3,2,1,2,2,2,2,"Michigan",0
"14780",260236,26,3924,42.417975,-82.98894167,2,2,5,7,20,3,0,12,0,8,1,0,1,5,10,1,26,2,2,2,2,2,1,2,2,2,2,2,2,2,2,2,2,2,"Michigan",0
"14781",260237,26,888,46.3164,-89.72661667,1,1,5,7,2,3,0,18,0,1,1,0,4,2,1,1,26,1,2,2,2,1,2,1,2,1,2,1,2,2,2,2,2,2,"Michigan",1
"14782",260238,26,3964,42.39906944,-83.11191667,1,1,5,1,3,3,0,24,1,5,1,0,4,3,1,1,26,2,2,2,2,1,2,1,2,2,2,1,2,2,1,2,2,2,"Michigan",1