"","ST_CASE","OBJECT_ID","FID","LATITUDE","LONGITUD","PERMVIT","PERSONS","MONTH","DAY_WEEK","HOUR","ROUTE","SP_JUR","HARM_EV","RELJCT1","RELJCT2","TYP_INT","WRK_ZONE","REL_ROAD","LGT_COND","WEATHER","FATALS","STATE","A_RU","A_INTER","A_TOD","A_DOW","A_CT","A_MC","A_SPCRA","A_PED","A_ROLL","A_POLPUR","A_POSBAC","A_D15_20","A_D65PLS","A_D21_24","A_HR","A_DIST","A_DROWSY","STATE_NAME","drunkDr"
"14919",260377,26,898,46.27770278,-84.50840833,1,1,7,2,0,4,0,42,0,1,1,0,4,2,1,1,26,1,2,2,2,1,2,2,2,2,2,1,2,2,2,2,2,2,"Michigan",1
"14920",260378,26,3578,42.63678889,-82.61639167,3,3,7,7,21,3,0,12,0,1,1,0,1,1,1,1,26,1,2,2,2,2,2,2,2,1,2,1,2,2,2,2,2,2,"Michigan",1
"14921",260379,26,1652,44.75787778,-85.37361389,2,2,7,2,23,4,0,35,0,1,1,0,4,2,2,1,26,1,2,2,1,1,2,2,2,1,2,1,2,2,1,2,2,2,"Michigan",1
"14922",260380,26,2442,43.58273611,-84.68780833,4,4,7,2,17,4,0,12,0,2,2,0,1,1,1,1,26,1,2,1,1,3,2,1,2,2,2,3,1,1,2,2,2,2,"Michigan",0
"14923",260381,26,2801,43.17223611,-86.20663611,1,1,7,5,0,2,0,35,1,19,1,0,4,3,10,1,26,2,2,2,1,1,2,1,2,1,2,3,2,2,2,2,2,2,"Michigan",0
"14924",260382,26,3893,42.43235556,-83.11553611,1,1,7,1,20,3,0,33,0,7,1,0,3,1,1,1,26,2,2,2,2,1,1,1,2,2,2,1,2,2,2,2,2,2,"Michigan",1
"14925",260383,26,837,46.48368611,-84.68324722,1,1,7,3,20,4,0,42,0,1,1,0,4,1,1,1,26,1,2,2,1,1,2,2,2,2,2,3,2,1,2,2,2,2,"Michigan",0
"14926",260384,26,3965,42.39850278,-83.27641667,2,2,7,5,11,2,0,59,0,1,1,0,4,1,1,1,26,1,2,1,1,2,2,2,2,2,2,3,2,1,2,2,2,2,"Michigan",0
"14927",260385,26,3765,42.50333889,-83.69193611,2,2,7,5,18,4,0,12,0,1,1,0,1,1,1,1,26,1,3,2,1,2,1,2,2,2,2,3,2,2,2,2,2,2,"Michigan",0
"14928",260386,26,1445,45.04513611,-84.43884444,4,4,7,1,11,4,0,12,0,1,1,0,1,1,1,1,26,1,2,1,2,2,2,2,2,2,2,1,2,2,2,2,2,2,"Michigan",1
"14929",260387,26,4014,42.37942222,-83.193225,1,1,7,5,5,1,0,8,0,1,1,0,1,3,1,1,26,2,2,2,1,1,2,2,1,2,2,3,2,2,2,2,2,2,"Michigan",0
"14930",260388,26,3350,42.79794444,-82.73374722,2,2,7,4,20,6,0,12,0,8,1,0,1,1,1,1,26,2,2,2,1,2,1,2,2,2,2,1,1,2,2,2,2,2,"Michigan",1
"14931",260389,26,4918,41.84594444,-83.91941111,6,6,7,6,14,2,0,12,0,1,1,0,1,1,1,1,26,1,2,1,1,2,2,2,2,2,2,3,2,2,1,2,2,2,"Michigan",0
"14932",260390,26,2409,43.61676389,-84.74805556,1,1,7,6,5,4,0,9,0,1,1,0,1,2,2,1,26,1,2,2,1,1,2,2,2,2,2,2,2,2,1,2,2,2,"Michigan",0
"14933",260391,26,3931,42.41490556,-83.24267778,6,6,7,5,23,6,0,12,0,1,1,0,1,3,1,1,26,2,2,2,1,2,2,1,2,1,2,1,1,2,2,2,2,2,"Michigan",1
"14934",260392,26,3826,42.46601389,-85.131675,1,1,7,7,12,3,0,35,0,1,1,0,4,1,1,1,26,1,2,1,2,1,2,2,2,2,2,2,2,1,2,2,2,2,"Michigan",0
"14935",260393,26,3620,42.60765278,-83.08574444,2,2,7,1,2,6,0,30,0,1,1,0,4,2,1,2,26,2,2,2,2,1,2,1,2,2,1,1,1,2,2,2,2,2,"Michigan",1
"14936",260394,26,4116,42.32651944,-83.16091944,1,1,7,5,18,1,0,8,0,1,1,0,1,1,1,1,26,2,2,2,1,1,2,2,1,2,2,2,2,2,2,2,2,2,"Michigan",0
"14937",260395,26,4104,42.33103611,-85.20980556,1,1,7,5,1,3,0,30,0,1,1,0,4,3,1,1,26,2,2,2,1,1,2,1,2,2,2,3,1,2,2,2,2,2,"Michigan",0
"14938",260397,26,3771,42.49984444,-83.04611944,2,2,7,2,5,6,0,33,0,1,1,0,4,3,1,1,26,2,2,2,2,1,2,2,2,1,2,2,2,2,2,2,2,2,"Michigan",0
"14939",260399,26,3786,42.49235,-84.22051667,1,1,7,1,21,4,0,59,0,1,1,0,4,2,1,1,26,1,2,2,2,1,1,1,2,2,2,1,2,2,2,2,2,2,"Michigan",1
"14940",260401,26,3111,42.98858056,-82.53731389,1,1,7,3,11,4,0,30,0,1,1,0,4,1,1,1,26,1,2,1,1,1,2,2,2,2,2,3,2,1,2,2,2,2,"Michigan",0
"14941",260402,26,3013,43.04146111,-83.71614444,1,1,7,7,4,6,0,42,0,1,1,0,4,4,1,1,26,2,2,2,2,1,2,2,2,2,2,3,2,2,2,2,2,2,"Michigan",0
"14942",260403,26,3126,42.97443889,-83.67265556,2,2,7,3,10,6,0,12,0,2,2,0,1,1,1,1,26,2,2,1,1,2,1,2,2,2,2,2,2,2,2,2,2,2,"Michigan",0
"14943",260404,26,4393,42.16637778,-85.20719722,3,3,7,4,7,3,0,12,0,2,2,0,1,1,1,1,26,1,2,1,1,3,2,2,2,2,2,3,2,1,2,2,2,2,"Michigan",0
"14944",260405,26,2736,43.21316111,-86.06763056,5,5,7,4,9,4,0,12,0,2,2,0,1,1,1,3,26,1,2,1,1,2,2,2,2,2,2,3,2,1,2,2,2,2,"Michigan",0
"14945",260406,26,4321,42.21831944,-83.68543056,2,2,7,5,12,2,0,1,0,1,1,0,4,1,1,1,26,1,2,1,1,1,2,1,2,1,2,3,2,1,2,2,2,2,"Michigan",0
"14946",260407,26,882,46.33312222,-86.92881944,3,3,7,3,19,3,0,12,0,2,2,0,1,1,1,1,26,2,2,2,1,2,2,2,2,2,2,3,2,2,2,2,2,2,"Michigan",0
"14947",260408,26,3641,42.58865,-84.79725556,2,2,7,5,21,4,0,15,0,1,1,0,1,2,1,1,26,1,2,2,1,1,2,2,2,2,2,2,2,1,2,2,2,2,"Michigan",0
"14948",260409,26,3846,42.45336667,-82.92050278,2,2,7,4,21,6,0,12,0,8,1,0,1,3,10,1,26,2,2,2,1,2,1,2,2,2,2,2,1,2,2,2,1,2,"Michigan",0
"14949",260410,26,3721,42.53554444,-86.03339444,2,2,7,5,0,4,0,42,0,1,1,0,4,2,1,1,26,1,2,2,1,1,2,1,2,1,2,3,1,2,2,2,2,2,"Michigan",0
"14950",260411,26,1694,44.69042778,-85.73674167,3,3,7,5,12,4,0,12,0,1,1,0,1,1,1,1,26,1,2,1,1,2,2,2,2,2,2,2,2,2,2,2,2,2,"Michigan",0
"14951",260412,26,3597,42.622625,-83.05178611,2,2,7,1,22,6,0,12,0,1,1,0,1,3,1,1,26,2,2,2,2,2,1,2,2,2,2,1,2,2,1,1,2,2,"Michigan",1
"14952",260413,26,4124,42.32379444,-83.05955278,1,1,7,5,0,6,0,18,0,1,1,0,1,3,1,1,26,2,2,2,1,1,2,1,2,2,2,1,2,1,2,2,2,2,"Michigan",1
"14953",260414,26,1050,45.74573056,-87.09021667,2,2,7,6,21,2,0,12,0,2,2,0,1,5,10,1,26,2,2,2,2,2,1,2,2,2,2,1,2,2,2,2,2,2,"Michigan",1
"14954",260415,26,5012,41.798175,-86.06930278,3,3,7,7,6,2,0,12,0,1,1,0,1,1,1,1,26,1,2,1,2,2,2,2,2,2,2,2,2,1,1,2,2,2,"Michigan",0
"14955",260416,26,2323,43.708825,-82.97978889,1,1,7,1,2,4,0,32,0,1,1,0,4,2,5,1,26,1,2,2,2,1,2,2,2,1,2,1,2,2,2,2,2,2,"Michigan",1
"14956",260417,26,4384,42.17415833,-83.24318333,4,4,7,6,22,1,0,8,0,1,1,0,1,2,1,1,26,1,1,2,2,1,2,2,1,2,2,2,2,2,2,2,2,2,"Michigan",0
"14957",260418,26,3668,42.57189722,-83.38553333,1,1,7,2,6,6,0,8,0,1,1,0,1,4,1,1,26,2,2,1,1,1,2,2,1,2,2,3,2,2,2,2,2,2,"Michigan",0
"14958",260419,26,3441,42.72484167,-85.58768333,2,2,7,3,15,4,0,12,0,1,1,0,1,1,10,1,26,2,2,1,1,2,2,2,2,2,2,3,2,2,2,2,2,2,"Michigan",0
"14959",260420,26,3577,42.63844722,-82.97373611,3,3,7,1,1,4,0,12,0,8,1,0,1,2,1,1,26,1,2,2,2,3,2,1,2,1,1,1,1,2,2,2,2,2,"Michigan",1
"14960",260421,26,2466,43.56059444,-84.44951944,1,1,7,1,16,4,0,34,0,1,1,0,4,1,1,1,26,1,2,1,2,1,2,2,2,1,2,1,2,2,2,2,2,2,"Michigan",1
"14961",260422,26,3060,43.01440278,-83.69125278,2,2,7,6,12,6,0,12,0,2,2,0,1,1,1,1,26,2,2,1,1,2,1,2,2,2,2,3,2,2,2,2,2,2,"Michigan",0
"14962",260423,26,2534,43.46610556,-85.04472222,2,2,7,6,18,4,0,12,0,2,2,0,1,1,1,1,26,1,2,2,2,2,1,2,2,2,2,2,2,2,2,2,2,2,"Michigan",0
"14963",260424,26,2448,43.57538056,-84.75756667,3,3,7,3,4,4,0,30,0,1,1,0,4,3,1,1,26,1,2,2,1,1,2,2,2,1,2,3,2,2,2,2,2,2,"Michigan",1
"14964",260425,26,3248,42.89678056,-82.48519167,3,3,7,6,12,3,0,12,0,2,2,0,1,1,1,1,26,2,2,1,1,3,2,2,2,2,2,3,2,1,2,2,2,2,"Michigan",0
"14965",260427,26,3754,42.50976111,-82.91818889,2,2,7,6,1,1,0,12,0,1,1,0,1,3,10,1,26,2,1,2,1,2,1,1,2,2,2,1,2,2,2,2,2,2,"Michigan",1
"14966",260428,26,2382,43.63995556,-84.10023333,2,2,7,4,16,4,0,35,0,1,1,0,4,1,1,1,26,1,2,1,1,1,2,2,2,2,2,3,2,2,2,2,2,2,"Michigan",0
"14967",260429,26,2640,43.33035278,-82.82371667,1,1,7,5,0,3,0,34,0,1,1,0,4,2,1,1,26,1,2,2,1,1,2,2,2,2,2,1,2,2,2,2,2,2,"Michigan",1
"14968",260430,26,2443,43.5822,-84.42943611,2,2,7,3,20,4,0,59,0,1,1,0,4,1,1,2,26,1,2,2,1,1,2,2,2,1,2,1,2,2,2,2,2,2,"Michigan",1
"14969",260431,26,2215,43.85711667,-84.36890833,1,1,7,6,9,4,0,34,0,1,1,0,4,1,10,1,26,1,2,1,1,1,2,2,2,1,2,3,2,2,2,2,2,2,"Michigan",0
"14970",260433,26,1534,44.93498889,-85.77035,1,1,7,6,14,4,0,34,0,1,1,0,4,1,1,1,26,1,2,1,1,1,1,2,2,2,2,2,2,1,2,2,2,2,"Michigan",0
"14971",260434,26,3805,42.47904167,-83.11114722,1,1,7,5,19,6,0,15,0,1,1,0,1,1,1,1,26,2,2,2,1,1,2,2,2,2,2,2,2,1,2,2,2,2,"Michigan",0
"14972",260435,26,885,46.324725,-84.28067778,4,4,7,5,21,4,0,1,0,1,1,0,4,5,1,1,26,1,2,2,1,1,2,2,2,1,2,1,2,2,1,2,2,2,"Michigan",1
"14973",260436,26,4202,42.28089167,-85.75345833,4,4,7,5,16,4,0,12,0,2,2,0,1,1,1,1,26,1,2,1,1,2,2,2,2,1,2,3,1,2,1,2,1,2,"Michigan",0
"14974",260437,26,1478,44.99350833,-84.72298333,1,1,7,6,7,4,0,9,0,1,1,0,1,1,1,1,26,1,2,1,1,1,2,2,2,2,2,2,1,2,2,2,2,2,"Michigan",0
"14975",260438,26,4657,42.01250556,-83.23786111,1,1,7,6,7,4,0,34,0,1,1,0,4,1,1,1,26,1,2,1,1,1,1,2,2,2,2,2,2,2,1,2,2,2,"Michigan",0
"14976",260439,26,3316,42.83896944,-82.66581111,2,2,7,5,11,4,0,12,0,2,3,0,1,1,1,1,26,1,2,1,1,2,1,2,2,2,2,3,2,1,2,2,2,2,"Michigan",0
"14977",260440,26,2061,44.08893333,-85.24637222,1,1,7,6,20,4,0,15,0,1,1,0,1,5,10,1,26,1,2,2,2,1,2,2,2,2,2,2,2,2,2,2,2,2,"Michigan",0
"14978",260441,26,2337,43.682175,-84.767675,2,2,7,6,23,4,0,8,0,1,1,0,1,2,1,1,26,1,2,2,2,1,2,2,1,2,2,2,2,2,2,2,2,2,"Michigan",0
"14979",260442,26,3986,42.38939722,-83.59609722,1,1,7,7,1,4,0,42,0,1,1,0,4,2,10,1,26,1,2,2,2,1,2,2,2,1,2,1,2,2,1,2,2,2,"Michigan",1
"14980",260444,26,2495,43.52398611,-84.82726111,3,3,7,4,10,4,0,12,0,2,2,0,1,1,1,1,26,1,2,1,1,2,2,2,2,2,2,3,1,1,2,2,2,2,"Michigan",0
"14981",260445,26,2494,43.52402222,-84.82728889,1,1,7,6,19,6,0,9,0,3,3,0,1,1,10,1,26,2,2,2,2,1,2,2,2,2,2,2,2,2,2,2,2,2,"Michigan",0
"14982",260446,26,5043,41.78574167,-85.86875833,3,3,7,1,13,2,0,9,0,1,1,0,1,1,1,1,26,1,2,1,2,1,2,2,2,2,2,2,2,2,1,2,2,2,"Michigan",0
"14983",260447,26,4155,42.30456944,-85.58767222,1,1,7,6,1,3,0,1,0,1,1,0,1,2,1,1,26,2,2,2,1,1,1,1,2,2,2,1,2,2,2,2,2,2,"Michigan",1
"14984",260448,26,3774,42.49815,-83.1945,1,1,7,4,9,6,0,8,0,8,1,0,1,1,1,1,26,2,2,1,1,1,2,2,1,2,2,3,2,1,2,2,2,2,"Michigan",0
"14985",260449,26,3395,42.75549444,-84.69996389,1,1,7,4,12,4,0,42,0,1,1,0,4,1,10,1,26,2,2,1,1,1,2,2,2,2,2,2,2,1,2,2,2,2,"Michigan",0
"14986",260450,26,2739,43.21195556,-83.018025,2,2,3,2,16,3,0,12,0,3,2,0,1,1,10,1,26,1,2,1,1,2,2,2,2,2,2,3,2,2,2,2,1,2,"Michigan",0
"14987",260451,26,3423,42.73596111,-84.55687778,1,1,3,3,20,6,0,8,0,3,2,0,1,3,1,1,26,2,2,2,1,1,2,2,1,2,2,2,2,2,2,2,1,2,"Michigan",0
"14988",260452,26,3091,43.00003889,-83.32113333,4,4,5,7,10,3,0,12,0,1,1,0,1,1,1,1,26,1,2,1,2,2,1,1,2,2,1,3,2,2,1,2,2,2,"Michigan",0
"14989",260453,26,4987,41.81495833,-85.97381667,2,2,5,5,13,4,0,12,0,1,1,0,1,1,1,1,26,1,2,1,1,2,2,2,2,2,2,3,1,2,2,2,2,2,"Michigan",0
"14990",260454,26,2945,43.07880556,-82.47223333,3,3,8,7,13,3,0,54,0,2,3,0,1,1,10,1,26,2,2,1,2,2,1,2,2,2,2,3,2,1,1,2,2,2,"Michigan",0
"14991",260455,26,3432,42.72995278,-84.73963333,4,4,4,5,17,3,0,12,0,1,1,0,1,1,10,1,26,1,2,1,1,3,2,2,2,1,2,3,2,2,1,2,2,2,"Michigan",0
"14992",260456,26,3784,42.49339167,-82.96959167,4,4,5,7,8,3,0,12,0,2,2,0,1,1,10,1,26,2,2,1,2,2,2,2,2,2,2,3,2,1,2,2,2,2,"Michigan",0
"14993",260457,26,4082,42.34473889,-83.13181667,2,2,8,1,4,6,0,8,0,1,1,0,1,3,1,1,26,2,2,2,2,1,2,1,1,2,2,3,2,2,2,1,2,2,"Michigan",1
"14994",260458,26,1769,44.55597222,-85.65721667,3,3,8,1,14,3,0,12,0,1,1,0,1,1,1,2,26,1,2,1,2,2,1,1,2,2,2,2,2,2,2,2,2,2,"Michigan",0
"14995",260459,26,4068,42.35171944,-83.09406667,2,2,6,2,13,1,0,12,1,18,1,0,1,1,1,1,26,2,1,1,1,2,1,1,2,2,2,3,2,2,2,2,2,2,"Michigan",0
"14996",260460,26,3625,42.60263611,-82.972225,5,5,7,7,11,6,0,12,0,3,3,0,1,1,1,1,26,2,2,1,2,3,2,2,2,2,2,3,2,1,1,2,2,2,"Michigan",0
"14997",260461,26,3289,42.86079167,-85.82633889,11,11,8,2,15,1,0,12,1,18,1,0,1,1,1,1,26,1,1,1,1,3,2,2,2,2,2,3,1,2,2,2,1,2,"Michigan",0
"14998",260462,26,3937,42.41210278,-83.35468611,4,4,7,6,16,6,0,12,0,2,2,0,1,1,1,1,26,1,2,1,1,2,2,2,2,2,2,3,2,2,2,2,2,2,"Michigan",0
"14999",260463,26,3807,42.47685,-83.22130556,15,15,7,7,21,6,0,12,0,3,2,0,1,5,1,1,26,2,2,2,2,3,2,2,2,2,2,3,1,1,2,2,2,2,"Michigan",1
"15000",260464,26,4206,42.27959722,-85.56656111,4,4,6,6,21,6,0,8,0,1,1,0,1,3,2,1,26,2,2,2,2,2,2,2,1,2,2,3,1,2,2,1,2,2,"Michigan",0
"15001",260465,26,3678,42.56289167,-82.85921944,1,1,7,5,23,1,0,35,0,1,1,0,4,3,1,1,26,1,1,2,1,1,2,2,2,2,2,3,2,2,2,2,2,2,"Michigan",1
"15002",260466,26,4016,42.37840556,-83.23266667,1,1,7,3,1,1,0,25,0,1,1,0,3,3,1,1,26,2,1,2,1,1,2,1,2,1,2,1,2,2,2,2,2,2,"Michigan",1
"15003",260467,26,3938,42.41145833,-82.99322222,1,1,7,6,23,3,0,8,0,3,4,0,1,2,1,1,26,2,2,2,2,1,2,2,1,2,2,3,2,2,2,1,2,2,"Michigan",0
"15004",260468,26,3827,42.46518889,-82.88551944,3,3,7,7,18,6,0,54,0,1,1,0,1,1,1,1,26,2,2,2,2,2,2,2,2,2,2,3,2,2,2,2,2,2,"Michigan",0
"15005",260469,26,903,46.25963056,-84.47669444,2,2,7,4,8,3,0,1,0,1,1,0,4,1,1,1,26,1,2,1,1,1,2,2,2,1,2,3,2,1,2,2,2,2,"Michigan",0
"15006",260470,26,2677,43.26944722,-86.06751389,1,1,6,1,13,4,0,1,0,1,1,0,4,1,1,1,26,1,2,1,2,1,2,1,2,1,2,1,2,2,1,2,2,2,"Michigan",1
"15007",260471,26,3381,42.76988333,-84.54270833,1,1,6,6,22,3,0,8,0,1,1,0,1,3,10,1,26,1,2,2,2,1,2,2,1,2,2,3,2,2,2,2,2,2,"Michigan",0
"15008",260472,26,3379,42.77313056,-84.41320278,2,2,6,1,23,3,0,12,0,2,2,0,1,8,1,1,26,1,2,2,2,2,2,2,2,2,2,3,2,1,2,2,2,2,"Michigan",0
"15009",260473,26,3456,42.71183611,-84.73952222,3,3,7,2,7,3,0,12,0,2,2,0,1,1,1,1,26,1,2,1,1,3,1,2,2,2,2,3,2,2,1,2,2,2,"Michigan",0
"15010",260474,26,4217,42.27538056,-85.76598056,3,3,7,3,17,4,0,12,0,2,2,0,1,1,1,1,26,1,2,1,1,2,2,2,2,2,2,3,2,2,2,2,2,2,"Michigan",0
"15011",260475,26,2793,43.17635278,-85.40782222,2,2,8,2,5,3,0,12,0,1,1,0,1,2,5,1,26,1,2,2,2,2,2,2,2,2,2,3,2,2,2,2,2,2,"Michigan",0
"15012",260476,26,2843,43.13598056,-82.49969722,6,6,8,1,4,4,0,5,0,1,1,0,1,2,10,1,26,1,2,2,2,1,2,2,2,2,2,1,2,2,2,2,2,2,"Michigan",1
"15013",260477,26,3761,42.50530556,-84.85167778,2,2,8,2,18,1,0,1,1,18,1,0,1,1,1,2,26,1,1,2,1,1,2,1,2,1,2,3,2,2,2,2,2,2,"Michigan",0
"15014",260478,26,3563,42.64471111,-82.85330278,2,2,8,2,21,3,0,12,0,8,1,0,1,2,1,1,26,1,2,2,1,2,1,2,2,2,2,2,2,2,1,2,2,2,"Michigan",0
"15015",260479,26,4092,42.33643056,-85.39132778,2,2,8,3,19,4,0,12,0,1,1,0,1,1,10,1,26,1,2,2,1,2,2,2,2,2,2,1,2,2,2,2,2,2,"Michigan",1
"15016",260480,26,3438,42.72632778,-84.73959444,4,4,8,3,11,3,0,12,0,2,2,0,1,1,1,1,26,1,2,1,1,2,1,2,2,2,2,3,1,2,2,2,2,2,"Michigan",0
"15017",260481,26,1473,45.00181667,-84.84974722,4,4,8,5,13,4,0,12,0,1,1,0,1,1,1,1,26,1,2,1,1,2,2,2,2,1,2,3,1,2,2,2,2,2,"Michigan",0
"15018",260482,26,3272,42.88114444,-83.40581667,1,1,8,2,22,4,0,42,0,1,1,0,4,2,1,1,26,1,2,2,1,1,1,1,2,2,2,1,2,2,1,2,2,2,"Michigan",1
"15019",260483,26,2532,43.46825833,-85.044825,1,1,8,3,22,4,0,42,0,1,1,0,4,2,10,1,26,1,2,2,1,1,2,2,2,2,2,1,2,2,2,2,2,2,"Michigan",1
"15020",260484,26,1699,44.68667222,-85.65616944,2,2,8,4,12,2,0,12,0,1,1,0,2,1,1,1,26,1,2,1,1,2,2,2,2,2,2,2,2,1,2,2,2,2,"Michigan",0
"15021",260485,26,4902,41.85667778,-86.36495833,1,1,8,4,17,4,0,42,0,1,1,0,4,1,1,1,26,1,2,1,1,1,2,1,2,2,2,1,2,2,2,2,2,2,"Michigan",1
"15022",260486,26,893,46.30246944,-87.157975,4,4,8,5,14,2,0,12,0,1,1,2,1,1,1,1,26,1,2,1,1,2,2,2,2,2,2,3,2,1,2,2,2,2,"Michigan",0
"15023",260487,26,3588,42.62924722,-83.209625,1,1,8,6,2,6,0,8,0,3,3,0,1,2,1,1,26,2,2,2,1,1,2,2,1,2,2,2,2,2,1,2,1,2,"Michigan",0
"15024",260488,26,3731,42.52408611,-84.46736667,1,1,8,6,1,4,0,8,0,1,1,0,1,2,10,1,26,1,2,2,1,1,2,2,1,2,2,1,2,2,2,1,2,2,"Michigan",1
"15025",260489,26,3235,42.90618611,-85.64659444,1,1,8,4,15,6,0,9,0,3,2,0,1,1,1,1,26,1,3,1,1,1,2,2,2,2,2,3,2,2,2,2,2,2,"Michigan",0
"15026",260490,26,2602,43.37824722,-86.23618333,1,1,8,5,21,6,0,8,0,1,1,0,1,2,1,1,26,2,2,2,1,1,2,2,1,2,2,2,1,2,2,2,2,2,"Michigan",0
"15027",260491,26,3946,42.408325,-83.21651389,2,2,8,5,23,6,0,30,0,3,3,0,4,3,10,2,26,2,2,2,1,1,2,2,2,2,1,3,2,2,1,2,2,2,"Michigan",0
"15028",260492,26,2548,43.44396111,-86.35874444,1,1,8,7,6,4,0,9,0,1,1,0,1,4,10,1,26,1,2,1,2,1,2,2,2,2,2,3,2,2,2,2,2,2,"Michigan",0
"15029",260493,26,5015,41.79664722,-84.99959167,2,2,8,2,14,4,0,12,0,1,1,0,1,1,1,1,26,1,2,1,1,2,1,2,2,2,2,3,2,2,2,2,1,2,"Michigan",0
"15030",260494,26,3595,42.62443611,-82.93564722,1,1,8,6,23,4,0,33,0,1,1,0,4,2,1,1,26,1,2,2,2,1,1,1,2,2,2,3,2,2,2,2,2,2,"Michigan",0
"15031",260495,26,2795,43.17619722,-83.07609444,6,6,8,7,14,3,0,12,0,3,3,0,1,1,1,1,26,1,2,1,2,3,2,2,2,2,2,3,1,2,2,2,2,2,"Michigan",0
"15032",260496,26,3799,42.481075,-83.4321,2,2,8,2,15,1,0,12,1,5,1,0,1,1,2,1,26,2,2,1,1,2,2,1,2,2,2,3,1,2,2,2,2,2,"Michigan",0
"15033",260497,26,3383,42.76815556,-85.54555833,2,2,8,5,16,4,0,12,0,2,2,0,1,1,10,1,26,1,2,1,1,2,2,2,2,2,2,3,2,1,2,2,2,2,"Michigan",0
"15034",260498,26,3171,42.94418056,-83.71293611,1,1,8,2,15,1,0,52,0,1,1,0,4,1,2,1,26,2,1,1,1,1,2,2,2,1,2,2,2,2,1,2,2,2,"Michigan",0
"15035",260499,26,2792,43.17650556,-85.32069167,1,1,8,3,10,3,0,42,0,1,1,0,4,1,1,1,26,1,2,1,1,1,2,2,2,2,2,3,2,2,2,2,2,2,"Michigan",0
"15036",260500,26,1720,44.64295,-85.65606389,3,3,8,4,16,3,0,12,0,2,2,0,1,1,1,1,26,1,2,1,1,2,2,2,2,1,2,2,1,2,2,2,2,2,"Michigan",0
"15037",260501,26,3888,42.43435833,-83.00887778,1,1,8,3,23,6,0,8,0,2,3,0,1,2,1,1,26,2,2,2,1,1,2,2,1,2,2,3,2,2,2,1,2,2,"Michigan",0
"15038",260502,26,3981,42.39008056,-82.89380278,4,4,8,7,13,6,0,12,0,2,2,0,1,1,1,1,26,2,2,1,2,2,2,2,2,2,2,3,2,1,2,2,2,2,"Michigan",0
"15039",260503,26,2013,44.17629722,-84.15687222,6,6,8,6,14,4,0,12,0,2,2,0,1,1,1,1,26,1,2,1,1,2,2,2,2,2,2,3,1,1,2,2,2,2,"Michigan",0
"15040",260504,26,4063,42.35618889,-83.21884167,2,2,8,3,17,6,0,31,0,1,1,0,4,1,1,1,26,2,2,1,1,1,2,1,2,1,2,1,1,2,2,2,2,2,"Michigan",1
"15041",260505,26,2942,43.08008611,-86.07211111,7,7,8,7,18,4,0,12,0,1,1,0,1,1,1,2,26,1,2,2,2,2,2,2,2,2,2,1,2,2,2,2,2,2,"Michigan",1
"15042",260506,26,3079,43.00289444,-83.18411389,3,3,8,5,14,4,0,12,0,2,2,0,1,1,1,1,26,1,2,1,1,3,1,2,2,1,2,1,2,1,1,2,2,2,"Michigan",1
"15043",260507,26,4210,42.27791389,-83.21301389,2,2,8,7,21,6,0,12,0,3,2,0,1,3,1,1,26,2,2,2,2,2,1,2,2,2,2,3,1,2,2,2,2,2,"Michigan",0
"15044",260508,26,4066,42.35274444,-83.03187222,1,1,8,7,22,3,0,8,0,1,1,0,1,2,1,1,26,2,2,2,2,1,2,2,1,2,2,3,2,2,1,2,2,2,"Michigan",0
"15045",260509,26,3310,42.84735833,-85.67835278,2,2,8,7,18,2,0,31,1,19,1,0,4,1,1,1,26,2,2,2,2,1,1,2,2,2,2,1,2,2,2,2,2,1,"Michigan",1
"15046",260510,26,4051,42.36123333,-83.05441667,4,4,8,1,21,1,0,12,1,20,1,0,1,8,1,1,26,2,1,2,2,3,1,2,2,2,2,3,2,2,1,2,2,2,"Michigan",0
"15047",260511,26,2578,43.40784444,-84.59775556,2,2,8,1,19,3,0,9,0,3,2,0,1,1,1,1,26,2,2,2,2,1,2,2,2,2,2,3,2,2,1,2,2,2,"Michigan",0
"15048",260512,26,2755,43.19716944,-85.641525,2,2,8,3,16,4,0,12,0,2,2,0,1,1,1,1,26,1,2,1,1,2,1,2,2,2,2,1,2,2,1,2,2,2,"Michigan",1
"15049",260513,26,4969,41.82287778,-83.57001389,2,2,8,4,11,4,0,12,0,2,2,0,1,1,1,1,26,1,2,1,1,2,2,2,2,1,2,3,2,2,2,2,2,2,"Michigan",0
"15050",260514,26,3913,42.42473056,-84.23493056,1,1,8,7,99,4,0,35,0,1,1,0,4,1,10,1,26,1,2,3,2,1,2,2,2,2,2,1,2,1,2,2,2,2,"Michigan",1
"15051",260515,26,2651,43.318275,-86.02968333,4,4,8,7,13,4,0,42,0,1,1,0,4,1,1,1,26,1,2,1,2,1,2,1,2,2,2,3,2,2,1,2,2,2,"Michigan",1
"15052",260516,26,3210,42.91688611,-85.67926389,7,7,8,1,16,2,0,12,1,18,1,1,1,1,1,1,26,2,2,1,2,2,1,2,2,2,2,2,2,2,2,2,2,2,"Michigan",0
"15053",260517,26,1412,45.10455,-83.41180278,1,1,8,4,5,4,0,1,0,1,1,0,4,4,1,1,26,1,2,2,1,1,2,2,2,1,2,2,2,2,2,2,2,1,"Michigan",0
"15054",260518,26,2392,43.62640556,-84.68809167,2,2,8,4,5,4,0,12,0,2,2,0,1,3,2,1,26,1,2,2,1,2,2,2,2,1,2,2,2,1,2,2,2,2,"Michigan",0