"","ST_CASE","OBJECT_ID","FID","LATITUDE","LONGITUD","PERMVIT","PERSONS","MONTH","DAY_WEEK","HOUR","ROUTE","SP_JUR","HARM_EV","RELJCT1","RELJCT2","TYP_INT","WRK_ZONE","REL_ROAD","LGT_COND","WEATHER","FATALS","STATE","A_RU","A_INTER","A_TOD","A_DOW","A_CT","A_MC","A_SPCRA","A_PED","A_ROLL","A_POLPUR","A_POSBAC","A_D15_20","A_D65PLS","A_D21_24","A_HR","A_DIST","A_DROWSY","STATE_NAME","drunkDr"
"15192",260658,26,1798,44.51694167,-85.86067222,3,3,10,6,16,4,0,42,0,1,1,0,4,1,1,1,26,1,2,1,1,1,2,1,2,2,2,2,1,2,2,2,2,2,"Michigan",0
"15193",260659,26,978,45.96253889,-84.74839722,2,2,10,6,23,4,0,12,0,1,1,0,1,2,1,1,26,1,2,2,2,2,2,2,2,2,2,1,1,2,2,2,2,2,"Michigan",1
"15194",260660,26,2472,43.55295278,-83.32264167,4,4,10,6,15,3,0,12,0,1,1,0,1,1,1,1,26,1,2,1,1,3,2,2,2,2,2,3,2,1,2,2,2,2,"Michigan",0
"15195",260661,26,3120,42.981175,-85.675775,2,2,10,6,14,6,0,8,0,1,1,0,1,1,1,1,26,2,2,1,1,1,2,2,1,2,2,3,2,2,1,2,2,2,"Michigan",0
"15196",260662,26,2414,43.61203611,-84.36922778,7,7,10,7,21,3,0,12,0,3,2,0,1,2,2,1,26,1,2,2,2,3,2,2,2,2,2,1,1,2,1,2,2,2,"Michigan",1
"15197",260663,26,2190,43.89641389,-84.02568889,1,1,10,6,1,4,0,34,0,1,1,0,4,2,1,1,26,1,2,2,1,1,2,2,2,1,2,1,2,2,1,2,2,2,"Michigan",1
"15198",260664,26,2236,43.82414722,-84.749025,3,3,10,7,1,2,0,1,0,1,1,0,3,2,1,1,26,2,2,2,2,1,2,1,2,1,2,1,1,2,2,2,2,2,"Michigan",1
"15199",260665,26,3601,42.62050278,-83.22800556,2,2,10,6,13,6,0,12,0,1,1,0,1,1,10,1,26,1,2,1,1,2,2,2,2,2,2,3,2,1,2,2,2,2,"Michigan",0
"15200",260666,26,4108,42.32976111,-83.74273333,2,2,10,5,23,2,0,12,0,1,1,0,1,2,1,1,26,1,2,2,1,2,2,1,2,1,2,3,2,2,2,2,2,2,"Michigan",0
"15201",260667,26,4504,42.09406111,-86.32024167,3,3,10,7,17,4,0,12,0,2,2,0,1,1,1,1,26,1,2,1,2,2,2,2,2,2,2,1,2,1,2,2,2,2,"Michigan",1
"15202",260668,26,2903,43.10283889,-85.76824722,5,5,10,7,13,4,0,12,0,1,1,0,1,1,1,1,26,1,2,1,2,2,2,1,2,2,2,2,2,2,2,2,2,2,"Michigan",0
"15203",260669,26,2799,43.17543056,-85.72121944,1,1,10,6,1,3,0,35,0,1,1,0,4,2,10,1,26,1,2,2,1,1,2,2,2,1,2,3,2,2,2,2,2,2,"Michigan",1
"15204",260670,26,3933,42.41389167,-83.102625,1,1,10,5,15,3,0,8,0,1,1,0,1,1,1,1,26,2,2,1,1,1,2,2,1,2,2,3,2,2,2,2,2,2,"Michigan",0
"15205",260671,26,3043,43.02699167,-84.18793056,1,1,10,7,20,4,0,30,0,1,1,0,4,2,1,1,26,1,2,2,2,1,1,1,2,2,2,1,2,2,2,2,2,2,"Michigan",1
"15206",260672,26,2037,44.14193889,-83.90722222,2,2,10,4,8,4,0,1,0,1,1,0,4,1,10,1,26,1,2,1,1,1,2,2,2,1,2,2,2,2,2,2,2,2,"Michigan",0
"15207",260673,26,3174,42.94263889,-83.81372778,2,2,10,1,0,4,0,42,0,1,1,0,4,2,1,2,26,1,2,2,2,1,2,1,2,2,2,1,2,2,2,2,2,2,"Michigan",1
"15208",260674,26,2514,43.49409444,-86.39343611,1,1,10,5,5,4,0,35,0,1,1,0,4,2,1,1,26,1,2,2,1,1,2,2,2,1,2,1,2,2,2,2,2,2,"Michigan",1
"15209",260675,26,4149,42.31002778,-85.14560833,1,1,10,2,1,4,0,35,0,1,1,0,4,3,1,1,26,1,2,2,2,1,1,1,2,2,1,1,2,2,1,2,2,2,"Michigan",1
"15210",260676,26,3481,42.69753333,-84.66210556,2,2,10,3,6,4,0,12,0,2,2,0,1,2,10,1,26,1,2,1,1,2,1,1,2,2,2,2,2,2,2,2,2,2,"Michigan",0
"15211",260677,26,2119,44.02328333,-84.42697222,1,1,10,7,21,4,0,34,0,1,1,0,4,2,1,1,26,1,2,2,2,1,2,2,2,2,2,3,1,2,2,2,2,2,"Michigan",0
"15212",260678,26,3318,42.83552778,-83.62963889,1,1,10,1,1,4,0,42,0,1,1,0,4,2,2,1,26,1,2,2,2,1,2,1,2,1,2,1,2,2,2,2,2,2,"Michigan",1
"15213",260679,26,2637,43.33531111,-84.67642222,2,2,10,4,17,4,0,12,0,1,1,0,1,1,10,1,26,1,2,1,1,2,2,2,2,2,2,3,1,2,2,2,2,2,"Michigan",0
"15214",260680,26,4528,42.07618611,-85.82625833,3,3,10,5,4,4,0,42,0,3,3,0,4,2,1,3,26,1,2,2,1,1,2,1,2,1,2,1,2,2,1,2,2,2,"Michigan",1
"15215",260681,26,3795,42.48477222,-83.44376111,1,1,10,5,10,1,0,14,1,5,1,0,2,1,1,2,26,2,1,1,1,1,2,2,1,2,2,3,2,2,2,2,2,2,"Michigan",0
"15216",260682,26,3411,42.74378889,-84.66785833,12,12,10,1,19,1,0,12,0,1,1,0,1,5,1,1,26,1,1,2,2,3,2,2,2,2,2,2,1,2,1,2,2,2,"Michigan",0
"15217",260683,26,4471,42.11054167,-86.24044167,1,1,10,1,21,4,0,34,0,1,1,0,4,2,1,1,26,1,2,2,2,1,2,1,2,1,2,1,2,2,1,2,2,2,"Michigan",1
"15218",260684,26,4765,41.94610278,-83.31370278,1,1,10,7,23,4,0,8,0,1,1,0,2,2,1,1,26,1,2,2,2,1,2,2,1,2,2,1,2,2,2,2,2,2,"Michigan",1
"15219",260685,26,3851,42.45015278,-82.96771944,1,1,10,7,21,3,0,8,0,1,1,0,1,3,1,1,26,2,2,2,2,1,2,2,1,2,2,3,2,2,2,1,2,2,"Michigan",0
"15220",260686,26,4281,42.24232778,-83.23048611,2,2,10,6,7,6,0,12,0,8,1,0,1,3,1,1,26,2,2,1,1,2,2,2,2,2,2,2,2,2,2,2,2,2,"Michigan",0
"15221",260687,26,3373,42.78013056,-84.17297222,1,1,10,1,21,4,0,34,0,1,1,0,4,2,1,1,26,1,2,2,2,1,2,1,2,1,2,2,1,2,2,2,2,2,"Michigan",0
"15222",260688,26,3711,42.53923333,-83.92977778,2,2,10,4,19,4,0,11,0,1,1,0,1,2,1,1,26,1,2,2,1,1,1,2,2,2,2,2,2,2,2,2,2,2,"Michigan",0
"15223",260689,26,3197,42.92820278,-85.39458889,1,1,10,6,7,3,0,1,0,1,1,0,4,2,99,1,26,1,2,1,1,1,2,1,2,1,2,2,1,2,2,2,2,2,"Michigan",1
"15224",260690,26,2167,43.95994722,-82.78600556,2,2,10,7,16,4,0,12,0,2,2,0,1,1,1,1,26,1,2,1,2,2,2,2,2,1,2,3,2,2,2,2,2,2,"Michigan",0
"15225",260691,26,3101,42.99390278,-82.53296389,5,5,10,7,19,4,0,12,0,1,1,0,1,5,10,1,26,1,2,2,2,2,2,2,2,2,2,3,1,2,2,2,2,2,"Michigan",0
"15226",260692,26,976,45.96814444,-87.71648611,1,1,10,1,14,3,0,1,0,1,1,0,4,1,1,1,26,1,2,1,2,1,1,2,2,2,2,2,2,2,2,2,2,2,"Michigan",0
"15227",260693,26,3690,42.55377222,-83.92709167,2,2,10,4,17,4,0,42,0,1,1,0,4,1,1,1,26,1,2,1,1,1,2,1,2,1,2,3,1,2,2,2,2,2,"Michigan",0
"15228",260694,26,4181,42.29118611,-84.27230556,3,3,10,1,3,4,0,42,0,1,1,0,4,2,1,1,26,1,2,2,2,1,2,1,2,2,2,1,1,2,2,1,2,2,"Michigan",1
"15229",260695,26,4605,42.03829444,-84.349875,2,2,10,3,15,2,0,12,0,2,3,0,1,1,1,1,26,1,2,1,1,2,1,2,2,2,2,3,2,1,2,2,2,2,"Michigan",0
"15230",260696,26,4929,41.83983056,-83.42187222,1,1,10,5,1,1,0,42,1,5,1,0,4,2,1,1,26,1,1,2,1,1,1,2,2,2,2,1,2,2,2,2,2,2,"Michigan",1
"15231",260697,26,3360,42.79050556,-86.08070833,3,3,10,7,16,2,0,8,0,3,2,0,1,1,10,1,26,1,2,1,2,1,2,2,1,2,2,2,2,2,2,2,2,2,"Michigan",0
"15232",260698,26,861,46.40629167,-89.12010278,1,1,10,4,14,4,0,42,0,1,1,0,4,1,1,1,26,1,2,1,1,1,1,2,2,2,2,3,2,2,2,2,2,2,"Michigan",0
"15233",260699,26,3987,42.38895556,-83.11101667,3,3,10,7,20,6,0,12,0,2,2,0,1,3,1,2,26,2,2,2,2,2,2,2,1,2,2,1,2,2,2,1,2,2,"Michigan",1
"15234",260700,26,4161,42.30195556,-84.20487778,1,1,10,1,16,4,0,1,0,1,1,0,4,1,1,1,26,1,2,1,2,1,2,1,2,1,2,1,2,2,2,2,2,2,"Michigan",1
"15235",260701,26,3012,43.04159444,-82.92931389,2,2,10,5,17,4,0,12,0,1,1,0,1,1,10,1,26,1,2,1,1,2,2,2,2,2,2,3,2,2,2,2,2,2,"Michigan",0
"15236",260702,26,3548,42.65459722,-83.37361111,3,3,10,2,7,3,0,12,0,2,2,0,1,1,1,1,26,1,2,1,1,3,2,2,2,2,2,3,1,2,1,2,2,2,"Michigan",0
"15237",260703,26,2347,43.67010556,-83.33018056,1,1,10,5,10,4,0,34,0,1,1,0,4,1,1,1,26,1,2,1,1,1,2,2,2,1,2,3,2,1,2,2,2,2,"Michigan",0
"15238",260704,26,3382,42.76823889,-85.5851,6,6,10,1,15,4,0,12,0,3,3,0,1,1,10,1,26,1,2,1,2,2,2,2,2,2,2,3,1,2,2,2,2,2,"Michigan",0
"15239",260705,26,3398,42.75390833,-83.47958333,1,1,9,4,20,4,0,8,0,1,1,0,1,3,1,1,26,1,2,2,1,1,2,2,1,2,2,3,2,1,2,2,2,2,"Michigan",0
"15240",260706,26,2127,44.01815278,-83.04232222,1,1,10,5,99,3,0,59,0,1,1,0,4,2,1,1,26,1,2,3,1,1,2,1,2,2,2,3,2,2,2,2,2,2,"Michigan",0
"15241",260707,26,3916,42.42245833,-83.19956111,3,3,10,4,7,6,0,12,0,1,1,0,1,3,10,1,26,2,2,1,1,2,2,2,2,2,2,3,1,2,2,1,2,2,"Michigan",0
"15242",260708,26,3205,42.91976944,-85.58394722,1,1,10,6,2,3,0,8,0,1,1,0,1,3,1,1,26,2,2,2,1,1,2,2,1,2,2,2,2,2,2,2,2,2,"Michigan",0
"15243",260709,26,3129,42.97303889,-83.75585278,3,3,10,6,15,4,0,12,0,1,1,0,1,1,10,1,26,1,2,1,1,2,2,2,2,2,2,3,2,2,2,2,2,2,"Michigan",0
"15244",260710,26,3258,42.88951667,-83.6237,2,2,10,4,22,1,0,12,0,1,1,0,1,2,10,1,26,1,1,2,1,2,2,2,2,2,2,1,2,2,2,2,2,2,"Michigan",2
"15245",260711,26,3414,42.74340556,-84.11706667,4,4,10,7,18,4,0,12,0,2,2,0,1,1,10,1,26,1,2,2,2,2,2,2,2,2,2,2,1,2,2,2,2,2,"Michigan",0
"15246",260712,26,4179,42.29134722,-85.41459167,1,1,10,2,19,6,0,42,0,3,2,0,4,3,1,1,26,2,2,2,1,1,2,1,2,2,2,3,2,1,2,2,2,2,"Michigan",1
"15247",260713,26,701,46.90913889,-88.62585556,2,2,10,4,9,4,0,12,0,8,1,0,1,1,1,1,26,1,2,1,1,2,2,2,2,2,2,3,2,1,2,2,2,2,"Michigan",0
"15248",260714,26,3504,42.68635,-82.50927778,4,4,10,1,19,3,0,12,0,1,1,0,1,2,1,1,26,1,2,2,2,2,2,2,2,2,2,1,2,2,1,2,2,2,"Michigan",2
"15249",260715,26,4238,42.26587778,-83.71971389,1,1,10,4,1,3,0,9,0,1,1,0,1,3,2,1,26,2,2,2,1,1,2,2,2,2,2,2,2,2,2,1,2,2,"Michigan",1
"15250",260716,26,4481,42.10585278,-86.48326111,2,2,10,1,11,6,0,5,0,2,2,0,1,1,1,1,26,2,2,1,2,2,1,2,2,2,2,3,1,1,2,2,2,2,"Michigan",0
"15251",260717,26,4086,42.341775,-83.11663056,1,1,10,1,22,1,0,8,0,1,1,0,6,3,1,2,26,2,1,2,2,1,2,2,1,2,2,3,2,2,2,2,2,2,"Michigan",0
"15252",260718,26,3861,42.44815833,-83.02474167,2,2,10,7,1,3,0,12,0,2,2,0,1,3,10,1,26,2,2,2,2,2,2,2,2,2,2,3,1,2,1,2,2,2,"Michigan",0
"15253",260719,26,3426,42.73376111,-84.61278056,4,4,10,4,7,4,0,8,0,1,1,0,1,2,2,1,26,1,2,1,1,1,2,1,1,2,2,3,2,1,2,1,2,2,"Michigan",0
"15254",260720,26,4295,42.23256111,-85.07058333,1,1,10,7,7,4,0,42,0,1,1,0,4,4,10,1,26,1,2,1,2,1,2,1,2,2,2,2,2,2,1,2,2,2,"Michigan",0
"15255",260721,26,4314,42.220425,-83.46954722,1,1,10,3,12,4,0,8,0,1,1,0,2,1,1,1,26,1,2,1,1,1,2,2,1,2,2,2,2,2,2,2,1,2,"Michigan",0
"15256",260722,26,3399,42.75121111,-83.65666389,1,1,10,7,18,4,0,43,0,1,1,0,4,2,2,1,26,1,2,2,2,1,2,1,2,2,2,3,2,2,2,2,2,2,"Michigan",1
"15257",260723,26,3757,42.50830278,-82.97766111,4,4,10,7,14,6,0,12,0,3,3,0,1,1,10,1,26,2,2,1,2,2,2,2,2,1,2,3,2,2,2,2,2,2,"Michigan",0
"15258",260724,26,4170,42.29828333,-83.34928056,2,2,10,7,19,6,0,8,0,1,1,0,1,2,2,1,26,2,2,2,2,1,2,2,1,2,2,2,2,2,2,2,2,2,"Michigan",0
"15259",260725,26,3216,42.91365,-85.71256389,3,3,5,1,21,3,0,9,0,1,1,0,1,2,10,1,26,2,2,2,2,2,2,2,2,2,2,3,2,2,2,2,2,2,"Michigan",0
"15260",260726,26,4152,42.30847778,-84.02426111,1,1,10,7,2,6,0,33,0,1,1,0,4,3,10,1,26,2,2,2,2,1,2,1,2,2,1,1,1,2,2,2,2,2,"Michigan",1
"15261",260727,26,4737,41.95766667,-86.55268611,2,2,10,7,16,4,0,12,0,8,1,0,1,1,2,1,26,1,2,1,2,2,2,2,2,2,2,3,2,1,2,2,2,2,"Michigan",0
"15262",260728,26,3979,42.39106389,-83.00655833,1,1,10,7,12,3,0,33,0,1,1,0,4,1,1,1,26,2,2,1,2,1,2,2,2,2,2,3,2,2,2,2,2,2,"Michigan",0
"15263",260729,26,4464,42.11965833,-85.99490278,1,1,11,1,3,4,0,1,0,1,1,0,1,3,10,1,26,2,2,2,2,1,2,1,2,1,2,3,2,2,1,2,2,2,"Michigan",0
"15264",260730,26,2547,43.44434722,-84.04516111,1,1,11,3,22,4,0,33,0,1,1,0,4,3,1,1,26,1,2,2,1,1,1,1,2,2,2,3,2,2,2,2,2,2,"Michigan",0
"15265",260731,26,2457,43.56881111,-84.18009167,3,3,11,3,2,6,0,42,0,1,1,0,4,3,1,2,26,2,2,2,1,1,2,2,2,2,2,1,2,2,2,2,2,2,"Michigan",1
"15266",260732,26,4105,42.33078611,-83.1026,1,1,11,1,21,6,0,39,0,1,1,0,4,3,1,1,26,2,2,2,2,1,2,1,2,2,2,3,2,2,1,2,2,2,"Michigan",0
"15267",260733,26,2208,43.86458611,-84.91009444,2,2,11,2,19,3,0,12,0,1,1,0,1,2,1,2,26,1,2,2,1,2,2,2,2,2,2,3,2,2,2,2,2,2,"Michigan",0
"15268",260734,26,4037,42.36606944,-83.16393056,1,1,11,1,16,6,0,8,0,3,2,0,1,1,1,1,26,2,2,1,2,1,2,2,1,2,2,3,2,2,2,2,2,2,"Michigan",0
"15269",260735,26,3623,42.60317222,-83.10995278,1,1,11,4,17,6,0,8,0,2,2,0,1,3,1,1,26,2,2,1,1,1,2,2,1,2,2,2,1,2,2,2,2,2,"Michigan",0
"15270",260736,26,3956,42.40187778,-83.18662222,1,1,11,1,1,6,0,8,0,3,2,0,1,3,2,1,26,2,2,2,2,1,2,2,1,2,2,3,2,2,2,1,2,2,"Michigan",0
"15271",260737,26,2555,43.43411389,-83.89581111,1,1,11,4,21,1,0,24,0,1,1,0,4,2,1,1,26,1,1,2,1,1,1,2,2,2,2,2,2,2,2,2,2,2,"Michigan",0
"15272",260738,26,3040,43.02886111,-83.32283889,4,4,11,7,12,3,0,12,0,2,2,0,1,1,10,1,26,2,2,1,2,2,2,2,2,2,2,3,1,1,2,2,2,2,"Michigan",0
"15273",260739,26,2515,43.49306944,-83.7585,2,2,11,1,4,4,0,34,0,3,3,0,4,2,1,1,26,1,2,2,2,1,2,2,2,2,2,1,2,2,2,2,2,2,"Michigan",1
"15274",260740,26,3161,42.95177778,-82.45170278,3,3,11,1,1,6,0,12,0,2,2,0,1,3,1,1,26,2,2,2,2,3,1,1,2,2,2,3,2,2,2,2,2,2,"Michigan",2
"15275",260741,26,4194,42.28401944,-83.19753889,5,5,11,7,14,1,0,12,1,18,1,0,1,1,1,2,26,2,1,1,2,3,1,1,2,2,2,3,2,2,2,2,1,2,"Michigan",0
"15276",260742,26,3531,42.66796944,-83.43848889,1,1,9,2,16,4,0,17,0,1,1,0,4,1,1,1,26,2,2,1,1,1,2,2,2,2,2,3,2,2,2,2,2,2,"Michigan",0
"15277",260743,26,2234,43.82871111,-84.02611389,1,1,11,4,19,4,0,8,0,1,1,0,1,2,1,1,26,1,2,2,1,1,2,2,1,2,2,1,2,2,2,2,2,2,"Michigan",1
"15278",260744,26,3586,42.631825,-83.57305833,1,1,11,4,17,4,0,8,0,1,1,0,1,2,10,1,26,1,2,1,1,1,2,2,1,2,2,3,2,1,2,2,2,2,"Michigan",0
"15279",260745,26,4436,42.13962222,-83.19079722,3,3,11,6,10,3,0,12,0,3,3,0,1,1,10,1,26,2,2,1,1,2,2,2,2,2,2,3,2,1,2,2,2,2,"Michigan",0
"15280",260746,26,4101,42.33135833,-83.09548333,2,2,11,3,5,2,0,8,0,1,1,0,1,2,2,1,26,2,2,2,1,1,2,2,1,2,2,3,2,2,2,2,2,2,"Michigan",0
"15281",260747,26,3887,42.4344,-83.00689722,2,2,11,1,17,6,0,8,0,2,3,0,1,3,1,1,26,2,2,1,2,1,2,2,1,2,2,1,2,2,2,1,2,2,"Michigan",1
"15282",260748,26,3876,42.44116389,-83.03190556,1,1,11,3,18,6,0,19,0,1,1,0,5,3,10,1,26,2,2,2,1,1,2,1,2,2,2,3,2,2,2,2,2,2,"Michigan",0
"15283",260749,26,3335,42.81040556,-83.25182222,4,4,11,3,10,3,0,12,0,1,1,0,1,1,2,1,26,1,2,1,1,3,2,2,2,2,2,3,1,1,2,2,2,2,"Michigan",0
"15284",260750,26,1959,44.26561667,-85.64238889,1,1,11,4,20,4,0,42,0,1,1,0,4,2,1,1,26,1,2,2,1,1,2,1,2,2,2,2,1,2,2,2,2,2,"Michigan",0
"15285",260751,26,1740,44.60417778,-86.21041944,4,4,11,5,17,4,0,1,0,1,1,0,4,5,10,1,26,1,2,1,1,1,2,2,2,1,2,3,2,2,2,2,2,2,"Michigan",1
"15286",260752,26,892,46.30345833,-85.50969444,1,1,11,3,18,3,0,8,0,1,1,0,1,2,10,1,26,1,2,2,1,1,2,2,1,2,2,2,2,2,2,2,2,2,"Michigan",0
"15287",260753,26,917,46.21221111,-87.02710556,1,1,11,6,9,2,0,1,0,1,1,0,4,1,4,1,26,1,2,1,1,1,2,2,2,1,2,2,2,2,2,2,2,2,"Michigan",0
"15288",260754,26,4029,42.37018889,-83.19746389,3,3,11,5,11,6,0,12,0,2,2,0,1,1,10,1,26,2,2,1,1,2,2,2,2,2,2,3,2,2,2,2,2,2,"Michigan",0
"15289",260755,26,3889,42.43394167,-83.0253,5,5,11,1,0,6,0,31,0,1,1,0,4,3,1,4,26,2,2,2,2,1,2,1,2,2,2,3,2,2,1,2,2,2,"Michigan",0
"15290",260756,26,4011,42.3809,-83.27587778,1,1,11,3,17,2,0,8,0,3,3,0,1,3,1,1,26,1,2,1,1,1,2,2,1,2,2,3,2,2,2,2,2,2,"Michigan",0
"15291",260757,26,4085,42.34316111,-83.31227222,1,1,11,5,17,6,0,8,0,1,1,0,1,3,10,1,26,2,2,1,1,1,2,2,1,2,2,2,2,2,2,2,2,2,"Michigan",0
"15292",260759,26,2551,43.43991667,-84.01474167,3,3,11,3,8,4,0,12,0,3,3,0,1,1,2,1,26,1,2,1,1,2,2,2,2,2,2,3,2,2,2,2,2,2,"Michigan",0
"15293",260760,26,2283,43.75698611,-85.48451111,1,1,11,2,6,4,0,59,0,3,3,0,4,3,1,1,26,1,2,1,1,1,2,1,2,2,2,1,2,2,2,2,2,2,"Michigan",1
"15294",260761,26,4004,42.38478611,-83.15893611,3,3,11,1,1,6,0,12,0,2,3,0,1,3,1,2,26,2,2,2,2,2,2,1,2,2,2,1,2,2,2,2,2,2,"Michigan",1
"15295",260762,26,2791,43.17659722,-85.59984722,2,2,11,2,12,3,0,12,0,1,1,0,1,1,1,1,26,1,2,1,1,2,2,2,2,2,2,3,2,2,2,2,2,2,"Michigan",0
"15296",260763,26,2695,43.24789722,-82.58943611,1,1,11,5,23,4,0,34,0,1,1,0,4,2,10,1,26,1,2,2,1,1,2,2,2,1,2,3,2,1,2,2,2,2,"Michigan",0
"15297",260764,26,2450,43.57306944,-84.78731111,1,1,11,1,0,6,0,8,0,1,1,0,2,2,2,1,26,2,2,2,2,1,2,2,1,2,2,3,2,2,2,1,2,2,"Michigan",0
"15298",260765,26,2811,43.16448611,-85.92790556,1,1,11,2,9,4,0,42,0,1,1,0,4,1,10,1,26,1,2,1,1,1,2,1,2,2,2,2,2,2,2,2,2,2,"Michigan",0
"15299",260766,26,3983,42.389625,-83.91623611,1,1,11,4,21,4,0,42,0,1,1,0,4,2,10,1,26,1,2,2,1,1,2,2,2,2,2,3,2,1,2,2,2,2,"Michigan",0
"15300",260767,26,2926,43.08778611,-85.15514722,1,1,11,5,3,4,0,42,0,1,1,0,4,2,1,1,26,1,2,2,1,1,2,2,2,1,2,1,2,2,2,2,2,2,"Michigan",1
"15301",260768,26,3894,42.43213611,-82.97964167,7,7,11,7,22,3,0,12,0,1,1,0,1,3,1,1,26,2,2,2,2,3,2,1,2,2,2,3,2,2,1,2,2,2,"Michigan",0
"15302",260769,26,3829,42.464125,-82.97601389,1,1,11,4,18,6,0,9,0,1,1,0,1,3,2,1,26,2,2,2,1,1,2,2,2,2,2,2,2,2,2,2,2,2,"Michigan",0
"15303",260770,26,3865,42.44698611,-84.08046111,1,1,11,6,2,4,0,59,0,1,1,0,4,2,1,1,26,1,2,2,1,1,2,1,2,1,2,3,2,2,2,2,2,2,"Michigan",1
"15304",260771,26,2034,44.14335556,-85.46638889,6,6,11,7,19,2,0,34,0,1,1,0,3,2,4,1,26,1,2,2,2,1,2,1,2,1,2,3,2,2,2,2,2,2,"Michigan",1
"15305",260772,26,3571,42.63980278,-83.33318611,2,2,11,6,10,4,0,9,0,8,1,0,1,1,1,1,26,1,2,1,1,1,2,2,2,2,2,2,2,1,2,2,2,2,"Michigan",0
"15306",260773,26,4163,42.30169444,-83.26331389,1,1,11,3,6,2,0,8,0,2,2,0,1,3,10,1,26,2,2,1,1,1,2,2,1,2,2,1,2,2,2,2,2,2,"Michigan",1
"15307",260774,26,4089,42.33919167,-83.06633889,2,2,11,7,3,3,0,12,0,1,1,0,1,3,10,1,26,2,2,2,2,2,2,2,2,2,2,3,2,2,2,2,2,2,"Michigan",0
"15308",260775,26,2768,43.19006667,-85.72023333,4,4,11,3,12,3,0,12,0,2,2,0,1,1,1,1,26,1,2,1,1,3,2,2,2,2,2,1,1,2,2,2,2,2,"Michigan",1
"15309",260776,26,3225,42.912325,-85.349225,2,2,11,7,16,4,0,12,0,1,1,0,1,1,4,1,26,1,2,1,2,2,2,1,2,2,2,3,2,1,1,2,2,2,"Michigan",0
"15310",260777,26,2851,43.13127222,-83.51904167,4,4,11,7,13,3,0,12,0,1,1,0,1,1,4,1,26,1,2,1,2,3,2,1,2,2,2,3,1,2,1,2,2,2,"Michigan",0
"15311",260778,26,4054,42.36073889,-83.57228611,4,4,10,3,15,3,0,12,1,18,1,0,1,1,1,1,26,1,2,1,1,2,2,1,2,1,2,3,2,2,1,2,2,2,"Michigan",0
"15312",260779,26,1685,44.70835833,-84.92973056,2,2,11,2,13,3,0,12,0,1,1,0,1,1,4,1,26,1,2,1,1,2,2,2,2,2,2,2,2,1,2,2,2,2,"Michigan",0
"15313",260780,26,3156,42.95425,-85.67520833,1,1,8,4,21,6,0,33,0,1,1,0,4,3,1,1,26,2,2,2,1,1,1,1,2,2,2,3,2,2,1,2,2,2,"Michigan",0
"15314",260781,26,1931,44.30888889,-84.38376389,1,1,11,2,12,1,0,42,0,1,1,0,4,1,4,1,26,1,1,1,1,1,2,1,2,2,2,3,2,2,2,2,2,2,"Michigan",0
"15315",260782,26,3184,42.93552778,-85.69401667,2,2,10,4,19,3,0,12,1,2,7,0,1,3,2,1,26,2,2,2,1,2,1,2,2,2,2,3,2,2,2,2,2,2,"Michigan",0
"15316",260783,26,1893,44.36800833,-85.21622778,5,5,11,4,15,3,0,12,0,3,3,0,1,1,1,1,26,1,2,1,1,2,2,2,2,2,2,3,2,2,2,2,1,2,"Michigan",0
"15317",260784,26,4114,42.32723056,-83.33098611,5,5,10,4,20,6,0,12,0,3,2,0,1,3,1,1,26,2,2,2,1,3,2,2,2,2,2,1,2,2,2,1,2,2,"Michigan",1
"15318",260785,26,3308,42.84813056,-85.67619722,1,1,11,5,9,3,0,24,1,5,1,0,4,1,2,1,26,1,2,1,1,1,2,1,2,1,2,3,2,2,2,2,1,2,"Michigan",0
"15319",260786,26,3755,42.50954167,-86.22733333,1,1,11,1,1,4,0,42,0,1,1,0,4,2,1,1,26,1,2,2,2,1,2,2,2,2,2,2,1,2,2,2,2,2,"Michigan",0
"15320",260787,26,1927,44.31243889,-84.03441389,1,1,10,6,7,4,0,1,0,1,1,0,4,4,1,1,26,1,2,1,1,1,2,1,2,1,2,3,2,2,2,2,2,2,"Michigan",0
"15321",260788,26,4209,42.27896667,-83.44168333,1,2,11,5,14,1,0,45,1,18,1,2,1,1,10,1,26,1,1,1,1,1,2,2,2,2,2,3,2,2,2,2,2,2,"Michigan",0
"15322",260789,26,3670,42.56960278,-82.90320556,1,1,11,7,13,4,0,1,0,1,1,0,1,1,10,1,26,1,2,1,2,1,2,2,2,1,2,3,1,2,2,2,1,2,"Michigan",0
"15323",260790,26,4673,42.00003333,-86.37531944,1,1,11,7,19,4,0,18,0,3,3,0,5,3,1,1,26,1,2,2,2,1,2,2,2,2,2,1,2,2,2,2,2,2,"Michigan",1
"15324",260791,26,2676,43.27057778,-86.20435833,1,1,11,1,8,2,0,24,0,1,1,0,3,1,1,1,26,1,2,1,2,1,2,2,2,1,2,2,2,2,2,2,2,2,"Michigan",0
"15325",260792,26,4664,42.00755278,-84.97174444,1,1,11,4,3,1,0,42,0,1,1,0,3,2,10,1,26,1,1,2,1,1,2,2,2,2,2,2,2,1,2,2,2,2,"Michigan",0
"15326",260793,26,4439,42.13705833,-86.36460278,1,4,11,7,20,1,0,14,0,1,1,0,2,2,1,1,26,1,1,2,2,1,2,1,2,2,2,1,2,2,1,2,2,2,"Michigan",1