"","ST_CASE","OBJECT_ID","FID","LATITUDE","LONGITUD","PERMVIT","PERSONS","MONTH","DAY_WEEK","HOUR","ROUTE","SP_JUR","HARM_EV","RELJCT1","RELJCT2","TYP_INT","WRK_ZONE","REL_ROAD","LGT_COND","WEATHER","FATALS","STATE","A_RU","A_INTER","A_TOD","A_DOW","A_CT","A_MC","A_SPCRA","A_PED","A_ROLL","A_POLPUR","A_POSBAC","A_D15_20","A_D65PLS","A_D21_24","A_HR","A_DIST","A_DROWSY","STATE_NAME","drunkDr"
"15462",270022,27,777,46.67943889,-92.91444444,1,1,2,7,19,3,0,30,0,1,1,0,5,2,1,1,27,1,2,2,2,1,2,2,2,2,2,3,2,1,2,2,2,2,"Minnesota",0
"15463",270023,27,1820,44.48792222,-92.90825,3,3,2,1,18,2,0,8,0,1,1,0,1,2,10,1,27,1,2,2,2,2,2,2,1,2,2,3,1,2,2,2,2,2,"Minnesota",0
"15464",270024,27,933,46.14846111,-93.053975,4,4,2,2,20,4,0,12,0,1,1,0,1,2,1,1,27,1,2,2,1,2,2,1,2,2,2,1,1,2,2,2,2,2,"Minnesota",1
"15465",270025,27,772,46.69228056,-92.45688333,8,8,2,3,10,3,0,12,1,2,2,0,1,1,10,1,27,2,1,1,1,2,2,2,2,2,2,3,2,2,2,2,2,2,"Minnesota",1
"15466",270026,27,2243,43.80890833,-92.48963889,2,2,2,4,8,2,0,12,0,1,1,0,4,1,10,1,27,1,2,1,1,2,2,1,2,2,2,3,2,2,1,2,2,2,"Minnesota",0
"15467",270027,27,1678,44.71676389,-93.33848056,3,3,2,5,19,5,0,34,0,1,1,0,4,2,1,1,27,1,2,2,1,1,2,2,2,2,2,3,1,2,2,2,2,2,"Minnesota",0
"15468",270028,27,1831,44.46771111,-93.20985556,3,3,2,6,14,3,0,12,0,1,1,0,1,1,10,1,27,1,2,1,1,2,2,2,2,2,2,3,2,1,2,2,2,2,"Minnesota",0
"15469",270029,27,2057,44.09557778,-93.245125,2,2,2,7,13,1,0,12,1,18,1,0,1,1,1,1,27,2,1,1,2,2,2,2,2,2,2,3,2,1,2,2,2,2,"Minnesota",0
"15470",270030,27,2499,43.51781111,-93.74796389,1,1,2,7,19,5,0,34,0,1,1,0,4,1,1,1,27,1,2,2,2,1,2,2,2,1,2,2,1,2,2,2,2,2,"Minnesota",0
"15471",270031,27,1964,44.26127222,-93.87132778,2,2,2,1,1,4,0,12,0,1,1,0,1,2,1,1,27,1,2,2,2,2,2,2,2,2,2,1,1,2,2,2,2,2,"Minnesota",1
"15472",270032,27,2011,44.181025,-95.86364444,1,1,2,7,8,5,0,34,0,1,1,0,4,2,1,1,27,1,2,1,2,1,2,2,2,1,2,1,2,2,1,2,2,2,"Minnesota",1
"15473",270033,27,1500,44.96567778,-93.26609444,1,1,3,2,6,1,0,8,1,18,1,0,1,4,1,1,27,2,1,1,1,1,2,2,1,2,2,3,2,2,2,2,2,2,"Minnesota",0
"15474",270034,27,1543,44.92593889,-93.38104167,5,5,3,2,16,4,0,12,0,8,1,0,1,1,1,1,27,2,2,1,1,3,2,2,2,2,2,3,2,1,1,2,1,2,"Minnesota",0
"15475",270035,27,1283,45.37647222,-93.99662222,8,8,3,3,9,1,0,12,0,1,1,0,1,1,4,1,27,1,1,1,1,3,2,1,2,2,2,3,2,2,1,2,2,2,"Minnesota",0
"15476",270036,27,732,46.8308,-95.77425278,4,4,3,3,14,3,0,12,0,1,1,2,1,1,11,1,27,1,2,1,1,3,2,1,2,2,2,3,2,1,2,2,2,2,"Minnesota",0
"15477",270037,27,1528,44.93860833,-93.5837,3,3,3,3,15,4,0,12,0,2,3,0,1,1,11,1,27,2,2,1,1,2,2,2,2,2,2,2,2,2,2,2,1,2,"Minnesota",0
"15478",270038,27,1383,45.15255556,-93.626025,2,2,3,4,15,4,0,12,0,1,1,0,2,1,1,1,27,2,2,1,1,2,2,2,2,2,2,3,2,2,2,2,2,2,"Minnesota",0
"15479",270039,27,1389,45.14607222,-93.28438056,4,4,3,5,14,6,0,12,0,2,3,0,1,1,1,1,27,2,2,1,1,3,2,2,2,2,2,3,2,1,2,2,2,2,"Minnesota",0
"15480",270040,27,1663,44.74272222,-93.17691111,1,1,3,5,16,4,0,8,0,3,2,0,1,1,1,1,27,2,2,1,1,1,2,2,1,2,2,3,1,2,2,2,2,2,"Minnesota",0
"15481",270041,27,757,46.73509444,-92.46762222,2,2,3,5,22,3,0,12,0,1,1,0,1,3,1,2,27,2,2,2,1,2,2,2,2,2,2,1,2,2,2,2,2,2,"Minnesota",1
"15482",270042,27,1707,44.670425,-92.71624444,1,1,3,6,15,4,0,32,0,1,1,0,4,1,10,1,27,1,2,1,1,1,2,2,2,2,2,1,2,2,2,2,2,2,"Minnesota",1
"15483",270043,27,1933,44.30508611,-92.68940833,8,8,3,6,20,2,0,12,0,1,1,0,1,2,1,2,27,1,2,2,2,3,2,2,2,2,2,1,2,2,2,2,2,2,"Minnesota",1
"15484",270044,27,2260,43.78456667,-91.52900833,3,3,3,7,9,4,0,54,0,1,1,0,1,1,1,2,27,1,2,1,2,2,2,2,2,2,2,3,2,2,2,2,2,2,"Minnesota",0
"15485",270045,27,1641,44.776875,-93.27783889,2,2,3,1,1,3,0,12,0,3,2,0,1,3,1,1,27,2,2,2,2,2,2,2,2,2,2,1,2,2,2,2,2,2,"Minnesota",1
"15486",270046,27,1437,45.0668,-93.24113889,7,7,3,1,3,1,0,12,1,18,1,0,1,3,1,1,27,2,1,2,2,3,2,2,2,2,2,1,2,2,1,2,2,2,"Minnesota",1
"15487",270047,27,1577,44.88594167,-93.88946389,1,1,3,1,17,4,0,1,0,2,2,0,1,8,1,1,27,1,2,1,2,1,2,1,2,1,2,1,2,2,2,2,2,2,"Minnesota",1
"15488",270048,27,384,47.61512778,-95.69864167,3,3,3,2,11,4,0,35,0,1,1,0,4,1,1,1,27,1,2,1,1,1,2,2,2,1,2,2,2,2,1,2,1,2,"Minnesota",0
"15489",270049,27,1479,44.99218889,-93.28481111,2,2,3,6,3,1,0,8,0,1,1,0,1,3,1,1,27,2,1,2,1,1,2,2,1,1,2,3,2,2,2,2,2,2,"Minnesota",0
"15490",270050,27,1559,44.90196667,-95.18685833,1,1,3,1,7,4,0,35,0,1,1,0,4,1,10,1,27,1,2,1,2,1,2,2,2,1,2,1,2,2,1,2,2,2,"Minnesota",1
"15491",270051,27,1162,45.54481389,-93.80771389,1,1,3,1,18,4,0,53,0,1,1,0,4,1,1,1,27,1,2,2,2,1,1,1,2,2,2,1,2,2,2,2,2,2,"Minnesota",1
"15492",270052,27,896,46.29678611,-96.03779444,2,2,3,4,21,4,0,12,0,1,1,0,1,3,2,1,27,2,2,2,1,2,2,2,2,2,2,1,2,1,2,2,2,2,"Minnesota",2
"15493",270053,27,912,46.23074444,-96.04643611,2,2,3,6,19,1,0,34,0,1,1,0,4,5,10,1,27,1,1,2,2,1,2,2,2,1,2,2,2,2,1,2,1,2,"Minnesota",0
"15494",270054,27,1801,44.51222778,-95.49298056,3,3,3,7,3,5,0,12,0,1,1,0,1,2,1,1,27,1,2,2,2,2,2,2,2,1,2,1,1,2,2,2,2,2,"Minnesota",2
"15495",270055,27,1640,44.77711667,-93.55096667,1,1,3,7,3,2,0,59,0,1,1,0,3,6,1,1,27,2,2,2,2,1,2,2,2,1,2,1,2,2,2,2,2,2,"Minnesota",1
"15496",270056,27,2230,43.83451111,-92.55211667,2,2,3,7,8,1,0,12,0,1,1,0,1,1,1,1,27,1,1,1,2,2,2,1,2,1,2,2,2,1,2,2,2,2,"Minnesota",0
"15497",270057,27,843,46.45588611,-95.11692778,2,2,3,7,11,2,0,12,0,1,1,0,1,1,1,1,27,1,2,1,2,2,2,2,2,1,2,1,2,2,2,2,2,2,"Minnesota",1
"15498",270058,27,2210,43.86266389,-92.36703333,1,1,3,1,8,3,0,34,0,1,1,0,4,1,6,1,27,1,2,1,2,1,2,2,2,1,2,2,2,1,2,2,2,2,"Minnesota",0
"15499",270060,27,1509,44.95963333,-93.20763889,3,3,3,2,15,1,0,12,1,18,1,0,1,1,10,1,27,2,1,1,1,2,2,2,2,2,2,3,2,2,2,2,2,2,"Minnesota",0
"15500",270061,27,2476,43.54368056,-96.01325833,3,3,3,2,17,3,0,12,0,2,2,0,1,1,1,1,27,1,2,1,1,2,2,2,2,2,2,1,2,2,2,2,2,2,"Minnesota",1
"15501",270062,27,1557,44.90638611,-94.09903333,3,3,4,4,4,3,0,12,0,1,1,0,1,2,1,1,27,2,2,2,1,3,2,2,2,1,2,1,2,2,1,2,2,2,"Minnesota",1
"15502",270063,27,429,47.51355278,-95.04851111,1,1,4,4,23,2,0,1,0,1,1,0,3,2,1,1,27,1,2,2,1,1,2,2,2,1,2,1,2,2,2,2,1,2,"Minnesota",1
"15503",270064,27,1139,45.57046944,-92.99211111,3,3,4,5,19,1,0,34,0,1,1,0,3,1,1,1,27,1,1,2,1,1,2,1,2,1,2,1,2,2,2,2,2,2,"Minnesota",1
"15504",270065,27,1512,44.95688333,-93.12619167,1,1,4,7,2,4,0,42,0,1,1,0,4,3,1,1,27,2,2,2,2,1,2,1,2,2,2,1,2,2,1,2,2,2,"Minnesota",1
"15505",270066,27,1967,44.2588,-93.34464444,3,3,4,7,17,3,0,12,0,2,2,0,1,1,1,1,27,1,2,1,2,2,2,2,2,2,2,3,1,2,2,2,2,2,"Minnesota",0
"15506",270067,27,1440,45.05361111,-93.57175,8,8,4,2,18,3,0,12,0,1,1,0,1,1,1,1,27,2,2,2,1,3,2,2,2,1,2,1,2,2,1,2,2,2,"Minnesota",2
"15507",270068,27,1424,45.07924167,-93.02660833,1,1,4,3,23,4,0,53,0,1,1,0,4,3,10,1,27,2,2,2,1,1,2,1,2,2,2,2,2,1,2,2,2,2,"Minnesota",0
"15508",270069,27,1780,44.54379167,-93.41942778,3,3,4,4,6,4,0,12,0,1,1,0,1,1,10,1,27,1,2,1,1,3,2,2,2,1,2,3,1,2,2,2,2,1,"Minnesota",0
"15509",270070,27,989,45.90812778,-92.95949444,2,2,4,4,15,4,0,12,0,3,3,0,1,1,10,1,27,1,2,1,1,2,2,2,2,2,2,3,1,2,2,2,2,2,"Minnesota",0
"15510",270071,27,1307,45.31841389,-95.460225,1,1,4,5,0,4,0,1,0,1,1,0,1,2,10,1,27,1,2,2,1,1,2,2,2,1,2,1,2,2,2,2,2,2,"Minnesota",1
"15511",270072,27,1548,44.92022778,-95.59548611,4,4,4,6,19,4,0,12,0,2,2,0,1,5,1,1,27,1,2,2,2,2,2,1,2,1,2,3,2,2,1,2,2,2,"Minnesota",1
"15512",270073,27,2385,43.63840556,-91.68009722,1,1,4,7,16,4,0,53,0,1,1,0,4,1,1,1,27,1,2,1,2,1,1,2,2,2,2,3,2,2,2,2,2,2,"Minnesota",0
"15513",270074,27,771,46.6926,-92.27378889,1,1,4,1,18,4,0,35,0,1,1,0,4,5,10,1,27,1,2,2,2,1,2,2,2,1,2,1,2,2,2,2,2,2,"Minnesota",1
"15514",270075,27,1142,45.569375,-94.32092222,2,2,4,2,15,8,0,8,0,1,1,0,1,1,1,1,27,3,3,1,1,1,2,2,1,2,2,2,2,2,2,1,1,2,"Minnesota",0
"15515",270076,27,745,46.78083056,-92.10616389,16,16,4,3,5,6,0,59,0,1,1,0,3,3,1,1,27,2,2,2,1,2,2,2,2,2,2,3,2,2,2,2,2,2,"Minnesota",0
"15516",270077,27,1471,45.00477778,-93.08946944,2,2,4,4,12,1,0,12,0,1,1,1,1,1,1,1,27,2,1,1,1,2,1,1,2,2,2,3,2,2,1,2,2,2,"Minnesota",0
"15517",270078,27,637,47.08673056,-93.19491389,4,4,4,4,16,2,0,12,0,2,2,0,1,1,1,1,27,1,2,1,1,2,2,2,2,1,2,3,1,2,2,2,2,2,"Minnesota",0
"15518",270079,27,1361,45.19725556,-93.87095,2,2,4,4,16,3,0,12,0,2,3,0,1,1,1,1,27,2,2,1,1,2,2,2,2,2,2,3,2,1,2,2,2,2,"Minnesota",0
"15519",270080,27,1885,44.37923056,-93.97970556,1,1,4,5,11,4,0,1,0,1,1,0,4,1,1,1,27,1,2,1,1,1,2,1,2,1,2,2,1,2,2,2,2,2,"Minnesota",0
"15520",270081,27,1465,45.01315833,-95.96078333,1,1,4,5,21,4,0,35,0,1,1,0,4,2,1,1,27,1,2,2,1,1,1,2,2,2,2,1,2,2,2,2,2,2,"Minnesota",1
"15521",270082,27,1130,45.58060556,-93.06077778,1,1,4,6,22,4,0,8,0,99,98,0,1,3,1,1,27,1,2,2,2,1,2,2,1,2,2,3,2,2,2,2,2,2,"Minnesota",0
"15522",270083,27,2007,44.19251944,-94.19386111,5,5,4,7,15,3,0,12,0,2,2,0,1,1,10,2,27,1,2,1,2,2,1,2,2,2,2,3,2,2,2,2,1,2,"Minnesota",0
"15523",270084,27,1851,44.4291,-92.73193056,2,2,4,7,22,4,0,32,0,1,1,0,4,2,2,1,27,1,2,2,2,1,1,1,2,2,2,1,2,2,2,2,2,2,"Minnesota",1
"15524",270085,27,2094,44.052625,-93.47692778,2,2,4,7,23,2,0,57,0,1,1,0,3,2,10,1,27,1,2,2,2,1,2,2,2,1,2,3,1,2,2,2,1,2,"Minnesota",0
"15525",270087,27,1090,45.66295278,-93.50842222,2,2,4,4,19,4,0,42,0,1,1,0,4,1,1,1,27,1,2,2,1,1,2,2,2,2,2,2,2,2,2,2,1,2,"Minnesota",0
"15526",270088,27,1213,45.48188333,-93.52082222,1,1,4,5,4,5,0,42,0,1,1,0,4,6,1,1,27,1,2,2,1,1,2,1,2,2,2,1,2,2,2,2,2,2,"Minnesota",1
"15527",270089,27,1892,44.36937222,-94.72526944,4,4,4,5,16,3,0,12,0,2,2,0,1,1,1,1,27,1,2,1,1,2,2,1,2,1,2,3,2,2,1,2,2,2,"Minnesota",0
"15528",270090,27,2006,44.19415278,-95.27136944,1,1,4,6,3,4,0,34,0,1,1,0,4,2,1,1,27,1,2,2,1,1,2,2,2,1,2,1,2,2,2,2,2,2,"Minnesota",1
"15529",270091,27,2148,43.99365278,-96.10418611,2,2,4,6,6,3,0,12,0,2,2,0,1,4,1,1,27,1,2,1,1,2,2,2,2,2,2,3,2,1,2,2,2,2,"Minnesota",0
"15530",270092,27,879,46.3407,-92.58680556,4,4,4,6,7,3,0,12,0,2,2,0,1,1,10,1,27,1,2,1,1,2,2,2,2,2,2,3,2,2,2,2,2,2,"Minnesota",0
"15531",270093,27,1631,44.78974167,-94.15476389,1,1,4,1,15,4,0,9,0,1,1,0,1,1,1,1,27,1,2,1,2,1,2,2,2,2,2,2,2,2,1,2,1,2,"Minnesota",0
"15532",270094,27,776,46.68203889,-92.42828889,4,4,4,3,8,3,0,12,0,1,1,0,1,1,1,2,27,1,2,1,1,2,2,2,2,2,2,1,2,2,2,2,2,2,"Minnesota",1
"15533",270095,27,480,47.42549444,-93.73074722,1,1,4,3,14,4,0,1,0,1,1,0,4,1,1,1,27,1,2,1,1,1,2,2,2,1,2,2,2,2,1,2,2,2,"Minnesota",0
"15534",270096,27,697,46.92456944,-92.41378056,1,1,4,3,23,2,0,1,0,1,1,0,3,2,1,1,27,1,2,2,1,1,2,2,2,1,2,1,2,2,2,2,2,2,"Minnesota",1
"15535",270097,27,943,46.09743333,-94.32950278,3,3,5,6,1,4,0,1,0,1,1,0,4,2,1,2,27,1,2,2,1,1,2,2,2,1,2,2,2,2,2,2,2,2,"Minnesota",0
"15536",270098,27,2175,43.93146111,-94.93947222,3,3,5,6,12,3,0,12,0,2,2,0,1,1,10,1,27,1,2,1,1,2,2,2,2,2,2,3,2,1,1,2,2,2,"Minnesota",0
"15537",270099,27,1045,45.75830278,-94.9386,2,2,5,7,13,2,0,1,0,8,1,0,1,1,1,1,27,1,2,1,2,1,1,2,2,2,2,3,2,2,2,2,1,2,"Minnesota",0
"15538",270100,27,1266,45.39831944,-93.34668056,1,1,5,1,15,4,0,34,0,1,1,0,4,1,1,1,27,2,2,1,2,1,1,1,2,2,2,2,1,2,2,2,2,2,"Minnesota",0
"15539",270101,27,1327,45.27603333,-96.45221667,2,2,5,1,17,4,0,1,0,1,1,0,2,1,1,1,27,1,2,1,2,1,2,2,2,1,2,3,2,2,2,2,1,2,"Minnesota",0
"15540",270102,27,2084,44.06913333,-91.72519167,1,1,5,1,19,4,0,16,0,3,3,0,1,1,10,1,27,2,2,2,2,1,2,2,2,2,2,2,2,1,2,2,2,2,"Minnesota",0
"15541",270103,27,1923,44.31993889,-93.93575278,1,1,5,2,12,4,0,1,0,1,1,0,1,1,10,1,27,1,2,1,1,1,1,1,2,2,2,2,2,2,2,2,2,2,"Minnesota",0
"15542",270104,27,277,47.86289444,-94.999,2,2,5,3,4,8,3,34,0,1,1,0,4,1,1,1,27,1,2,2,1,1,2,2,2,1,2,1,2,2,2,2,2,2,"Minnesota",1
"15543",270105,27,1258,45.412175,-94.6401,2,2,5,3,18,3,0,12,0,2,4,0,1,1,10,1,27,1,2,2,1,2,1,2,2,2,2,3,2,2,2,2,2,2,"Minnesota",0
"15544",270106,27,2204,43.87006944,-93.2755,3,3,5,4,9,3,0,12,1,2,2,0,1,1,10,1,27,1,1,1,1,2,2,2,2,2,2,3,1,1,2,2,2,2,"Minnesota",0
"15545",270107,27,1146,45.56586944,-94.1982,2,2,5,5,16,4,0,12,0,2,2,0,1,1,10,1,27,2,2,1,1,2,2,2,2,2,2,3,2,1,2,2,1,2,"Minnesota",0
"15546",270108,27,1658,44.75140278,-92.82049444,2,2,5,5,17,2,0,12,0,1,1,0,1,1,2,1,27,1,2,1,1,2,2,1,2,2,2,3,1,2,2,2,2,2,"Minnesota",0
"15547",270109,27,445,47.50035833,-95.38304167,4,4,5,6,8,3,0,12,0,2,2,0,1,1,10,1,27,1,2,1,1,2,2,2,2,2,2,3,2,1,2,2,1,2,"Minnesota",0
"15548",270110,27,1484,44.98900556,-93.18716389,1,1,5,6,14,4,4,35,0,1,1,0,4,1,1,1,27,2,2,1,1,1,2,2,2,2,2,2,2,2,2,2,2,2,"Minnesota",0
"15549",270111,27,1164,45.54466111,-94.00690278,4,4,5,6,18,4,0,12,0,2,2,0,1,1,1,1,27,1,2,2,2,2,2,2,2,2,2,3,1,2,2,2,2,2,"Minnesota",0
"15550",270112,27,1860,44.413925,-95.61423056,4,4,5,7,16,4,0,12,1,2,2,0,1,1,1,1,27,1,2,1,2,2,2,2,2,2,2,3,2,1,2,2,1,2,"Minnesota",0
"15551",270113,27,1565,44.89519722,-94.32301667,4,4,5,1,9,3,0,12,0,3,3,0,1,1,10,1,27,2,2,1,2,3,2,2,2,2,2,3,1,2,2,2,1,2,"Minnesota",0
"15552",270114,27,2309,43.72004444,-93.92746111,2,2,5,1,10,4,0,12,0,2,3,0,1,1,2,1,27,1,2,1,2,2,1,1,2,2,2,3,2,1,2,2,2,2,"Minnesota",0
"15553",270115,27,1003,45.879425,-94.09296667,2,2,5,4,21,3,0,12,0,1,1,0,1,5,1,1,27,1,2,2,1,2,2,2,2,2,2,1,2,1,2,2,2,2,"Minnesota",1
"15554",270116,27,1140,45.56944444,-93.33266111,1,1,5,5,0,4,0,53,0,1,1,0,4,2,2,1,27,1,2,2,1,1,1,2,2,2,2,1,2,2,2,2,2,2,"Minnesota",1
"15555",270117,27,1378,45.1601,-93.39175833,2,2,5,7,13,2,0,12,0,3,2,0,1,1,10,1,27,2,2,1,2,2,1,2,2,2,2,3,2,2,2,1,1,2,"Minnesota",0
"15556",270119,27,1246,45.42841111,-93.36788056,7,7,5,7,21,3,0,12,0,1,1,0,1,3,2,2,27,1,2,2,2,3,1,2,2,2,2,1,2,2,2,2,2,2,"Minnesota",1
"15557",270120,27,1665,44.73834167,-92.90232778,2,2,5,4,10,3,0,12,0,1,1,0,1,1,10,1,27,1,2,1,1,2,2,2,2,1,2,3,2,1,2,2,2,2,"Minnesota",0
"15558",270121,27,1870,44.40413333,-92.08212222,2,2,5,4,15,2,0,12,0,1,1,0,1,1,10,1,27,1,2,1,1,2,2,2,2,2,2,3,2,2,2,2,1,2,"Minnesota",0
"15559",270122,27,1849,44.43034722,-95.78599722,6,6,5,5,18,3,0,12,0,2,2,0,1,1,1,1,27,2,2,2,1,2,1,2,2,2,2,3,2,2,2,2,2,2,"Minnesota",0
"15560",270123,27,1939,44.29595,-93.27149167,1,1,5,5,20,6,0,8,0,3,2,0,1,1,1,1,27,2,2,2,1,1,2,2,1,2,2,3,2,1,2,2,2,2,"Minnesota",0
"15561",270124,27,572,47.21558333,-94.75569444,1,1,5,6,11,3,0,34,0,1,1,0,1,1,1,1,27,1,2,1,1,1,2,1,2,1,1,2,1,2,2,2,2,2,"Minnesota",0
"15562",270125,27,2156,43.97751944,-92.46663056,1,1,5,6,19,2,0,11,1,18,1,0,1,1,1,1,27,2,2,2,2,1,1,2,2,2,2,1,2,2,2,2,2,2,"Minnesota",1
"15563",270126,27,991,45.90471667,-94.51380278,2,2,5,7,22,4,0,12,0,2,2,0,1,3,1,1,27,1,2,2,2,2,2,2,2,2,2,3,2,2,2,2,2,2,"Minnesota",0
"15564",270127,27,2209,43.86268333,-93.9507,1,1,5,2,19,5,0,23,0,1,1,0,4,1,10,1,27,1,2,2,1,1,2,2,2,2,2,2,2,2,2,2,2,2,"Minnesota",0
"15565",270128,27,186,48.15126389,-96.20574722,2,2,5,3,14,4,0,12,0,1,1,0,2,1,1,1,27,1,2,1,1,2,2,2,2,2,2,2,2,2,2,2,2,2,"Minnesota",0
"15566",270129,27,2410,43.61593333,-94.09783889,1,1,5,5,23,5,0,20,0,1,1,0,4,2,10,1,27,1,2,2,1,1,2,2,2,1,2,1,2,2,2,2,2,2,"Minnesota",1
"15567",270130,27,1524,44.93954722,-93.27405556,2,2,5,5,13,6,0,12,0,2,2,0,1,1,1,1,27,2,2,1,1,2,2,2,2,2,2,3,2,2,2,2,2,2,"Minnesota",0
"15568",270131,27,739,46.80410833,-96.74695,1,1,5,7,8,4,0,43,0,6,1,0,1,1,1,1,27,1,2,1,2,1,2,2,2,2,2,2,2,1,2,2,2,2,"Minnesota",1
"15569",270132,27,1070,45.695575,-93.43045,2,2,5,7,18,4,0,1,0,1,1,0,1,1,1,1,27,1,2,2,2,1,1,2,2,2,2,1,2,2,2,2,1,2,"Minnesota",1
"15570",270133,27,2089,44.06550556,-93.95369167,1,1,5,1,7,4,0,1,0,1,1,0,4,2,10,1,27,1,2,1,2,1,2,1,2,1,2,1,2,2,2,2,2,2,"Minnesota",1
"15571",270134,27,1425,45.07904167,-92.89417778,1,1,6,3,23,3,0,34,0,1,1,0,4,2,10,1,27,1,2,2,1,1,2,1,2,1,2,1,2,2,1,2,2,2,"Minnesota",1
"15572",270135,27,1850,44.43033333,-95.78599167,4,4,6,7,11,3,0,12,0,2,2,0,1,1,1,1,27,2,2,1,2,2,2,2,2,2,2,3,2,1,2,2,1,2,"Minnesota",0
"15573",270136,27,1522,44.94076667,-93.17716944,3,3,6,3,20,6,0,15,0,1,1,0,1,3,1,1,27,2,2,2,1,1,2,2,2,2,2,2,2,2,2,2,2,2,"Minnesota",0
"15574",270137,27,392,47.60557778,-95.72638611,1,1,6,7,0,4,0,34,0,1,1,0,4,2,1,1,27,1,2,2,2,1,2,2,2,1,2,1,2,2,1,2,2,2,"Minnesota",1
"15575",270138,27,2262,43.77915556,-95.09539722,10,10,6,7,14,4,0,12,0,1,1,0,1,1,10,1,27,1,2,1,2,3,1,2,2,2,2,1,2,2,2,2,2,2,"Minnesota",1
"15576",270139,27,1363,45.186975,-92.77192222,1,1,6,5,14,3,0,42,0,1,1,0,4,1,1,1,27,1,2,1,1,1,2,2,2,2,2,1,2,2,2,2,2,2,"Minnesota",1
"15577",270140,27,2069,44.08027222,-92.79704722,1,1,6,7,15,4,0,35,0,1,1,0,4,1,1,1,27,2,2,1,2,1,1,2,2,2,2,2,2,2,2,2,2,2,"Minnesota",0
"15578",270141,27,1515,44.95375,-93.24736389,1,1,6,6,22,4,0,8,0,3,2,0,1,3,1,1,27,2,2,2,2,1,1,2,1,2,2,3,2,2,2,1,2,2,"Minnesota",0
"15579",270142,27,1188,45.5153,-94.15879722,1,1,6,1,6,6,0,59,0,3,2,0,4,3,1,1,27,2,2,1,2,1,2,1,2,1,2,1,2,2,2,2,2,2,"Minnesota",1
"15580",270143,27,2250,43.79819722,-95.324175,5,5,6,1,11,3,0,12,0,2,2,0,1,1,1,1,27,1,2,1,2,2,2,2,2,2,2,3,2,1,2,2,2,2,"Minnesota",0
"15581",270144,27,996,45.89268333,-94.88580833,1,1,6,2,5,2,0,35,0,1,1,0,4,4,10,1,27,1,2,2,2,1,2,2,2,1,2,1,1,2,2,2,2,2,"Minnesota",1
"15582",270145,27,1371,45.16621667,-93.75743889,3,3,6,6,13,6,0,30,0,1,1,0,4,1,1,1,27,1,2,1,1,1,2,2,2,2,2,2,1,2,2,2,2,2,"Minnesota",0
"15583",270146,27,1736,44.61155556,-93.74875556,1,1,6,7,0,6,0,33,0,1,1,0,4,3,1,1,27,2,2,2,2,1,1,1,2,2,2,1,2,2,1,2,2,2,"Minnesota",1
"15584",270147,27,181,48.16605,-96.43833056,1,1,6,7,4,4,0,34,0,1,1,0,4,2,1,1,27,1,2,2,2,1,2,2,2,1,2,1,2,2,2,2,2,2,"Minnesota",1
"15585",270148,27,2342,43.67725278,-91.27804167,3,3,6,7,8,3,0,16,0,1,1,0,1,1,5,1,27,1,2,1,2,1,2,2,2,2,2,2,2,2,2,2,2,2,"Minnesota",0
"15586",270149,27,1878,44.39243056,-92.06390556,2,2,6,1,9,2,0,12,0,2,3,0,1,1,1,1,27,1,2,1,2,2,1,2,2,2,2,1,2,1,2,2,2,2,"Minnesota",1
"15587",270150,27,1275,45.38879722,-93.870425,2,2,6,1,14,2,0,12,0,2,3,0,1,1,1,1,27,1,2,1,2,2,1,2,2,2,2,3,2,2,2,2,2,2,"Minnesota",0
"15588",270151,27,778,46.67913889,-92.74222778,2,2,6,1,21,3,0,11,0,1,1,0,1,2,1,1,27,1,2,2,2,1,2,2,2,2,2,2,2,2,2,2,2,2,"Minnesota",0
"15589",270152,27,1422,45.08203611,-92.79050833,1,1,6,3,18,3,0,1,0,1,1,0,4,9,99,1,27,1,2,2,1,1,1,2,2,2,2,1,2,2,2,2,2,2,"Minnesota",1
"15590",270153,27,1778,44.54456667,-93.91482778,1,1,6,5,12,4,0,11,0,1,1,0,1,1,1,1,27,1,2,1,1,1,1,2,2,2,2,1,2,1,2,2,2,2,"Minnesota",1
"15591",270154,27,2122,44.02092778,-92.24905556,2,2,6,5,15,3,0,12,0,2,2,4,1,1,1,1,27,1,2,1,1,2,2,2,2,2,2,3,2,2,2,2,2,2,"Minnesota",0
"15592",270155,27,1366,45.17846111,-92.98777222,3,3,6,1,22,2,0,12,0,1,1,0,1,2,1,1,27,2,2,2,2,2,2,2,2,2,2,1,1,2,2,2,2,2,"Minnesota",1
"15593",270156,27,633,47.0954,-94.80085,1,1,6,2,18,8,0,42,0,1,1,0,4,1,1,1,27,1,2,2,1,1,2,1,2,2,2,2,2,2,2,2,2,2,"Minnesota",1
"15594",270157,27,2372,43.64583056,-94.87491944,4,4,6,5,18,4,0,12,0,2,2,0,1,1,1,1,27,1,2,2,1,2,2,2,2,1,2,2,1,1,2,2,2,2,"Minnesota",0
"15595",270158,27,1211,45.485575,-94.15311944,1,1,6,5,22,4,0,1,0,3,3,0,4,3,1,1,27,2,2,2,1,1,1,1,2,2,1,1,2,2,2,2,2,2,"Minnesota",1
"15596",270159,27,942,46.11027222,-92.99185556,1,1,6,6,21,4,0,35,0,1,1,0,4,5,1,1,27,1,2,2,2,1,2,1,2,2,2,1,2,2,2,2,2,2,"Minnesota",1