"","ST_CASE","OBJECT_ID","FID","LATITUDE","LONGITUD","PERMVIT","PERSONS","MONTH","DAY_WEEK","HOUR","ROUTE","SP_JUR","HARM_EV","RELJCT1","RELJCT2","TYP_INT","WRK_ZONE","REL_ROAD","LGT_COND","WEATHER","FATALS","STATE","A_RU","A_INTER","A_TOD","A_DOW","A_CT","A_MC","A_SPCRA","A_PED","A_ROLL","A_POLPUR","A_POSBAC","A_D15_20","A_D65PLS","A_D21_24","A_HR","A_DIST","A_DROWSY","STATE_NAME","drunkDr"
"15733",270298,27,1128,45.58595,-92.95022222,1,1,10,5,13,4,0,24,0,1,1,0,4,1,1,1,27,1,2,1,1,1,1,1,2,2,2,2,2,2,2,2,2,2,"Minnesota",0
"15734",270299,27,1710,44.66945833,-93.60896667,1,1,10,5,19,3,0,8,0,1,1,0,1,5,1,1,27,2,2,2,1,1,2,2,1,2,2,3,2,2,2,2,1,2,"Minnesota",0
"15735",270300,27,1061,45.72417222,-94.16965556,2,2,10,1,15,5,0,12,0,8,1,0,1,1,1,1,27,2,2,1,2,2,2,2,2,2,2,3,2,1,2,2,2,2,"Minnesota",0
"15736",270301,27,1698,44.68694444,-93.72567222,1,1,10,2,16,4,0,35,0,1,1,0,4,1,1,1,27,1,2,1,1,1,1,2,2,2,2,2,2,1,2,2,1,2,"Minnesota",0
"15737",270302,27,1813,44.49760833,-92.42467222,1,1,10,2,17,4,0,34,0,3,3,0,4,1,10,1,27,1,2,1,1,1,2,1,2,2,2,1,2,1,2,2,2,2,"Minnesota",1
"15738",270303,27,1163,45.54468056,-93.58005,1,1,10,2,19,4,0,11,0,1,1,0,1,5,1,1,27,1,2,2,1,1,1,2,2,2,2,2,2,2,2,2,2,2,"Minnesota",0
"15739",270304,27,1238,45.44345556,-93.58393333,2,2,10,5,9,2,0,12,0,3,2,0,1,1,1,1,27,2,2,1,1,2,2,1,2,2,2,2,2,2,2,2,2,2,"Minnesota",0
"15740",270305,27,492,47.38783333,-91.2569,2,2,10,5,13,4,0,12,0,1,1,0,1,1,1,1,27,1,2,1,1,2,2,2,2,1,2,3,2,2,2,2,2,2,"Minnesota",0
"15741",270306,27,1059,45.72632778,-93.21803333,4,4,10,5,22,3,0,12,0,1,1,0,1,3,1,2,27,1,2,2,1,3,2,2,2,2,2,3,1,2,2,2,2,2,"Minnesota",0
"15742",270307,27,1148,45.56271667,-93.16969444,2,2,10,6,16,3,0,12,0,1,1,0,1,5,2,1,27,1,2,1,1,2,2,2,2,2,2,1,2,2,2,2,2,2,"Minnesota",1
"15743",270308,27,1396,45.13430833,-93.295325,1,1,10,7,0,3,0,8,0,1,1,0,1,3,2,1,27,2,2,2,2,1,2,2,1,2,2,3,2,2,2,2,2,2,"Minnesota",0
"15744",270309,27,904,46.25409722,-96.07181111,3,3,10,7,10,3,0,12,0,2,3,0,1,1,1,1,27,1,2,1,2,2,2,2,2,2,2,3,2,1,2,2,2,2,"Minnesota",0
"15745",270310,27,1323,45.29409444,-93.751925,4,4,10,7,13,4,0,12,0,2,3,0,1,1,1,1,27,2,2,1,2,2,2,2,2,2,2,3,2,2,2,2,2,2,"Minnesota",0
"15746",270311,27,1595,44.84809722,-93.02446111,2,2,10,7,15,4,0,12,0,2,2,0,1,1,1,1,27,2,2,1,2,2,2,1,2,2,2,1,2,2,1,2,2,2,"Minnesota",1
"15747",270312,27,1513,44.95581111,-93.12215556,1,1,10,3,21,4,0,8,0,1,1,0,1,3,2,1,27,2,2,2,1,1,2,2,1,2,2,3,2,2,2,1,2,2,"Minnesota",0
"15748",270313,27,1788,44.52951667,-93.57346389,1,1,10,4,7,4,0,8,0,1,1,0,1,4,2,1,27,2,2,1,1,1,2,2,1,2,2,3,2,2,2,2,1,2,"Minnesota",0
"15749",270314,27,1450,45.03693056,-93.30200833,2,2,10,7,21,6,0,8,0,1,1,0,1,3,10,1,27,2,2,2,2,1,2,2,1,2,2,2,2,2,2,2,2,2,"Minnesota",0
"15750",270315,27,2418,43.60791667,-95.6106,3,3,11,1,15,6,0,10,0,6,1,0,1,1,1,2,27,2,2,1,2,1,2,2,2,2,2,2,2,2,1,2,2,2,"Minnesota",0
"15751",270316,27,1339,45.24250278,-93.37755556,3,3,11,2,13,4,0,12,0,1,1,0,1,1,1,2,27,2,2,1,1,2,2,2,2,2,2,3,2,1,2,2,2,2,"Minnesota",1
"15752",270317,27,1137,45.57286389,-93.26851389,1,1,11,2,22,3,0,8,0,1,1,0,98,2,1,1,27,2,2,2,1,1,2,2,1,2,2,3,2,2,1,2,1,2,"Minnesota",0
"15753",270318,27,901,46.26640833,-92.82506944,1,1,11,3,3,1,0,8,0,1,1,0,1,2,1,1,27,1,1,2,1,1,2,2,1,2,2,3,2,2,2,2,2,2,"Minnesota",0
"15754",270319,27,1030,45.80559167,-94.09348056,1,1,11,4,20,3,0,12,0,1,1,0,1,2,10,1,27,1,2,2,1,2,2,2,1,2,2,3,2,2,2,2,1,2,"Minnesota",0
"15755",270320,27,1467,45.01127778,-93.68801944,1,1,11,5,9,2,0,35,0,1,1,0,4,1,1,1,27,1,2,1,1,1,2,2,2,2,2,2,2,1,2,2,2,2,"Minnesota",0
"15756",270321,27,1231,45.45194167,-94.50104444,3,3,11,5,17,3,0,12,0,2,2,0,1,3,10,1,27,1,2,1,1,3,2,2,2,2,2,3,2,1,2,2,2,2,"Minnesota",0
"15757",270322,27,2136,44.00526944,-92.45242778,5,5,11,6,22,6,0,12,0,2,2,0,1,3,1,1,27,2,2,2,2,2,2,1,2,1,2,1,1,2,1,2,2,2,"Minnesota",1
"15758",270323,27,612,47.15280833,-93.57477778,1,1,11,6,23,4,0,42,0,1,1,0,5,2,1,1,27,1,2,2,2,1,2,1,2,1,2,1,2,2,2,2,2,2,"Minnesota",1
"15759",270324,27,1476,44.99868889,-93.26442222,2,2,11,1,18,4,0,12,0,8,1,0,1,3,1,1,27,2,2,2,2,2,1,1,2,2,2,1,2,2,2,2,2,2,"Minnesota",1
"15760",270325,27,2048,44.11363333,-92.42811389,3,3,11,4,17,2,0,12,0,1,1,0,1,2,2,1,27,1,2,1,1,3,2,2,2,2,2,3,2,1,2,2,2,2,"Minnesota",0
"15761",270326,27,1348,45.22388889,-95.47136667,1,1,11,3,15,4,0,35,0,1,1,0,4,7,2,1,27,1,2,1,1,1,2,2,2,2,2,2,2,2,2,2,2,2,"Minnesota",0
"15762",270327,27,900,46.27020833,-92.85989722,1,1,11,5,19,4,0,34,0,1,1,0,4,2,4,1,27,1,2,2,1,1,2,2,2,2,2,2,2,2,2,2,2,2,"Minnesota",0
"15763",270328,27,1147,45.56496389,-94.137475,2,2,11,6,19,2,0,8,1,18,1,0,1,3,10,1,27,2,2,2,2,1,2,2,1,2,2,3,2,2,2,2,2,2,"Minnesota",0
"15764",270329,27,952,46.04943333,-93.94518611,1,1,11,1,20,3,0,34,0,1,1,0,4,2,11,1,27,1,2,2,2,1,2,1,2,1,2,1,2,1,2,2,2,2,"Minnesota",1
"15765",270330,27,1605,44.829,-93.55866944,3,3,11,2,7,2,0,12,0,1,1,0,1,4,1,1,27,2,2,1,1,2,2,2,2,2,2,3,2,2,2,2,2,2,"Minnesota",0
"15766",270331,27,1015,45.83176389,-93.40740278,2,2,11,2,9,3,0,12,0,8,1,0,1,1,1,1,27,1,2,1,1,2,2,2,2,2,2,3,2,2,2,2,2,2,"Minnesota",0
"15767",270332,27,890,46.31210278,-94.14566111,1,1,11,2,11,3,0,31,0,1,1,0,4,1,1,1,27,1,2,1,1,1,2,2,2,1,2,2,2,2,2,2,1,2,"Minnesota",0
"15768",270333,27,2268,43.77595,-92.48530278,2,2,11,2,19,2,0,12,0,2,2,0,1,3,1,1,27,1,2,2,1,2,2,2,2,2,2,3,2,2,1,2,2,2,"Minnesota",0
"15769",270334,27,2177,43.92106944,-92.27873056,4,4,11,5,9,2,0,12,0,2,2,0,1,1,2,1,27,1,2,1,1,2,2,2,2,2,2,3,2,2,1,2,2,2,"Minnesota",0
"15770",270335,27,2116,44.02821111,-92.47398056,1,1,11,6,21,6,0,8,0,3,2,0,1,3,1,1,27,2,2,2,2,1,2,2,1,2,2,2,2,2,2,2,2,2,"Minnesota",0
"15771",270336,27,753,46.74771944,-94.45579722,1,1,11,7,2,3,0,59,0,1,1,0,4,2,1,1,27,1,2,2,2,1,2,1,2,1,2,1,2,2,2,2,2,2,"Minnesota",1
"15772",270337,27,2063,44.08481389,-92.24441944,2,2,11,2,17,3,0,12,0,1,1,0,1,2,4,1,27,1,2,1,1,2,2,1,2,2,2,3,2,2,2,2,2,2,"Minnesota",0
"15773",270338,27,831,46.50753611,-93.95969444,8,8,12,3,10,3,0,12,0,1,1,0,1,1,4,1,27,1,2,1,1,2,2,2,2,2,2,3,1,2,2,2,1,2,"Minnesota",0
"15774",270340,27,503,47.37085278,-92.64038889,1,1,11,6,21,5,0,1,0,1,1,0,1,8,98,1,27,1,2,2,2,1,2,1,2,1,2,1,2,2,2,2,2,2,"Minnesota",1
"15775",270341,27,223,48.03366389,-96.05714167,2,2,12,4,2,2,0,12,0,1,1,0,1,2,1,1,27,1,2,2,1,2,2,2,2,2,2,3,2,2,2,2,2,2,"Minnesota",0
"15776",270342,27,1497,44.96823056,-94.69642222,3,3,11,2,5,3,0,12,0,1,1,0,1,2,1,1,27,1,2,2,2,2,2,2,2,2,2,3,2,2,2,2,2,2,"Minnesota",0
"15777",270343,27,605,47.16497222,-93.77585278,3,3,12,4,6,3,0,12,0,1,1,0,1,1,10,1,27,1,2,1,1,2,2,1,2,2,2,3,2,1,2,2,2,2,"Minnesota",0
"15778",270344,27,625,47.10818056,-93.838775,2,2,12,4,15,3,0,12,0,1,1,0,1,1,1,1,27,1,2,1,1,2,2,2,1,1,2,3,2,1,2,2,1,2,"Minnesota",0
"15779",270345,27,1729,44.62346111,-93.27250833,4,4,12,6,14,5,0,1,0,1,1,0,1,1,1,2,27,1,2,1,1,1,2,2,2,1,2,2,1,2,2,2,1,2,"Minnesota",0
"15780",270346,27,610,47.15875833,-96.15166944,1,1,5,1,18,5,0,32,0,1,1,0,4,1,10,1,27,1,2,2,2,1,2,1,2,2,2,1,2,2,2,2,2,2,"Minnesota",1
"15781",270347,27,1519,44.94909722,-95.69678611,3,3,9,2,14,3,0,12,0,2,2,0,1,1,1,1,27,2,2,1,1,2,2,2,2,2,2,3,2,1,2,2,2,2,"Minnesota",0
"15782",270348,27,729,46.84396944,-92.28039444,2,2,10,2,14,3,0,12,0,2,2,0,1,1,1,1,27,2,2,1,1,2,2,2,2,2,2,3,2,2,2,2,2,2,"Minnesota",0
"15783",270349,27,844,46.44670556,-95.13260278,1,1,10,6,14,2,0,59,0,1,1,0,4,1,1,1,27,2,2,1,1,1,2,2,2,2,2,2,2,1,2,2,2,2,"Minnesota",0
"15784",270351,27,1057,45.72860556,-93.22309444,1,1,11,3,14,3,0,34,0,1,1,0,4,1,1,1,27,1,2,1,1,1,2,2,2,1,2,2,2,1,2,2,2,2,"Minnesota",0
"15785",270352,27,1590,44.85875278,-93.40889444,3,3,11,2,20,6,0,12,0,1,1,0,1,3,4,1,27,2,2,2,1,2,2,2,2,2,2,2,2,1,2,2,2,2,"Minnesota",0
"15786",270353,27,1506,44.96194167,-93.09174722,4,4,12,2,10,4,0,12,0,1,1,0,1,1,1,1,27,2,2,1,1,2,2,1,2,2,2,3,2,2,1,2,2,2,"Minnesota",0
"15787",270354,27,2196,43.88936389,-92.47516111,2,2,12,2,13,1,0,12,0,1,1,0,1,1,1,1,27,1,1,1,1,2,2,1,2,2,2,3,2,2,2,2,1,2,"Minnesota",0
"15788",270355,27,1781,44.54329167,-94.01041111,1,1,12,3,15,3,0,35,0,1,1,0,4,1,2,1,27,1,2,1,1,1,2,2,2,2,2,3,2,1,2,2,2,2,"Minnesota",0
"15789",270356,27,1451,45.03680833,-93.06559167,1,1,12,5,18,1,0,24,1,19,1,0,4,3,10,1,27,2,1,2,1,1,2,2,2,2,2,2,2,2,2,2,2,2,"Minnesota",0
"15790",270357,27,951,46.05157778,-95.31798333,2,2,12,3,5,3,0,34,0,1,1,0,4,2,12,1,27,1,2,2,1,1,2,1,2,1,2,2,2,1,2,2,2,2,"Minnesota",0
"15791",270358,27,1873,44.40193889,-93.60553611,4,4,12,3,7,3,0,12,0,8,1,0,1,1,10,1,27,1,2,1,1,3,2,1,2,2,2,3,2,1,2,2,1,2,"Minnesota",0
"15792",270359,27,1918,44.32478611,-92.41079444,2,2,12,3,12,2,0,12,0,2,2,0,1,1,10,1,27,1,2,1,1,2,2,2,2,2,2,3,1,2,2,2,2,2,"Minnesota",0
"15793",270360,27,1155,45.5549,-94.16025,3,3,12,3,19,6,0,8,0,3,2,0,1,3,12,1,27,2,2,2,1,1,2,2,1,2,2,3,2,2,2,2,2,2,"Minnesota",0
"15794",270361,27,1143,45.56911111,-93.59838611,1,1,12,4,11,2,0,42,0,1,1,0,4,1,4,1,27,1,2,1,1,1,2,1,2,2,2,2,2,2,1,2,2,2,"Minnesota",0
"15795",270362,27,2366,43.64997222,-93.36181389,1,1,12,4,18,2,0,8,0,1,1,0,1,3,10,1,27,2,2,2,1,1,2,2,1,2,2,2,2,2,2,1,2,2,"Minnesota",0
"15796",270363,27,2022,44.16484444,-92.68872222,4,4,12,6,16,5,0,34,0,1,1,0,4,1,1,1,27,1,2,1,1,1,2,1,2,1,2,3,1,2,2,2,2,2,"Minnesota",0
"15797",270364,27,1466,45.01213056,-92.92378333,1,1,12,6,23,6,0,42,0,3,3,0,5,3,99,1,27,2,2,2,2,1,2,2,2,2,2,1,2,2,2,2,2,2,"Minnesota",1
"15798",270365,27,758,46.7339,-92.17631667,1,1,12,7,16,3,0,8,0,1,1,0,2,1,10,1,27,2,2,1,2,1,2,2,1,2,2,2,2,2,2,2,2,2,"Minnesota",0
"15799",270366,27,1337,45.24794444,-93.93203333,1,1,12,2,5,4,0,35,0,1,1,0,4,3,10,1,27,1,2,2,2,1,2,1,2,2,2,1,2,2,2,2,2,2,"Minnesota",1
"15800",270367,27,1731,44.62095833,-93.379025,1,1,12,2,5,4,0,1,0,1,1,0,1,2,2,1,27,1,2,2,2,1,2,2,2,1,2,1,2,2,2,2,2,2,"Minnesota",1
"15801",270368,27,2168,43.95342222,-95.11996389,2,2,12,2,6,2,0,12,0,1,1,0,1,4,12,1,27,1,2,1,1,2,2,1,2,2,2,2,2,2,1,2,2,2,"Minnesota",0
"15802",270369,27,1761,44.56575,-94.35146944,1,1,12,2,7,4,0,1,0,1,1,0,4,2,10,1,27,1,2,1,1,1,2,2,2,1,2,3,2,2,2,2,2,2,"Minnesota",0
"15803",270370,27,2214,43.85953056,-93.27963611,1,1,12,3,5,1,0,1,0,1,1,0,4,2,10,1,27,1,1,2,1,1,2,1,2,1,2,3,2,2,2,2,2,2,"Minnesota",0
"15804",270371,27,801,46.59685833,-92.37625,3,3,12,4,14,4,0,12,0,1,1,0,1,1,4,1,27,1,2,1,1,2,2,2,2,2,2,3,1,2,2,2,2,2,"Minnesota",0
"15805",270372,27,649,47.05988056,-94.22564444,2,2,12,4,0,5,0,1,0,1,1,0,4,2,1,1,27,1,2,2,1,1,2,2,2,1,2,1,2,1,2,2,2,2,"Minnesota",1
"15806",270373,27,2120,44.02168056,-92.60204444,2,2,12,4,15,4,0,12,0,1,1,0,1,1,4,1,27,1,2,1,1,2,2,2,2,2,2,3,2,2,2,2,2,2,"Minnesota",0
"15807",270374,27,1613,44.81541389,-93.33453611,1,1,12,5,14,6,0,42,0,1,1,0,4,1,10,1,27,2,2,1,1,1,2,2,2,2,2,1,2,2,2,2,2,2,"Minnesota",1
"15808",270375,27,919,46.20601667,-93.27765,9,9,12,7,15,3,0,12,0,1,1,0,1,1,4,4,27,1,2,1,2,2,2,1,2,2,2,3,2,2,2,2,2,2,"Minnesota",0
"15809",270376,27,1428,45.07459167,-92.81024722,1,1,12,2,12,6,0,58,0,1,1,0,5,1,10,1,27,2,2,1,1,1,2,2,2,1,2,2,2,1,2,2,2,2,"Minnesota",0
"15810",270377,27,2123,44.020525,-92.13913889,5,5,12,4,19,4,0,12,0,2,2,0,1,2,8,1,27,1,2,2,1,2,2,2,2,1,2,3,2,2,2,2,2,2,"Minnesota",0
"15811",270378,27,1459,45.02706111,-93.28808889,1,1,12,5,21,6,0,8,0,1,1,0,1,3,10,1,27,2,2,2,1,1,2,1,1,2,2,3,2,2,2,1,2,2,"Minnesota",0
"15812",270379,27,1611,44.8191,-93.14682222,3,3,9,2,14,4,0,12,0,2,2,0,1,1,1,1,27,2,2,1,1,2,2,2,2,2,2,3,1,2,2,2,2,2,"Minnesota",0
"15813",270380,27,1586,44.86121944,-93.44200278,6,6,11,6,12,6,0,12,1,2,2,0,1,1,10,1,27,2,2,1,1,3,2,2,2,2,2,3,1,1,2,2,2,2,"Minnesota",0
"15814",270381,27,868,46.38474167,-94.22419722,1,1,11,7,21,4,0,59,0,1,1,0,4,3,1,1,27,2,2,2,2,1,2,2,2,1,2,3,2,1,2,2,1,2,"Minnesota",0
"15815",270382,27,1502,44.96422222,-93.16701389,1,1,12,3,5,3,0,30,0,1,1,0,3,3,4,1,27,2,2,2,1,1,2,2,2,2,2,3,2,1,2,2,2,2,"Minnesota",0
"15816",280001,28,25626,32.31198611,-90.24625556,1,1,1,5,20,1,0,8,0,1,1,0,1,3,2,1,28,2,1,2,1,1,2,2,1,2,2,3,2,2,2,2,2,2,"Mississippi",0
"15817",280002,28,26232,31.82433889,-89.21799444,3,3,1,5,2,3,0,12,0,1,1,0,1,2,5,1,28,1,2,2,1,2,2,2,2,1,2,3,2,2,2,2,2,2,"Mississippi",1
"15818",280003,28,26017,32.01380833,-90.67947222,1,1,1,7,21,3,0,42,0,1,1,0,4,1,2,1,28,1,2,2,2,1,2,2,2,2,2,1,2,2,2,2,2,2,"Mississippi",1
"15819",280004,28,23128,33.51056667,-89.82657778,2,2,1,1,19,4,0,12,0,1,1,0,1,2,10,1,28,1,2,2,2,2,2,2,2,2,2,1,2,2,2,2,2,2,"Mississippi",1
"15820",280005,28,22998,33.55688889,-90.79999167,3,3,1,2,22,2,0,12,0,1,1,0,1,2,1,2,28,1,2,2,1,2,2,2,2,2,2,3,2,2,2,2,2,2,"Mississippi",0
"15821",280006,28,19220,34.96263611,-90.03760556,2,2,1,3,6,3,0,12,0,2,3,0,1,4,1,1,28,2,2,1,1,2,1,1,2,2,2,3,2,2,1,2,2,2,"Mississippi",0
"15822",280007,28,27570,30.44330556,-88.91395556,2,2,1,4,14,6,0,12,0,1,1,0,1,1,1,1,28,2,2,1,1,2,2,2,2,2,2,1,2,2,2,2,2,2,"Mississippi",1
"15823",280008,28,27204,30.67679722,-89.71940278,1,1,1,5,10,4,0,43,0,1,1,0,4,1,1,1,28,1,2,1,1,1,2,1,2,2,2,2,2,2,2,2,2,2,"Mississippi",0
"15824",280009,28,25633,32.30794167,-88.85213333,1,1,1,5,15,4,0,35,0,1,1,0,4,1,1,1,28,1,2,1,1,1,2,2,2,1,2,3,2,1,2,2,2,2,"Mississippi",0
"15825",280010,28,23766,33.23360278,-89.05280833,1,1,1,6,5,4,0,32,0,1,1,0,4,2,1,1,28,1,2,2,1,1,2,2,2,1,2,3,2,2,2,2,2,2,"Mississippi",0
"15826",280011,28,27684,30.39013056,-88.98126389,3,3,1,6,16,2,0,12,1,2,3,0,1,5,1,1,28,2,2,1,1,3,2,2,2,2,2,1,2,2,2,2,2,2,"Mississippi",1
"15827",280012,28,27593,30.43566389,-89.08313056,2,2,1,6,18,1,0,12,0,1,1,0,1,2,1,1,28,2,1,2,2,2,2,2,2,2,2,3,2,2,2,2,2,2,"Mississippi",0
"15828",280013,28,20377,34.38908889,-89.43891944,1,1,1,7,1,3,0,35,0,1,1,0,4,2,1,1,28,1,2,2,2,1,2,2,2,1,2,3,2,2,2,2,2,2,"Mississippi",0
"15829",280014,28,26377,31.6647,-89.86786944,1,1,1,2,19,4,0,34,0,1,1,0,4,2,10,1,28,1,2,2,1,1,2,2,2,1,1,2,2,2,2,2,2,2,"Mississippi",0
"15830",280015,28,26321,31.74520556,-89.44106944,1,1,1,3,16,3,0,35,0,1,1,0,4,1,1,1,28,1,2,1,1,1,2,2,2,1,2,3,2,2,2,2,2,2,"Mississippi",0
"15831",280016,28,19824,34.68510833,-89.17210556,1,1,1,1,4,3,0,35,0,1,1,0,4,2,1,1,28,1,2,2,2,1,2,2,2,1,2,1,2,2,2,2,2,2,"Mississippi",1
"15832",280017,28,26727,31.23808056,-89.84738056,1,1,1,2,10,2,0,23,0,1,1,0,6,1,1,1,28,1,2,1,1,1,2,2,2,1,2,3,2,2,2,2,2,2,"Mississippi",0
"15833",280018,28,19681,34.75430833,-89.96341944,1,1,1,4,5,1,0,1,0,1,1,0,4,2,1,1,28,1,1,2,1,1,2,2,2,1,2,3,2,1,2,2,2,2,"Mississippi",0
"15834",280019,28,26588,31.41576389,-90.67968056,1,1,1,5,18,4,0,42,0,1,1,0,4,2,2,1,28,1,2,2,1,1,2,2,2,1,2,3,2,2,2,2,2,2,"Mississippi",0
"15835",280020,28,27359,30.55515556,-89.12140556,3,3,1,6,17,2,0,8,0,1,1,0,1,2,1,1,28,1,2,1,1,1,2,2,1,2,2,3,2,2,2,2,2,2,"Mississippi",0
"15836",280021,28,25677,32.28165556,-90.17905833,5,5,1,7,6,2,0,12,0,1,1,0,1,1,1,1,28,2,2,1,2,3,2,2,2,2,2,3,2,2,2,2,2,2,"Mississippi",0
"15837",280022,28,24013,33.06868056,-89.84288333,3,3,1,2,19,3,0,8,0,1,1,0,1,2,1,1,28,1,2,2,1,1,2,2,1,2,2,3,1,2,2,2,2,2,"Mississippi",0
"15838",280023,28,26694,31.28333889,-89.839125,3,3,1,5,10,3,0,12,0,1,1,0,1,1,1,1,28,1,2,1,1,2,2,2,2,2,2,3,2,1,2,2,2,2,"Mississippi",0
"15839",280024,28,19702,34.74541944,-90.1398,1,1,1,4,18,4,0,42,0,1,1,0,4,2,1,1,28,1,2,2,1,1,2,2,2,2,2,1,2,1,2,2,2,2,"Mississippi",1
"15840",280025,28,20504,34.30689722,-88.48207778,4,4,1,6,14,3,0,12,0,1,1,0,1,1,1,1,28,1,2,1,1,3,2,2,2,2,2,3,1,2,2,2,2,2,"Mississippi",0
"15841",280026,28,27014,30.85909167,-88.67535,4,4,1,7,23,4,0,34,0,1,1,0,4,2,1,1,28,1,2,2,2,1,2,2,2,1,2,1,2,2,2,2,2,2,"Mississippi",1
"15842",280027,28,21373,34.026275,-89.08736944,1,1,2,1,4,4,0,53,0,1,1,0,4,2,2,1,28,1,2,2,2,1,2,1,2,1,2,3,2,2,2,2,2,2,"Mississippi",0
"15843",280028,28,25506,32.3715,-89.06834444,1,1,2,1,21,3,0,8,0,1,1,0,1,2,5,1,28,1,2,2,2,1,2,2,1,2,2,3,2,2,1,2,2,2,"Mississippi",0
"15844",280029,28,19169,34.98927778,-88.58476667,3,3,2,2,8,4,0,12,0,1,1,0,1,1,1,1,28,1,2,1,1,2,2,2,2,2,2,3,1,2,2,2,2,1,"Mississippi",0
"15845",280030,28,25047,32.64249722,-89.02071667,3,3,2,3,7,3,0,12,0,1,1,0,1,1,1,1,28,1,2,1,1,3,2,2,2,2,2,3,2,1,2,2,2,2,"Mississippi",0
"15846",280031,28,25844,32.17602222,-90.01117222,2,2,2,5,15,4,0,12,0,1,1,0,1,1,1,1,28,1,2,1,1,2,2,2,2,2,2,3,2,1,2,2,2,2,"Mississippi",0
"15847",280032,28,19517,34.82900833,-88.21855278,2,2,2,1,8,4,0,12,0,1,1,0,1,1,1,1,28,1,2,1,2,2,2,2,2,2,2,3,2,1,2,2,1,2,"Mississippi",1
"15848",280033,28,24950,32.69111389,-89.96053611,1,1,2,1,13,4,0,42,0,1,1,0,4,1,1,1,28,1,2,1,2,1,2,1,2,2,2,2,1,2,2,2,2,2,"Mississippi",0
"15849",280034,28,26456,31.56943333,-89.057625,1,1,2,1,13,3,0,1,0,1,1,0,4,1,1,1,28,1,2,1,2,1,2,2,2,1,2,3,2,2,2,2,2,2,"Mississippi",0
"15850",280035,28,20197,34.48991667,-89.07923333,2,2,2,1,15,3,0,12,0,1,1,0,1,1,1,2,28,1,2,1,2,2,2,2,2,2,2,2,2,2,1,2,2,2,"Mississippi",1
"15851",280036,28,26703,31.27153333,-89.34510833,1,1,2,4,21,1,0,21,0,1,1,0,4,2,1,1,28,2,1,2,1,1,2,2,2,2,2,3,2,2,2,2,2,2,"Mississippi",0
"15852",280037,28,27153,30.71362222,-88.42253889,3,3,2,4,23,4,0,12,0,1,1,0,1,3,1,2,28,1,2,2,1,2,2,1,2,2,2,3,2,2,2,2,2,2,"Mississippi",0
"15853",280038,28,26438,31.58778611,-89.23733333,3,3,2,6,12,1,0,12,0,1,1,0,1,1,1,1,28,1,1,1,1,2,2,2,2,2,2,3,1,2,2,2,2,2,"Mississippi",0
"15854",280039,28,21939,33.87896667,-90.742575,5,5,2,6,16,2,0,35,0,1,1,0,3,1,1,1,28,1,2,1,1,1,2,2,2,1,2,3,2,2,2,2,2,2,"Mississippi",0
"15855",280040,28,19589,34.80114722,-90.01305833,4,4,2,6,22,4,0,12,0,1,1,0,1,2,1,1,28,1,2,2,2,2,2,2,2,2,2,3,1,2,2,2,2,2,"Mississippi",0
"15856",280041,28,26382,31.6601,-89.21494722,4,4,2,6,14,4,0,42,0,1,1,0,4,1,1,4,28,1,2,1,1,1,2,1,2,1,2,3,1,2,2,2,2,2,"Mississippi",0
"15857",280042,28,19747,34.7253,-88.62183611,1,1,2,6,23,4,0,42,0,1,1,0,4,2,1,1,28,1,2,2,2,1,2,2,2,2,2,1,2,2,2,2,2,2,"Mississippi",1
"15858",280043,28,26688,31.29277778,-90.47831111,3,4,2,7,6,1,0,14,0,1,1,0,2,4,1,2,28,1,1,1,2,1,2,2,2,2,2,3,2,2,2,2,2,2,"Mississippi",0
"15859",280044,28,26374,31.668975,-90.71166389,1,1,2,7,5,3,0,42,0,1,1,0,4,2,1,1,28,1,2,2,2,1,2,2,2,2,2,2,2,1,2,2,2,2,"Mississippi",0
"15860",280045,28,22710,33.64865833,-90.09033333,3,3,2,7,15,3,0,12,0,1,1,0,1,1,1,1,28,1,2,1,2,2,2,2,2,2,2,3,2,2,1,2,2,2,"Mississippi",0
"15861",280046,28,25158,32.56855,-89.9951,3,3,2,7,18,3,0,12,0,1,1,0,1,2,1,2,28,1,2,2,2,2,2,2,2,2,2,1,1,2,2,2,2,2,"Mississippi",1
"15862",280047,28,19158,34.99221111,-90.04303056,2,2,2,7,20,6,0,1,0,1,1,0,1,2,1,1,28,2,2,2,2,1,2,1,2,1,2,2,2,2,1,2,2,2,"Mississippi",0
"15863",280048,28,26013,32.01888889,-90.37021111,2,2,2,7,7,3,0,12,0,1,1,0,1,1,1,1,28,1,2,1,2,2,2,2,2,2,2,3,2,1,2,2,2,2,"Mississippi",0
"15864",280049,28,25545,32.35579722,-90.18870556,3,3,2,7,16,6,0,12,0,8,1,0,1,1,1,1,28,2,2,1,2,2,1,2,2,2,2,3,2,2,2,2,2,2,"Mississippi",0
"15865",280050,28,24556,32.80909167,-90.92577778,1,1,2,1,2,2,0,30,0,1,1,0,4,3,2,1,28,1,2,2,2,1,2,2,2,2,2,3,2,2,1,2,2,2,"Mississippi",0