"","ST_CASE","OBJECT_ID","FID","LATITUDE","LONGITUD","PERMVIT","PERSONS","MONTH","DAY_WEEK","HOUR","ROUTE","SP_JUR","HARM_EV","RELJCT1","RELJCT2","TYP_INT","WRK_ZONE","REL_ROAD","LGT_COND","WEATHER","FATALS","STATE","A_RU","A_INTER","A_TOD","A_DOW","A_CT","A_MC","A_SPCRA","A_PED","A_ROLL","A_POLPUR","A_POSBAC","A_D15_20","A_D65PLS","A_D21_24","A_HR","A_DIST","A_DROWSY","STATE_NAME","drunkDr"
"15866",280051,28,27398,30.52405833,-89.66033889,2,2,2,2,6,1,0,24,0,1,1,0,3,2,1,2,28,1,1,1,1,1,2,2,2,1,2,2,2,2,2,2,2,2,"Mississippi",0
"15867",280052,28,24726,32.76059167,-88.77567222,1,1,2,7,18,3,0,8,0,1,1,0,1,2,1,1,28,1,2,2,2,1,2,2,1,2,2,3,1,2,2,2,2,2,"Mississippi",0
"15868",280053,28,27546,30.45358889,-88.76533333,2,2,2,1,15,1,0,1,0,1,1,0,3,1,1,1,28,1,1,1,2,1,2,2,2,1,2,2,2,2,2,2,2,2,"Mississippi",0
"15869",280054,28,22342,33.75761667,-89.68306667,3,3,2,1,17,3,0,12,0,1,1,0,1,5,1,1,28,1,2,1,2,2,2,2,2,2,2,3,2,2,2,2,2,2,"Mississippi",0
"15870",280055,28,19223,34.9609,-89.85178056,1,1,2,2,15,2,0,35,1,19,1,0,4,1,10,1,28,2,2,1,1,1,2,1,2,2,2,3,2,2,2,2,2,2,"Mississippi",0
"15871",280056,28,19565,34.81093611,-88.69375278,1,1,2,4,7,4,0,42,0,1,1,0,4,1,1,1,28,1,2,1,1,1,2,2,2,2,2,2,2,2,2,2,2,2,"Mississippi",0
"15872",280057,28,25685,32.27838056,-90.00035278,1,1,2,3,2,1,0,33,1,5,1,0,4,3,10,1,28,2,1,2,1,1,2,2,2,1,2,3,2,2,2,2,2,2,"Mississippi",0
"15873",280058,28,26692,31.28721667,-90.27338056,2,2,2,4,12,4,0,42,0,1,1,0,4,1,1,1,28,1,2,1,1,1,2,2,2,2,2,3,2,2,2,2,2,2,"Mississippi",0
"15874",280059,28,26249,31.81283056,-89.75633611,1,1,2,5,10,3,0,42,0,1,1,0,4,1,1,1,28,1,2,1,1,1,2,2,2,1,2,3,2,2,1,2,2,2,"Mississippi",0
"15875",280060,28,24365,32.88242778,-88.83310833,1,1,2,5,17,3,0,34,0,1,1,0,4,2,1,1,28,1,2,1,1,1,2,2,2,1,2,2,2,2,2,2,2,2,"Mississippi",0
"15876",280061,28,27597,30.434375,-89.08587778,1,1,2,5,21,6,0,8,1,3,3,0,1,2,1,1,28,2,2,2,1,1,2,2,1,2,2,2,2,1,2,2,2,2,"Mississippi",1
"15877",280062,28,23895,33.1513,-90.13073611,5,5,2,6,8,3,0,35,0,1,1,0,4,1,10,1,28,1,2,1,1,1,2,2,2,1,2,3,2,2,2,2,2,2,"Mississippi",0
"15878",280063,28,24408,32.861525,-89.11282222,7,7,2,3,1,4,0,1,0,1,1,0,4,2,1,2,28,1,2,2,1,1,2,2,2,1,2,3,2,2,2,2,2,2,"Mississippi",1
"15879",280064,28,20731,34.2202,-88.21388056,1,1,2,3,14,3,0,24,0,1,1,0,4,1,1,1,28,1,2,1,1,1,2,2,2,1,2,3,2,2,2,2,2,2,"Mississippi",0
"15880",280065,28,21704,33.93648056,-89.08432778,1,1,2,3,14,4,0,24,0,1,1,0,4,1,1,1,28,1,2,1,1,1,2,1,2,2,2,1,2,2,2,2,2,2,"Mississippi",1
"15881",280066,28,19410,34.88295556,-89.96323333,2,2,2,3,22,4,0,59,0,3,4,0,8,2,1,2,28,1,2,2,1,1,2,2,2,1,2,3,2,2,2,2,1,2,"Mississippi",0
"15882",280067,28,19449,34.86159444,-88.40831944,1,1,2,6,13,2,0,51,0,1,1,0,4,1,3,2,28,1,2,1,1,1,2,1,1,2,2,3,2,2,2,2,2,2,"Mississippi",0
"15883",280068,28,25439,32.41013611,-90.141875,4,4,2,6,15,2,0,12,0,8,1,0,1,1,1,1,28,2,2,1,1,2,2,2,2,2,2,3,2,2,2,2,2,2,"Mississippi",0
"15884",280069,28,25662,32.29109444,-90.22713889,1,1,2,6,18,2,0,8,0,1,1,0,1,3,1,1,28,2,2,2,2,1,2,2,1,2,2,3,2,2,2,2,2,2,"Mississippi",0
"15885",280070,28,25959,32.06335278,-88.73974167,4,4,2,7,5,3,0,42,0,1,1,0,4,2,10,1,28,1,2,2,2,1,2,2,2,2,2,3,2,2,2,2,2,2,"Mississippi",0
"15886",280071,28,23403,33.42434444,-91.03891667,1,1,2,7,19,3,0,8,0,1,1,0,1,3,2,1,28,1,2,2,2,1,2,2,1,2,2,3,2,2,2,1,2,2,"Mississippi",0
"15887",280072,28,27907,30.28633611,-89.43760556,2,2,2,1,16,4,0,12,1,2,2,0,1,1,1,1,28,2,2,1,2,2,2,2,2,2,2,1,1,2,2,1,2,2,"Mississippi",1
"15888",280073,28,27554,30.45101111,-88.5077,4,4,2,1,23,1,0,12,0,1,1,0,1,2,5,1,28,2,1,2,2,3,2,2,2,2,2,3,2,2,1,2,2,2,"Mississippi",0
"15889",280074,28,20634,34.25189444,-88.46691111,1,1,2,2,9,3,0,53,0,1,1,0,4,1,1,1,28,1,2,1,1,1,2,2,2,2,2,3,2,2,2,2,2,2,"Mississippi",0
"15890",280075,28,25964,32.06007778,-90.62366944,3,3,2,3,7,3,0,12,0,1,1,0,1,1,10,1,28,1,2,1,1,2,2,2,2,2,2,3,2,2,1,2,2,2,"Mississippi",0
"15891",280076,28,25451,32.40391667,-90.78651944,1,1,2,2,16,4,0,42,0,1,1,0,4,1,3,1,28,1,2,1,1,1,2,2,2,2,2,3,2,2,2,2,2,2,"Mississippi",0
"15892",280077,28,19578,34.80593056,-88.25281389,2,2,2,2,21,2,0,1,0,1,1,0,3,2,1,1,28,1,2,2,1,1,2,2,2,1,2,1,2,2,2,2,2,2,"Mississippi",1
"15893",280078,28,26002,32.02786667,-89.96136667,3,3,2,4,11,2,0,42,0,1,1,0,4,1,2,1,28,1,2,1,1,1,2,1,2,2,2,3,2,2,2,2,2,2,"Mississippi",0
"15894",280079,28,20833,34.18616111,-89.16651944,4,4,3,6,10,3,0,42,0,1,1,0,4,1,1,3,28,1,2,1,1,1,2,1,2,1,2,3,2,2,2,2,2,2,"Mississippi",0
"15895",280080,28,26073,31.960075,-90.90195,6,6,3,6,13,3,0,12,0,3,3,0,1,1,1,2,28,1,2,1,1,2,2,2,2,2,2,1,2,2,2,2,2,2,"Mississippi",1
"15896",280081,28,26173,31.86571667,-89.73478611,2,2,3,6,15,2,0,12,0,2,2,0,1,1,1,1,28,1,2,1,1,2,1,2,2,2,2,3,2,1,2,2,2,2,"Mississippi",0
"15897",280082,28,20813,34.192225,-88.62129722,6,6,3,6,21,4,0,12,0,1,1,0,1,2,10,1,28,1,2,2,2,2,2,2,2,2,2,3,2,2,1,2,2,2,"Mississippi",0
"15898",280083,28,26332,31.73304167,-90.35598889,2,2,3,7,17,4,0,8,0,1,1,0,1,1,1,1,28,1,2,1,2,1,2,2,1,2,2,3,1,2,2,2,2,2,"Mississippi",0
"15899",280084,28,26344,31.71536389,-88.98367778,1,1,3,7,19,4,0,5,0,1,1,0,4,2,1,1,28,1,2,2,2,1,1,2,2,2,2,3,2,2,2,2,2,2,"Mississippi",0
"15900",280085,28,26085,31.94608333,-90.98561389,1,1,2,3,22,3,0,42,0,1,1,0,4,2,1,1,28,1,2,2,1,1,2,2,2,2,2,1,2,1,2,2,2,2,"Mississippi",1
"15901",280086,28,20449,34.34095,-89.03803333,1,1,2,6,20,3,0,8,0,1,1,0,1,2,1,1,28,1,2,2,2,1,2,2,1,2,2,3,2,2,2,2,2,2,"Mississippi",0
"15902",280087,28,27443,30.50225556,-88.70358056,2,2,2,7,0,3,0,32,0,1,1,0,4,6,1,1,28,1,2,2,2,1,2,2,2,2,2,3,2,2,2,2,2,2,"Mississippi",1
"15903",280088,28,26857,31.07472222,-89.38281389,1,1,2,7,10,4,0,1,0,1,1,0,1,1,1,1,28,1,2,1,2,1,2,2,2,1,2,3,2,2,2,2,2,2,"Mississippi",0
"15904",280089,28,27572,30.44205556,-89.04589444,1,1,3,2,4,1,0,8,0,1,1,0,1,2,1,1,28,2,1,2,2,1,2,2,1,2,2,3,2,2,2,2,2,2,"Mississippi",0
"15905",280090,28,23498,33.39035833,-91.06356111,3,3,3,3,6,2,0,12,0,2,3,0,1,3,2,1,28,1,2,1,1,2,2,1,1,2,2,3,2,1,2,2,2,2,"Mississippi",0
"15906",280091,28,26696,31.27744722,-89.28984167,4,4,3,3,8,2,0,12,0,2,2,0,1,1,2,1,28,2,2,1,1,3,2,2,2,2,2,3,2,1,2,2,2,2,"Mississippi",0
"15907",280092,28,25541,32.35636944,-90.26193611,1,1,3,3,19,6,0,8,0,1,1,0,1,3,2,1,28,2,2,2,1,1,2,2,1,2,2,3,2,2,2,2,2,2,"Mississippi",0
"15908",280093,28,26515,31.502375,-89.48688333,1,1,3,5,20,4,0,42,0,1,1,0,4,2,2,1,28,1,2,2,1,1,2,2,2,2,2,3,2,2,2,2,2,2,"Mississippi",0
"15909",280094,28,19552,34.81651389,-88.73802222,3,3,3,6,7,3,0,12,0,1,1,0,1,1,2,1,28,1,2,1,1,2,2,2,2,2,2,3,2,2,2,2,2,2,"Mississippi",0
"15910",280095,28,22065,33.83829722,-89.50101667,7,7,2,7,20,4,0,11,0,1,1,0,1,2,1,2,28,1,2,2,2,1,2,2,2,1,2,3,1,2,2,2,2,2,"Mississippi",0
"15911",280096,28,27427,30.51072778,-88.93694167,4,4,3,6,8,3,0,12,0,2,2,0,1,1,2,2,28,1,2,1,1,2,2,2,2,2,2,3,1,2,2,2,2,2,"Mississippi",0
"15912",280097,28,25783,32.20896389,-90.23714722,2,2,3,1,3,1,0,8,0,1,1,1,1,2,1,1,28,1,1,2,2,1,2,2,1,2,2,3,2,2,2,2,2,2,"Mississippi",0
"15913",280098,28,25648,32.30192222,-88.80523611,1,1,3,2,11,1,0,42,0,1,1,0,4,1,10,1,28,1,1,1,1,1,2,2,2,2,2,3,1,2,2,2,2,2,"Mississippi",0
"15914",280099,28,26753,31.20069167,-90.60485278,2,2,3,3,18,3,0,12,0,1,1,0,1,1,1,1,28,1,2,2,1,2,2,2,2,2,2,3,2,2,2,2,2,2,"Mississippi",0
"15915",280100,28,27149,30.72328889,-89.55249444,2,2,3,2,12,1,0,42,0,1,1,0,4,1,2,1,28,1,1,1,1,1,2,2,2,1,2,3,2,2,2,2,2,2,"Mississippi",0
"15916",280101,28,27858,30.31026944,-89.36587778,2,2,3,2,13,1,0,12,1,2,2,0,1,1,2,1,28,2,1,1,1,2,2,2,2,2,2,3,2,1,2,2,2,2,"Mississippi",0
"15917",280102,28,25520,32.36735556,-89.84381944,3,3,3,5,0,4,0,42,0,1,1,0,4,6,2,1,28,1,2,2,1,1,2,1,2,2,2,3,2,2,1,2,2,1,"Mississippi",0
"15918",280103,28,19536,34.82318056,-89.55740556,2,2,3,3,20,2,0,12,0,1,1,0,1,2,2,1,28,1,2,2,1,2,2,2,2,2,2,3,2,2,2,2,2,2,"Mississippi",1
"15919",280104,28,26871,31.06285278,-90.28116667,1,1,3,7,1,4,0,42,0,1,1,0,4,2,10,1,28,1,2,2,2,1,2,2,2,2,2,1,2,2,2,2,2,2,"Mississippi",1
"15920",280105,28,25702,32.26590278,-90.13694722,5,5,3,4,11,1,0,12,0,1,1,0,1,1,10,1,28,2,1,1,1,2,1,1,2,2,2,3,1,2,2,2,2,2,"Mississippi",0
"15921",280106,28,22483,33.72007222,-89.8292,4,4,3,4,12,1,0,1,0,1,1,0,1,1,1,1,28,1,1,1,1,1,2,2,2,1,2,3,2,2,2,2,2,1,"Mississippi",0
"15922",280107,28,26636,31.35018611,-90.47939722,2,2,3,7,9,1,0,42,0,1,1,0,4,1,1,2,28,1,1,1,2,1,2,2,2,2,2,3,2,1,2,2,2,2,"Mississippi",0
"15923",280108,28,25421,32.4215,-88.45531944,2,2,3,7,4,1,0,12,0,1,1,0,1,2,1,1,28,1,1,2,2,2,2,2,2,1,2,3,2,2,2,2,2,2,"Mississippi",0
"15924",280109,28,19844,34.67661389,-88.68030278,3,3,3,7,20,4,0,1,0,1,1,0,4,2,1,1,28,1,2,2,2,1,2,2,2,1,2,1,1,2,2,2,2,2,"Mississippi",1
"15925",280110,28,26081,31.95483889,-89.84970833,1,1,3,2,12,3,0,42,0,1,1,0,4,1,10,1,28,1,2,1,1,1,2,2,2,2,2,3,2,1,2,2,2,2,"Mississippi",0
"15926",280111,28,26343,31.71706389,-91.06910556,1,1,3,2,18,2,0,42,0,1,1,0,4,1,10,1,28,1,2,2,1,1,2,2,2,2,2,3,2,2,2,2,2,2,"Mississippi",0
"15927",280112,28,26367,31.68531667,-88.63275278,1,1,3,2,22,3,0,8,0,1,1,0,1,3,1,1,28,1,2,2,1,1,2,2,1,2,2,3,2,2,2,2,2,2,"Mississippi",0
"15928",280113,28,25185,32.55325833,-90.35959722,3,3,3,3,19,4,0,12,0,1,1,0,1,2,1,1,28,1,2,2,1,2,2,2,2,2,2,3,2,2,2,2,2,2,"Mississippi",1
"15929",280114,28,22852,33.60762778,-90.76533333,1,1,3,3,22,2,0,8,0,2,2,0,1,3,1,1,28,1,2,2,1,1,2,1,1,2,2,2,2,2,1,2,2,2,"Mississippi",0
"15930",280115,28,27222,30.65636111,-89.13364444,2,2,3,5,0,2,0,8,0,1,1,0,1,2,1,1,28,1,2,2,1,1,2,2,1,2,2,3,2,2,2,2,2,2,"Mississippi",0
"15931",280116,28,21717,33.93455278,-88.74078889,3,3,3,6,15,3,0,12,0,1,1,0,1,1,10,1,28,1,2,1,1,2,2,2,2,2,2,3,2,2,2,2,2,2,"Mississippi",0
"15932",280117,28,25821,32.18852778,-90.25456111,1,1,3,1,3,1,0,25,0,1,1,1,3,2,1,1,28,2,1,2,2,1,2,1,2,1,2,3,2,2,2,2,2,2,"Mississippi",0
"15933",280118,28,26238,31.820825,-90.54775278,7,7,3,1,21,4,0,12,0,1,1,0,1,2,1,1,28,1,2,2,2,2,2,2,2,2,2,3,2,2,2,2,2,2,"Mississippi",0
"15934",280119,28,22404,33.73956667,-89.79946667,2,2,3,2,15,6,0,12,0,2,2,0,1,1,1,1,28,1,2,1,1,2,2,2,2,2,2,3,2,1,2,1,2,2,"Mississippi",0
"15935",280120,28,27227,30.65294444,-88.48078889,3,3,3,2,20,3,0,12,0,1,1,0,1,2,1,1,28,1,2,2,1,2,2,2,2,2,2,3,1,2,2,2,2,2,"Mississippi",0
"15936",280121,28,25912,32.103475,-90.04935278,5,5,3,3,14,2,0,12,0,2,2,0,1,1,1,1,28,1,2,1,1,2,2,2,2,2,2,3,2,1,2,2,2,2,"Mississippi",0
"15937",280122,28,19966,34.61263333,-90.13185833,1,1,3,3,23,3,0,1,0,1,1,0,4,2,1,1,28,1,2,2,1,1,2,2,2,1,2,3,2,1,2,2,2,2,"Mississippi",0
"15938",280123,28,24558,32.80848333,-88.672675,1,1,4,4,8,3,0,35,0,1,1,0,4,1,1,1,28,1,2,1,1,1,2,2,2,1,2,2,1,2,2,2,2,2,"Mississippi",0
"15939",280124,28,20708,34.22419722,-88.74446111,2,2,4,4,16,6,0,12,0,1,1,0,1,1,1,1,28,1,2,1,1,2,2,2,2,2,2,3,1,1,2,2,2,2,"Mississippi",0
"15940",280125,28,26119,31.90959722,-90.40105,1,1,4,4,20,2,0,42,0,1,1,0,4,2,1,1,28,1,2,2,1,1,2,2,2,2,2,2,1,2,2,2,2,2,"Mississippi",0
"15941",280126,28,22892,33.591875,-90.27519722,3,3,4,6,4,2,0,1,0,1,1,0,4,2,1,1,28,1,2,2,1,1,2,2,2,1,2,3,2,2,2,2,2,2,"Mississippi",0
"15942",280127,28,21937,33.87955278,-90.74256111,5,5,4,7,16,2,0,12,0,2,2,0,1,1,1,2,28,1,2,1,2,2,2,2,2,2,2,3,2,2,2,2,2,2,"Mississippi",0
"15943",280128,28,27639,30.41180278,-88.65471944,1,1,4,1,9,6,0,33,0,1,1,0,4,1,1,1,28,1,2,1,2,1,2,2,2,2,2,2,2,2,2,2,2,2,"Mississippi",0
"15944",280129,28,23975,33.09515556,-89.884875,4,4,4,2,1,3,0,59,0,1,1,0,4,2,10,2,28,1,2,2,2,1,2,2,2,1,2,1,2,2,2,2,2,2,"Mississippi",1
"15945",280130,28,26997,30.88088611,-89.54926944,2,2,4,2,11,4,0,12,0,2,2,0,1,1,10,1,28,1,2,1,1,2,2,1,2,2,2,3,2,1,2,2,2,2,"Mississippi",0
"15946",280131,28,22143,33.81270278,-89.82635556,2,2,4,2,22,2,0,12,0,1,1,0,1,2,10,1,28,1,2,2,1,2,2,2,2,2,2,3,2,1,2,2,2,2,"Mississippi",0
"15947",280132,28,20924,34.14745556,-88.51772222,2,2,4,3,18,4,0,42,0,1,1,0,4,1,1,1,28,1,2,2,1,1,2,1,2,2,2,3,1,2,2,2,2,2,"Mississippi",0
"15948",280133,28,19261,34.94667222,-89.388175,3,3,4,4,12,2,0,12,0,2,2,0,1,1,1,1,28,1,2,1,1,2,2,2,2,2,2,3,2,2,2,2,2,2,"Mississippi",0
"15949",280134,28,26203,31.84413889,-90.45543056,3,3,4,5,15,3,0,12,0,1,1,0,1,1,1,1,28,1,2,1,1,2,2,2,2,2,2,3,2,1,2,2,2,2,"Mississippi",1
"15950",280135,28,25874,32.14641111,-88.71409444,1,1,4,5,19,2,0,1,0,1,1,0,4,2,1,1,28,1,2,2,1,1,2,2,2,1,2,3,2,1,2,2,2,2,"Mississippi",0
"15951",280136,28,26741,31.21420556,-89.16663056,2,2,4,6,12,2,0,12,0,1,1,0,1,1,10,1,28,1,2,1,1,2,2,2,2,2,2,3,2,2,2,2,2,2,"Mississippi",0
"15952",280137,28,20508,34.30586389,-88.70723056,2,2,4,6,20,6,0,8,0,1,1,0,1,3,1,1,28,1,2,2,2,2,2,2,1,2,2,1,2,2,2,2,2,2,"Mississippi",1
"15953",280138,28,23150,33.50326389,-88.41358889,1,1,4,6,20,6,0,8,0,1,1,0,1,5,1,1,28,1,2,2,2,1,2,2,1,2,2,3,2,2,2,1,2,2,"Mississippi",0
"15954",280139,28,26410,31.62775556,-89.07724167,2,2,4,7,16,4,0,12,0,1,1,0,1,1,1,1,28,1,2,1,2,2,2,2,2,2,2,3,1,2,2,2,2,2,"Mississippi",0
"15955",280140,28,23763,33.23423889,-90.48565833,5,5,4,7,23,3,0,35,0,3,3,0,4,2,1,1,28,1,2,2,2,1,2,2,2,2,2,3,2,2,2,2,2,2,"Mississippi",0
"15956",280141,28,25093,32.61420278,-89.52490833,7,7,4,1,19,3,0,1,0,1,1,0,4,1,2,3,28,1,2,2,2,1,2,1,2,1,2,2,2,2,1,2,2,2,"Mississippi",0
"15957",280142,28,22323,33.76266667,-89.79599167,1,1,4,2,12,6,0,42,0,1,1,0,4,1,10,1,28,1,2,1,1,1,2,2,2,2,2,3,2,2,2,2,2,2,"Mississippi",0
"15958",280143,28,25681,32.27951667,-90.13865278,4,4,4,3,19,2,0,12,0,2,3,0,1,3,2,1,28,2,2,2,1,2,2,2,2,2,2,3,1,1,2,2,2,2,"Mississippi",0
"15959",280144,28,27439,30.50334167,-89.13704722,5,5,4,4,14,3,0,12,0,2,2,0,1,1,2,1,28,1,2,1,1,2,2,2,2,2,2,3,2,2,1,2,2,2,"Mississippi",0
"15960",280145,28,25484,32.38184444,-88.66785833,1,1,4,4,15,6,0,10,0,6,1,0,1,1,1,1,28,1,2,1,1,1,2,2,2,2,2,3,2,2,2,2,2,2,"Mississippi",0
"15961",280146,28,20541,34.28339722,-89.07145833,3,3,4,6,4,2,0,12,0,2,2,0,1,2,10,1,28,1,2,2,1,2,2,2,2,2,2,3,2,2,2,2,2,2,"Mississippi",0
"15962",280147,28,26760,31.19360556,-90.33671944,2,2,4,6,8,2,0,12,0,8,1,0,1,1,1,1,28,1,2,1,1,2,2,2,2,2,2,3,2,2,1,2,2,2,"Mississippi",0
"15963",280148,28,23565,33.356575,-91.014975,4,4,4,5,15,4,0,34,0,1,1,0,4,1,1,1,28,1,2,1,1,2,2,2,2,1,2,3,2,2,2,2,2,1,"Mississippi",0
"15964",280149,28,26714,31.25955833,-90.57030833,7,7,4,6,20,4,0,12,0,1,1,0,1,2,1,1,28,1,2,2,2,2,2,2,2,2,2,3,1,2,2,2,2,2,"Mississippi",0
"15965",280150,28,25596,32.32710833,-89.39313889,1,1,4,7,18,1,0,34,0,1,1,0,4,1,2,1,28,1,1,2,2,1,2,2,2,1,2,3,2,2,2,2,2,2,"Mississippi",0
"15966",280151,28,22294,33.76929444,-89.463725,3,3,4,2,8,3,0,12,0,2,3,0,1,1,1,1,28,1,2,1,1,3,2,2,2,2,2,3,1,2,1,2,2,2,"Mississippi",0
"15967",280152,28,27414,30.51755278,-89.66492778,4,4,4,3,22,6,0,12,1,3,2,0,1,3,1,1,28,1,2,2,1,2,1,1,2,2,2,3,2,2,2,2,2,2,"Mississippi",0
"15968",280153,28,21417,34.01414722,-89.90878611,2,2,4,4,7,2,0,35,0,1,1,0,4,1,1,1,28,1,2,1,1,1,2,2,2,1,2,3,1,2,2,2,2,2,"Mississippi",0
"15969",280154,28,20386,34.38205,-89.487825,3,3,4,5,8,4,0,5,0,1,1,0,4,1,1,1,28,1,2,1,1,1,2,2,2,1,2,3,2,2,2,2,2,2,"Mississippi",0
"15970",280155,28,25898,32.12772222,-89.22781389,1,1,4,5,14,3,0,34,0,1,1,0,4,1,1,1,28,1,2,1,1,1,2,2,2,1,2,3,2,2,2,2,2,2,"Mississippi",0
"15971",280156,28,26520,31.49478056,-89.74262778,3,3,4,6,11,3,0,12,0,8,1,0,1,1,1,1,28,1,2,1,1,2,1,2,2,2,2,3,2,2,2,2,2,2,"Mississippi",0
"15972",280157,28,23281,33.46483611,-90.84939167,2,2,4,6,14,2,0,12,0,1,1,0,1,1,10,1,28,1,2,1,1,2,2,2,2,2,2,3,2,1,1,2,2,2,"Mississippi",0
"15973",280158,28,23210,33.48344722,-90.51677778,2,2,4,6,20,3,0,12,0,1,1,0,1,2,2,1,28,1,2,2,2,2,2,2,2,2,2,3,2,2,2,2,2,2,"Mississippi",0
"15974",280159,28,20506,34.30645,-89.88767778,2,2,4,7,2,4,0,44,0,1,1,0,1,2,10,1,28,1,2,2,2,1,2,2,2,2,2,3,2,2,2,2,2,2,"Mississippi",0
"15975",280160,28,25831,32.18108056,-89.92395,2,2,4,7,7,4,0,12,0,1,1,0,1,1,1,1,28,1,2,1,2,2,2,2,2,2,2,3,2,2,2,2,2,2,"Mississippi",0
"15976",280161,28,25321,32.46734167,-89.90843333,1,1,4,1,5,3,0,50,0,1,1,0,4,1,1,1,28,1,2,2,2,1,2,2,2,2,2,3,2,1,2,2,2,2,"Mississippi",0
"15977",280162,28,19856,34.66698333,-90.23639167,3,3,4,1,19,3,0,12,0,1,1,0,1,5,1,3,28,1,2,2,2,2,2,2,2,2,2,2,2,2,2,2,2,2,"Mississippi",0
"15978",280163,28,20133,34.52171111,-89.92631944,3,3,4,3,18,1,0,1,0,1,1,0,4,5,1,1,28,1,1,2,1,1,2,2,2,1,2,3,2,2,2,2,2,2,"Mississippi",0
"15979",280165,28,25567,32.34287222,-90.85000556,4,4,4,4,22,6,0,8,0,1,1,0,1,3,1,1,28,1,2,2,1,1,2,2,1,2,2,3,2,2,2,2,2,2,"Mississippi",0
"15980",280166,28,25660,32.293125,-90.26728611,1,1,4,4,22,1,0,8,0,1,1,0,1,2,1,1,28,2,1,2,1,1,2,2,1,2,2,3,1,2,2,2,2,2,"Mississippi",0
"15981",280167,28,27025,30.85176667,-89.17384444,3,3,4,5,17,3,0,12,0,1,1,0,1,1,1,1,28,1,2,1,1,3,2,2,2,2,2,3,1,2,2,2,2,2,"Mississippi",0
"15982",280168,28,20794,34.19738056,-90.59771667,1,1,5,1,14,6,0,8,0,1,1,0,1,1,1,1,28,1,2,1,2,1,2,2,1,2,2,3,2,2,1,2,2,2,"Mississippi",0
"15983",280169,28,22093,33.83157778,-90.72426389,1,1,5,1,20,3,0,34,0,1,1,0,4,1,1,1,28,1,2,2,2,1,1,2,2,2,2,3,2,2,2,2,2,2,"Mississippi",0
"15984",280170,28,27413,30.51843333,-89.71311111,1,1,5,1,21,6,0,32,0,1,1,0,4,2,1,1,28,1,2,2,2,1,2,2,2,1,2,1,2,2,2,2,2,2,"Mississippi",1
"15985",280171,28,25556,32.35002778,-90.19479444,1,1,5,2,0,6,0,42,0,1,1,0,4,2,1,1,28,2,2,2,2,1,2,1,2,2,2,2,2,2,2,2,2,2,"Mississippi",0
"15986",280172,28,26387,31.65216944,-90.45701111,1,1,5,3,9,1,0,1,0,1,1,0,4,1,1,1,28,2,1,1,1,1,2,2,2,1,2,3,2,2,2,2,2,2,"Mississippi",0
"15987",280173,28,26519,31.49599167,-89.35795833,2,2,5,4,15,4,0,12,0,3,3,0,1,1,1,1,28,1,2,1,1,2,1,2,2,2,2,3,2,1,1,2,2,2,"Mississippi",0
"15988",280174,28,20435,34.35081944,-89.02127222,1,1,5,5,17,6,0,8,0,1,1,0,1,1,1,1,28,1,2,1,1,1,2,2,1,2,2,3,2,2,2,2,2,2,"Mississippi",0
"15989",280175,28,27102,30.76236111,-88.59808333,3,3,5,5,18,3,0,12,0,1,1,0,1,1,1,2,28,1,2,2,1,2,2,2,2,2,2,1,2,2,2,2,2,2,"Mississippi",1
"15990",280176,28,27017,30.85767778,-89.338125,6,6,5,5,20,3,0,12,0,2,2,0,1,2,10,1,28,1,2,2,1,2,2,2,2,1,2,3,2,2,2,2,2,2,"Mississippi",0
"15991",280177,28,25442,32.40855833,-90.78306944,3,3,5,6,17,4,0,12,0,1,1,0,1,1,1,2,28,1,2,1,1,2,2,2,2,2,2,1,2,2,2,2,2,2,"Mississippi",1
"15992",280178,28,26331,31.73368333,-90.44368333,2,2,5,1,16,1,0,59,0,1,1,0,4,1,1,1,28,1,1,1,2,1,2,2,2,2,2,3,2,2,2,2,2,2,"Mississippi",0
"15993",280179,28,23115,33.51743333,-88.42765833,1,1,5,1,23,2,0,57,0,1,1,0,3,2,1,1,28,1,2,2,2,1,1,2,2,2,2,3,2,2,2,2,2,2,"Mississippi",0
"15994",280180,28,26425,31.59852778,-89.75234444,1,1,5,2,14,3,0,42,0,1,1,0,4,1,1,1,28,1,2,1,1,1,2,2,2,1,2,1,2,2,2,2,2,2,"Mississippi",1
"15995",280181,28,23292,33.46238333,-90.56243611,3,3,5,2,16,2,0,23,0,1,1,0,4,1,1,3,28,1,2,1,1,1,2,2,2,2,2,3,1,2,2,2,2,2,"Mississippi",0
"15996",280182,28,23475,33.39826111,-88.85933333,1,1,5,3,0,3,0,8,0,1,1,0,1,2,1,1,28,1,2,2,1,1,2,2,1,2,2,3,2,2,2,2,2,2,"Mississippi",0
"15997",280183,28,24026,33.057325,-89.87080833,3,3,5,3,6,2,0,12,0,1,1,0,1,1,10,1,28,1,2,1,1,2,2,2,2,2,2,3,2,2,2,2,2,2,"Mississippi",0