"","ST_CASE","OBJECT_ID","FID","LATITUDE","LONGITUD","PERMVIT","PERSONS","MONTH","DAY_WEEK","HOUR","ROUTE","SP_JUR","HARM_EV","RELJCT1","RELJCT2","TYP_INT","WRK_ZONE","REL_ROAD","LGT_COND","WEATHER","FATALS","STATE","A_RU","A_INTER","A_TOD","A_DOW","A_CT","A_MC","A_SPCRA","A_PED","A_ROLL","A_POLPUR","A_POSBAC","A_D15_20","A_D65PLS","A_D21_24","A_HR","A_DIST","A_DROWSY","STATE_NAME","drunkDr"
"16130",280316,28,25591,32.32895278,-90.24627222,3,3,8,1,21,1,0,1,0,1,1,0,3,3,1,1,28,2,1,2,2,1,2,2,2,1,2,3,1,2,2,2,1,2,"Mississippi",0
"16131",280317,28,21952,33.87424167,-89.82428611,3,3,7,2,19,3,0,1,0,1,1,0,1,1,1,1,28,1,2,2,1,1,2,2,2,1,2,3,2,2,1,2,2,2,"Mississippi",0
"16132",280318,28,19286,34.93364444,-88.72179444,2,2,8,3,11,3,0,1,0,1,1,0,4,1,10,1,28,1,2,1,1,1,2,2,2,1,2,3,2,2,2,2,2,2,"Mississippi",0
"16133",280319,28,19350,34.90434444,-89.641425,1,1,8,4,19,4,0,42,0,1,1,0,4,1,1,1,28,1,2,2,1,1,2,2,2,2,2,3,2,2,2,2,2,2,"Mississippi",0
"16134",280320,28,25292,32.48028333,-90.28898611,5,5,8,5,16,3,0,12,0,2,3,0,1,1,1,1,28,1,2,1,1,2,2,2,2,2,2,3,2,1,2,2,2,2,"Mississippi",0
"16135",280321,28,25064,32.633325,-89.92414444,4,4,8,6,8,3,0,12,0,8,1,0,1,1,1,1,28,1,2,1,1,3,2,2,2,2,2,3,1,2,2,2,2,2,"Mississippi",0
"16136",280322,28,19351,34.90419722,-89.95499167,2,2,8,6,14,6,0,12,0,1,1,0,1,1,1,1,28,2,2,1,1,2,1,2,2,2,2,3,2,1,2,2,2,2,"Mississippi",0
"16137",280323,28,26665,31.31967222,-89.32853611,4,4,8,7,0,3,0,8,0,1,1,0,1,2,1,1,28,2,2,2,2,3,2,2,1,2,2,3,2,2,1,2,2,2,"Mississippi",0
"16138",280324,28,25696,32.26840833,-90.21183611,1,1,8,7,4,6,0,8,0,1,1,0,1,3,1,1,28,2,2,2,2,1,2,2,1,2,2,3,2,2,2,1,2,2,"Mississippi",0
"16139",280325,28,26340,31.72227222,-89.63194167,1,1,8,7,7,3,0,59,0,1,1,0,4,1,1,1,28,2,2,1,2,1,2,2,2,2,2,2,2,2,2,2,2,2,"Mississippi",0
"16140",280326,28,23054,33.53432778,-88.65913333,2,2,8,7,10,3,0,12,0,1,1,0,1,1,1,1,28,1,2,1,2,2,1,2,2,2,2,3,2,2,2,2,2,2,"Mississippi",0
"16141",280327,28,23876,33.16854167,-90.78931389,2,2,8,7,21,3,0,1,0,1,1,0,4,2,1,2,28,1,2,2,2,1,2,2,2,1,2,3,2,2,2,2,2,2,"Mississippi",0
"16142",280328,28,22669,33.66161944,-88.66746111,2,2,8,7,23,3,0,12,0,1,1,0,1,2,1,1,28,1,2,2,2,2,1,2,2,2,2,1,2,2,2,2,2,2,"Mississippi",1
"16143",280329,28,26509,31.50977778,-89.29388056,1,1,8,1,1,1,0,1,0,1,1,0,4,2,1,1,28,2,1,2,2,1,2,2,2,1,2,3,2,2,2,2,2,2,"Mississippi",0
"16144",280330,28,19898,34.64093889,-90.35244444,1,1,8,1,4,3,0,8,0,1,1,0,1,2,10,1,28,1,2,2,2,1,2,2,1,2,2,3,2,2,2,2,2,2,"Mississippi",0
"16145",280331,28,26487,31.53008333,-90.09773333,2,2,8,1,20,3,0,12,0,1,1,0,1,2,1,1,28,1,2,2,2,2,2,2,2,2,2,1,1,2,2,2,2,2,"Mississippi",1
"16146",280332,28,19700,34.74632222,-88.35854167,1,1,8,2,10,3,0,1,0,1,1,0,4,1,1,1,28,1,2,1,1,1,2,2,2,1,2,2,2,2,2,2,2,2,"Mississippi",0
"16147",280333,28,27893,30.28882222,-89.39668611,1,1,8,2,21,6,0,8,0,1,1,0,1,3,1,1,28,2,2,2,1,1,2,2,1,2,2,2,2,2,2,2,2,2,"Mississippi",0
"16148",280334,28,27060,30.80776389,-89.125775,1,1,8,3,8,4,0,52,0,1,1,0,4,1,1,1,28,1,2,1,1,1,2,2,2,2,2,3,2,2,2,2,1,2,"Mississippi",0
"16149",280335,28,25993,32.03302222,-90.35031944,4,4,8,4,3,1,0,42,0,1,1,0,4,2,1,4,28,2,1,2,1,1,2,2,2,2,2,2,2,2,1,2,2,1,"Mississippi",0
"16150",280336,28,19287,34.93316389,-89.83031944,1,1,7,5,22,6,0,38,0,3,3,0,4,3,1,1,28,2,2,2,1,1,1,1,2,2,2,1,2,2,2,2,2,2,"Mississippi",1
"16151",280337,28,20118,34.53003889,-88.9164,2,2,8,4,5,3,0,12,0,8,1,0,1,2,1,1,28,1,2,2,1,2,2,2,2,2,2,3,2,2,2,2,2,2,"Mississippi",0
"16152",280338,28,25543,32.35596667,-90.22210833,2,2,8,7,3,6,0,33,0,3,3,0,4,3,1,1,28,2,2,2,2,1,2,1,2,2,2,1,2,2,2,2,2,2,"Mississippi",1
"16153",280339,28,19897,34.64118333,-88.60558611,7,7,8,7,12,2,0,12,0,2,2,0,1,1,1,1,28,1,2,1,2,2,2,2,2,2,2,3,2,2,2,2,2,2,"Mississippi",0
"16154",280340,28,20187,34.49368889,-88.92234444,2,2,8,5,0,4,0,12,0,1,1,0,1,2,10,1,28,1,2,2,1,2,2,2,2,2,1,3,2,2,2,2,2,2,"Mississippi",0
"16155",280341,28,19694,34.74955278,-89.96335,3,3,8,5,3,1,0,12,0,1,1,0,1,2,10,2,28,2,1,2,1,2,2,2,2,2,2,1,2,2,2,2,2,2,"Mississippi",1
"16156",280342,28,19691,34.75038889,-89.96308611,2,2,8,5,12,1,0,12,0,1,1,4,1,1,1,1,28,2,1,1,1,2,2,2,2,2,2,3,2,1,2,2,2,2,"Mississippi",0
"16157",280343,28,27040,30.83345556,-89.56296111,2,2,8,1,12,3,0,12,0,1,1,0,1,1,10,1,28,1,2,1,2,2,2,2,2,1,2,2,2,2,2,2,2,2,"Mississippi",0
"16158",280344,28,26793,31.14411389,-90.51784167,3,3,8,6,0,4,0,3,0,1,1,0,4,2,1,2,28,1,2,2,1,1,2,2,2,2,2,1,2,2,2,2,2,2,"Mississippi",1
"16159",280345,28,21899,33.88924444,-89.06479444,1,1,8,6,4,3,0,34,0,1,1,0,4,2,1,1,28,1,2,2,1,1,2,2,2,2,2,2,2,2,2,2,2,2,"Mississippi",0
"16160",280346,28,26485,31.53111944,-89.74839167,3,3,8,1,20,3,0,12,0,8,1,0,1,5,1,1,28,1,2,2,2,2,2,2,2,2,2,2,2,1,2,2,2,2,"Mississippi",0
"16161",280347,28,26635,31.35111667,-90.42316667,4,4,8,2,18,4,0,12,0,1,1,0,1,1,1,1,28,1,2,2,1,2,2,2,2,2,2,1,1,2,2,2,2,2,"Mississippi",1
"16162",280348,28,27510,30.46916389,-88.41318611,2,2,8,3,6,1,0,12,0,1,1,0,1,1,10,1,28,2,1,1,1,2,2,2,2,2,2,1,1,2,2,2,2,2,"Mississippi",1
"16163",280349,28,24058,33.031025,-89.46531111,2,2,8,7,16,3,0,42,0,3,3,0,4,1,1,2,28,1,2,1,2,1,2,2,2,2,2,3,2,1,2,2,2,2,"Mississippi",0
"16164",280350,28,21766,33.91979167,-89.86232222,3,3,7,4,15,1,0,12,0,1,1,0,1,1,1,1,28,1,1,1,1,2,2,2,2,2,2,3,2,2,2,2,2,2,"Mississippi",0
"16165",280351,28,19404,34.88483611,-89.91913056,1,1,8,1,2,4,0,53,0,1,1,0,4,2,1,1,28,1,2,2,2,1,2,2,2,2,2,3,2,2,2,2,2,2,"Mississippi",0
"16166",280352,28,22823,33.61710278,-88.74895278,1,1,8,1,3,3,0,34,0,1,1,0,4,2,2,1,28,1,2,2,2,1,2,2,2,2,2,1,2,2,2,2,2,2,"Mississippi",1
"16167",280353,28,25138,32.58221667,-89.99525556,1,1,8,1,6,3,0,5,0,1,1,0,4,1,1,1,28,1,2,1,2,1,1,1,2,2,2,2,2,2,2,2,2,2,"Mississippi",0
"16168",280354,28,20063,34.554825,-89.16171111,1,1,8,1,0,4,0,35,0,1,1,0,4,2,1,1,28,1,2,2,2,1,2,2,2,2,2,3,2,2,2,2,2,2,"Mississippi",1
"16169",280355,28,21073,34.10333611,-88.58219444,2,2,8,1,2,4,0,42,0,1,1,0,4,2,1,2,28,1,2,2,2,1,2,2,2,2,2,1,2,2,2,2,2,2,"Mississippi",1
"16170",280356,28,26510,31.509,-90.33468889,7,7,8,1,9,4,0,12,0,1,1,0,1,1,1,1,28,1,2,1,2,2,2,2,2,2,2,1,1,2,2,2,2,2,"Mississippi",1
"16171",280357,28,27713,30.377875,-88.52373889,1,1,8,1,22,6,0,8,0,1,1,0,1,2,1,1,28,1,2,2,2,1,2,2,1,2,2,3,2,2,2,1,2,2,"Mississippi",0
"16172",280358,28,20194,34.49172778,-88.66197778,2,2,8,3,11,2,0,12,0,2,2,0,1,1,1,1,28,1,2,1,1,2,2,2,2,2,2,3,2,1,2,2,2,2,"Mississippi",0
"16173",280359,28,26057,31.98515,-88.81378611,1,1,8,5,1,3,0,1,0,1,1,0,5,2,1,1,28,1,2,2,1,1,2,2,2,1,2,1,2,2,2,2,2,2,"Mississippi",1
"16174",280360,28,21074,34.10317778,-89.90267778,1,1,8,5,12,1,0,34,0,1,1,0,3,1,2,1,28,1,1,1,1,1,2,2,2,1,2,2,2,2,2,2,2,2,"Mississippi",0
"16175",280361,28,19613,34.78829722,-89.41451389,1,1,8,2,1,3,0,1,0,1,1,0,4,2,1,1,28,1,2,2,2,1,2,2,2,1,2,3,2,2,2,2,2,2,"Mississippi",0
"16176",280362,28,19151,34.99350278,-89.61595278,3,3,8,5,22,2,0,42,0,1,1,0,4,2,1,1,28,1,2,2,1,1,2,2,2,2,2,3,2,2,1,2,2,2,"Mississippi",0
"16177",280363,28,24252,32.92746667,-89.971325,1,1,8,2,15,3,0,1,0,1,1,0,4,1,1,1,28,1,2,1,1,1,2,2,2,1,2,3,2,2,2,2,2,2,"Mississippi",1
"16178",280364,28,27877,30.30005833,-89.45627222,2,2,8,2,20,3,0,12,0,2,2,0,1,2,1,1,28,1,2,2,1,2,2,2,2,2,2,3,2,1,1,2,2,2,"Mississippi",0
"16179",280365,28,22867,33.60283333,-90.91775556,1,1,8,5,23,3,0,34,0,1,1,0,4,2,1,1,28,1,2,2,1,1,2,2,2,1,2,1,2,2,2,2,2,2,"Mississippi",1
"16180",280366,28,25067,32.62871667,-89.98853889,1,1,8,6,22,2,0,34,0,1,1,0,4,2,1,1,28,1,2,2,2,1,2,1,2,2,2,1,2,2,2,2,2,2,"Mississippi",1
"16181",280367,28,25983,32.04125833,-90.34478611,1,1,8,3,7,1,0,35,0,1,1,0,4,1,1,1,28,2,1,1,1,1,2,2,2,1,2,3,2,2,2,2,2,2,"Mississippi",0
"16182",280368,28,25602,32.32663889,-90.17111111,2,2,8,6,5,6,0,8,0,1,1,0,1,3,1,1,28,2,2,2,1,2,2,2,1,2,2,3,2,2,1,1,2,2,"Mississippi",0
"16183",280369,28,20163,34.50916667,-88.67633611,2,2,8,6,13,3,0,34,0,1,1,0,4,1,1,1,28,1,2,1,1,1,2,2,2,1,2,3,1,2,2,2,2,2,"Mississippi",0
"16184",280370,28,19328,34.91531944,-88.24775833,7,7,8,6,17,3,0,12,0,1,1,0,1,1,1,1,28,1,2,1,1,3,2,2,2,2,2,3,2,2,1,2,2,2,"Mississippi",0
"16185",280371,28,27590,30.43763056,-88.60925278,5,5,8,7,1,1,0,12,0,1,1,0,1,2,1,1,28,2,1,2,2,3,2,2,2,1,2,1,2,2,2,2,2,2,"Mississippi",1
"16186",280372,28,22457,33.72674722,-89.78778611,3,3,8,7,14,6,0,12,0,2,3,0,1,1,1,1,28,2,2,1,2,2,1,2,2,2,2,3,2,2,2,2,2,2,"Mississippi",0
"16187",280373,28,25850,32.16415833,-90.37623056,1,1,8,7,20,4,0,40,0,1,1,0,4,3,1,1,28,1,2,2,2,1,2,2,2,1,2,2,2,2,2,2,2,2,"Mississippi",0
"16188",280374,28,25921,32.09643611,-89.23973889,8,8,9,3,14,3,0,12,0,1,1,0,1,1,1,1,28,1,2,1,1,3,2,2,2,2,2,3,2,2,2,2,2,2,"Mississippi",0
"16189",280375,28,26007,32.02315556,-89.9563,1,1,9,3,5,2,0,35,0,1,1,0,4,2,1,1,28,1,2,2,1,1,2,2,2,1,2,2,2,2,2,2,2,2,"Mississippi",0
"16190",280376,28,21966,33.87178611,-89.024525,1,1,9,5,15,3,0,35,0,1,1,0,4,1,1,1,28,1,2,1,1,1,2,2,2,2,2,3,2,1,2,2,2,2,"Mississippi",0
"16191",280377,28,26011,32.02116111,-88.72987222,2,2,9,4,16,3,0,12,0,1,1,0,1,1,1,1,28,1,2,1,1,2,2,2,2,2,2,3,2,2,2,2,2,2,"Mississippi",0
"16192",280378,28,25073,32.62321389,-88.99402778,4,4,9,4,17,3,0,1,0,1,1,0,3,1,1,1,28,1,2,1,1,1,2,2,2,1,2,2,2,2,2,2,2,2,"Mississippi",0
"16193",280379,28,25523,32.36631944,-89.3079,1,1,9,4,5,3,0,34,0,1,1,0,4,2,1,1,28,1,2,2,1,1,2,2,2,1,2,3,2,2,2,2,2,2,"Mississippi",0
"16194",280380,28,26153,31.88353611,-90.07435,3,3,9,6,7,3,0,12,0,2,3,0,1,1,5,1,28,1,2,1,1,2,2,2,2,2,2,3,2,2,2,2,2,2,"Mississippi",0
"16195",280381,28,19235,34.95559444,-88.97966111,1,1,9,6,12,2,0,8,0,1,1,0,1,1,1,1,28,2,2,1,1,1,2,2,1,2,2,3,2,2,2,2,2,2,"Mississippi",0
"16196",280382,28,26389,31.65053889,-89.56961389,2,2,9,5,11,3,0,35,0,1,1,0,4,1,1,1,28,1,2,1,1,1,2,2,2,1,2,2,2,2,2,2,2,2,"Mississippi",1
"16197",280383,28,26237,31.82085,-90.54796667,1,1,9,5,16,4,0,59,0,1,1,0,4,1,1,1,28,1,2,1,1,1,1,2,2,2,2,2,2,2,2,2,2,2,"Mississippi",0
"16198",280384,28,24904,32.70639444,-89.45880556,2,2,9,7,11,3,0,12,0,1,1,0,1,1,10,2,28,1,2,1,2,2,2,2,2,2,2,2,2,2,2,2,2,2,"Mississippi",0
"16199",280385,28,25524,32.36491667,-89.47979167,7,7,9,7,20,3,0,12,0,2,2,0,1,3,1,1,28,1,2,2,2,2,2,2,2,2,2,3,2,2,2,2,2,2,"Mississippi",0
"16200",280386,28,25642,32.30438333,-90.25453611,2,2,9,1,0,2,0,8,0,2,2,0,1,3,1,1,28,2,2,2,2,1,2,2,1,2,2,3,2,2,2,2,2,2,"Mississippi",0
"16201",280387,28,27944,30.27053333,-89.42090556,2,2,9,1,8,4,0,35,0,1,1,0,4,1,1,1,28,1,2,1,2,1,2,2,2,1,2,1,2,2,2,2,2,2,"Mississippi",1
"16202",280388,28,26787,31.15017222,-91.04212222,1,1,9,1,20,3,0,35,0,1,1,0,4,2,2,1,28,1,2,2,2,1,2,2,2,2,2,3,1,2,2,2,2,2,"Mississippi",0
"16203",280389,28,25485,32.38104722,-90.17950833,2,2,9,5,23,6,0,42,0,1,1,0,4,2,1,1,28,2,2,2,1,1,2,2,2,2,2,3,1,2,2,2,2,2,"Mississippi",0
"16204",280390,28,20545,34.28251667,-89.06494722,1,1,9,7,9,2,0,49,0,1,1,0,1,1,1,1,28,1,2,1,2,1,2,2,2,2,2,3,2,2,2,2,2,2,"Mississippi",0
"16205",280391,28,27332,30.57810556,-89.12579167,2,2,9,7,23,2,0,12,0,1,1,0,1,2,1,1,28,2,2,2,2,2,2,2,2,1,2,1,1,1,2,2,2,2,"Mississippi",1
"16206",280392,28,21098,34.09631111,-88.55224722,5,5,9,1,0,4,0,42,0,1,1,0,4,2,1,1,28,1,2,2,2,1,2,1,2,1,2,3,1,2,2,2,2,2,"Mississippi",0
"16207",280393,28,19706,34.74441389,-89.67012222,1,1,9,3,20,3,0,35,0,1,1,0,4,2,1,1,28,1,2,2,1,1,2,1,2,1,2,3,2,2,2,2,2,2,"Mississippi",0
"16208",280394,28,19241,34.95429444,-88.994525,1,1,9,4,17,2,0,35,0,1,1,0,4,1,1,1,28,2,2,1,1,1,2,2,2,1,2,3,1,2,2,2,2,2,"Mississippi",0
"16209",280395,28,20791,34.19968333,-90.57776111,2,2,9,4,19,6,0,8,0,1,1,0,1,3,1,1,28,1,2,2,1,1,2,2,1,2,2,2,2,2,2,2,2,2,"Mississippi",0
"16210",280396,28,21743,33.92386667,-90.76033611,1,1,9,5,0,3,0,8,0,1,1,0,1,2,1,1,28,1,2,2,1,1,2,2,1,2,2,3,2,2,2,2,2,2,"Mississippi",0
"16211",280397,28,21087,34.10025556,-88.38495556,2,2,9,7,12,3,0,12,0,1,1,0,1,1,1,2,28,1,2,1,2,2,2,2,2,2,2,3,1,2,2,2,2,2,"Mississippi",0
"16212",280398,28,26802,31.13426111,-89.693525,1,1,9,7,14,3,0,42,0,1,1,0,4,1,1,1,28,1,2,1,2,1,2,2,2,2,2,3,2,2,2,2,2,2,"Mississippi",0
"16213",280399,28,21017,34.11871389,-88.769575,5,5,9,7,14,4,0,34,0,1,1,0,4,1,1,1,28,1,2,1,2,1,2,2,2,2,2,1,2,2,2,2,2,2,"Mississippi",1
"16214",280400,28,26502,31.51426111,-91.22337778,1,1,9,7,21,4,0,35,0,1,1,0,4,2,1,1,28,1,2,2,2,1,2,1,2,1,2,1,2,2,2,2,2,2,"Mississippi",1
"16215",280401,28,20469,34.32654444,-90.49821389,2,2,9,1,2,2,0,12,0,1,1,0,1,2,1,1,28,1,2,2,2,2,2,2,2,1,2,1,2,2,2,2,2,2,"Mississippi",1
"16216",280402,28,20447,34.34299722,-89.91488333,2,2,9,1,15,1,0,8,0,1,1,0,1,1,1,1,28,2,1,1,2,1,2,2,1,2,2,3,2,1,2,2,2,2,"Mississippi",0
"16217",280403,28,25667,32.28881944,-90.23503333,2,2,9,2,1,1,0,12,0,1,1,0,1,3,1,1,28,2,1,2,2,2,2,2,2,2,2,3,2,2,2,2,2,2,"Mississippi",0
"16218",280404,28,20713,34.22210833,-89.86026389,1,1,9,2,8,4,0,42,0,3,2,0,4,1,1,1,28,1,2,1,1,1,2,2,2,2,2,3,1,2,2,2,2,2,"Mississippi",0
"16219",280405,28,21191,34.06898333,-89.00447778,2,2,9,3,5,3,0,34,0,1,1,0,4,2,1,1,28,2,2,2,1,1,2,2,2,1,2,3,2,2,1,2,2,2,"Mississippi",0
"16220",280406,28,26399,31.63862778,-89.71511944,5,5,9,3,7,2,0,12,0,1,1,0,1,4,10,2,28,1,2,1,1,2,2,2,2,2,2,3,2,2,2,2,2,2,"Mississippi",0
"16221",280407,28,25829,32.18155556,-90.05546389,1,1,9,3,23,4,0,30,0,1,1,0,4,2,1,1,28,1,2,2,1,1,2,2,2,2,2,3,2,2,2,2,2,2,"Mississippi",0
"16222",280408,28,23106,33.51950556,-88.37654722,1,1,9,3,23,2,0,35,1,5,1,0,4,2,1,1,28,1,2,2,1,1,2,2,2,1,2,3,2,2,2,2,2,2,"Mississippi",0
"16223",280409,28,23074,33.52991389,-88.37822778,1,1,9,4,7,4,0,1,0,1,1,0,4,1,1,1,28,1,2,1,1,1,2,2,2,1,2,3,2,2,2,2,2,2,"Mississippi",0
"16224",280410,28,25118,32.59323056,-90.06913056,2,2,9,5,2,1,0,12,0,1,1,0,1,3,1,1,28,2,1,2,1,2,1,2,2,2,2,3,2,2,2,2,2,2,"Mississippi",0
"16225",280411,28,25775,32.21508611,-90.66300833,1,1,9,5,21,3,0,1,0,1,1,0,4,2,1,1,28,1,2,2,1,1,2,2,2,1,2,3,2,2,2,2,2,2,"Mississippi",0
"16226",280412,28,26668,31.31802222,-89.19673611,2,2,9,6,13,4,0,12,0,1,1,0,1,1,1,1,28,1,2,1,1,2,1,2,2,2,2,3,1,2,1,2,1,2,"Mississippi",0
"16227",280413,28,26792,31.14445,-88.53388611,1,1,9,6,20,3,0,35,0,1,1,0,4,2,1,1,28,1,2,2,2,1,2,2,2,1,2,3,2,2,2,2,2,2,"Mississippi",0
"16228",280414,28,19954,34.61682778,-89.94973611,3,3,9,7,1,1,0,1,0,1,1,0,4,2,1,1,28,1,1,2,2,1,2,2,2,1,2,2,2,2,2,2,2,2,"Mississippi",0
"16229",280415,28,27675,30.39364167,-88.87837222,1,1,9,7,5,2,0,33,0,1,1,0,4,3,1,1,28,2,2,2,2,1,2,2,2,2,2,3,2,2,1,2,2,2,"Mississippi",0
"16230",280416,28,19275,34.93913333,-89.821225,1,1,9,7,7,2,0,35,0,1,1,0,4,1,1,1,28,2,2,1,2,1,2,2,2,2,2,3,2,1,2,2,2,2,"Mississippi",0
"16231",280417,28,26469,31.55349722,-89.52377222,1,1,9,1,14,4,0,32,0,1,1,0,4,1,2,1,28,1,2,1,2,1,2,1,2,1,2,2,2,2,2,2,2,2,"Mississippi",0
"16232",280418,28,21266,34.05193056,-88.74252778,2,2,9,2,6,3,0,12,0,1,1,0,1,2,10,1,28,1,2,1,1,2,2,2,2,2,2,3,2,2,1,2,2,2,"Mississippi",0
"16233",280419,28,19962,34.614025,-88.56141111,3,3,9,2,9,3,0,12,0,2,2,0,1,1,10,2,28,1,2,1,1,2,2,2,2,2,2,3,2,1,2,2,2,2,"Mississippi",0
"16234",280420,28,23416,33.41811111,-90.81901111,2,2,9,2,14,2,0,35,0,1,1,0,4,1,10,1,28,1,2,1,1,1,2,2,2,1,2,3,1,2,2,2,2,2,"Mississippi",0
"16235",280421,28,23865,33.17236111,-89.05778889,3,3,9,2,15,3,0,12,0,2,2,0,1,1,10,1,28,1,2,1,1,2,2,2,2,2,2,3,1,1,2,2,2,2,"Mississippi",0
"16236",280422,28,26304,31.75624167,-90.66694167,1,1,9,3,18,3,0,35,0,1,1,0,4,1,1,1,28,1,2,2,1,1,2,2,2,1,2,3,2,2,2,2,2,2,"Mississippi",0
"16237",280423,28,27585,30.43885556,-89.15375278,2,2,9,3,19,4,0,12,0,2,2,0,1,3,2,1,28,1,2,2,1,2,1,2,2,2,2,3,2,2,2,2,2,2,"Mississippi",0
"16238",280424,28,25510,32.37024722,-89.980775,2,2,9,4,14,6,0,42,0,1,1,0,4,1,1,2,28,1,2,1,1,1,2,2,2,2,2,3,2,2,1,2,2,2,"Mississippi",0
"16239",280425,28,27474,30.48499444,-88.41640278,1,1,9,4,23,4,0,34,0,1,1,0,4,2,1,1,28,1,2,2,1,1,2,2,2,1,2,1,2,2,2,2,2,2,"Mississippi",1
"16240",280426,28,25607,32.32587778,-89.57756944,1,1,10,5,10,1,0,42,0,1,1,0,4,1,1,1,28,1,1,1,1,1,2,2,2,2,2,3,2,2,2,2,2,2,"Mississippi",0
"16241",280427,28,19969,34.61208889,-89.909475,2,2,10,6,17,3,0,12,0,1,1,0,1,1,1,1,28,1,2,1,1,2,2,2,2,2,2,3,2,2,2,2,2,2,"Mississippi",0
"16242",280428,28,26644,31.34504167,-90.80413889,1,1,10,7,11,3,0,1,0,1,1,0,4,1,10,1,28,1,2,1,2,1,2,2,2,1,2,2,2,2,2,2,2,2,"Mississippi",1
"16243",280429,28,19245,34.95229444,-88.90335833,7,7,10,1,9,2,0,12,0,2,2,0,1,1,10,2,28,1,2,1,2,3,2,2,2,2,2,3,2,1,2,2,2,2,"Mississippi",0
"16244",280430,28,20682,34.23268056,-89.36350278,1,1,10,1,9,4,0,42,0,1,1,0,4,1,10,1,28,1,2,1,2,1,2,2,2,2,2,3,1,2,2,2,2,2,"Mississippi",0
"16245",280431,28,25600,32.32683333,-90.32819444,1,1,10,1,14,1,0,34,0,5,1,0,4,1,1,1,28,1,1,1,2,1,2,2,2,1,2,3,2,1,2,2,2,2,"Mississippi",0
"16246",280432,28,28026,30.238375,-89.49185556,3,3,10,1,21,4,0,12,0,1,1,0,1,2,1,2,28,1,2,2,2,2,2,1,2,2,2,1,1,2,2,2,2,2,"Mississippi",1
"16247",280433,28,24527,32.8185,-88.93869722,1,1,10,2,3,3,0,8,0,1,1,0,1,2,10,1,28,1,2,2,2,1,2,2,1,2,2,3,2,2,2,2,2,2,"Mississippi",0
"16248",280434,28,23582,33.34581667,-90.00891389,1,1,10,3,15,3,0,42,0,1,1,0,4,1,10,1,28,1,2,1,1,1,2,2,2,2,2,2,2,2,2,2,2,2,"Mississippi",0
"16249",280435,28,24423,32.85543056,-89.36542778,2,2,10,4,8,4,0,12,0,1,1,0,1,1,1,2,28,1,2,1,1,2,2,2,2,2,2,2,2,2,1,2,2,2,"Mississippi",0
"16250",280436,28,20455,34.33688333,-89.65472222,1,1,10,5,17,4,0,34,0,1,1,0,4,1,1,1,28,1,2,1,1,1,2,2,2,1,2,3,2,1,2,2,2,2,"Mississippi",0
"16251",280437,28,19714,34.74191389,-89.446275,2,2,10,7,2,2,0,11,0,1,1,0,1,2,10,1,28,1,2,2,2,1,2,2,2,2,2,3,2,2,2,2,2,2,"Mississippi",0
"16252",280438,28,22372,33.74743056,-90.70535278,1,1,10,7,3,3,0,8,0,1,1,0,1,2,10,1,28,1,2,2,2,1,2,2,1,2,2,3,2,2,2,2,2,2,"Mississippi",0
"16253",280439,28,19955,34.61641389,-90.10241111,1,1,10,1,3,3,0,42,0,1,1,0,4,2,1,1,28,1,2,2,2,1,2,2,2,2,2,1,1,2,2,2,2,2,"Mississippi",1
"16254",280440,28,22248,33.78013611,-88.33553056,1,1,10,1,15,4,0,34,0,1,1,0,4,1,1,1,28,1,2,1,2,1,2,2,2,1,2,1,2,2,2,2,2,2,"Mississippi",1
"16255",280441,28,22634,33.67295,-88.66786944,2,2,10,1,20,2,0,12,0,2,3,0,1,2,1,1,28,1,2,2,2,2,1,1,2,2,2,3,1,2,2,2,2,2,"Mississippi",0
"16256",280442,28,25668,32.28875556,-90.89828333,3,3,10,2,0,2,0,12,0,1,1,0,1,2,1,1,28,2,2,2,2,2,1,1,2,2,2,3,1,2,2,2,2,2,"Mississippi",0
"16257",280443,28,27217,30.66097778,-89.70554444,1,1,10,2,14,4,0,39,0,1,1,0,4,1,1,1,28,1,2,1,1,1,2,1,2,2,2,1,2,2,2,2,2,2,"Mississippi",1
"16258",280444,28,26776,31.16908333,-89.94569722,3,3,9,5,18,4,0,12,0,1,1,0,1,1,2,1,28,1,2,2,1,2,2,1,2,2,2,3,1,2,2,2,2,2,"Mississippi",0
"16259",280445,28,25739,32.24052778,-90.33970556,1,1,10,5,0,4,0,42,0,1,1,0,4,2,1,1,28,1,2,2,1,1,1,1,2,2,2,3,2,2,2,2,2,2,"Mississippi",0
"16260",280446,28,26305,31.756225,-88.97795556,2,2,10,6,4,4,0,12,0,1,1,0,1,2,1,1,28,1,2,2,1,2,2,2,2,2,2,3,2,1,2,2,2,2,"Mississippi",0
"16261",280447,28,25689,32.27299444,-90.43949167,3,3,10,4,8,4,0,12,0,1,1,0,1,1,1,1,28,1,2,1,1,2,2,1,2,2,2,3,1,1,2,2,2,2,"Mississippi",0