"","ST_CASE","OBJECT_ID","FID","LATITUDE","LONGITUD","PERMVIT","PERSONS","MONTH","DAY_WEEK","HOUR","ROUTE","SP_JUR","HARM_EV","RELJCT1","RELJCT2","TYP_INT","WRK_ZONE","REL_ROAD","LGT_COND","WEATHER","FATALS","STATE","A_RU","A_INTER","A_TOD","A_DOW","A_CT","A_MC","A_SPCRA","A_PED","A_ROLL","A_POLPUR","A_POSBAC","A_D15_20","A_D65PLS","A_D21_24","A_HR","A_DIST","A_DROWSY","STATE_NAME","drunkDr"
"16262",280448,28,19182,34.98318611,-89.85843056,1,1,10,6,0,4,0,34,0,3,3,0,4,2,1,1,28,2,2,2,1,1,2,2,2,2,2,3,2,1,2,2,2,2,"Mississippi",0
"16263",280449,28,20781,34.20196111,-90.56789722,1,1,10,3,13,6,0,50,0,1,1,0,1,1,1,1,28,1,2,1,1,1,2,2,2,2,2,2,2,2,2,2,2,2,"Mississippi",0
"16264",280450,28,23239,33.47786667,-88.51911111,1,1,10,4,8,2,0,38,0,1,1,0,4,1,1,1,28,1,2,1,1,1,2,2,2,1,2,2,2,2,2,2,2,2,"Mississippi",0
"16265",280451,28,26052,31.98864444,-90.30039444,1,1,10,4,12,3,0,42,0,1,1,0,4,1,1,1,28,1,2,1,1,1,2,2,2,2,2,2,2,2,2,2,2,2,"Mississippi",0
"16266",280452,28,25612,32.32465278,-88.77901389,3,3,10,4,19,1,0,12,0,1,1,0,1,2,1,2,28,1,1,2,1,3,2,2,2,2,2,3,2,1,2,2,2,2,"Mississippi",0
"16267",280453,28,26672,31.31261389,-89.47197778,3,3,10,5,8,2,0,12,0,2,2,0,1,1,1,1,28,2,2,1,1,2,2,2,2,1,2,3,2,1,2,2,2,2,"Mississippi",0
"16268",280454,28,25467,32.39404167,-88.64518333,1,1,10,6,23,3,0,42,0,1,1,0,4,2,1,1,28,1,2,2,2,1,2,1,2,2,2,3,2,1,2,2,2,2,"Mississippi",0
"16269",280455,28,19506,34.83687222,-89.603775,3,3,10,6,23,2,0,8,0,1,1,0,1,2,1,1,28,1,2,2,2,2,2,2,1,2,2,3,2,2,2,1,2,2,"Mississippi",0
"16270",280456,28,20593,34.26727778,-90.51991111,5,5,10,7,16,2,0,32,0,1,1,0,4,1,1,1,28,1,2,1,2,1,2,2,2,1,2,3,2,2,1,2,2,2,"Mississippi",0
"16271",280457,28,19310,34.92204167,-89.68881111,1,1,10,7,20,3,0,35,0,1,1,0,4,2,1,1,28,1,2,2,2,1,2,2,2,1,2,3,1,2,2,2,2,2,"Mississippi",0
"16272",280458,28,20893,34.16050278,-89.91931111,3,3,10,2,14,1,0,12,0,1,1,4,1,1,1,1,28,1,1,1,1,3,2,2,2,2,2,3,2,2,2,2,2,2,"Mississippi",0
"16273",280459,28,27727,30.37016111,-89.38419722,3,3,10,2,16,1,0,12,0,1,1,0,1,1,1,1,28,2,1,1,1,3,2,2,2,2,2,3,2,1,2,2,2,2,"Mississippi",0
"16274",280460,28,20340,34.40840556,-89.50974444,2,2,10,2,17,4,0,12,0,1,1,0,1,1,1,1,28,1,2,1,1,2,2,2,2,2,2,3,2,2,2,2,2,2,"Mississippi",0
"16275",280461,28,24330,32.89895,-89.06766944,1,1,10,3,15,4,0,1,0,1,1,0,4,1,1,1,28,1,2,1,1,1,2,2,2,1,2,1,2,2,2,2,2,2,"Mississippi",1
"16276",280462,28,24059,33.03000556,-91.00167778,1,1,10,3,17,3,0,34,0,1,1,0,4,1,1,1,28,1,2,1,1,1,2,2,2,1,2,3,1,2,2,2,2,2,"Mississippi",0
"16277",280463,28,25745,32.23376944,-90.53882778,1,1,10,4,3,4,0,42,0,1,1,0,4,2,1,1,28,1,2,2,1,1,2,2,2,2,2,2,2,2,2,2,2,2,"Mississippi",0
"16278",280464,28,26483,31.53846111,-89.04430556,2,2,10,4,8,3,0,42,0,1,1,0,4,1,1,1,28,1,2,1,1,1,2,2,2,2,2,3,2,2,2,2,2,2,"Mississippi",0
"16279",280465,28,27618,30.42185556,-89.09271111,1,1,10,6,1,2,0,1,0,1,1,0,4,3,1,1,28,2,2,2,1,1,2,1,2,1,2,3,2,2,1,2,2,2,"Mississippi",0
"16280",280466,28,19164,34.99017222,-88.37272222,3,3,10,6,19,3,0,12,0,2,2,0,1,2,1,1,28,1,2,2,2,2,2,2,2,1,2,3,2,2,2,2,2,2,"Mississippi",0
"16281",280467,28,24489,32.83274722,-90.03750833,1,1,10,6,23,4,0,42,0,1,1,0,4,2,10,1,28,1,2,2,2,1,2,2,2,2,2,2,2,2,2,2,2,2,"Mississippi",0
"16282",280468,28,25364,32.45169722,-90.40563611,1,1,10,7,6,4,0,35,0,3,3,0,4,4,10,1,28,1,2,1,2,1,2,2,2,2,2,1,2,2,2,2,2,2,"Mississippi",1
"16283",280469,28,20704,34.22583333,-89.93921944,4,4,10,7,14,2,0,12,0,2,3,0,1,1,1,1,28,1,2,1,2,2,2,2,2,2,2,1,1,1,2,2,2,2,"Mississippi",1
"16284",280470,28,25693,32.27030833,-90.27198056,3,3,10,7,20,6,0,12,0,1,1,0,1,3,2,1,28,2,2,2,2,2,2,2,2,1,2,1,2,2,2,2,2,2,"Mississippi",1
"16285",280471,28,24086,33.018975,-89.66865556,6,6,10,1,3,3,0,12,0,8,1,0,1,2,2,3,28,1,2,2,2,2,2,1,2,1,2,2,2,2,1,2,2,2,"Mississippi",0
"16286",280472,28,20612,34.26309722,-89.27574444,1,1,10,1,4,3,0,42,0,3,3,0,4,2,2,1,28,1,2,2,2,1,2,2,2,2,2,3,2,2,2,2,2,1,"Mississippi",0
"16287",280473,28,26915,30.99812222,-89.40351389,4,4,10,1,10,3,0,34,0,1,1,0,4,1,2,1,28,1,2,1,2,1,2,2,2,1,2,1,1,2,2,2,2,2,"Mississippi",1
"16288",280474,28,27322,30.58558333,-89.75042778,2,2,10,1,11,3,0,42,0,1,1,0,4,1,2,2,28,1,2,1,2,1,2,2,2,2,2,2,2,1,2,2,2,2,"Mississippi",0
"16289",280475,28,27264,30.62481944,-89.14667778,1,1,10,1,12,4,0,42,0,1,1,0,4,1,1,1,28,1,2,1,2,1,2,1,2,2,2,2,2,1,2,2,2,2,"Mississippi",0
"16290",280476,28,26683,31.29869167,-90.46779167,2,2,10,1,13,2,0,12,0,1,1,0,1,1,10,1,28,1,2,1,2,2,2,2,2,2,2,1,2,1,2,2,2,1,"Mississippi",1
"16291",280477,28,26282,31.78018056,-89.68066389,1,1,10,1,14,3,0,35,0,1,1,0,4,1,2,1,28,1,2,1,2,1,2,1,2,2,2,3,2,1,2,2,2,1,"Mississippi",0
"16292",280478,28,19519,34.82745,-89.56203056,2,2,10,2,13,3,0,42,0,1,1,0,4,1,10,1,28,1,2,1,1,1,2,1,2,2,2,3,2,2,1,2,2,2,"Mississippi",0
"16293",280479,28,26544,31.46271111,-90.15701111,29,29,10,2,15,3,0,12,0,1,1,0,1,1,1,1,28,1,2,1,1,2,2,2,2,2,2,3,2,2,2,2,2,2,"Mississippi",0
"16294",280480,28,27336,30.57593333,-89.57569444,2,2,10,4,14,4,0,53,0,1,1,0,4,1,1,1,28,1,2,1,1,1,2,2,2,2,2,1,2,2,2,2,2,2,"Mississippi",1
"16295",280481,28,25577,32.33577222,-90.26563889,1,1,10,6,22,6,0,9,0,1,1,0,1,3,1,1,28,2,2,2,2,1,2,2,2,2,2,3,2,2,2,2,2,2,"Mississippi",0
"16296",280482,28,20699,34.22679722,-88.2587,1,1,10,6,22,3,0,8,0,1,1,0,1,2,1,1,28,1,2,2,2,1,2,2,1,2,2,3,2,2,2,2,2,2,"Mississippi",0
"16297",280483,28,26745,31.21056944,-89.1407,1,1,10,7,19,2,0,42,0,1,1,0,4,2,10,1,28,1,2,2,2,1,2,2,2,2,2,2,2,2,2,2,2,2,"Mississippi",0
"16298",280484,28,27415,30.516875,-89.55234444,1,1,11,1,5,3,0,8,0,1,1,0,1,2,2,1,28,1,2,2,2,1,2,2,1,2,2,3,2,2,2,2,2,2,"Mississippi",0
"16299",280485,28,26822,31.10935556,-88.81404722,2,2,11,3,17,2,0,12,0,2,3,0,1,5,10,1,28,1,2,1,1,2,2,2,2,2,2,3,2,2,2,2,2,2,"Mississippi",0
"16300",280486,28,19265,34.94508889,-88.45642778,1,1,11,3,21,4,0,59,0,3,7,0,4,2,1,1,28,1,2,2,1,1,2,2,2,2,2,3,2,2,2,2,2,2,"Mississippi",0
"16301",280487,28,26734,31.22965833,-88.52069444,2,2,11,6,14,3,0,1,0,1,1,0,4,1,1,2,28,1,2,1,1,1,2,2,2,1,2,3,1,2,2,2,2,2,"Mississippi",0
"16302",280488,28,23220,33.48118889,-88.72226667,7,7,11,6,18,2,0,12,0,1,1,0,1,2,2,2,28,1,2,2,2,3,2,2,2,1,2,3,2,2,1,2,2,2,"Mississippi",0
"16303",280489,28,26883,31.04509722,-88.45075556,1,1,11,6,20,4,0,35,0,1,1,0,4,2,1,1,28,1,2,2,2,1,2,1,2,1,2,3,2,2,1,2,2,2,"Mississippi",0
"16304",280490,28,19964,34.61313056,-89.92828333,4,4,11,7,15,3,0,12,0,1,1,0,1,1,10,1,28,1,2,1,2,3,2,2,2,2,2,3,2,1,2,2,2,2,"Mississippi",0
"16305",280491,28,20734,34.21731944,-88.70555,2,2,11,7,21,2,0,8,0,1,1,0,1,2,1,1,28,2,2,2,2,1,2,2,1,2,2,3,2,2,2,2,2,2,"Mississippi",0
"16306",280492,28,26624,31.363,-90.27063056,3,3,11,1,19,3,0,12,0,1,1,0,1,2,2,1,28,1,2,2,2,2,2,2,2,1,2,3,2,2,2,2,2,2,"Mississippi",0
"16307",280493,28,22469,33.7225,-88.66770556,2,2,11,1,22,3,0,24,0,1,1,0,4,2,2,1,28,1,2,2,2,1,2,2,2,1,2,2,2,2,2,2,2,2,"Mississippi",0
"16308",280494,28,26446,31.58088333,-91.293625,3,3,11,2,5,2,0,12,0,1,1,0,1,4,1,1,28,1,2,2,2,2,1,2,2,2,2,3,2,1,2,2,2,2,"Mississippi",0
"16309",280495,28,19500,34.83940833,-90.30005,4,4,11,3,2,4,0,35,0,3,2,0,4,2,1,1,28,1,2,2,1,1,2,2,2,2,2,3,2,2,1,2,2,2,"Mississippi",0
"16310",280496,28,27552,30.451475,-89.28663056,1,1,11,3,17,4,0,8,0,1,1,0,1,2,1,1,28,1,2,1,1,1,2,2,1,2,2,3,2,2,2,2,2,2,"Mississippi",0
"16311",280497,28,20075,34.54863056,-88.22318056,2,2,11,4,4,3,0,12,0,1,1,0,1,2,1,2,28,1,2,2,1,2,2,2,2,2,2,2,2,2,2,2,2,2,"Mississippi",0
"16312",280498,28,24503,32.82690556,-90.28188056,3,3,11,4,14,3,0,12,0,2,2,0,1,1,1,2,28,1,2,1,1,2,2,2,2,1,2,3,1,2,2,2,2,2,"Mississippi",0
"16313",280499,28,26299,31.75926944,-89.66819444,1,1,11,5,0,2,0,11,0,1,1,0,1,2,10,1,28,1,2,2,1,1,2,2,2,1,2,3,2,2,2,2,2,2,"Mississippi",0
"16314",280500,28,26493,31.52650278,-89.78128333,7,7,11,5,13,3,0,12,0,1,1,0,1,1,10,3,28,1,2,1,1,2,2,2,2,2,2,3,2,2,2,2,2,2,"Mississippi",0
"16315",280501,28,20536,34.28728056,-89.44804722,1,1,11,6,6,3,0,42,0,1,1,0,4,2,1,1,28,1,2,1,1,1,2,2,2,1,2,3,2,2,2,2,2,2,"Mississippi",0
"16316",280502,28,27323,30.58555,-89.66172778,3,3,11,6,8,2,0,12,0,2,2,0,1,1,1,1,28,1,2,1,1,2,2,1,2,1,2,3,1,2,2,2,2,2,"Mississippi",0
"16317",280503,28,23086,33.52545556,-90.31673056,3,3,11,6,16,2,0,12,0,2,2,0,1,1,1,2,28,1,2,1,1,2,2,2,2,2,2,3,2,2,2,2,2,2,"Mississippi",0
"16318",280504,28,26731,31.23561111,-89.91758889,1,1,11,2,19,3,0,34,0,1,1,0,4,2,2,1,28,1,2,2,1,1,2,2,2,1,2,3,2,2,2,2,2,2,"Mississippi",0
"16319",280505,28,26610,31.38539167,-89.34198611,1,1,11,3,10,4,0,31,0,1,1,0,4,1,1,1,28,1,2,1,1,1,2,2,2,1,2,3,2,2,2,2,2,2,"Mississippi",0
"16320",280506,28,23169,33.49675556,-88.93088889,3,3,11,3,15,2,0,12,0,2,2,0,1,1,10,1,28,1,2,1,1,2,2,2,2,2,2,3,1,1,2,2,2,2,"Mississippi",0
"16321",280507,28,22570,33.69404444,-89.34291944,1,1,11,4,18,3,0,34,0,1,1,0,4,2,1,1,28,1,2,2,1,1,2,1,2,1,2,1,2,2,2,2,2,2,"Mississippi",1
"16322",280508,28,25760,32.22603056,-89.69479167,2,2,11,5,12,3,0,12,0,1,1,0,1,1,1,1,28,1,2,1,1,2,2,2,2,2,2,3,2,1,2,2,2,2,"Mississippi",0
"16323",280509,28,25565,32.34388056,-90.83685556,1,1,11,6,17,6,0,8,0,2,2,0,1,3,1,1,28,2,2,1,1,1,2,2,1,2,2,3,1,2,2,2,2,2,"Mississippi",0
"16324",280510,28,19910,34.63796389,-88.49653333,1,1,11,7,9,3,0,42,0,3,3,0,4,1,1,1,28,1,2,1,2,1,2,2,2,1,2,2,2,2,2,2,2,2,"Mississippi",0
"16325",280511,28,25805,32.199025,-90.30046111,1,1,11,7,13,6,0,42,0,1,1,0,4,1,1,1,28,1,2,1,2,1,2,2,2,2,2,3,2,2,2,2,2,2,"Mississippi",0
"16326",280512,28,27065,30.80484167,-89.77688333,1,1,11,2,9,3,0,53,0,1,1,0,4,1,1,1,28,1,2,1,1,1,2,2,2,1,2,2,2,2,2,2,2,2,"Mississippi",0
"16327",280513,28,19212,34.969275,-89.82829722,1,1,11,3,2,3,0,35,0,1,1,0,4,3,1,1,28,1,2,2,1,1,2,2,2,1,2,3,1,2,2,2,2,2,"Mississippi",0
"16328",280514,28,26912,30.99956389,-89.34508611,2,2,11,3,21,3,0,42,0,1,1,0,4,2,1,1,28,1,2,2,1,1,2,2,2,1,2,1,2,2,2,2,2,2,"Mississippi",1
"16329",280515,28,20281,34.43931944,-90.45717778,3,3,11,4,8,2,0,12,0,1,1,0,1,1,1,2,28,1,2,1,1,2,2,2,2,1,2,3,2,2,2,2,2,2,"Mississippi",0
"16330",280516,28,25557,32.34872222,-90.23981111,2,2,11,4,22,6,0,12,0,2,2,0,1,3,1,1,28,2,2,2,1,2,2,1,2,2,2,3,2,2,2,1,2,2,"Mississippi",0
"16331",280517,28,22798,33.62278611,-88.65893333,1,1,11,5,2,3,0,8,0,1,1,0,1,2,1,1,28,1,2,2,1,1,2,2,1,2,2,3,2,2,2,2,2,2,"Mississippi",0
"16332",280518,28,25586,32.33129167,-90.16277222,1,1,11,5,2,1,0,42,0,1,1,0,4,3,1,1,28,2,1,2,1,1,2,2,2,2,2,1,2,2,2,2,2,2,"Mississippi",1
"16333",280519,28,25909,32.10805833,-90.2773,2,2,11,5,15,4,0,12,0,1,1,0,1,1,1,1,28,1,2,1,1,2,2,1,2,1,2,3,2,2,2,2,2,2,"Mississippi",0
"16334",280520,28,19699,34.74707778,-88.87762222,1,1,11,7,11,3,0,32,0,1,1,0,4,1,10,1,28,1,2,1,2,1,2,2,2,1,2,3,2,2,2,2,2,2,"Mississippi",1
"16335",280521,28,26930,30.969475,-88.663175,1,1,11,7,17,2,0,34,0,1,1,0,4,2,1,1,28,2,2,1,2,1,2,2,2,1,2,3,2,2,2,2,2,2,"Mississippi",0
"16336",280522,28,24043,33.040375,-89.38973056,1,1,11,7,20,3,0,35,0,1,1,0,4,2,10,1,28,1,2,2,2,1,2,2,2,1,2,3,2,2,2,2,2,2,"Mississippi",0
"16337",280523,28,19304,34.92490833,-88.96493333,1,1,11,1,4,4,0,42,0,1,1,0,4,2,2,1,28,1,2,2,2,1,2,2,2,2,2,3,2,2,2,2,2,2,"Mississippi",0
"16338",280524,28,20458,34.33363056,-88.54438611,2,2,12,7,8,4,0,12,0,1,1,0,1,1,1,1,28,1,2,1,2,2,2,2,2,2,2,3,2,2,1,2,2,2,"Mississippi",1
"16339",280525,28,25563,32.3446,-89.65038889,1,1,10,2,15,3,0,53,0,1,1,0,4,1,1,1,28,1,2,1,1,1,2,2,2,2,2,2,2,2,2,2,2,1,"Mississippi",0
"16340",280526,28,20568,34.27421111,-88.6302,2,2,11,2,17,2,0,12,0,1,1,0,1,2,1,1,28,1,2,1,1,2,2,2,2,2,2,3,2,1,2,2,2,2,"Mississippi",0
"16341",280527,28,27483,30.48204444,-89.08121111,3,3,11,7,12,6,0,12,0,8,1,0,1,1,10,1,28,2,2,1,2,2,1,2,2,2,2,3,2,2,2,2,2,2,"Mississippi",0
"16342",280528,28,19672,34.75835556,-89.84283333,4,4,11,3,23,4,0,42,0,1,1,0,4,2,1,1,28,1,2,2,1,1,2,2,2,1,2,1,1,2,2,2,2,2,"Mississippi",1
"16343",280529,28,24912,32.70436111,-89.47674167,1,1,11,7,22,3,0,1,0,1,1,0,4,2,1,1,28,1,2,2,2,1,2,2,2,1,2,2,1,2,2,2,2,2,"Mississippi",0
"16344",280530,28,25628,32.31091944,-90.26777778,1,1,12,3,20,2,0,8,0,1,1,0,1,2,2,1,28,2,2,2,1,1,2,2,1,2,2,3,2,2,2,2,2,2,"Mississippi",0
"16345",280531,28,27532,30.45927222,-88.79049167,2,2,12,4,10,1,0,12,0,1,1,0,1,1,1,1,28,2,1,1,1,2,2,2,2,2,2,3,2,2,2,1,2,2,"Mississippi",0
"16346",280532,28,21702,33.93666111,-89.09043611,2,2,12,1,9,4,0,12,0,8,1,0,1,1,1,1,28,1,2,1,2,2,2,2,2,2,2,3,1,1,2,2,2,2,"Mississippi",0
"16347",280533,28,23586,33.34418333,-89.71013889,2,2,12,1,19,3,0,1,0,1,1,0,4,2,10,1,28,1,2,2,2,1,1,2,2,2,2,3,2,2,2,2,2,2,"Mississippi",0
"16348",280534,28,20417,34.36060833,-90.48581944,2,2,12,2,13,2,0,12,0,2,2,0,1,1,1,1,28,1,2,1,1,2,2,2,2,2,2,3,1,2,2,2,2,2,"Mississippi",0
"16349",280535,28,25671,32.28561111,-90.202325,1,1,12,3,20,2,0,8,0,1,1,0,1,3,1,1,28,1,2,2,1,1,2,2,1,2,2,3,2,2,2,1,2,2,"Mississippi",0
"16350",280536,28,20188,34.49365833,-89.02923056,4,4,12,3,22,2,0,8,0,1,1,0,1,2,10,1,28,1,2,2,1,3,2,2,1,2,2,3,2,1,2,2,2,2,"Mississippi",0
"16351",280537,28,20410,34.36398056,-88.83826111,3,3,11,7,9,3,0,12,0,2,2,0,1,1,1,1,28,1,2,1,2,2,2,2,2,2,2,3,2,1,2,2,2,2,"Mississippi",0
"16352",280538,28,21873,33.89754444,-90.26731667,1,1,10,2,5,4,0,8,0,1,1,0,1,2,1,1,28,1,2,2,2,1,2,2,1,2,2,3,2,2,2,2,2,2,"Mississippi",0
"16353",280539,28,25553,32.35031111,-88.76866389,2,2,10,6,13,4,0,32,0,1,1,0,4,1,1,1,28,1,2,1,1,1,2,1,2,2,2,3,2,2,2,2,2,2,"Mississippi",0
"16354",280540,28,19362,34.90115278,-88.47765,3,3,10,7,12,2,0,12,0,1,1,0,1,1,10,1,28,1,2,1,2,2,2,2,2,2,2,3,2,1,2,2,2,2,"Mississippi",0
"16355",280541,28,26190,31.854225,-90.96778611,4,4,11,1,14,4,0,12,0,1,1,0,1,1,1,1,28,1,2,1,2,2,2,2,2,2,2,3,2,2,2,2,2,2,"Mississippi",1
"16356",280542,28,20429,34.35458056,-89.53054722,3,3,11,5,13,2,0,12,0,1,1,0,1,1,1,1,28,1,2,1,1,2,2,2,2,1,2,1,2,2,2,2,2,2,"Mississippi",1
"16357",280543,28,26346,31.71486111,-91.06978056,2,2,12,4,15,2,0,12,0,2,2,0,1,1,1,1,28,1,2,1,1,2,2,2,2,2,2,3,2,2,2,2,2,2,"Mississippi",0
"16358",280544,28,25043,32.64474167,-90.37498611,1,1,12,5,0,2,0,34,0,1,1,0,4,2,5,1,28,1,2,2,1,1,2,2,2,1,2,1,2,2,2,2,2,2,"Mississippi",1
"16359",280545,28,26526,31.48918333,-90.35702222,1,1,12,5,2,4,0,34,0,1,1,0,4,2,1,1,28,1,2,2,1,1,2,1,2,1,2,3,2,2,2,2,2,2,"Mississippi",0
"16360",280546,28,26798,31.13949167,-90.35763611,3,3,12,5,7,4,0,12,0,1,1,0,1,1,5,2,28,1,2,1,1,2,2,2,2,2,2,3,1,2,2,2,2,2,"Mississippi",0
"16361",280547,28,26315,31.75153333,-89.65878889,3,3,12,5,8,2,0,12,0,2,2,0,1,1,5,1,28,1,2,1,1,3,2,1,2,2,2,3,2,1,2,2,2,2,"Mississippi",0
"16362",280548,28,26422,31.604225,-89.198575,2,2,12,5,17,2,0,12,0,1,1,0,1,1,10,1,28,1,2,1,1,2,2,2,2,2,2,3,2,2,2,2,2,2,"Mississippi",0
"16363",280549,28,21669,33.94473889,-90.489275,3,3,12,6,18,2,0,11,0,1,1,0,1,2,1,1,28,1,2,2,2,2,2,2,2,2,2,3,2,2,2,2,2,2,"Mississippi",0
"16364",280550,28,25104,32.60726667,-89.84206667,1,1,12,4,6,3,1,42,0,1,1,0,4,1,98,1,28,1,2,1,1,1,2,2,2,2,2,3,1,2,2,2,2,2,"Mississippi",0
"16365",280551,28,25560,32.34596389,-88.76046944,3,3,12,6,20,1,0,12,0,1,1,0,1,2,1,1,28,2,1,2,2,2,2,2,2,2,2,3,2,2,2,2,2,2,"Mississippi",0
"16366",280552,28,23237,33.47845833,-88.48858889,1,1,12,1,4,2,0,1,0,1,1,0,4,2,1,1,28,1,2,2,2,1,2,2,2,1,2,2,2,2,2,2,2,2,"Mississippi",0
"16367",280553,28,27667,30.39940278,-89.44853056,4,4,12,1,21,3,0,12,0,1,1,0,1,2,10,1,28,1,2,2,2,2,1,2,2,2,2,3,2,1,2,2,2,2,"Mississippi",0
"16368",280554,28,20195,34.49172222,-88.66196111,3,3,12,2,11,2,0,12,0,2,2,0,1,1,1,1,28,1,2,1,1,2,1,2,2,2,2,3,2,2,2,2,2,2,"Mississippi",0
"16369",280555,28,22709,33.64933889,-88.2783,2,2,12,2,17,3,0,12,0,1,1,0,1,2,1,1,28,1,2,1,1,2,2,2,2,2,2,1,2,2,2,2,2,2,"Mississippi",1
"16370",280556,28,27509,30.47010556,-89.242275,2,2,12,5,14,4,0,35,0,1,1,0,4,1,1,2,28,1,2,1,1,1,2,1,2,2,1,2,2,2,2,2,2,2,"Mississippi",0
"16371",280557,28,23171,33.49646944,-88.82548889,2,2,12,6,11,3,0,12,1,2,2,0,1,1,1,1,28,1,2,1,1,2,2,2,2,2,2,3,2,2,1,2,2,2,"Mississippi",0
"16372",280558,28,19285,34.93383056,-90.16813333,2,2,12,7,11,2,0,12,0,3,2,0,1,1,1,1,28,1,2,1,2,2,2,2,2,2,2,3,2,2,2,2,2,2,"Mississippi",0
"16373",280559,28,26311,31.75358056,-89.38364722,1,1,12,1,3,4,0,1,0,1,1,0,4,2,1,1,28,1,2,2,2,1,2,2,2,1,2,3,1,2,2,2,2,2,"Mississippi",0
"16374",280560,28,20363,34.39549444,-89.49562222,3,3,12,1,13,3,0,12,0,1,1,0,1,1,1,1,28,1,2,1,2,2,2,2,2,2,2,3,1,1,2,2,2,2,"Mississippi",0
"16375",280561,28,24073,33.02553056,-89.54708889,3,3,12,3,16,3,0,12,0,2,2,0,1,2,10,1,28,1,2,1,1,2,2,2,2,2,2,3,2,1,2,2,2,2,"Mississippi",0
"16376",280562,28,20889,34.16239167,-88.63370556,3,3,12,4,22,3,0,42,0,1,1,0,4,2,10,1,28,1,2,2,1,1,2,1,2,2,2,3,1,2,2,2,2,2,"Mississippi",0
"16377",280563,28,26463,31.56068611,-89.51058611,1,1,12,6,5,2,0,8,0,1,1,0,1,2,2,1,28,1,2,2,1,1,2,2,1,2,2,3,2,2,2,2,2,2,"Mississippi",0
"16378",280564,28,27237,30.646125,-89.06261111,3,3,12,6,18,4,0,42,0,1,1,0,4,2,2,1,28,1,2,2,2,1,2,1,2,2,2,3,2,2,1,2,2,2,"Mississippi",0
"16379",280565,28,25635,32.307325,-90.21118889,1,1,12,6,21,6,0,8,0,1,1,0,1,3,10,1,28,2,2,2,2,1,2,2,1,2,2,3,2,2,2,1,2,2,"Mississippi",0
"16380",280566,28,23085,33.52569722,-90.31675,3,3,12,7,18,2,0,12,0,2,2,0,1,2,1,2,28,1,2,2,2,2,2,2,2,2,2,3,2,2,2,2,2,2,"Mississippi",0
"16381",280567,28,19262,34.94630833,-88.79564722,1,1,12,7,18,2,0,8,0,1,1,0,1,2,10,1,28,1,2,2,2,1,2,2,1,2,2,3,2,2,1,2,2,2,"Mississippi",0
"16382",280568,28,27423,30.513925,-88.935675,2,2,12,1,1,6,0,42,0,1,1,0,4,2,1,2,28,2,2,2,2,1,2,1,2,2,2,1,2,2,1,2,2,2,"Mississippi",1
"16383",280569,28,26368,31.68238611,-88.68740833,3,3,12,2,22,2,0,12,0,2,3,0,1,2,1,1,28,1,2,2,1,2,2,2,2,2,2,3,2,1,1,2,2,2,"Mississippi",0
"16384",280570,28,21081,34.10161389,-89.32349722,1,1,12,3,16,3,0,42,0,1,1,0,4,1,10,1,28,1,2,1,1,1,2,2,2,2,2,1,2,2,2,2,2,2,"Mississippi",1
"16385",280571,28,25213,32.53555556,-89.47775556,2,2,12,4,4,3,0,1,0,1,1,0,4,2,2,1,28,1,2,2,1,1,2,2,2,1,2,3,1,2,2,2,2,2,"Mississippi",0
"16386",280572,28,24266,32.92421944,-88.85278611,2,2,12,4,10,3,0,42,0,1,1,0,4,1,1,2,28,1,2,1,1,1,2,1,2,2,2,2,2,2,2,2,2,2,"Mississippi",0
"16387",280573,28,25384,32.44105833,-88.81955556,2,2,12,4,11,3,0,12,0,1,1,0,1,1,2,1,28,1,2,1,1,2,2,1,2,2,2,3,1,2,2,2,2,2,"Mississippi",0
"16388",280574,28,27589,30.43825833,-89.10778056,1,1,12,5,18,4,0,1,0,1,1,0,4,3,10,1,28,1,2,2,1,1,2,1,2,1,2,1,2,2,2,2,2,2,"Mississippi",1
"16389",280575,28,26919,30.99434722,-89.28771667,3,3,1,3,3,3,0,34,0,1,1,0,4,2,1,1,28,1,2,2,1,1,2,2,2,1,2,2,2,2,2,2,2,2,"Mississippi",0
"16390",280577,28,25945,32.07364167,-90.31634444,1,1,3,2,8,4,0,8,0,1,1,0,1,2,1,1,28,1,2,1,1,1,2,2,1,2,2,3,2,2,2,1,2,2,"Mississippi",0
"16391",280578,28,19726,34.73404444,-88.19638056,2,2,3,2,18,4,0,1,0,1,1,0,4,1,1,1,28,1,2,2,1,1,2,2,2,1,2,3,2,2,1,2,2,2,"Mississippi",0
"16392",280579,28,26729,31.23680556,-89.93825278,2,2,5,4,12,3,0,53,0,1,1,0,4,1,2,1,28,1,2,1,1,1,2,2,2,2,2,3,2,1,2,2,2,2,"Mississippi",0
"16393",280580,28,19486,34.84883333,-89.65387222,4,4,6,7,1,2,0,57,0,1,1,0,4,2,10,1,28,1,2,2,2,1,2,2,2,1,2,3,2,2,2,2,2,2,"Mississippi",0