"","ST_CASE","OBJECT_ID","FID","LATITUDE","LONGITUD","PERMVIT","PERSONS","MONTH","DAY_WEEK","HOUR","ROUTE","SP_JUR","HARM_EV","RELJCT1","RELJCT2","TYP_INT","WRK_ZONE","REL_ROAD","LGT_COND","WEATHER","FATALS","STATE","A_RU","A_INTER","A_TOD","A_DOW","A_CT","A_MC","A_SPCRA","A_PED","A_ROLL","A_POLPUR","A_POSBAC","A_D15_20","A_D65PLS","A_D21_24","A_HR","A_DIST","A_DROWSY","STATE_NAME","drunkDr"
"16528",290113,29,11623,38.94091944,-94.53794722,1,1,2,2,12,1,0,20,1,5,1,0,8,1,10,1,29,2,1,1,1,1,2,1,2,2,2,2,2,2,2,2,2,2,"Missouri",0
"16529",290114,29,11403,39.03656944,-94.44122778,1,1,2,6,1,6,0,32,0,1,1,0,4,3,99,1,29,2,2,2,1,1,2,2,2,2,2,1,2,2,2,2,2,2,"Missouri",1
"16530",290115,29,12191,38.67432222,-90.22331389,2,2,3,5,13,6,0,12,0,2,2,0,1,1,10,1,29,2,2,1,1,2,2,1,2,2,2,2,1,2,2,1,2,2,"Missouri",0
"16531",290116,29,12350,38.61498889,-90.20406944,2,2,3,7,1,6,0,8,0,1,1,0,1,3,1,1,29,2,2,2,2,1,2,2,1,2,2,1,2,2,1,2,2,2,"Missouri",1
"16532",290117,29,11985,38.77077778,-90.25086111,1,1,3,6,15,1,0,8,0,1,1,0,1,1,1,1,29,2,1,1,1,1,2,2,1,2,2,3,2,2,2,2,2,2,"Missouri",0
"16533",290118,29,12039,38.74525,-93.13366667,1,1,3,6,13,3,0,35,0,1,1,0,4,1,10,1,29,1,2,1,1,1,2,2,2,1,2,3,2,2,2,2,2,2,"Missouri",0
"16534",290119,29,14889,37.10666667,-94.58261111,2,2,3,7,6,3,0,12,0,1,1,0,1,2,10,1,29,1,2,1,2,2,2,2,2,2,2,1,1,1,2,2,2,2,"Missouri",1
"16535",290120,29,13099,38.19052778,-90.04027778,3,3,3,1,9,3,0,12,0,1,1,0,1,1,1,1,29,1,2,1,2,2,2,2,2,2,2,3,2,2,2,2,2,2,"Missouri",0
"16536",290121,29,12050,38.73922222,-90.36397222,1,1,3,2,1,1,0,8,1,5,1,0,8,3,2,1,29,2,1,2,2,1,2,2,1,2,2,3,2,2,2,1,2,2,"Missouri",0
"16537",290122,29,15767,36.51616667,-90.70183333,3,3,3,4,13,3,0,1,0,1,1,0,4,1,2,1,29,1,2,1,1,1,2,2,2,1,2,2,2,2,2,2,1,2,"Missouri",0
"16538",290123,29,12932,38.28658333,-92.70291667,3,3,3,5,7,3,0,12,0,1,1,0,1,1,5,1,29,1,2,1,1,3,2,1,2,2,2,3,1,2,2,2,2,2,"Missouri",0
"16539",290124,29,13746,37.79383333,-93.58808333,2,2,3,6,20,3,0,12,0,1,1,0,1,2,1,1,29,1,2,2,2,2,1,2,2,2,2,2,2,2,2,2,1,2,"Missouri",0
"16540",290125,29,13077,38.20555,-92.60690833,1,1,2,4,22,2,0,1,0,1,1,0,4,2,4,1,29,1,2,2,1,1,2,1,2,1,2,2,2,2,2,2,2,2,"Missouri",1
"16541",290126,29,14804,37.15997778,-93.31618611,3,3,3,1,8,3,0,12,0,2,2,0,1,1,10,1,29,2,2,1,2,2,2,2,2,2,2,3,2,1,2,2,2,2,"Missouri",0
"16542",290127,29,12007,38.76060833,-90.54009722,2,2,3,6,11,6,0,12,0,2,2,0,1,1,10,1,29,2,2,1,1,2,2,2,2,2,2,3,2,1,2,2,1,2,"Missouri",0
"16543",290128,29,14210,37.55329167,-93.38761389,5,5,3,7,20,3,0,12,0,2,2,0,1,2,1,1,29,1,2,2,2,3,2,2,2,2,2,3,1,1,1,2,2,2,"Missouri",0
"16544",290129,29,11971,38.77833056,-90.70969444,11,11,1,1,14,6,0,12,0,2,2,0,1,1,1,1,29,2,2,1,2,3,2,2,2,1,2,3,2,2,2,2,2,2,"Missouri",0
"16545",290130,29,11865,38.82237778,-90.24325833,2,2,1,4,22,2,0,30,0,1,1,0,4,3,1,2,29,2,2,2,1,1,2,1,2,2,2,2,1,2,2,2,2,2,"Missouri",0
"16546",290131,29,11642,38.92866667,-92.25605556,4,4,3,2,17,3,0,12,0,2,2,0,1,1,1,1,29,2,2,1,1,3,2,2,2,2,2,3,2,1,2,2,2,2,"Missouri",0
"16547",290132,29,16196,36.2605,-89.72455556,1,1,3,1,13,1,0,57,0,1,1,0,4,1,1,1,29,1,1,1,2,1,2,2,2,1,2,2,2,2,2,2,2,2,"Missouri",0
"16548",290133,29,11912,38.80438889,-90.78980556,1,1,3,2,4,7,0,8,0,1,1,0,1,2,1,1,29,2,2,2,2,1,2,2,1,2,2,2,2,2,2,2,2,2,"Missouri",0
"16549",290134,29,13662,37.84355556,-94.58875,2,2,3,2,10,2,0,12,0,1,1,0,1,1,1,2,29,1,2,1,1,2,2,2,2,2,2,1,2,1,2,2,2,2,"Missouri",1
"16550",290135,29,15050,37.00588889,-91.01463889,2,2,3,1,3,3,0,5,0,1,1,0,1,2,1,1,29,1,2,2,2,1,2,2,2,2,2,2,2,2,1,2,2,2,"Missouri",1
"16551",290136,29,9582,39.88008333,-93.36347222,1,1,3,5,7,3,0,49,0,1,1,0,1,1,1,1,29,1,2,1,1,1,2,1,2,2,2,2,2,2,2,2,2,2,"Missouri",0
"16552",290137,29,16698,36.09,-90.25830556,2,2,3,7,12,3,0,1,0,1,1,0,4,1,10,2,29,1,2,1,2,1,2,2,2,1,2,3,1,2,2,2,2,2,"Missouri",0
"16553",290138,29,12181,38.6783,-90.2856,1,1,1,3,23,6,0,8,0,3,3,0,4,3,1,2,29,2,2,2,1,1,2,2,1,2,2,2,1,2,2,2,2,2,"Missouri",0
"16554",290139,29,14688,37.23323889,-93.29205,3,3,1,7,21,6,0,12,0,1,1,0,1,3,2,1,29,2,2,2,2,2,1,2,2,2,2,1,2,2,2,2,2,2,"Missouri",1
"16555",290140,29,15551,36.66364722,-93.22255556,2,2,3,5,14,7,0,35,0,3,3,0,4,1,10,1,29,2,2,1,1,1,2,2,2,1,2,3,2,1,2,2,2,2,"Missouri",0
"16556",290141,29,12344,38.61667778,-90.23921111,5,5,3,2,17,1,0,12,0,1,1,0,1,1,1,1,29,2,1,1,1,2,2,2,2,2,2,2,2,2,1,2,1,2,"Missouri",0
"16557",290142,29,11495,38.99434722,-94.13269722,3,3,3,4,18,6,0,12,0,3,2,0,1,1,10,1,29,2,2,2,1,2,1,1,2,2,2,1,2,2,1,2,2,2,"Missouri",1
"16558",290143,29,12568,38.50033333,-90.43191667,2,2,3,4,11,5,0,12,0,2,3,0,1,1,1,1,29,2,2,1,1,2,2,2,2,2,2,2,2,2,2,2,2,2,"Missouri",0
"16559",290144,29,15910,36.40663889,-89.69302778,1,1,4,4,0,1,0,34,0,1,1,0,4,2,10,1,29,1,1,2,1,1,2,2,2,1,2,3,1,2,2,2,2,2,"Missouri",0
"16560",290145,29,12189,38.67547222,-91.46872222,1,1,4,5,17,3,0,35,0,1,1,0,4,1,10,1,29,1,2,1,1,1,2,1,2,1,2,1,1,2,2,2,2,2,"Missouri",1
"16561",290146,29,14764,37.18546944,-93.22510833,5,5,3,1,10,2,0,24,0,1,1,0,4,1,1,1,29,2,2,1,2,1,2,2,2,1,2,2,2,2,2,2,2,2,"Missouri",0
"16562",290147,29,12427,38.5799,-90.50146944,1,1,3,3,23,3,0,25,0,1,1,0,3,2,10,1,29,2,2,2,1,1,2,2,2,1,2,1,2,2,2,2,2,2,"Missouri",1
"16563",290148,29,12704,38.42569444,-93.81761111,4,4,4,1,22,4,0,1,0,1,1,0,4,2,10,1,29,1,2,2,2,1,2,1,2,1,2,2,2,2,2,2,2,2,"Missouri",0
"16564",290149,29,13095,38.19163889,-92.67011111,4,4,3,1,1,4,0,12,0,1,1,0,1,2,1,1,29,1,2,2,2,2,2,2,2,2,2,3,2,2,1,2,2,2,"Missouri",1
"16565",290151,29,13966,37.69425,-90.38755556,3,3,4,1,20,2,0,8,0,1,1,0,1,2,10,1,29,1,2,2,2,1,2,2,1,2,2,2,2,2,2,2,2,2,"Missouri",0
"16566",290152,29,13062,38.21641667,-92.62375,14,14,4,4,15,2,0,12,0,3,2,0,1,1,1,2,29,1,2,1,1,3,2,2,2,1,2,3,2,1,2,2,1,2,"Missouri",0
"16567",290153,29,13255,38.09733333,-94.34227778,2,2,4,5,8,3,0,12,0,2,2,0,1,1,10,1,29,1,2,1,1,2,2,2,2,2,2,2,2,1,1,2,2,2,"Missouri",0
"16568",290154,29,15862,36.43977778,-89.61058333,1,1,4,7,18,4,0,34,0,1,1,0,4,1,1,1,29,1,2,2,2,1,2,2,2,1,2,1,2,2,2,2,2,2,"Missouri",1
"16569",290155,29,15701,36.56183333,-94.31177778,1,1,4,1,15,4,0,42,0,1,1,0,4,1,1,1,29,1,2,1,2,1,2,1,2,2,2,3,2,2,2,2,2,2,"Missouri",0
"16570",290156,29,12744,38.40316667,-90.73558333,1,1,4,7,17,3,0,1,0,1,1,0,4,1,1,1,29,1,2,1,2,1,1,2,2,2,2,1,2,2,2,2,1,2,"Missouri",1
"16571",290157,29,10560,39.45408333,-93.19586111,4,4,4,6,20,4,0,34,0,1,1,0,4,3,10,1,29,1,2,2,2,1,2,1,2,1,2,2,2,2,2,2,2,2,"Missouri",0
"16572",290158,29,10591,39.43675,-91.69144444,1,1,4,2,11,3,0,42,0,1,1,0,4,1,1,1,29,1,2,1,1,1,2,2,2,2,2,2,2,2,2,2,2,2,"Missouri",0
"16573",290159,29,10662,39.39047222,-94.56138889,1,1,4,2,22,3,0,35,0,1,1,0,4,2,1,1,29,1,2,2,1,1,2,2,2,1,2,2,2,2,2,2,2,2,"Missouri",1
"16574",290160,29,14995,37.04358889,-93.31014722,2,2,3,2,8,3,0,12,0,1,1,0,1,1,1,1,29,2,2,1,1,2,2,2,2,2,2,3,1,1,2,2,2,2,"Missouri",0
"16575",290162,29,14844,37.13536111,-91.66316667,3,3,4,3,12,3,0,32,0,1,1,0,4,1,10,2,29,1,2,1,1,1,2,2,2,1,2,2,2,1,2,2,2,2,"Missouri",0
"16576",290163,29,12972,38.263,-91.93311111,1,1,4,5,8,2,0,35,0,1,1,0,4,1,10,1,29,1,2,1,1,1,2,2,2,1,2,3,2,2,2,2,1,2,"Missouri",0
"16577",290164,29,11488,38.99702778,-92.59941667,3,3,4,5,9,2,0,12,0,1,1,0,1,1,1,1,29,1,2,1,1,2,2,2,2,2,2,3,2,2,2,2,2,2,"Missouri",0
"16578",290165,29,12286,38.63913889,-90.45288889,2,2,4,5,13,1,0,12,1,20,1,0,1,1,1,1,29,2,1,1,1,2,1,2,2,2,2,2,2,2,2,2,2,2,"Missouri",0
"16579",290166,29,10974,39.23058333,-90.72661111,3,3,4,5,18,3,0,1,0,1,1,0,4,1,1,1,29,1,2,2,1,1,2,1,2,1,2,1,2,2,2,2,2,2,"Missouri",1
"16580",290167,29,13428,37.99416667,-90.76619444,2,2,4,6,19,3,0,12,0,3,3,0,1,2,1,1,29,1,2,2,2,2,2,2,2,2,2,2,2,1,2,2,2,2,"Missouri",0
"16581",290168,29,14625,37.28177778,-94.19705556,1,1,4,6,16,4,0,35,0,1,1,0,4,1,10,1,29,1,2,1,1,1,2,2,2,1,2,2,2,2,2,2,1,2,"Missouri",0
"16582",290169,29,15968,36.37552778,-89.70177778,2,3,4,1,18,1,0,14,0,1,1,0,4,1,10,1,29,1,1,2,2,1,2,2,2,2,2,3,2,2,2,2,2,2,"Missouri",0
"16583",290170,29,12644,38.461925,-90.52660556,1,1,4,2,0,3,0,33,0,1,1,0,10,3,1,1,29,2,2,2,2,1,1,2,2,2,2,1,2,2,1,2,1,2,"Missouri",1
"16584",290171,29,11319,39.07535,-94.60325,4,4,2,6,19,6,0,12,0,1,1,0,1,2,98,1,29,2,2,2,2,2,2,2,2,2,2,3,2,2,2,2,2,2,"Missouri",0
"16585",290172,29,10833,39.3094,-94.51516667,3,3,3,1,23,1,0,12,0,1,1,0,1,2,1,1,29,2,1,2,2,3,2,2,2,2,2,1,2,2,2,2,2,2,"Missouri",1
"16586",290173,29,11774,38.86767778,-94.39334722,1,1,4,7,0,6,0,35,0,1,1,0,4,2,1,1,29,2,2,2,2,1,2,2,2,2,2,2,1,2,2,2,2,2,"Missouri",0
"16587",290174,29,11413,39.03276944,-94.32783889,3,3,4,1,14,6,0,12,0,1,1,0,1,1,10,1,29,2,2,1,2,2,2,1,2,2,1,1,1,1,2,2,2,2,"Missouri",1
"16588",290175,29,13933,37.70891667,-89.89105556,2,2,4,1,10,1,0,59,0,1,1,0,4,1,2,1,29,2,1,1,2,1,2,1,2,2,2,2,2,1,2,2,2,2,"Missouri",0
"16589",290176,29,13146,38.16111111,-92.19216667,1,1,4,3,1,3,0,58,0,1,1,0,4,2,1,1,29,1,2,2,1,1,2,1,2,2,2,3,1,2,2,2,2,1,"Missouri",0
"16590",290177,29,14836,37.14038889,-94.37530556,2,2,4,7,20,3,0,12,0,1,1,0,1,2,1,1,29,1,2,2,2,2,2,2,2,2,2,2,1,2,2,2,2,2,"Missouri",0
"16591",290178,29,12994,38.25269444,-94.49627778,2,2,4,2,12,3,0,12,0,2,2,0,1,1,1,1,29,1,2,1,1,2,2,2,2,1,2,3,1,2,2,2,2,2,"Missouri",0
"16592",290179,29,14773,37.18120833,-93.25155833,2,2,3,1,15,3,0,12,0,8,1,0,1,1,1,1,29,2,2,1,2,2,1,2,2,2,2,2,2,2,2,2,2,2,"Missouri",0
"16593",290180,29,12141,38.69513889,-93.15277778,2,2,4,2,17,2,0,12,0,2,3,0,1,1,1,1,29,2,2,1,1,2,2,1,2,1,2,2,2,1,2,2,2,2,"Missouri",0
"16594",290181,29,8515,40.33691667,-95.0565,1,1,4,2,23,3,0,35,0,1,1,0,4,2,10,1,29,1,2,2,1,1,2,1,2,1,2,2,1,2,2,2,2,2,"Missouri",0
"16595",290182,29,12075,38.72708333,-93.76616667,3,3,4,3,15,4,0,35,0,1,1,0,4,1,1,1,29,1,2,1,1,2,2,1,2,1,2,3,1,2,2,2,2,2,"Missouri",0
"16596",290183,29,9101,40.05338889,-94.48011111,1,1,4,3,19,3,0,34,0,1,1,0,4,1,1,1,29,1,2,2,1,1,2,2,2,1,2,1,2,2,2,2,2,2,"Missouri",1
"16597",290184,29,11183,39.12802778,-90.97230556,2,2,4,4,16,3,0,12,0,1,1,0,1,1,1,1,29,1,2,1,1,2,2,2,2,2,2,3,2,2,2,2,2,2,"Missouri",0
"16598",290185,29,11991,38.76866944,-90.39468889,3,3,4,4,6,6,0,8,0,1,1,0,1,2,1,1,29,2,2,1,1,2,2,2,1,2,2,2,2,2,2,2,2,2,"Missouri",0
"16599",290186,29,15230,36.88053889,-94.42801389,3,3,4,1,17,3,0,1,0,8,1,0,1,1,1,1,29,1,2,1,2,2,1,2,2,2,2,2,1,2,2,2,2,2,"Missouri",0
"16600",290187,29,15535,36.68072778,-93.34030833,2,2,2,2,14,3,0,12,0,3,3,0,1,1,1,1,29,1,2,1,1,2,2,2,2,2,2,3,2,1,2,2,1,2,"Missouri",0
"16601",290188,29,14022,37.66791667,-92.63080556,1,1,4,5,15,3,0,58,0,1,1,0,4,1,10,1,29,2,2,1,1,1,1,2,2,2,2,2,2,2,2,2,1,2,"Missouri",0
"16602",290189,29,10044,39.7135,-91.45075,1,1,4,5,23,2,0,1,0,1,1,0,3,2,1,1,29,2,2,2,1,1,2,2,2,1,2,1,2,2,2,2,2,2,"Missouri",1
"16603",290190,29,12739,38.40522222,-90.58719444,2,2,4,1,19,3,0,12,0,2,2,0,1,3,1,1,29,2,2,2,2,2,2,2,2,2,2,2,2,2,2,2,2,2,"Missouri",0
"16604",290191,29,12343,38.61694444,-92.13358333,2,2,4,3,20,2,0,12,0,1,1,0,1,5,1,1,29,2,2,2,1,2,1,2,2,2,2,2,2,2,2,2,2,2,"Missouri",0
"16605",290192,29,15385,36.77466667,-91.78152778,2,2,4,4,16,3,0,12,0,1,1,0,1,1,1,1,29,1,2,1,1,2,2,2,2,2,2,3,2,2,2,2,2,2,"Missouri",0
"16606",290193,29,12507,38.53508333,-90.30969444,1,1,4,1,2,1,0,59,0,1,1,0,4,3,5,1,29,2,1,2,2,1,2,1,2,2,2,1,2,2,2,2,2,2,"Missouri",1
"16607",290194,29,12720,38.41758333,-92.34255556,3,3,4,1,14,2,0,12,0,1,1,0,1,1,1,1,29,1,2,1,2,2,2,2,2,1,2,3,2,1,2,2,2,2,"Missouri",0
"16608",290195,29,11930,38.79605556,-90.57419444,1,1,4,1,21,1,0,8,1,18,1,0,1,3,1,1,29,2,1,2,2,1,2,2,1,2,2,2,2,2,2,2,2,2,"Missouri",0
"16609",290196,29,11343,39.06349722,-94.41461944,3,3,4,1,21,6,0,12,0,1,1,0,1,3,10,1,29,2,2,2,2,2,1,1,2,2,2,3,2,2,2,2,1,2,"Missouri",0
"16610",290197,29,12162,38.68598889,-90.27128889,1,1,4,3,20,6,0,8,0,3,2,0,1,3,1,1,29,2,2,2,1,1,2,2,1,2,2,3,2,2,2,1,2,2,"Missouri",0
"16611",290198,29,11800,38.85393056,-91.94053611,1,1,2,1,18,8,0,30,0,1,1,0,4,3,10,1,29,2,2,2,2,1,2,1,2,1,2,1,2,2,2,2,2,2,"Missouri",1
"16612",290199,29,11856,38.82886111,-94.53383333,2,2,4,2,9,6,0,12,0,8,1,0,1,1,10,1,29,2,2,1,1,2,1,2,2,2,2,2,2,2,1,2,1,2,"Missouri",0
"16613",290200,29,12426,38.58089444,-92.20133333,1,1,1,3,0,2,0,33,0,1,1,0,4,3,1,1,29,2,2,2,1,1,2,2,2,2,2,1,2,2,2,2,2,2,"Missouri",1
"16614",290201,29,11076,39.17775,-94.19853056,1,1,4,3,17,4,0,38,0,3,3,0,4,1,1,1,29,1,2,1,1,1,2,1,2,2,2,3,2,1,2,2,2,2,"Missouri",0
"16615",290202,29,11485,38.99790833,-93.95372778,1,1,3,6,15,3,0,9,0,2,2,0,1,1,10,1,29,2,2,1,1,1,2,2,2,2,2,3,2,2,2,2,1,2,"Missouri",0
"16616",290203,29,12228,38.66111111,-90.21674722,1,1,3,6,20,3,0,8,0,2,2,0,1,3,2,1,29,2,2,2,2,1,2,2,1,2,2,3,1,2,2,2,2,2,"Missouri",0
"16617",290204,29,12822,38.35752778,-90.45758333,2,2,4,1,22,3,0,1,0,1,1,0,1,2,1,1,29,2,2,2,2,1,2,2,2,1,2,2,1,2,2,2,1,2,"Missouri",0
"16618",290205,29,14382,37.43311111,-89.80872222,1,1,4,2,2,4,0,30,0,1,1,0,4,2,1,1,29,1,2,2,2,1,2,2,2,1,2,1,2,2,2,2,1,2,"Missouri",1
"16619",290206,29,12422,38.58205556,-90.84175,1,1,4,2,18,3,0,1,0,1,1,0,1,1,10,1,29,1,2,2,1,1,1,1,2,2,2,2,2,2,2,2,2,2,"Missouri",0
"16620",290207,29,14655,37.25619444,-90.92255556,1,1,4,3,19,3,0,59,0,1,1,0,4,1,1,1,29,1,2,2,1,1,2,2,2,1,2,1,2,2,2,2,2,2,"Missouri",1
"16621",290208,29,15140,36.94313889,-93.24894444,2,2,4,5,18,3,0,1,0,1,1,0,1,1,1,1,29,1,2,2,1,2,1,2,2,2,2,3,2,2,1,2,2,2,"Missouri",0
"16622",290209,29,13430,37.99347222,-92.79672222,1,1,4,5,21,2,0,35,0,1,1,0,4,2,1,1,29,1,2,2,1,1,2,1,2,1,2,1,2,2,2,2,1,2,"Missouri",1
"16623",290210,29,10913,39.26613889,-93.96213889,2,2,4,5,22,3,0,12,0,2,3,0,1,3,1,1,29,2,2,2,1,2,1,2,2,2,2,3,2,2,2,2,1,2,"Missouri",0
"16624",290211,29,12171,38.68178333,-90.24801944,3,3,4,4,10,6,0,46,0,3,2,0,4,1,1,1,29,2,2,1,1,1,2,1,2,2,2,3,2,2,2,2,2,2,"Missouri",0
"16625",290212,29,14727,37.21058889,-93.25360833,2,2,4,4,20,2,0,33,0,1,1,0,4,3,1,1,29,2,2,2,1,1,2,1,2,1,2,1,2,2,2,2,1,2,"Missouri",1
"16626",290213,29,11700,38.90344722,-92.38198889,1,1,4,6,23,5,0,42,0,1,1,0,4,3,1,1,29,2,2,2,2,1,2,1,2,1,2,1,2,2,2,2,2,2,"Missouri",1
"16627",290214,29,14501,37.35352222,-89.611625,3,3,4,5,7,2,0,12,0,1,1,0,1,1,1,1,29,2,2,1,1,2,2,2,2,1,2,3,2,2,2,2,2,2,"Missouri",0
"16628",290215,29,11633,38.9355,-94.4033,2,2,5,1,12,6,0,12,0,2,2,0,1,1,1,1,29,2,2,1,2,2,2,1,2,1,2,1,1,2,2,2,2,2,"Missouri",1
"16629",290216,29,12240,38.65546944,-90.28655833,4,4,4,4,13,6,0,12,0,1,1,0,1,1,1,1,29,2,2,1,1,2,2,1,2,2,2,3,2,2,2,2,2,2,"Missouri",0
"16630",290217,29,12336,38.61820833,-90.23909722,1,1,4,3,23,6,0,8,0,1,1,0,1,3,1,1,29,2,2,2,1,1,2,2,1,2,2,2,2,2,2,2,2,2,"Missouri",0
"16631",290218,29,11326,39.07207778,-94.37845833,4,4,3,1,23,3,0,12,0,1,1,0,1,3,1,1,29,2,2,2,2,2,2,2,2,2,2,1,2,2,1,2,1,2,"Missouri",1
"16632",290219,29,12970,38.26356944,-94.32411944,1,1,5,7,11,3,0,34,0,1,1,0,4,1,1,1,29,1,2,1,2,1,2,2,2,2,2,2,2,1,2,2,2,2,"Missouri",0
"16633",290220,29,11389,39.04135,-94.35836944,1,1,5,7,22,1,0,14,0,1,1,0,2,2,2,1,29,2,1,2,2,1,1,2,2,2,2,2,2,1,2,2,2,2,"Missouri",0
"16634",290221,29,11283,39.09150833,-94.38352778,3,3,4,7,15,6,0,12,0,8,1,0,1,1,10,1,29,2,2,1,2,3,2,2,2,2,2,3,2,1,2,2,1,2,"Missouri",0
"16635",290222,29,14579,37.31141667,-90.40177778,1,1,4,5,13,2,0,58,0,1,1,0,3,1,1,1,29,1,2,1,1,1,2,2,2,1,2,2,2,2,2,2,2,2,"Missouri",0
"16636",290223,29,10573,39.44741667,-94.53477778,1,1,4,5,10,3,0,23,0,1,1,0,4,1,1,1,29,1,2,1,1,1,2,2,2,1,2,2,2,2,2,2,2,2,"Missouri",0
"16637",290224,29,13484,37.96744444,-90.47108333,3,3,5,6,16,4,0,1,0,8,1,0,1,1,1,1,29,1,2,1,1,2,1,1,2,2,2,2,2,2,2,2,2,2,"Missouri",0
"16638",290225,29,11705,38.90258333,-90.92244444,2,2,5,2,21,2,0,12,0,1,1,0,1,2,1,2,29,1,2,2,1,2,2,2,2,2,2,2,2,1,2,2,2,2,"Missouri",0
"16639",290226,29,8834,40.16569444,-94.86888889,2,2,5,3,19,2,0,1,0,1,1,0,3,1,10,1,29,1,2,2,1,1,2,2,2,1,2,3,2,2,2,2,2,2,"Missouri",0
"16640",290227,29,15098,36.97416667,-94.61572222,2,2,5,3,20,4,0,34,0,1,1,0,4,1,1,1,29,1,2,2,1,1,2,1,2,1,2,2,2,2,2,2,2,2,"Missouri",0
"16641",290228,29,13140,38.16736111,-90.45072222,4,4,5,3,21,2,0,12,0,2,2,0,1,2,1,1,29,2,2,2,1,2,2,2,2,2,2,3,1,1,2,2,2,2,"Missouri",0
"16642",290229,29,14563,37.31797222,-93.28105556,2,2,3,2,13,4,0,1,0,1,1,0,1,1,1,1,29,1,2,1,1,1,2,2,2,1,2,3,2,2,2,2,2,2,"Missouri",0
"16643",290230,29,11905,38.80616667,-90.80755556,3,3,5,5,14,3,0,12,0,2,2,0,1,1,1,1,29,2,2,1,1,2,2,2,2,2,2,2,2,1,2,2,2,2,"Missouri",0
"16644",290231,29,14725,37.21280556,-93.38786111,2,2,5,4,2,3,0,25,1,3,3,0,3,3,1,1,29,2,2,2,1,2,1,1,2,2,1,2,2,2,2,2,2,2,"Missouri",0
"16645",290232,29,11866,38.822,-91.08013889,3,3,5,5,21,7,0,8,0,1,1,0,1,2,1,1,29,2,1,2,1,1,2,2,1,2,2,2,2,2,2,2,2,2,"Missouri",0
"16646",290233,29,12856,38.33083333,-90.64783333,3,3,5,6,11,3,0,12,0,8,1,1,1,1,10,1,29,1,2,1,1,2,1,2,2,2,2,2,2,1,2,2,2,2,"Missouri",0
"16647",290234,29,11466,39.00725,-92.27451389,4,4,3,7,12,3,0,12,0,1,1,0,1,1,1,1,29,2,2,1,2,2,2,2,2,2,2,2,2,2,2,2,1,2,"Missouri",0
"16648",290235,29,11169,39.13430556,-94.34036111,2,2,3,6,21,2,0,12,0,3,2,0,1,3,10,1,29,2,2,2,2,2,2,1,2,2,2,3,2,2,1,2,2,2,"Missouri",0
"16649",290236,29,14884,37.10955556,-92.14369444,1,1,4,5,17,3,0,34,0,1,1,0,4,1,1,1,29,1,2,1,1,1,2,2,2,1,2,2,2,1,2,2,1,2,"Missouri",0
"16650",290237,29,12239,38.65583889,-90.44800833,1,1,5,6,0,1,0,8,0,1,1,0,1,2,1,1,29,2,1,2,1,1,2,2,1,2,2,2,2,2,2,2,2,2,"Missouri",0
"16651",290238,29,12167,38.6831,-90.20459722,3,3,5,6,10,3,0,46,0,3,2,0,4,1,1,1,29,2,2,1,1,1,2,1,2,2,2,2,2,2,1,2,2,2,"Missouri",0
"16652",290239,29,11248,39.10330278,-94.57490278,2,2,5,7,2,6,0,39,0,1,1,0,4,3,1,2,29,2,2,2,2,1,2,1,2,1,2,2,1,2,2,2,2,2,"Missouri",0
"16653",290240,29,11511,38.98761667,-92.35105833,2,2,5,1,0,5,0,33,0,3,3,0,4,3,10,2,29,2,2,2,2,1,2,1,2,1,2,1,2,2,2,2,2,2,"Missouri",1
"16654",290241,29,11260,39.10065,-94.38027778,2,2,5,5,12,3,0,12,0,2,2,0,1,1,2,1,29,2,2,1,1,2,2,2,2,2,2,2,1,2,2,2,1,2,"Missouri",0
"16655",290242,29,13554,37.92783333,-90.77219444,2,2,5,7,9,3,0,12,0,1,1,0,1,1,2,1,29,1,2,1,2,2,2,2,2,2,2,3,2,2,2,2,2,2,"Missouri",0
"16656",290243,29,11941,38.79019722,-90.3203,1,1,5,5,0,6,0,14,0,1,1,0,4,2,1,1,29,2,2,2,1,1,2,1,2,2,2,1,2,2,1,2,2,2,"Missouri",1
"16657",290244,29,15061,37.00315833,-93.62750833,1,1,4,4,1,6,0,10,0,6,1,0,1,2,10,1,29,1,2,2,1,1,2,2,2,2,2,1,2,2,2,2,2,2,"Missouri",1
"16658",290245,29,13162,38.15201944,-90.54022778,2,2,3,6,17,3,0,12,0,2,2,0,1,1,1,1,29,1,2,1,1,2,2,2,2,2,2,3,2,2,2,2,2,2,"Missouri",0
"16659",290246,29,12450,38.56695833,-90.42951944,1,1,4,5,20,6,0,30,0,1,1,0,4,2,1,1,29,2,2,2,1,1,1,2,2,2,2,1,2,2,2,2,2,2,"Missouri",1
"16660",290247,29,9929,39.74780556,-94.72830556,1,1,5,3,2,2,0,8,0,1,1,1,1,2,1,1,29,1,2,2,1,1,2,2,1,2,2,2,2,2,2,2,2,2,"Missouri",0
"16661",290248,29,12645,38.46163889,-93.13911111,2,2,5,3,16,3,0,35,0,1,1,0,4,1,1,1,29,1,2,1,1,1,2,2,2,2,2,3,2,1,2,2,2,1,"Missouri",0
"16662",290249,29,14274,37.50627778,-91.94561111,1,1,5,6,23,3,0,35,0,1,1,0,4,2,10,1,29,1,2,2,2,1,2,1,2,1,2,1,2,2,2,2,2,2,"Missouri",1