"","ST_CASE","OBJECT_ID","FID","LATITUDE","LONGITUD","PERMVIT","PERSONS","MONTH","DAY_WEEK","HOUR","ROUTE","SP_JUR","HARM_EV","RELJCT1","RELJCT2","TYP_INT","WRK_ZONE","REL_ROAD","LGT_COND","WEATHER","FATALS","STATE","A_RU","A_INTER","A_TOD","A_DOW","A_CT","A_MC","A_SPCRA","A_PED","A_ROLL","A_POLPUR","A_POSBAC","A_D15_20","A_D65PLS","A_D21_24","A_HR","A_DIST","A_DROWSY","STATE_NAME","drunkDr"
"17203",290809,29,11928,38.79768611,-90.23836389,1,1,12,4,19,4,0,8,0,1,1,0,1,2,10,1,29,2,2,2,1,1,2,1,1,2,2,3,2,2,2,1,2,2,"Missouri",0
"17204",290810,29,14802,37.16044444,-94.46241944,1,1,10,7,20,3,0,8,0,1,1,0,1,2,1,1,29,2,2,2,2,1,2,2,1,2,2,3,2,2,1,2,2,2,"Missouri",0
"17205",290811,29,11906,38.80541389,-90.70000278,1,1,12,1,2,6,0,8,0,1,1,0,1,2,2,1,29,2,2,2,2,1,2,1,1,2,2,1,2,2,2,2,2,2,"Missouri",1
"17206",290812,29,14088,37.63620278,-91.55420278,2,2,12,4,15,3,0,12,0,3,2,0,11,1,1,1,29,1,2,1,1,2,1,2,2,2,2,3,1,2,2,2,2,2,"Missouri",0
"17207",290813,29,11784,38.86227778,-91.31647222,1,1,10,2,23,1,0,42,0,1,1,0,5,3,1,1,29,1,1,2,1,1,2,2,2,2,2,3,2,1,2,2,2,2,"Missouri",0
"17208",290814,29,12024,38.75353611,-90.29701389,3,3,11,5,19,6,0,8,0,3,3,0,1,3,1,1,29,2,2,2,1,3,2,2,1,2,2,3,2,2,2,1,2,2,"Missouri",0
"17209",290815,29,12490,38.54300278,-90.43748611,1,1,11,2,12,1,0,52,0,5,1,0,8,1,1,1,29,2,1,1,1,1,2,2,2,2,2,3,2,2,2,2,2,2,"Missouri",0
"17210",290816,29,11613,38.94527222,-92.36129444,1,1,12,6,0,6,0,33,0,1,1,0,4,3,1,1,29,2,2,2,1,1,2,1,2,2,2,1,2,2,2,2,2,2,"Missouri",1
"17211",290817,29,11724,38.89309722,-94.52446111,1,1,12,1,1,7,0,8,0,1,1,0,1,2,10,1,29,2,1,2,2,1,2,2,1,2,2,3,2,2,2,1,2,2,"Missouri",0
"17212",290818,29,14757,37.18911111,-93.84230556,7,7,12,2,20,3,0,12,0,2,2,0,1,2,1,1,29,1,2,2,1,2,2,2,2,2,2,2,2,1,2,2,1,2,"Missouri",0
"17213",290819,29,11409,39.0349,-94.39813889,5,5,12,7,23,2,0,8,0,1,1,0,1,2,10,1,29,2,2,2,2,3,2,2,1,2,2,3,2,2,2,1,2,2,"Missouri",0
"17214",290820,29,11430,39.02421944,-94.39827222,1,1,12,6,21,6,0,1,0,1,1,0,4,3,1,1,29,2,2,2,2,1,2,1,2,1,2,1,2,2,1,2,2,2,"Missouri",1
"17215",290821,29,12598,38.48563333,-90.35360556,6,6,11,2,18,4,0,8,0,1,1,0,1,2,1,1,29,2,2,2,1,1,2,2,1,2,2,3,2,2,2,2,2,2,"Missouri",0
"17216",290822,29,15438,36.74347222,-92.96702778,1,1,12,7,18,4,0,35,0,1,1,0,4,2,2,1,29,1,2,2,2,1,2,1,2,2,2,3,2,1,2,2,1,2,"Missouri",0
"17217",290823,29,13149,38.15994444,-90.55258333,1,1,9,7,20,3,0,42,0,1,1,0,4,9,99,1,29,1,2,2,2,1,2,1,2,1,2,3,2,2,2,2,2,2,"Missouri",0
"17218",290824,29,12602,38.48407778,-90.74770833,1,1,10,5,12,7,0,59,0,3,2,0,4,1,1,1,29,2,2,1,1,1,2,2,2,2,2,2,2,1,2,2,2,2,"Missouri",0
"17219",290825,29,10762,39.34032778,-94.14520833,3,3,7,6,12,3,0,12,0,2,2,0,1,1,1,1,29,1,2,1,1,2,2,2,2,2,2,3,2,1,2,2,2,2,"Missouri",0
"17220",290826,29,11848,38.83247222,-90.62577778,5,5,11,6,0,4,0,35,0,1,1,0,4,2,1,1,29,1,2,2,1,1,2,1,2,1,2,2,1,2,2,2,2,2,"Missouri",0
"17221",290827,29,12195,38.67330833,-90.30092778,2,2,11,4,19,3,0,12,0,2,3,0,1,2,10,1,29,2,2,2,1,2,1,1,2,2,2,3,1,2,2,2,2,2,"Missouri",0
"17222",300001,30,164,48.22219167,-114.1981917,2,2,2,3,6,3,0,12,0,1,1,0,1,2,10,1,30,1,2,1,1,2,2,1,2,2,2,2,2,2,2,2,2,2,"Montana",0
"17223",300002,30,746,46.77995833,-114.404775,2,2,1,2,22,2,0,35,0,1,1,0,4,2,10,1,30,1,2,2,1,1,2,1,2,1,2,1,2,2,2,2,2,2,"Montana",1
"17224",300003,30,213,48.06655833,-115.9830361,2,2,1,2,7,4,0,12,0,2,4,0,1,2,1,1,30,1,2,1,1,2,2,1,2,2,2,2,2,2,2,2,2,2,"Montana",0
"17225",300004,30,376,47.62571944,-111.6398861,1,1,1,3,8,4,0,10,0,6,1,0,1,1,10,1,30,1,2,1,1,1,2,2,2,2,2,2,2,2,2,2,2,2,"Montana",0
"17226",300005,30,1034,45.79499722,-111.2138306,3,3,1,2,18,3,0,12,0,2,3,0,1,3,1,1,30,1,2,2,1,2,2,2,2,2,2,2,2,2,2,2,2,2,"Montana",0
"17227",300006,30,422,47.53021944,-115.0619194,1,1,1,6,12,4,0,42,0,1,1,0,4,1,10,1,30,1,2,1,1,1,2,1,2,2,2,1,2,2,2,2,2,2,"Montana",1
"17228",300007,30,806,46.58360556,-107.3604444,1,1,2,6,17,2,0,1,0,3,4,0,4,5,1,1,30,1,2,1,1,1,2,2,2,1,2,1,2,2,2,2,1,2,"Montana",1
"17229",300008,30,1187,45.51765,-108.4379639,1,1,2,5,21,3,3,34,0,1,1,0,4,2,10,1,30,1,2,2,1,1,2,2,2,2,2,1,2,2,2,2,2,2,"Montana",1
"17230",300009,30,715,46.88000833,-114.0370556,3,3,2,7,6,2,0,12,0,1,1,0,1,3,10,1,30,2,2,1,2,2,2,1,2,2,2,2,2,2,2,2,2,2,"Montana",0
"17231",300010,30,83,48.741425,-111.9591056,1,1,2,2,4,3,0,31,0,1,1,0,4,2,1,1,30,1,2,2,2,1,2,1,2,1,2,1,2,2,2,2,2,2,"Montana",1
"17232",300011,30,816,46.55256944,-111.7671778,2,2,3,2,20,2,0,12,0,1,1,0,1,2,1,1,30,1,2,2,1,2,2,2,2,2,2,2,2,2,2,2,1,2,"Montana",0
"17233",300012,30,375,47.62588333,-111.9658417,4,4,3,3,7,4,0,12,0,2,2,0,1,4,1,1,30,1,2,1,1,2,2,2,2,1,2,2,1,2,2,2,2,2,"Montana",0
"17234",300013,30,1229,45.45291111,-105.399975,2,2,3,6,18,4,0,1,0,1,1,0,4,1,1,1,30,1,2,2,2,1,2,1,2,1,2,1,2,2,2,2,2,2,"Montana",1
"17235",300014,30,1116,45.61461111,-107.4645056,1,1,3,7,22,1,0,8,0,1,1,0,2,2,10,1,30,1,1,2,2,1,2,2,1,2,2,2,2,2,1,2,1,2,"Montana",0
"17236",300015,30,1023,45.81807778,-108.4707611,2,2,3,4,21,2,0,8,0,1,1,0,1,3,10,1,30,2,2,2,1,1,2,2,1,2,2,3,2,2,2,2,2,2,"Montana",0
"17237",300016,30,640,47.076075,-114.0483583,2,2,3,1,18,2,0,12,0,1,1,0,1,1,1,1,30,1,2,2,2,2,1,2,2,2,2,2,2,2,2,2,2,2,"Montana",0
"17238",300017,30,430,47.51289167,-111.283325,1,1,3,7,21,6,0,8,0,2,2,0,1,3,10,1,30,2,2,2,2,1,2,2,1,2,2,2,2,2,2,2,2,2,"Montana",0
"17239",300018,30,96,48.5587,-109.6711944,2,2,3,6,23,5,0,25,0,3,3,0,4,3,10,1,30,1,2,2,2,1,2,1,2,2,2,1,2,2,2,2,2,2,"Montana",1
"17240",300019,30,1094,45.65930833,-108.8131806,7,7,3,7,14,1,0,12,0,1,1,0,1,1,6,1,30,1,1,1,2,3,2,1,2,2,2,3,2,1,1,2,2,2,"Montana",0
"17241",300020,30,1173,45.52937778,-107.0048944,1,1,3,2,1,2,3,31,0,1,1,0,4,2,10,1,30,1,2,2,2,1,2,2,2,1,2,1,1,2,2,2,2,2,"Montana",1
"17242",300021,30,668,47.00673889,-113.3576194,1,1,3,6,18,3,0,11,0,1,1,0,1,1,10,1,30,1,2,2,2,1,1,2,2,2,2,2,2,2,2,2,2,2,"Montana",0
"17243",300022,30,1064,45.70768056,-107.5311139,3,3,4,6,18,4,3,1,0,1,1,0,4,1,1,2,30,1,2,2,2,1,2,1,2,1,2,1,2,2,2,2,2,2,"Montana",1
"17244",300023,30,743,46.79056389,-114.1028222,1,1,3,7,20,2,0,42,0,1,1,0,4,2,1,1,30,1,2,2,2,1,2,1,2,1,2,1,2,2,2,2,2,2,"Montana",1
"17245",300024,30,100,48.548675,-113.01345,2,2,4,5,11,8,3,12,0,2,3,0,1,1,1,1,30,1,2,1,1,2,2,2,2,1,2,1,1,2,2,2,2,2,"Montana",1
"17246",300025,30,511,47.35216389,-111.6093667,1,1,4,6,16,1,0,31,0,1,1,0,5,1,1,1,30,1,1,1,1,1,2,2,2,2,2,2,2,1,2,2,2,2,"Montana",0
"17247",300026,30,130,48.38649167,-114.1009472,1,1,4,6,22,2,0,1,0,1,1,0,4,2,10,1,30,1,2,2,2,1,1,1,2,2,2,1,2,2,2,2,2,2,"Montana",1
"17248",300027,30,1092,45.66197778,-110.7416917,1,1,4,4,0,1,0,35,0,1,1,0,3,2,1,1,30,1,1,2,1,1,2,2,2,1,2,1,2,2,2,2,2,2,"Montana",1
"17249",300028,30,782,46.66077778,-114.0752139,4,4,4,5,7,2,0,12,0,2,2,0,1,1,1,1,30,1,2,1,1,2,2,2,2,2,2,2,1,2,2,2,2,2,"Montana",0
"17250",300029,30,1028,45.81023889,-107.2294306,1,1,4,7,2,3,3,52,0,1,1,0,4,2,10,1,30,1,2,2,2,1,2,2,2,1,2,1,2,2,2,2,2,2,"Montana",1
"17251",300030,30,62,48.96013333,-115.1449528,3,3,4,7,2,4,0,12,0,1,1,0,1,2,10,1,30,1,2,2,2,2,2,1,2,1,2,1,2,2,2,2,2,2,"Montana",2
"17252",300031,30,206,48.08911944,-110.3055472,2,2,4,1,14,2,0,1,0,1,1,0,4,1,10,1,30,1,2,1,2,1,2,2,2,1,2,2,2,2,2,2,2,2,"Montana",1
"17253",300032,30,1336,45.24838611,-111.3222972,1,1,4,2,19,5,0,8,0,1,1,0,1,1,10,1,30,1,2,2,1,1,2,2,1,2,2,1,2,2,2,1,1,2,"Montana",1
"17254",300033,30,95,48.56283889,-107.7629667,2,2,5,7,9,2,0,1,0,1,1,1,4,1,1,1,30,1,2,1,2,1,2,1,2,1,2,2,1,2,2,2,2,2,"Montana",0
"17255",300034,30,532,47.28249444,-110.7721694,2,2,5,1,14,2,0,31,0,1,1,0,4,1,1,1,30,1,2,1,2,1,2,2,2,1,2,2,2,2,1,2,2,2,"Montana",0
"17256",300035,30,158,48.26116944,-114.4390472,1,1,5,2,12,4,0,1,0,1,1,0,4,1,1,1,30,1,2,1,1,1,1,2,2,2,2,1,2,2,2,2,2,2,"Montana",1
"17257",300036,30,101,48.54384444,-113.2117417,1,1,5,4,23,2,3,35,0,1,1,0,4,2,1,1,30,1,2,2,1,1,2,1,2,1,2,1,2,2,1,2,2,2,"Montana",1
"17258",300037,30,785,46.64575278,-113.1151194,2,2,5,6,16,1,0,1,0,1,1,0,3,1,1,1,30,1,1,1,1,1,2,2,2,1,2,2,1,2,2,2,2,1,"Montana",0
"17259",300038,30,374,47.63073056,-104.1423444,2,2,5,1,17,3,0,38,0,1,1,0,4,1,1,1,30,1,2,1,2,1,2,1,2,1,2,1,2,2,2,2,2,2,"Montana",1
"17260",300039,30,973,45.97962222,-108.4064944,1,1,5,2,0,4,0,38,0,1,1,0,4,2,1,1,30,1,2,2,2,1,2,1,2,1,2,2,1,2,2,2,2,2,"Montana",0
"17261",300040,30,138,48.35325833,-114.158875,2,2,5,5,5,3,0,1,0,1,1,0,5,2,10,1,30,1,2,2,1,1,2,1,2,1,2,1,2,2,2,2,2,2,"Montana",1
"17262",300041,30,631,47.10075278,-104.837,1,1,5,4,4,3,0,11,0,1,1,0,1,4,1,1,30,1,2,2,1,1,2,1,2,1,2,1,1,2,2,2,2,2,"Montana",1
"17263",300042,30,195,48.11911944,-105.1958306,1,1,5,6,3,5,3,1,0,1,1,0,4,2,1,1,30,1,2,2,1,1,2,1,2,1,2,1,2,2,1,2,2,2,"Montana",1
"17264",300043,30,663,47.01705556,-114.6693139,4,4,5,6,17,1,0,1,0,1,1,0,3,1,1,1,30,1,1,1,1,1,2,2,2,1,2,2,2,2,1,2,2,2,"Montana",0
"17265",300044,30,805,46.58645833,-111.9094417,2,2,5,6,13,2,0,12,0,2,2,0,1,1,1,1,30,2,2,1,1,2,2,2,2,2,2,3,2,1,2,2,2,2,"Montana",0
"17266",300045,30,1016,45.83063889,-108.4660222,2,2,5,5,21,6,0,8,0,1,1,0,1,2,2,1,30,2,2,2,1,1,2,2,1,2,2,2,1,2,2,2,2,2,"Montana",0
"17267",300046,30,644,47.07361111,-104.4902083,2,2,5,7,11,1,0,1,0,1,1,0,3,1,1,1,30,1,1,1,2,1,2,1,2,1,2,1,2,2,1,2,2,2,"Montana",1
"17268",300047,30,159,48.2606,-105.4936639,1,1,5,1,18,3,0,1,0,1,1,0,4,1,1,1,30,1,2,2,2,1,1,2,2,2,2,1,2,2,2,2,2,2,"Montana",1
"17269",300048,30,965,46.00889167,-112.5527222,0,0,5,5,18,6,0,8,0,1,1,0,4,1,10,1,30,2,2,2,1,1,2,2,1,2,2,2,2,2,2,2,2,2,"Montana",0
"17270",300049,30,75,48.8295,-113.1997778,5,5,6,2,20,3,3,1,0,1,1,0,4,1,1,3,30,1,2,2,1,1,2,1,2,1,2,1,2,2,2,2,2,2,"Montana",1
"17271",300050,30,608,47.16178056,-113.4737639,2,2,6,3,15,3,0,12,0,8,1,0,1,1,10,1,30,1,2,1,1,2,2,2,2,2,2,2,2,1,2,2,2,2,"Montana",0
"17272",300051,30,132,48.38515833,-114.1657972,2,2,6,7,15,3,0,12,0,1,1,0,1,1,1,1,30,1,2,1,2,2,2,1,2,2,2,1,2,1,1,2,2,2,"Montana",1
"17273",300052,30,616,47.1467,-112.3257611,1,1,7,5,14,3,0,58,0,1,1,0,5,1,1,1,30,1,2,1,1,1,2,1,2,1,2,2,2,2,1,2,2,2,"Montana",0
"17274",300053,30,453,47.48755556,-111.3437972,3,3,7,5,17,1,0,12,1,5,1,0,1,1,1,1,30,2,1,1,1,2,2,2,2,2,2,2,2,2,2,2,2,2,"Montana",0
"17275",300054,30,789,46.61267222,-112.0574694,1,1,7,6,23,6,0,9,0,1,1,0,1,2,1,1,30,2,2,2,2,1,2,2,2,2,2,1,2,2,2,2,1,2,"Montana",1
"17276",300055,30,113,48.48312222,-109.7009583,1,1,7,7,6,3,0,31,0,1,1,0,4,1,1,1,30,1,2,1,2,1,2,1,2,1,2,1,2,2,2,2,2,1,"Montana",1
"17277",300056,30,1290,45.36461944,-108.9218889,1,1,7,7,22,2,0,31,0,1,1,0,4,2,1,1,30,1,2,2,2,1,2,1,2,2,2,2,2,2,2,2,2,2,"Montana",1
"17278",300057,30,735,46.81829167,-114.1573667,3,3,6,3,23,8,1,1,0,1,1,0,4,2,10,1,30,1,2,2,1,1,2,1,2,1,2,1,2,2,2,2,2,2,"Montana",1
"17279",300058,30,1352,45.21298611,-108.8732972,6,6,7,2,14,2,0,12,0,1,1,0,1,1,1,2,30,1,2,1,1,2,2,2,2,2,2,2,2,1,2,2,2,1,"Montana",0
"17280",300059,30,655,47.04468333,-108.8672972,3,3,6,6,14,2,0,32,0,1,1,0,4,1,1,1,30,1,2,1,1,1,2,2,2,1,2,2,2,2,2,2,2,1,"Montana",0
"17281",300060,30,220,48.0428,-108.6643,3,3,7,2,19,4,3,38,0,1,1,0,4,1,1,2,30,1,2,2,1,1,2,1,2,1,2,3,2,2,1,2,2,2,"Montana",1
"17282",300061,30,131,48.38601111,-114.0804583,3,3,6,1,0,5,0,42,0,1,1,0,4,2,1,1,30,1,2,2,2,1,2,1,2,2,1,2,1,2,2,2,2,2,"Montana",0
"17283",300062,30,744,46.7871,-113.7215,5,5,7,6,22,1,0,1,0,1,1,0,3,2,1,1,30,1,1,2,2,1,2,2,2,1,2,2,2,2,2,2,1,2,"Montana",0
"17284",300063,30,88,48.62397222,-108.7208972,1,1,7,7,5,3,0,31,0,1,1,0,4,4,1,1,30,1,2,2,2,1,2,1,2,1,2,2,2,2,1,2,1,2,"Montana",0
"17285",300064,30,468,47.44888056,-111.32755,1,1,7,1,3,4,0,35,0,1,1,0,4,2,1,1,30,1,2,2,2,1,2,1,2,1,2,1,1,2,2,2,2,2,"Montana",1
"17286",300065,30,1294,45.355425,-107.3793361,1,1,7,2,8,3,3,1,0,1,1,0,4,1,1,1,30,1,2,1,1,1,2,2,2,1,2,2,1,2,2,2,1,2,"Montana",0
"17287",300066,30,1041,45.78277222,-112.2349056,4,4,7,2,15,3,0,12,0,1,1,0,4,1,10,2,30,1,2,1,1,2,2,2,2,1,2,2,2,1,2,2,2,2,"Montana",0
"17288",300067,30,399,47.58779167,-114.1132,1,1,7,1,0,2,0,31,0,1,1,0,3,2,10,1,30,1,2,2,2,1,2,2,2,1,2,2,1,2,2,2,2,2,"Montana",0
"17289",300068,30,969,45.99346667,-112.5572222,1,1,7,3,12,1,0,31,0,1,1,0,3,1,10,1,30,2,1,1,1,1,1,2,2,2,2,2,2,1,2,2,2,2,"Montana",0
"17290",300069,30,1035,45.79492778,-112.1206167,2,2,6,7,2,4,0,35,0,99,1,0,4,2,1,1,30,1,2,2,2,1,2,1,2,2,2,1,2,2,2,2,1,2,"Montana",1
"17291",300070,30,538,47.27178611,-112.1458778,8,8,7,4,8,2,0,12,0,1,1,0,1,1,10,3,30,1,2,1,1,2,2,2,2,1,2,2,2,1,2,2,2,1,"Montana",0
"17292",300071,30,387,47.61082778,-111.9812722,3,3,6,4,13,2,0,12,0,1,1,0,1,1,1,1,30,1,2,1,1,2,2,2,2,2,2,2,2,2,1,2,2,2,"Montana",0
"17293",300072,30,696,46.92620556,-112.9540222,1,1,7,5,17,3,0,1,0,1,1,0,4,1,1,1,30,1,2,1,1,1,2,2,2,1,2,2,1,2,2,2,2,2,"Montana",0
"17294",300073,30,76,48.82906389,-108.2416583,1,1,6,5,7,4,0,1,0,1,1,0,1,1,10,1,30,1,2,1,1,1,2,1,2,1,2,2,1,2,2,2,2,2,"Montana",0
"17295",300074,30,623,47.12155,-104.7181583,1,1,7,1,20,1,0,24,0,1,1,0,4,5,10,1,30,1,1,2,2,1,2,1,2,2,2,3,2,2,2,2,2,1,"Montana",1
"17296",300075,30,1228,45.45495833,-109.07325,1,1,7,7,21,2,0,31,0,1,1,0,4,5,1,1,30,1,2,2,2,1,1,1,2,2,2,1,2,2,2,2,2,2,"Montana",1
"17297",300076,30,1306,45.320375,-109.4546722,1,1,7,1,11,3,0,1,0,1,1,0,4,1,1,1,30,1,2,1,2,1,1,1,2,2,2,3,2,2,2,2,2,2,"Montana",0
"17298",300077,30,822,46.5329,-113.8824778,1,1,7,4,99,8,0,1,0,1,1,0,4,1,99,1,30,1,2,3,1,1,2,2,2,1,2,1,2,2,2,2,2,2,"Montana",1
"17299",300078,30,839,46.47627778,-108.3875639,7,7,7,4,21,2,0,1,0,1,1,0,4,5,1,1,30,1,2,2,1,1,2,1,2,1,2,2,2,2,2,2,2,2,"Montana",0
"17300",300079,30,531,47.28678889,-114.037275,1,1,7,6,8,4,0,59,0,1,1,0,4,1,1,1,30,1,2,1,1,1,1,2,2,2,2,1,2,2,2,2,2,2,"Montana",1
"17301",300080,30,499,47.37680556,-111.1532611,1,1,7,7,9,3,0,1,0,1,1,0,4,1,10,1,30,1,2,1,2,1,2,2,2,1,2,1,2,2,2,2,2,2,"Montana",1
"17302",300081,30,465,47.46064444,-108.7512611,1,1,7,6,15,2,0,31,0,1,1,0,4,1,1,1,30,1,2,1,1,1,2,1,2,1,2,1,2,2,2,2,2,2,"Montana",1
"17303",300082,30,471,47.44381944,-108.7132583,2,2,7,7,12,4,0,1,0,1,1,0,4,1,1,1,30,1,2,1,2,1,2,1,2,1,2,2,1,2,2,2,2,2,"Montana",0
"17304",300083,30,583,47.20210278,-110.3908306,3,3,7,2,14,2,0,12,0,1,1,0,1,1,2,1,30,1,2,1,1,2,2,1,2,2,2,2,2,2,1,2,2,2,"Montana",0
"17305",300084,30,887,46.31927778,-109.4330444,1,1,7,5,1,2,0,38,0,1,1,0,4,2,1,1,30,1,2,2,1,1,2,1,2,1,2,2,2,2,1,2,2,2,"Montana",0
"17306",300085,30,87,48.62530556,-112.9848722,1,1,7,5,3,4,3,1,0,3,4,1,4,2,1,1,30,1,2,2,1,1,2,1,2,1,2,1,2,2,2,2,2,2,"Montana",1
"17307",300086,30,990,45.90704444,-114.0844444,4,4,7,5,10,2,0,53,0,1,1,0,4,1,1,1,30,1,2,1,1,1,2,1,2,1,2,2,1,2,2,2,2,2,"Montana",0
"17308",300087,30,565,47.22851944,-111.7649,1,1,8,1,15,1,0,1,0,1,1,0,1,1,5,1,30,1,1,1,2,1,2,2,2,1,2,2,2,1,2,2,2,2,"Montana",0
"17309",300088,30,522,47.31161111,-114.8622833,1,1,8,1,17,3,0,31,0,1,1,0,4,1,5,1,30,1,2,1,2,1,1,2,2,1,2,1,2,1,2,2,2,2,"Montana",1
"17310",300089,30,169,48.19879167,-106.6419278,1,1,8,1,22,9,0,18,0,1,1,0,5,2,1,1,30,1,2,2,2,1,2,1,2,1,2,1,2,2,2,2,2,2,"Montana",1
"17311",300090,30,85,48.64778611,-104.4349444,5,5,8,2,9,3,0,35,0,1,1,0,4,1,1,1,30,1,2,1,1,1,2,2,2,2,2,2,2,2,1,2,1,1,"Montana",0
"17312",300091,30,852,46.42253889,-105.1321,2,2,8,3,12,2,0,1,0,1,1,0,1,1,1,1,30,1,2,1,1,1,1,2,2,2,2,3,2,2,2,2,2,2,"Montana",0
"17313",300092,30,1029,45.805625,-108.4758278,4,4,8,3,13,5,0,33,0,3,2,0,4,1,10,1,30,2,2,1,1,2,2,1,2,2,2,3,2,2,2,2,1,2,"Montana",0
"17314",300093,30,657,47.0342,-114.0947389,1,1,6,6,17,5,0,1,0,2,4,0,1,1,1,1,30,1,2,1,1,1,2,1,2,1,2,1,2,2,2,2,2,2,"Montana",1
"17315",300094,30,987,45.9182,-111.6046972,2,2,8,3,17,1,0,1,0,1,1,0,3,1,1,1,30,1,1,1,1,1,2,2,2,1,2,2,2,1,2,2,1,2,"Montana",0
"17316",300095,30,1038,45.787675,-111.3213472,1,1,8,4,0,3,0,24,0,3,3,0,4,2,1,1,30,1,2,2,1,1,2,1,2,1,2,1,2,2,2,2,2,2,"Montana",1
"17317",300096,30,1328,45.27394167,-108.9181972,3,3,7,6,16,2,0,12,0,2,3,0,1,1,1,1,30,1,2,1,1,2,2,2,2,2,2,3,2,1,2,2,2,2,"Montana",0
"17318",300097,30,423,47.52979167,-114.1558,2,2,8,5,14,3,0,12,0,2,3,0,1,1,1,1,30,1,2,1,1,2,2,2,2,2,2,2,2,1,2,2,2,2,"Montana",0
"17319",300098,30,1037,45.78876667,-104.7145778,2,2,8,6,9,4,0,1,0,1,1,0,1,1,1,1,30,1,2,1,1,1,2,2,2,1,2,3,1,2,2,2,2,2,"Montana",0
"17320",300099,30,199,48.10714722,-104.9884917,2,2,6,1,8,8,3,1,0,1,1,0,4,1,10,1,30,1,2,1,2,1,2,2,2,1,2,1,1,2,2,2,2,2,"Montana",1
"17321",300100,30,1288,45.36559167,-112.1403667,2,2,8,7,0,4,0,1,0,1,1,0,1,2,1,1,30,1,2,2,2,1,2,1,2,1,2,1,2,2,2,2,2,2,"Montana",1
"17322",300101,30,1052,45.7422,-111.1643556,1,1,8,7,99,4,0,34,0,1,1,0,4,3,1,1,30,1,2,3,2,1,2,1,2,1,2,1,2,2,2,2,2,2,"Montana",1
"17323",300102,30,80,48.78555278,-115.92335,2,2,8,7,17,3,0,1,0,1,1,0,4,1,1,1,30,1,2,1,2,1,2,1,2,1,2,1,2,2,2,2,2,2,"Montana",1
"17324",300103,30,750,46.76511111,-114.0803806,5,5,6,4,17,2,0,12,0,2,2,0,1,1,10,1,30,2,2,1,1,2,2,2,2,2,2,3,2,1,2,2,2,2,"Montana",0
"17325",300104,30,660,47.02974167,-114.3560056,1,1,6,1,12,1,0,38,0,1,1,0,4,1,10,1,30,1,1,1,2,1,2,2,2,1,2,1,2,1,2,2,2,2,"Montana",1
"17326",300105,30,184,48.15578889,-104.5078389,2,2,6,1,16,6,0,5,0,1,1,0,1,1,1,1,30,1,2,1,2,1,2,2,2,2,2,1,2,2,2,2,2,2,"Montana",1
"17327",300106,30,1088,45.66348333,-108.4973194,2,2,6,2,20,3,0,52,0,1,1,0,4,1,10,1,30,1,2,2,1,1,2,2,2,2,2,2,2,2,2,2,2,2,"Montana",0
"17328",300107,30,1255,45.41845,-109.1107778,2,2,6,6,18,2,0,12,0,1,1,0,1,1,1,1,30,1,2,2,2,2,2,2,2,2,2,3,2,2,1,2,2,2,"Montana",0
"17329",300108,30,1109,45.62506944,-107.4649917,3,3,6,3,0,1,0,38,0,1,1,0,5,2,2,1,30,1,1,2,1,1,2,1,2,1,2,1,2,1,2,2,2,2,"Montana",1
"17330",300109,30,1063,45.71483056,-111.0738972,2,2,6,6,23,6,0,7,0,2,3,0,1,3,1,1,30,2,2,2,2,1,1,1,2,2,2,1,2,2,2,2,2,2,"Montana",1
"17331",300110,30,1044,45.75897778,-111.8696222,1,1,6,3,8,3,0,1,0,1,1,0,1,1,1,1,30,1,2,1,1,1,1,2,2,2,2,3,2,1,2,2,2,2,"Montana",0
"17332",300111,30,152,48.29734167,-114.2521806,7,7,6,3,15,2,0,12,0,1,1,0,1,1,2,1,30,1,2,1,1,3,2,2,2,2,2,2,1,2,2,2,2,2,"Montana",1
"17333",300112,30,704,46.90060833,-114.1340111,2,2,8,5,8,3,0,12,0,2,3,0,1,1,1,1,30,1,2,1,1,2,1,2,2,2,2,2,2,1,2,2,2,2,"Montana",0
"17334",300113,30,962,46.01341111,-112.5230611,2,2,8,2,0,6,0,1,0,1,1,0,4,3,1,2,30,2,2,2,2,1,2,1,2,1,2,1,2,2,2,2,2,2,"Montana",1
"17335",300114,30,1310,45.31523056,-107.3685,1,1,8,4,5,6,3,24,0,1,1,0,4,4,1,1,30,2,2,2,1,1,1,2,2,2,2,3,2,2,2,2,2,2,"Montana",1
"17336",300115,30,79,48.799575,-114.4619694,3,3,8,7,17,8,1,12,0,1,1,0,1,1,1,1,30,1,2,1,2,2,2,1,2,2,2,1,2,2,2,2,2,2,"Montana",1
"17337",300116,30,1297,45.34262222,-104.1224083,1,1,3,7,19,5,0,1,0,1,1,0,4,9,99,1,30,1,2,2,2,1,2,2,2,1,2,1,2,2,2,2,1,2,"Montana",1
"17338",300117,30,484,47.41818889,-115.6210389,1,1,8,2,22,1,0,18,1,18,1,0,1,2,2,1,30,1,1,2,1,1,2,1,2,2,2,2,2,2,1,2,1,2,"Montana",0
"17339",300118,30,128,48.39858333,-114.2844389,1,1,9,3,6,6,0,1,0,1,1,0,4,4,10,1,30,1,2,1,1,1,2,2,2,1,2,2,2,1,2,2,1,2,"Montana",0