"","ST_CASE","OBJECT_ID","FID","LATITUDE","LONGITUD","PERMVIT","PERSONS","MONTH","DAY_WEEK","HOUR","ROUTE","SP_JUR","HARM_EV","RELJCT1","RELJCT2","TYP_INT","WRK_ZONE","REL_ROAD","LGT_COND","WEATHER","FATALS","STATE","A_RU","A_INTER","A_TOD","A_DOW","A_CT","A_MC","A_SPCRA","A_PED","A_ROLL","A_POLPUR","A_POSBAC","A_D15_20","A_D65PLS","A_D21_24","A_HR","A_DIST","A_DROWSY","STATE_NAME","drunkDr"
"17340",300119,30,207,48.08754167,-114.2344806,1,1,8,3,11,5,0,24,0,1,1,0,4,1,1,1,30,1,2,1,1,1,2,2,2,2,2,2,2,1,2,2,2,2,"Montana",0
"17341",300120,30,1248,45.42702778,-109.2330444,2,2,9,1,18,4,0,1,0,1,1,0,4,1,1,1,30,1,2,2,2,1,2,1,2,1,2,1,2,2,2,2,2,2,"Montana",1
"17342",300121,30,455,47.47573889,-114.8418556,1,1,9,6,11,3,0,35,0,1,1,0,4,1,1,1,30,1,2,1,1,1,2,2,2,1,2,2,2,2,2,2,1,2,"Montana",0
"17343",300122,30,123,48.436975,-115.5579583,3,3,9,1,18,3,0,31,0,1,1,0,4,1,10,2,30,1,2,2,2,1,2,2,2,1,2,1,2,2,2,2,2,2,"Montana",1
"17344",300123,30,1406,45.11473889,-107.3399278,1,1,8,5,23,1,3,1,0,1,1,0,1,2,1,1,30,1,1,2,1,1,2,2,2,1,2,2,2,2,2,2,2,2,"Montana",1
"17345",300124,30,89,48.62349444,-109.7480139,4,4,9,5,13,3,0,1,0,1,1,0,4,1,1,1,30,1,2,1,1,1,2,2,2,1,2,3,2,2,2,2,1,2,"Montana",0
"17346",300125,30,1195,45.50124167,-108.4612861,1,1,8,7,4,3,3,1,0,1,1,0,4,2,1,1,30,1,2,2,2,1,2,1,2,1,2,1,2,2,2,2,2,2,"Montana",1
"17347",300126,30,979,45.95783611,-108.195475,3,3,9,5,17,4,0,12,0,2,2,0,1,1,10,1,30,1,2,1,1,2,2,1,2,2,2,3,1,2,2,2,2,2,"Montana",0
"17348",300127,30,219,48.0461,-110.8529889,5,5,9,7,8,3,0,12,0,1,1,0,1,1,1,3,30,1,2,1,2,2,2,2,2,2,2,2,2,2,2,2,2,2,"Montana",0
"17349",300128,30,1117,45.61285833,-106.6600417,1,1,9,6,22,4,3,8,0,2,2,4,1,3,1,1,30,1,2,2,2,1,2,2,1,2,2,3,2,2,2,2,2,2,"Montana",0
"17350",300129,30,153,48.29573056,-109.8291667,4,4,9,7,4,4,0,12,0,1,1,0,1,2,1,2,30,1,2,2,2,2,2,1,2,2,2,2,2,2,1,2,2,2,"Montana",2
"17351",300130,30,977,45.96284722,-112.3602639,4,4,9,7,0,4,0,1,0,1,1,0,4,2,1,1,30,1,2,2,2,1,2,1,2,1,2,1,1,2,2,2,2,2,"Montana",1
"17352",300131,30,964,46.0092,-112.6343639,1,1,9,4,22,1,0,24,1,5,1,0,4,2,1,1,30,1,1,2,1,1,2,1,2,1,2,2,2,2,2,2,2,2,"Montana",0
"17353",300132,30,1101,45.64035556,-110.9098611,2,2,8,7,9,1,0,31,0,1,1,0,4,1,1,1,30,1,1,1,2,1,2,2,2,1,2,2,2,2,2,2,1,2,"Montana",0
"17354",300133,30,1331,45.26643889,-111.2673278,2,2,8,2,13,3,0,12,0,1,1,0,1,1,1,1,30,1,2,1,1,2,2,2,2,2,2,2,2,2,1,2,2,2,"Montana",0
"17355",300134,30,222,48.03433333,-108.5422444,1,1,8,3,5,4,3,1,0,1,1,0,1,2,10,1,30,1,2,2,1,1,2,1,2,1,2,1,2,2,1,2,2,2,"Montana",1
"17356",300135,30,1179,45.52415278,-109.4487111,1,1,9,1,0,3,0,31,0,1,1,0,4,2,1,1,30,1,2,2,2,1,2,1,2,1,2,1,2,2,2,2,2,2,"Montana",1
"17357",300136,30,163,48.22576667,-114.4035583,2,2,9,1,20,4,0,8,0,1,1,0,1,2,1,1,30,1,2,2,2,1,2,2,1,2,2,2,2,2,1,2,2,2,"Montana",0
"17358",300137,30,828,46.51538611,-114.11765,5,5,9,1,18,2,0,12,0,2,3,0,1,1,1,1,30,1,2,2,2,2,2,2,2,2,2,2,2,2,2,2,2,2,"Montana",0
"17359",300138,30,947,46.0681,-112.7779667,3,3,9,2,15,1,0,12,0,1,1,0,1,1,1,2,30,1,1,1,1,2,2,1,2,2,2,2,2,2,2,2,2,2,"Montana",0
"17360",300139,30,196,48.11526944,-105.5608667,1,1,9,4,9,2,3,1,0,1,1,0,4,1,1,1,30,1,2,1,1,1,2,2,2,1,2,3,2,2,2,2,2,2,"Montana",0
"17361",300140,30,1311,45.31459722,-107.3607722,2,2,9,3,18,3,0,12,0,2,2,0,1,1,1,1,30,1,2,2,1,2,2,2,2,2,2,2,2,2,2,2,2,2,"Montana",0
"17362",300141,30,215,48.05946667,-105.9919194,3,3,9,3,19,2,3,12,0,1,1,0,1,2,1,3,30,1,2,2,1,2,2,2,2,2,2,1,2,1,2,2,2,2,"Montana",1
"17363",300142,30,948,46.06351944,-107.7128361,2,2,10,7,1,1,0,12,0,1,1,0,1,2,2,1,30,1,1,2,2,2,2,2,2,2,2,1,1,2,2,2,2,2,"Montana",1
"17364",300143,30,722,46.8721,-113.9458194,2,2,10,6,20,2,0,8,0,1,1,0,1,2,1,1,30,2,2,2,2,1,2,2,1,2,2,2,2,2,1,2,2,2,"Montana",0
"17365",300144,30,308,47.78730278,-110.5537778,1,1,10,7,0,3,0,1,0,1,1,0,4,2,1,1,30,1,2,2,2,1,2,2,2,1,2,1,2,2,2,2,2,2,"Montana",1
"17366",300145,30,790,46.61266944,-107.8372528,3,3,10,5,17,2,0,12,0,1,1,0,1,1,1,1,30,1,2,1,1,2,2,2,2,1,2,3,2,2,2,2,1,2,"Montana",0
"17367",300146,30,1033,45.79654722,-108.4622583,1,1,10,1,19,2,0,33,9,99,1,0,4,3,1,1,30,1,2,2,2,1,1,2,2,2,2,1,2,2,2,2,2,2,"Montana",1
"17368",300147,30,1091,45.66233611,-110.7156333,1,1,10,1,20,1,0,14,0,1,1,0,1,2,1,1,30,1,1,2,2,1,2,2,2,2,2,1,2,2,2,2,1,2,"Montana",1
"17369",300148,30,652,47.05502222,-110.0438444,4,4,8,4,5,2,0,35,0,1,1,0,4,2,1,3,30,1,2,2,1,1,2,1,2,1,2,2,1,2,2,2,2,2,"Montana",0
"17370",300149,30,1062,45.71506389,-109.6348222,1,1,8,4,12,8,0,10,0,6,1,0,1,1,1,1,30,1,2,1,1,1,2,1,2,2,2,2,2,2,2,2,2,2,"Montana",0
"17371",300150,30,974,45.97803056,-107.5549222,1,1,10,2,15,3,0,1,0,1,1,0,4,1,2,1,30,1,2,1,1,1,2,1,2,1,2,2,2,2,2,2,2,2,"Montana",0
"17372",300151,30,1209,45.48669444,-112.3954389,2,2,10,5,17,3,0,12,0,1,1,0,1,1,10,1,30,1,2,1,1,2,2,2,2,2,2,2,2,2,2,2,2,2,"Montana",0
"17373",300152,30,1027,45.81101944,-111.2010639,1,1,8,2,19,4,0,11,0,1,1,0,1,1,1,1,30,1,2,2,1,1,2,2,2,1,2,2,1,2,2,2,2,2,"Montana",0
"17374",300153,30,1054,45.73561944,-108.6097583,3,3,10,2,19,6,0,12,0,2,2,0,1,2,1,1,30,2,2,2,1,2,1,2,2,2,2,2,2,1,2,2,2,2,"Montana",0
"17375",300154,30,203,48.09649722,-114.6865556,2,2,10,7,20,4,0,12,0,1,1,0,1,2,10,1,30,1,2,2,2,2,2,2,2,2,2,1,2,2,2,2,2,2,"Montana",2
"17376",300155,30,768,46.70419167,-112.0637222,2,2,10,2,8,3,0,12,0,2,2,0,1,1,1,1,30,1,2,1,1,2,2,2,2,2,2,2,1,2,2,2,2,2,"Montana",0
"17377",300156,30,1083,45.67539444,-107.5002,4,4,10,2,20,1,0,12,0,1,1,0,1,2,10,1,30,1,1,2,1,2,2,2,2,2,2,3,2,1,2,2,2,2,"Montana",0
"17378",300157,30,528,47.29629722,-114.148925,1,1,8,4,23,2,3,1,0,1,1,0,4,2,1,1,30,1,2,2,1,1,2,2,2,1,2,1,2,2,2,2,2,2,"Montana",1
"17379",300158,30,1321,45.29633889,-112.6704722,1,1,10,4,2,1,0,8,0,1,1,0,1,2,1,1,30,1,1,2,1,1,2,2,1,2,2,2,2,2,2,1,2,2,"Montana",1
"17380",300159,30,1036,45.79420833,-108.4814111,2,2,8,7,1,2,0,12,0,3,3,0,1,3,10,1,30,2,2,2,2,2,1,2,2,2,2,1,2,2,2,2,1,2,"Montana",1
"17381",300160,30,418,47.54332222,-115.5273222,1,1,8,1,16,3,0,1,0,1,1,0,1,1,5,1,30,1,2,1,2,1,1,1,2,2,2,1,2,2,2,2,2,2,"Montana",1
"17382",300161,30,798,46.60333056,-112.0871278,2,2,8,2,20,2,0,12,0,2,2,0,1,5,1,1,30,1,2,2,1,2,1,1,2,2,2,1,1,2,2,2,2,2,"Montana",1
"17383",300162,30,918,46.20808611,-112.7773167,2,2,10,4,4,1,0,1,0,1,1,0,3,2,1,1,30,1,1,2,1,1,2,2,2,1,2,1,2,2,2,2,2,2,"Montana",1
"17384",300163,30,766,46.70433333,-112.0417222,5,5,8,5,14,3,0,12,0,2,2,0,1,1,5,1,30,1,2,1,1,3,2,2,2,1,2,2,1,2,2,2,2,2,"Montana",0
"17385",300164,30,677,46.98406389,-112.3613056,4,4,10,6,0,3,0,42,0,1,1,0,4,2,10,1,30,1,2,2,1,1,2,2,2,1,2,1,2,2,2,2,2,2,"Montana",1
"17386",300165,30,1001,45.88253889,-111.9073361,1,1,10,7,1,1,0,11,0,1,1,0,1,2,10,1,30,1,1,2,2,1,2,2,2,2,2,2,2,1,2,2,2,2,"Montana",0
"17387",300166,30,786,46.63709444,-107.6913,1,1,8,5,14,2,0,1,0,1,1,0,4,1,1,1,30,1,2,1,1,1,2,2,2,1,2,2,2,2,2,2,2,2,"Montana",0
"17388",300167,30,1111,45.62349722,-106.6664222,1,1,8,5,15,2,3,33,0,3,2,0,4,1,10,1,30,1,2,1,1,1,2,2,1,2,2,3,2,2,2,1,2,2,"Montana",1
"17389",300168,30,765,46.70433889,-112.0384111,1,1,11,1,0,3,0,8,0,1,1,0,1,2,10,1,30,1,2,2,2,1,2,2,1,2,2,2,1,2,2,2,2,2,"Montana",0
"17390",300169,30,297,47.81372222,-111.6375306,1,1,10,7,8,4,0,1,0,1,1,0,4,1,10,1,30,1,2,1,2,1,2,1,2,1,2,1,2,2,2,2,2,2,"Montana",1
"17391",300170,30,849,46.43215,-112.2660583,1,1,8,1,15,8,0,1,0,1,1,0,4,1,1,1,30,1,3,1,2,1,2,1,2,1,2,2,2,2,2,2,2,2,"Montana",0
"17392",300171,30,1225,45.46421389,-109.4873528,1,1,10,7,10,3,0,38,0,1,1,0,5,1,1,1,30,1,2,1,2,1,2,2,2,1,2,2,2,1,2,2,2,2,"Montana",0
"17393",300172,30,254,47.94428056,-110.5035417,2,2,8,2,13,2,0,12,0,1,1,0,1,1,1,1,30,1,2,1,1,2,2,2,2,2,2,2,2,2,2,2,1,1,"Montana",0
"17394",300173,30,671,46.99610278,-114.4253694,1,1,8,2,20,4,0,31,0,1,1,0,4,5,10,1,30,1,2,2,1,1,2,2,2,1,2,1,2,2,2,2,2,2,"Montana",1
"17395",300174,30,971,45.98878056,-112.487125,2,2,10,6,19,6,0,15,0,1,1,0,1,2,10,1,30,2,2,2,2,1,2,2,2,2,2,3,2,2,2,2,2,2,"Montana",0
"17396",300175,30,767,46.70425556,-112.0569056,3,3,11,2,15,3,0,12,0,2,3,0,1,1,10,2,30,1,2,1,1,2,1,2,2,2,2,2,2,1,2,2,2,2,"Montana",0
"17397",300176,30,1222,45.46458056,-108.8630028,3,3,11,5,18,2,0,12,0,2,2,0,1,2,1,1,30,1,2,2,1,2,2,2,2,2,2,2,2,1,2,2,2,2,"Montana",0
"17398",300177,30,1485,44.98654722,-111.6483889,2,2,11,1,10,2,0,1,0,1,1,0,4,1,11,1,30,1,2,1,2,1,2,1,2,1,2,2,2,2,2,2,2,2,"Montana",0
"17399",300178,30,1149,45.56107222,-111.0707,2,2,11,2,0,4,0,31,0,1,1,0,4,2,10,1,30,1,2,2,2,1,2,2,2,2,2,1,2,2,1,2,2,2,"Montana",1
"17400",300179,30,404,47.58028611,-114.1135639,4,4,11,2,16,2,3,12,0,2,2,0,1,1,2,1,30,1,2,1,1,2,2,2,2,2,2,3,2,2,1,2,2,2,"Montana",0
"17401",300180,30,216,48.05299167,-115.2800167,4,4,11,4,15,2,0,12,0,1,1,0,1,1,4,1,30,1,2,1,1,2,2,2,2,1,2,3,2,1,2,2,1,2,"Montana",0
"17402",300181,30,1077,45.68538056,-111.2679111,1,1,11,2,7,3,0,35,0,1,1,0,4,1,4,1,30,1,2,1,1,1,2,1,2,1,2,2,2,2,1,2,2,2,"Montana",0
"17403",300182,30,514,47.33802222,-106.3389778,2,2,11,1,8,3,0,12,0,1,1,0,1,1,1,1,30,1,2,1,2,2,2,2,2,1,2,3,2,1,2,2,2,2,"Montana",0
"17404",300183,30,853,46.42084722,-105.8330472,2,2,11,2,15,6,0,12,0,2,2,0,1,1,1,1,30,2,2,1,1,2,1,1,2,2,2,3,1,1,2,2,2,2,"Montana",0
"17405",300184,30,796,46.60579167,-113.0013278,1,1,11,3,11,1,0,1,0,1,1,0,4,1,4,1,30,1,1,1,1,1,2,1,2,1,2,2,2,1,2,2,2,2,"Montana",0
"17406",300185,30,1446,45.04250278,-111.6482111,2,2,11,1,16,2,0,31,0,1,1,0,4,1,6,1,30,1,2,1,2,1,2,1,2,1,2,3,2,1,2,2,2,2,"Montana",0
"17407",300186,30,923,46.19136111,-112.6689139,2,2,11,7,16,6,0,1,0,1,1,0,4,5,1,1,30,1,2,1,2,1,2,2,2,1,2,1,2,2,2,2,1,2,"Montana",1
"17408",300187,30,827,46.51689444,-105.6923028,2,2,11,2,5,3,0,38,0,1,1,0,5,2,10,1,30,1,2,2,2,1,2,2,2,2,2,1,2,2,2,2,2,2,"Montana",1
"17409",300188,30,205,48.09029167,-105.6407722,2,2,10,6,19,5,0,8,0,2,7,0,1,3,1,1,30,2,2,2,2,1,2,2,1,2,2,2,2,2,2,2,2,2,"Montana",0
"17410",300189,30,728,46.84399444,-112.2841639,2,2,11,2,16,3,0,12,0,8,1,0,1,5,1,1,30,1,2,1,1,2,2,2,2,2,2,2,1,2,2,2,2,2,"Montana",0
"17411",300190,30,496,47.38283056,-111.1495528,2,2,12,7,23,3,0,1,0,1,1,0,4,2,1,1,30,1,2,2,2,1,2,1,2,1,2,1,2,2,1,2,2,2,"Montana",1
"17412",300191,30,985,45.93081389,-108.8806,1,1,12,7,16,4,0,1,0,1,1,0,4,1,1,1,30,1,2,1,2,1,2,1,2,1,2,2,2,2,2,2,2,2,"Montana",0
"17413",300192,30,287,47.83446389,-110.6907333,7,7,12,5,17,2,0,12,0,3,2,0,1,3,1,2,30,1,2,1,1,3,2,2,2,2,2,3,2,1,2,2,2,2,"Montana",0
"17414",300193,30,1103,45.63740833,-110.3766528,1,1,12,2,3,3,0,1,0,1,1,0,4,2,10,1,30,1,2,2,2,1,2,2,2,1,2,3,2,1,2,2,2,2,"Montana",1
"17415",300194,30,112,48.48438611,-109.8304639,1,1,12,6,20,2,0,8,0,1,1,0,1,2,5,1,30,1,2,2,2,1,2,2,1,2,2,2,2,2,2,2,1,2,"Montana",0
"17416",300195,30,1040,45.78669722,-110.5083889,6,6,12,1,0,2,0,1,0,1,1,0,4,2,1,1,30,1,2,2,2,1,2,2,2,1,2,1,1,2,2,2,2,2,"Montana",1
"17417",300196,30,408,47.56786389,-112.1596694,1,1,12,7,22,3,0,34,0,1,1,0,4,2,10,1,30,1,2,2,2,1,2,2,2,1,2,1,2,2,1,2,2,2,"Montana",1
"17418",300197,30,94,48.57838889,-110.1607972,3,3,12,2,12,4,0,10,0,6,1,0,1,1,1,1,30,1,2,1,1,1,2,1,2,1,2,2,1,2,2,2,2,2,"Montana",0
"17419",300198,30,958,46.0271,-107.8129417,3,3,12,2,13,1,0,1,0,1,1,0,3,1,4,1,30,1,1,1,1,1,2,1,2,1,2,2,2,2,2,2,2,2,"Montana",0
"17420",300199,30,611,47.15873889,-114.0815639,2,2,12,4,18,2,0,12,0,1,1,0,2,3,10,1,30,1,2,2,1,2,2,2,2,2,2,2,2,2,2,2,2,2,"Montana",0
"17421",300201,30,1738,44.60962222,-112.4870444,4,4,12,2,15,1,0,24,0,1,1,0,3,1,4,1,30,1,1,1,1,1,2,2,2,1,2,3,2,2,2,2,1,2,"Montana",0
"17422",300202,30,1095,45.65443056,-108.7601861,8,8,12,2,11,2,0,12,0,1,1,0,1,1,1,1,30,2,2,1,1,2,2,2,2,2,2,3,2,1,2,2,2,2,"Montana",0
"17423",300203,30,639,47.07643611,-114.7662806,1,1,12,3,13,1,0,1,0,1,1,0,3,1,4,1,30,1,1,1,1,1,2,1,2,1,2,2,2,1,2,2,2,2,"Montana",0
"17424",300204,30,448,47.494075,-111.2851611,1,1,7,2,22,6,0,39,0,3,2,0,5,3,1,1,30,2,2,2,1,1,1,1,2,2,2,1,2,2,2,2,2,2,"Montana",1
"17425",310001,31,5857,41.45151944,-96.48651944,2,2,1,6,21,6,0,12,0,1,1,0,1,3,1,1,31,2,2,2,2,2,2,2,2,2,2,2,2,1,2,2,2,2,"Nebraska",0
"17426",310002,31,3824,42.46712222,-97.00189722,2,2,1,2,12,2,0,12,0,1,1,0,1,1,10,1,31,1,2,1,1,2,2,2,2,2,2,2,2,1,2,2,2,2,"Nebraska",0
"17427",310003,31,7759,40.65968056,-96.629325,1,1,1,4,99,4,0,34,0,1,1,0,4,2,10,1,31,1,2,3,1,1,2,2,2,2,2,1,2,2,2,2,2,2,"Nebraska",1
"17428",310004,31,8131,40.52448611,-97.87812222,1,1,1,4,99,3,0,1,0,1,1,0,4,2,99,1,31,1,2,3,1,1,2,2,2,1,2,1,2,2,2,2,2,2,"Nebraska",1
"17429",310005,31,8567,40.30700556,-99.14247778,1,1,1,7,99,4,0,1,0,3,2,0,4,2,1,1,31,1,2,3,2,1,2,2,2,1,2,3,2,2,2,2,2,2,"Nebraska",0
"17430",310006,31,6920,40.89868611,-98.404575,2,2,1,2,6,2,0,12,0,8,1,0,1,2,1,1,31,2,2,1,1,2,2,2,2,2,2,2,2,2,2,2,2,2,"Nebraska",0
"17431",310007,31,6192,41.28356667,-95.99365833,1,1,1,4,18,3,0,8,0,1,1,0,7,3,1,1,31,2,2,2,1,1,2,2,1,2,2,2,2,2,2,2,1,2,"Nebraska",0
"17432",310008,31,6151,41.30215278,-96.23438889,1,1,1,5,19,3,0,8,0,1,1,0,1,2,1,1,31,1,2,2,1,1,2,2,1,2,2,2,2,2,2,2,2,2,"Nebraska",0
"17433",310009,31,8793,40.18953889,-96.127925,4,4,1,6,99,3,0,38,0,1,1,0,4,2,1,1,31,1,2,3,3,1,2,2,2,1,2,2,2,2,2,2,1,2,"Nebraska",0
"17434",310010,31,5885,41.43845833,-97.23069444,2,2,1,6,18,2,0,12,0,8,1,0,1,2,1,1,31,1,2,2,2,2,2,2,2,2,2,2,2,2,2,2,2,2,"Nebraska",0
"17435",310011,31,5876,41.44256389,-96.51111944,1,1,1,1,19,6,0,33,0,1,1,0,4,3,1,1,31,2,2,2,2,1,1,2,2,2,2,1,2,2,2,2,2,2,"Nebraska",1
"17436",310012,31,6198,41.28134444,-95.97381389,3,3,1,1,4,6,0,30,0,1,1,0,4,3,1,1,31,2,2,2,2,1,2,1,2,1,2,1,2,2,1,2,2,2,"Nebraska",1
"17437",310013,31,6332,41.21667778,-96.11946389,2,2,1,2,14,6,0,12,0,2,2,0,1,1,1,1,31,2,2,1,1,2,1,2,2,2,2,2,2,1,2,2,2,2,"Nebraska",0
"17438",310014,31,6430,41.16516389,-96.19646944,1,1,1,6,21,4,0,1,0,1,1,0,4,2,1,1,31,1,2,2,2,1,2,2,2,1,2,2,1,2,2,2,2,2,"Nebraska",0
"17439",310015,31,6358,41.20365,-95.94910278,1,1,1,7,20,2,0,35,0,1,1,0,4,3,2,1,31,2,2,2,2,1,2,2,2,2,2,2,1,2,2,2,2,2,"Nebraska",0
"17440",310016,31,5173,41.7291,-97.46461111,2,2,1,5,14,2,0,12,0,2,2,0,1,1,1,1,31,1,2,1,1,2,2,2,2,2,2,3,2,2,2,2,2,2,"Nebraska",0
"17441",310017,31,8412,40.38430556,-96.72349444,10,10,1,1,2,4,0,5,0,1,1,0,1,2,1,1,31,1,2,2,2,1,2,2,2,2,2,2,2,2,2,2,2,2,"Nebraska",0
"17442",310018,31,6112,41.31869722,-95.9565,1,1,1,6,13,2,0,8,0,1,1,0,1,1,10,1,31,2,2,1,1,1,2,2,1,2,2,2,2,2,2,1,1,2,"Nebraska",0
"17443",310019,31,6312,41.22950556,-95.933225,1,1,2,2,1,1,0,31,0,1,1,0,4,3,1,1,31,2,1,2,2,1,2,1,2,1,2,2,2,2,2,2,2,2,"Nebraska",0
"17444",310020,31,7135,40.82174722,-97.74953889,1,1,2,7,11,1,0,24,0,1,1,0,4,1,10,1,31,1,1,1,2,1,2,2,2,1,2,2,2,2,2,2,2,2,"Nebraska",0
"17445",310021,31,6302,41.23449167,-96.55874722,3,3,2,1,12,2,0,12,0,1,1,0,1,1,4,1,31,1,2,1,2,2,2,2,2,2,2,2,2,2,2,2,2,2,"Nebraska",0
"17446",310022,31,6921,40.89628056,-96.66517222,2,2,2,1,8,1,0,12,0,1,1,0,2,1,4,1,31,2,1,1,2,2,2,1,2,2,2,3,2,2,2,2,2,2,"Nebraska",0
"17447",310023,31,6325,41.22106944,-103.5091083,2,2,2,6,7,1,0,12,0,1,1,0,2,1,1,1,31,1,1,1,1,2,2,2,2,2,2,2,2,2,2,2,2,2,"Nebraska",0
"17448",310024,31,6382,41.19107778,-98.2699,5,5,2,2,8,3,0,12,0,2,2,0,1,1,5,1,31,1,2,1,1,3,2,2,2,2,2,2,1,2,2,2,2,2,"Nebraska",0
"17449",310025,31,7571,40.70963611,-98.82034167,1,1,2,1,17,1,0,8,0,1,1,0,1,1,1,1,31,1,1,1,2,1,2,2,1,2,2,2,2,2,2,2,2,2,"Nebraska",0
"17450",310026,31,7166,40.8108,-99.900225,8,8,2,4,18,1,0,1,0,1,1,0,1,5,1,3,31,1,1,2,1,2,2,2,2,1,2,2,1,2,2,2,1,2,"Nebraska",0
"17451",310027,31,6244,41.25780556,-95.99498056,4,4,2,6,17,6,0,12,0,2,2,0,1,5,1,1,31,2,2,1,1,2,2,1,2,2,2,3,2,2,2,2,2,2,"Nebraska",0
"17452",310028,31,6569,41.08916667,-96.0454,2,2,3,1,3,4,0,34,0,1,1,0,4,2,1,1,31,1,2,2,2,1,2,2,2,1,2,1,2,2,1,2,2,2,"Nebraska",1
"17453",310029,31,5941,41.40935556,-99.45035,1,1,3,5,99,3,0,39,0,1,1,0,4,1,1,1,31,1,2,3,1,1,2,2,2,1,2,3,2,1,2,2,2,2,"Nebraska",0
"17454",310030,31,6076,41.33531667,-96.21028889,1,1,3,3,6,4,0,42,0,1,1,0,4,4,12,1,31,1,2,1,1,1,2,2,2,2,2,2,2,2,2,2,2,2,"Nebraska",0
"17455",310031,31,5068,41.77592778,-97.05846944,2,2,3,3,16,3,0,12,0,1,1,0,1,1,1,1,31,1,2,1,1,2,2,2,2,1,2,2,2,2,2,2,2,2,"Nebraska",0
"17456",310032,31,8414,40.38395833,-99.22116111,1,1,3,7,99,4,0,1,0,1,1,0,4,2,1,1,31,1,2,3,2,1,2,2,2,1,2,1,2,2,2,2,2,2,"Nebraska",1
"17457",310033,31,3982,42.38988611,-98.53776389,1,1,3,7,11,2,0,35,0,1,1,0,4,1,1,1,31,1,2,1,2,1,2,2,2,1,2,3,2,2,2,2,2,1,"Nebraska",0
"17458",310034,31,5046,41.7843,-103.5191194,4,4,3,1,8,3,0,12,0,2,2,0,1,1,1,1,31,1,2,1,2,2,2,2,2,2,2,2,2,2,2,2,2,2,"Nebraska",0
"17459",310035,31,4584,42.04685556,-96.29999722,4,4,3,6,23,4,0,1,0,1,1,0,4,2,1,1,31,1,2,2,2,1,2,2,2,1,2,1,2,2,2,2,2,2,"Nebraska",1
"17460",310036,31,8713,40.233025,-95.67166389,2,2,3,2,8,3,0,12,0,2,2,0,1,1,1,1,31,1,2,1,1,2,2,2,2,2,2,2,2,1,2,2,2,2,"Nebraska",0
"17461",310037,31,4509,42.08903889,-102.8432528,0,0,3,1,99,6,0,8,0,1,1,0,1,1,1,1,31,2,2,3,2,1,2,2,1,2,2,2,2,2,2,2,2,2,"Nebraska",0
"17462",310038,31,4917,41.84616111,-100.1365833,2,2,3,3,9,3,0,12,0,8,1,0,1,1,1,1,31,1,2,1,1,2,2,2,2,2,2,2,2,1,2,2,2,2,"Nebraska",0
"17463",310039,31,8245,40.45949722,-97.179,2,2,3,3,99,3,0,12,0,1,1,0,1,2,1,1,31,1,2,3,1,2,2,2,2,2,2,2,2,1,1,2,2,2,"Nebraska",0
"17464",310040,31,6233,41.26358056,-96.26161944,2,2,3,3,17,3,0,12,0,1,1,0,1,5,1,2,31,1,2,1,1,2,2,2,2,2,2,3,2,2,2,2,2,2,"Nebraska",0
"17465",310041,31,6181,41.28851667,-96.06802222,1,1,3,6,12,6,0,39,0,1,1,0,4,1,1,1,31,2,2,1,1,1,1,1,2,2,2,2,2,2,2,2,2,2,"Nebraska",0
"17466",310042,31,8900,40.13876389,-95.67089167,1,1,3,1,99,4,0,1,0,1,1,0,4,2,1,1,31,1,2,3,2,1,2,2,2,1,2,1,2,2,2,2,2,2,"Nebraska",1
"17467",310043,31,6434,41.16271111,-100.9991361,3,3,3,2,6,2,0,12,0,1,1,0,1,2,1,1,31,1,2,1,1,2,1,2,2,2,2,3,2,2,2,2,2,2,"Nebraska",0
"17468",310044,31,6639,41.04686389,-100.7542417,2,2,3,4,20,2,0,12,0,2,2,0,1,2,1,1,31,1,2,2,1,2,2,2,2,2,2,2,2,2,2,2,2,2,"Nebraska",0
"17469",310045,31,9120,40.04444167,-96.79470556,1,1,3,6,15,3,0,1,0,1,1,0,4,1,1,1,31,1,2,1,1,1,1,2,2,2,2,1,2,2,2,2,2,2,"Nebraska",1
"17470",310046,31,4988,41.81433611,-103.5196972,1,1,3,6,15,3,0,1,0,1,1,0,4,1,1,1,31,1,2,1,1,1,2,2,2,1,2,1,2,2,2,2,2,2,"Nebraska",1
"17471",310047,31,7754,40.66166944,-96.85719722,2,2,3,1,6,4,0,12,0,1,1,0,1,2,1,1,31,1,2,1,2,2,2,2,2,2,2,1,2,2,2,2,2,2,"Nebraska",1
"17472",310048,31,4421,42.14799722,-96.44593889,3,3,3,5,99,3,0,34,0,1,1,0,4,1,2,1,31,1,2,3,1,1,2,2,2,1,2,2,1,2,2,2,1,2,"Nebraska",0
"17473",310049,31,3815,42.47385556,-96.70655278,2,2,3,5,23,2,0,12,0,1,1,0,1,2,1,1,31,1,2,2,1,2,2,2,2,2,2,3,2,2,2,2,2,2,"Nebraska",0
"17474",310050,31,6197,41.28141944,-95.95661944,6,6,3,1,1,6,0,12,0,2,2,0,1,3,1,1,31,2,2,2,2,2,2,2,2,2,2,3,1,2,2,2,2,2,"Nebraska",0
"17475",310051,31,8257,40.45187778,-97.27619167,1,1,3,1,99,4,0,30,0,1,1,0,4,2,1,1,31,1,2,3,2,1,2,2,2,2,2,1,2,2,2,2,2,2,"Nebraska",1
"17476",310053,31,7355,40.76341389,-99.04585,1,1,3,2,5,4,0,35,0,1,1,0,4,2,1,1,31,1,2,2,2,1,2,2,2,1,2,2,2,2,2,2,2,2,"Nebraska",0