"","ST_CASE","OBJECT_ID","FID","LATITUDE","LONGITUD","PERMVIT","PERSONS","MONTH","DAY_WEEK","HOUR","ROUTE","SP_JUR","HARM_EV","RELJCT1","RELJCT2","TYP_INT","WRK_ZONE","REL_ROAD","LGT_COND","WEATHER","FATALS","STATE","A_RU","A_INTER","A_TOD","A_DOW","A_CT","A_MC","A_SPCRA","A_PED","A_ROLL","A_POLPUR","A_POSBAC","A_D15_20","A_D65PLS","A_D21_24","A_HR","A_DIST","A_DROWSY","STATE_NAME","drunkDr"
"17477",310054,31,7154,40.81352222,-96.68155833,1,1,1,7,5,2,0,8,0,1,1,0,1,3,2,1,31,2,2,2,2,1,2,2,1,2,2,1,2,2,2,2,2,2,"Nebraska",1
"17478",310055,31,6568,41.08935833,-95.92785833,4,4,1,3,16,2,0,12,0,2,2,0,1,1,1,1,31,1,2,1,1,3,2,2,2,2,2,2,1,2,2,2,2,2,"Nebraska",0
"17479",310056,31,7396,40.75440278,-96.64050556,2,2,3,2,15,3,0,12,0,2,2,0,1,1,1,1,31,2,2,1,1,2,2,2,2,2,2,2,2,1,2,2,2,2,"Nebraska",0
"17480",310057,31,7077,40.83656111,-96.68221389,1,1,4,5,99,6,0,21,0,1,1,0,4,1,1,1,31,2,2,3,1,1,2,2,2,2,2,2,2,2,2,2,2,2,"Nebraska",0
"17481",310058,31,6074,41.33638889,-99.05218333,2,2,4,7,17,4,0,1,0,1,1,0,4,1,1,1,31,1,2,1,2,1,2,1,2,1,2,1,2,2,2,2,2,2,"Nebraska",1
"17482",310059,31,6007,41.38141111,-102.9729861,3,3,4,3,9,2,0,12,0,1,1,0,1,1,3,1,31,1,2,1,1,2,2,2,2,1,2,3,2,2,2,1,2,2,"Nebraska",0
"17483",310060,31,6453,41.15254167,-102.8594833,1,1,4,3,99,4,0,10,0,6,1,0,1,1,1,1,31,1,2,3,1,1,2,2,2,2,2,1,2,2,2,2,2,2,"Nebraska",1
"17484",310061,31,7959,40.59365,-97.99514722,1,1,4,7,99,3,0,32,0,1,1,0,4,2,1,1,31,1,2,3,2,1,2,2,2,1,2,1,2,2,1,2,2,2,"Nebraska",1
"17485",310062,31,3653,42.57928889,-99.451225,2,2,4,6,14,2,0,34,0,1,1,0,4,1,1,1,31,1,2,1,1,1,2,1,2,1,2,2,2,2,2,2,2,2,"Nebraska",0
"17486",310063,31,5580,41.56838611,-97.90969444,2,2,4,5,9,3,0,12,0,1,1,0,1,1,2,1,31,1,2,1,1,2,2,2,2,2,2,2,2,1,2,2,2,2,"Nebraska",0
"17487",310064,31,6253,41.25389444,-95.94749444,2,2,4,4,4,6,0,12,0,2,2,0,1,3,1,1,31,2,2,2,1,2,2,1,2,1,2,1,2,2,2,2,2,2,"Nebraska",1
"17488",310065,31,8237,40.46427222,-96.83639444,1,1,4,3,17,4,0,1,0,1,1,0,4,1,1,1,31,1,2,1,1,1,2,2,2,1,2,2,2,2,1,2,2,2,"Nebraska",1
"17489",310066,31,5728,41.51017778,-96.849375,1,1,4,6,18,4,0,1,0,1,1,0,4,1,10,1,31,1,2,2,2,1,2,1,2,1,2,3,2,2,2,2,2,2,"Nebraska",1
"17490",310067,31,7871,40.62668333,-96.38773056,1,1,4,5,13,3,0,9,0,1,1,0,1,1,1,1,31,1,2,1,1,1,2,2,2,2,2,2,2,1,2,2,1,2,"Nebraska",0
"17491",310068,31,6467,41.144825,-96.063475,3,3,4,4,19,3,0,12,0,2,2,0,1,1,1,1,31,2,2,2,1,2,2,2,2,2,2,3,1,1,2,2,2,2,"Nebraska",0
"17492",310069,31,6384,41.19075833,-95.98785278,1,1,4,6,20,6,0,8,0,1,1,0,1,3,10,1,31,2,2,2,2,1,2,2,1,2,2,3,2,1,2,2,2,2,"Nebraska",0
"17493",310070,31,7117,40.82542778,-96.83494167,1,1,1,6,19,4,0,8,0,1,1,0,1,2,1,1,31,1,2,2,2,1,2,2,1,2,2,3,2,2,2,1,2,2,"Nebraska",0
"17494",310071,31,6992,40.86913611,-96.63010833,5,5,1,6,17,2,0,12,0,1,1,0,1,5,1,1,31,2,2,1,1,3,2,2,2,2,2,3,2,1,2,2,2,2,"Nebraska",0
"17495",310072,31,4619,42.03146944,-97.57151667,2,2,4,6,22,2,0,1,0,1,1,0,4,2,1,1,31,1,2,2,2,2,1,1,2,2,2,3,2,2,1,2,2,2,"Nebraska",0
"17496",310073,31,7057,40.84252222,-96.61007222,1,1,5,1,13,6,0,31,0,1,1,0,4,1,2,1,31,2,2,1,2,1,2,2,2,2,2,2,2,2,2,2,2,2,"Nebraska",0
"17497",310074,31,6040,41.35558889,-97.368275,2,2,5,7,99,2,0,12,0,1,1,0,1,2,2,1,31,1,2,3,2,2,1,2,2,2,2,1,2,2,2,2,2,2,"Nebraska",1
"17498",310075,31,6378,41.19250833,-97.25303611,7,7,5,7,18,3,0,12,0,2,2,0,1,1,1,2,31,1,2,2,2,2,2,2,2,2,2,1,1,2,2,2,2,2,"Nebraska",1
"17499",310076,31,7242,40.79212778,-96.60594167,1,1,5,2,11,6,0,9,0,2,2,0,1,1,10,1,31,2,2,1,1,1,2,2,2,2,2,3,2,2,2,2,2,2,"Nebraska",0
"17500",310077,31,3614,42.61253889,-97.24558333,1,1,5,7,15,3,0,1,0,1,1,0,4,1,6,1,31,1,2,1,2,1,1,2,2,2,2,3,2,1,2,2,2,2,"Nebraska",0
"17501",310078,31,6286,41.24147222,-96.00958611,6,6,5,1,6,6,0,12,0,2,2,0,1,1,1,1,31,2,2,1,2,2,2,2,2,2,2,2,2,2,2,2,2,2,"Nebraska",0
"17502",310079,31,6816,40.94424167,-98.37876111,2,2,5,1,16,6,0,12,0,8,1,0,1,1,1,1,31,2,2,1,2,2,1,2,2,2,2,2,2,2,2,2,2,2,"Nebraska",0
"17503",310080,31,7214,40.79924722,-96.76753333,1,1,5,4,99,6,0,30,0,1,1,0,4,3,2,1,31,2,2,3,1,1,2,2,2,1,2,1,2,2,1,2,2,2,"Nebraska",1
"17504",310081,31,8277,40.44301944,-97.17931389,1,1,5,5,12,3,0,35,0,1,1,0,4,1,10,1,31,1,2,1,1,1,2,2,2,1,2,2,2,2,2,2,2,2,"Nebraska",0
"17505",310082,31,4802,41.92032778,-97.96896667,1,1,5,4,9,4,0,1,0,1,1,0,4,1,1,1,31,1,2,1,1,1,2,2,2,1,2,1,2,2,2,2,2,2,"Nebraska",1
"17506",310083,31,6339,41.21233889,-95.96751111,2,2,5,7,0,2,0,38,0,1,1,0,4,2,1,2,31,2,2,2,2,1,2,1,2,2,2,1,2,2,1,2,2,2,"Nebraska",1
"17507",310084,31,4070,42.351175,-97.64040833,3,3,5,3,17,2,0,12,0,2,2,0,1,1,1,2,31,1,2,1,1,2,2,2,2,1,2,2,2,1,2,2,2,2,"Nebraska",0
"17508",310085,31,5396,41.64167778,-103.0724278,1,1,5,4,13,2,0,9,0,3,3,0,2,1,10,1,31,1,2,1,1,1,2,2,2,2,2,2,2,2,2,2,2,2,"Nebraska",0
"17509",310086,31,6368,41.19810278,-95.97217778,2,2,5,5,19,6,0,12,0,2,2,0,1,1,1,1,31,2,2,2,1,2,2,2,2,1,2,3,1,2,1,2,2,2,"Nebraska",0
"17510",310087,31,5931,41.41527778,-96.47356389,2,2,5,6,15,4,0,12,0,2,2,0,1,1,1,1,31,1,2,1,1,2,1,1,2,2,1,2,2,2,2,2,2,2,"Nebraska",0
"17511",310088,31,6858,40.92316111,-96.46025,3,3,5,1,18,1,0,12,0,1,1,0,1,1,1,1,31,1,1,2,2,2,2,2,2,1,2,2,2,2,2,1,2,1,"Nebraska",0
"17512",310089,31,6188,41.28508333,-96.02754444,3,3,3,1,14,3,0,12,0,1,1,0,1,1,1,1,31,2,2,1,2,3,2,1,2,2,2,1,2,2,2,1,2,2,"Nebraska",1
"17513",310090,31,6011,41.37919167,-96.31150556,6,6,4,1,20,3,0,12,0,2,2,0,1,2,1,4,31,1,2,2,2,3,2,2,2,2,2,3,1,2,2,2,2,2,"Nebraska",0
"17514",310091,31,6118,41.31387222,-95.95655,5,5,6,2,18,2,0,12,0,2,2,0,1,1,10,1,31,2,2,2,1,2,1,2,2,2,2,3,2,2,1,2,2,2,"Nebraska",0
"17515",310092,31,3477,42.69906389,-100.5351417,3,3,6,6,13,2,0,12,0,1,1,0,1,1,10,2,31,1,2,1,1,2,2,2,2,2,2,3,2,1,2,2,2,2,"Nebraska",0
"17516",310093,31,6126,41.31118056,-95.92753611,4,4,6,7,23,6,0,12,0,2,2,0,1,3,10,2,31,2,2,2,2,2,1,1,2,2,2,3,1,2,2,2,2,2,"Nebraska",0
"17517",310094,31,3509,42.68198333,-102.636025,1,1,6,3,11,4,0,1,0,1,1,0,4,1,1,1,31,1,2,1,1,1,2,2,2,1,2,1,2,1,2,2,2,2,"Nebraska",1
"17518",310095,31,6418,41.17610278,-96.10650278,1,1,6,7,99,6,0,30,0,3,2,0,4,3,10,1,31,2,2,3,2,1,2,1,2,2,2,1,2,2,2,2,2,2,"Nebraska",1
"17519",310096,31,6162,41.29589444,-95.99504444,1,1,6,2,2,6,0,30,0,3,3,0,4,3,10,1,31,2,2,2,2,1,2,2,2,2,2,2,2,2,2,2,2,2,"Nebraska",0
"17520",310097,31,8072,40.55410833,-99.29648889,3,3,6,1,1,4,0,12,0,1,1,0,1,2,1,1,31,1,2,2,2,2,1,2,2,2,2,1,2,2,2,2,2,2,"Nebraska",2
"17521",310098,31,4770,41.94393611,-98.08441389,0,0,6,2,0,3,0,8,0,1,1,0,1,2,1,1,31,1,2,2,2,1,2,2,1,2,2,2,2,2,2,2,2,2,"Nebraska",0
"17522",310099,31,5848,41.45447778,-96.15584722,1,1,6,4,99,4,0,1,0,1,1,0,4,1,1,1,31,1,2,3,1,1,2,2,2,1,2,2,1,2,2,2,2,2,"Nebraska",0
"17523",310100,31,4889,41.86601111,-103.6388333,2,2,6,1,21,6,0,8,0,1,1,0,1,2,1,1,31,2,2,2,2,1,2,2,1,2,2,2,2,2,2,2,1,2,"Nebraska",0
"17524",310101,31,4357,42.19209167,-97.42637222,8,8,6,3,17,2,0,12,0,2,2,0,1,1,1,1,31,1,2,1,1,3,2,2,2,1,2,3,2,2,1,2,2,2,"Nebraska",0
"17525",310102,31,5651,41.54216111,-97.81708889,3,3,7,7,1,3,0,12,0,1,1,0,1,2,10,2,31,1,2,2,2,2,2,2,2,1,2,1,2,2,1,2,2,2,"Nebraska",1
"17526",310103,31,6128,41.31016389,-95.9753,1,1,7,6,15,6,0,33,0,1,1,0,4,1,10,1,31,2,2,1,1,1,2,1,2,1,2,2,2,2,1,2,2,2,"Nebraska",0
"17527",310104,31,4018,42.37772222,-96.44976111,2,2,7,1,99,2,0,12,0,1,1,0,1,2,1,1,31,1,2,3,2,2,2,2,2,2,2,1,2,1,2,2,2,2,"Nebraska",1
"17528",310105,31,7706,40.67195833,-99.16365833,2,2,7,1,19,1,0,1,0,1,1,0,3,1,1,1,31,1,1,2,2,1,2,2,2,1,2,2,1,2,2,2,2,2,"Nebraska",0
"17529",310106,31,6161,41.29593889,-96.05276944,1,1,7,2,1,6,0,30,0,1,1,0,4,3,10,1,31,2,2,2,2,1,2,2,2,2,2,1,2,2,1,2,2,2,"Nebraska",1
"17530",310107,31,6829,40.93680278,-95.91143333,2,2,7,3,16,2,0,35,0,3,3,0,4,1,1,2,31,1,2,1,1,1,2,2,2,2,2,1,2,2,1,2,2,2,"Nebraska",1
"17531",310108,31,7227,40.7959,-99.74888889,1,1,7,1,13,3,0,32,0,3,3,0,4,1,10,1,31,2,2,1,2,1,2,2,2,1,2,2,1,2,2,2,2,2,"Nebraska",0
"17532",310109,31,3534,42.66700278,-102.4581361,1,1,7,3,10,3,0,1,0,1,1,0,4,1,1,1,31,1,2,1,1,1,2,2,2,1,2,3,2,2,2,2,2,2,"Nebraska",0
"17533",310110,31,6129,41.31011111,-96.80868333,3,3,7,1,1,5,0,5,0,1,1,0,1,3,1,1,31,1,2,2,2,1,2,2,2,2,2,1,2,2,1,2,2,2,"Nebraska",1
"17534",310111,31,3671,42.5693,-100.0997472,2,2,7,4,13,2,0,12,0,1,1,0,1,1,10,1,31,1,2,1,1,2,2,2,2,2,2,2,1,2,2,2,2,2,"Nebraska",0
"17535",310112,31,5963,41.40186389,-99.67053333,2,2,7,4,9,3,0,12,0,3,3,0,1,1,2,1,31,1,2,1,1,2,2,2,2,2,2,2,2,1,2,2,2,2,"Nebraska",0
"17536",310113,31,7697,40.67315,-96.17916944,3,3,7,6,13,3,0,12,1,2,2,0,1,1,10,1,31,1,2,1,1,2,2,2,2,1,2,3,1,1,2,2,2,2,"Nebraska",0
"17537",310114,31,6212,41.27379167,-96.08133889,2,2,7,6,2,6,0,30,0,1,1,0,4,3,1,1,31,2,2,2,1,2,2,2,2,1,2,3,2,2,2,2,2,2,"Nebraska",2
"17538",310115,31,6303,41.23411111,-96.36594444,2,2,7,6,22,3,0,12,0,1,1,0,1,2,1,1,31,1,2,2,2,2,2,1,2,2,1,1,2,2,2,2,2,2,"Nebraska",1
"17539",310116,31,6383,41.19091111,-95.972725,9,9,7,1,22,6,0,12,0,1,1,0,1,3,1,1,31,2,2,2,2,2,2,2,2,2,2,1,2,2,1,2,2,2,"Nebraska",1
"17540",310117,31,6662,41.03207778,-101.5932194,2,2,7,2,18,4,0,12,0,2,2,0,1,2,1,1,31,1,2,2,1,2,2,2,2,1,2,3,2,2,2,2,2,2,"Nebraska",0
"17541",310118,31,7225,40.79656111,-98.49367778,1,1,2,3,17,1,0,31,1,5,1,0,4,1,1,1,31,1,1,1,1,1,2,2,2,1,2,3,2,2,2,2,2,2,"Nebraska",0
"17542",310119,31,7155,40.81343056,-96.64416944,3,3,7,4,21,2,0,12,0,3,2,4,1,5,1,1,31,2,2,2,1,2,1,1,2,2,2,1,1,2,2,2,2,2,"Nebraska",1
"17543",310120,31,6260,41.25136111,-95.9518,1,1,7,5,21,6,0,8,0,1,1,0,1,3,1,1,31,2,2,2,1,1,2,2,1,2,2,3,2,2,2,2,2,2,"Nebraska",0
"17544",310121,31,6214,41.27370278,-95.94703056,3,3,7,6,23,6,0,12,0,2,3,0,1,3,10,1,31,2,2,2,2,2,1,2,2,2,2,1,2,2,2,2,2,2,"Nebraska",1
"17545",310122,31,6731,40.99351944,-96.35023611,5,5,8,1,16,1,0,35,0,1,1,0,3,1,1,1,31,1,1,1,2,1,2,2,2,1,2,1,2,2,1,2,2,2,"Nebraska",1
"17546",310123,31,6136,41.30757222,-95.96996667,2,2,8,2,17,6,0,12,0,1,1,0,1,1,1,1,31,2,2,1,1,2,2,1,2,1,2,1,2,2,2,2,2,2,"Nebraska",1
"17547",310124,31,7208,40.80030278,-96.698275,2,2,8,4,11,6,0,12,0,2,2,0,1,1,10,1,31,2,2,1,1,2,1,2,2,2,2,2,2,2,2,2,2,2,"Nebraska",0
"17548",310125,31,5837,41.46341389,-96.81430278,2,2,8,1,13,2,0,12,0,1,1,0,1,1,1,1,31,1,2,1,2,2,2,2,2,2,2,1,1,1,2,2,2,2,"Nebraska",1
"17549",310126,31,7610,40.69728056,-96.63069722,1,1,8,1,10,4,0,1,0,1,1,0,4,1,10,1,31,1,2,1,2,1,2,2,2,1,2,2,2,2,2,2,1,2,"Nebraska",0
"17550",310127,31,6143,41.30598333,-95.96564167,1,1,8,1,20,6,0,1,0,1,1,0,4,3,1,1,31,2,2,2,2,1,2,1,2,1,2,1,2,2,2,2,2,2,"Nebraska",1
"17551",310128,31,6524,41.11338611,-102.8399806,2,2,8,1,9,1,0,38,0,1,1,0,4,1,1,1,31,1,1,1,2,1,2,2,2,1,2,2,2,2,2,2,2,2,"Nebraska",0
"17552",310129,31,7239,40.79293889,-96.73023333,2,2,8,3,7,6,0,12,0,1,1,0,1,1,1,1,31,2,2,1,1,2,1,2,2,2,2,2,2,2,2,2,1,2,"Nebraska",0
"17553",310130,31,7148,40.81509722,-101.6312111,2,2,8,7,8,4,0,12,0,1,1,0,1,1,1,1,31,1,2,1,2,2,2,2,2,2,2,2,1,2,2,2,2,2,"Nebraska",0
"17554",310131,31,6374,41.19624167,-95.93350833,4,4,8,1,11,6,0,12,0,1,1,4,1,1,1,1,31,2,2,1,2,3,1,2,2,2,2,3,2,2,2,2,2,2,"Nebraska",0
"17555",310132,31,6232,41.26363333,-96.28837778,2,2,8,1,19,3,0,12,0,1,1,0,1,1,1,1,31,1,2,2,2,2,2,2,2,2,2,2,2,2,2,2,2,2,"Nebraska",0
"17556",310133,31,7081,40.83564444,-96.72035833,1,1,8,4,5,6,0,9,0,2,2,0,1,3,1,1,31,2,2,2,1,1,2,2,2,2,2,3,2,2,2,2,2,2,"Nebraska",0
"17557",310134,31,8152,40.5122,-95.91617778,1,1,8,5,11,4,0,1,0,1,1,0,4,1,1,1,31,1,2,1,1,1,2,2,2,1,2,3,2,2,2,2,2,2,"Nebraska",0
"17558",310135,31,6353,41.20535556,-96.06749444,4,4,8,5,15,6,0,12,0,2,2,0,1,1,1,1,31,2,2,1,1,2,1,1,2,2,2,3,1,2,2,2,2,2,"Nebraska",0
"17559",310136,31,4879,41.87020833,-103.6657528,2,2,8,4,4,6,0,30,0,3,2,0,4,4,5,1,31,2,2,2,1,1,2,2,2,2,2,3,2,2,1,2,2,1,"Nebraska",0
"17560",310137,31,3435,42.72838611,-97.32575278,2,2,8,6,15,3,0,12,0,1,1,0,1,1,1,2,31,1,2,1,1,2,2,2,2,2,2,2,2,2,1,2,2,2,"Nebraska",0
"17561",310138,31,7213,40.79925833,-99.72998889,1,1,8,2,20,4,0,8,0,1,1,0,1,2,1,1,31,1,2,2,1,1,2,2,1,2,2,2,2,2,2,2,2,2,"Nebraska",0
"17562",310139,31,7019,40.85721944,-97.23468056,2,2,9,5,0,4,0,35,0,1,1,0,4,2,1,1,31,1,2,2,1,1,2,2,2,1,2,1,2,2,2,2,2,2,"Nebraska",1
"17563",310140,31,7097,40.82970278,-98.40193611,3,3,9,7,99,4,0,1,0,1,1,0,4,2,1,1,31,1,2,3,2,1,2,2,2,1,2,2,1,2,2,2,2,2,"Nebraska",0
"17564",310141,31,3412,42.74370278,-103.006925,2,2,9,5,5,2,0,11,0,1,1,0,1,4,1,1,31,1,2,2,1,2,1,2,2,2,2,3,2,2,2,2,2,2,"Nebraska",0
"17565",310142,31,6317,41.22738889,-96.15778889,1,1,9,1,23,6,0,1,0,3,3,0,1,3,10,1,31,2,2,2,2,1,1,1,2,2,2,1,2,2,2,2,2,2,"Nebraska",1
"17566",310143,31,6703,41.00686111,-100.3764556,1,1,9,3,21,3,0,15,0,1,1,0,1,2,10,1,31,1,2,2,1,1,2,2,2,2,2,3,2,2,1,2,2,2,"Nebraska",0
"17567",310144,31,6478,41.13583889,-96.24401944,2,2,9,5,9,2,0,12,0,2,3,0,1,1,1,1,31,2,2,1,1,2,1,2,2,2,2,2,2,2,2,2,2,2,"Nebraska",0
"17568",310145,31,6171,41.29230278,-96.12010278,2,2,9,6,21,3,0,5,0,1,1,0,1,2,1,1,31,2,2,2,2,1,2,2,2,2,2,2,2,2,1,2,2,2,"Nebraska",0
"17569",310146,31,8679,40.24906944,-99.53535833,3,3,9,6,15,4,0,12,0,2,2,0,1,1,1,1,31,1,2,1,1,2,2,2,2,2,2,2,2,2,2,2,2,2,"Nebraska",0
"17570",310147,31,7498,40.72637222,-96.64438889,5,5,9,4,19,6,0,12,0,2,2,0,1,5,1,1,31,2,2,2,1,2,2,2,2,2,2,3,2,1,2,2,2,2,"Nebraska",0
"17571",310148,31,5770,41.48974444,-96.17484722,3,3,9,6,20,2,0,12,0,2,2,0,1,2,1,1,31,1,2,2,2,2,2,2,2,2,2,3,2,1,2,2,2,2,"Nebraska",0
"17572",310149,31,7153,40.81378889,-96.74173056,2,2,9,1,8,2,0,12,0,1,1,0,1,1,1,1,31,2,2,1,2,2,2,2,2,2,2,2,1,2,1,2,2,2,"Nebraska",0
"17573",310150,31,8013,40.57715833,-98.38734722,5,5,9,4,22,6,0,12,0,1,1,0,1,3,1,1,31,2,2,2,1,2,2,2,2,1,2,1,2,2,1,2,2,2,"Nebraska",1
"17574",310151,31,9212,40.01708333,-98.00759167,1,1,9,5,99,3,0,1,0,1,1,0,4,2,1,1,31,1,2,3,1,1,2,2,2,1,2,2,2,2,2,2,2,2,"Nebraska",0
"17575",310152,31,7611,40.69711111,-95.91173611,3,3,9,7,9,2,0,12,0,2,2,0,1,1,1,2,31,1,2,1,2,2,2,2,2,2,2,2,2,2,1,2,2,2,"Nebraska",0
"17576",310153,31,6084,41.33216389,-95.99232778,1,1,9,7,5,6,0,35,0,3,3,0,4,4,1,1,31,2,2,2,2,1,2,2,2,2,2,1,2,2,2,2,2,2,"Nebraska",1
"17577",310154,31,4681,41.99279722,-97.44581944,1,1,9,7,99,4,0,35,0,1,1,0,4,2,1,1,31,1,2,3,2,1,2,2,2,1,2,1,2,2,1,2,2,2,"Nebraska",1
"17578",310155,31,6960,40.88225556,-95.96871111,1,1,9,6,18,4,0,31,0,1,1,0,4,1,1,1,31,1,2,2,2,1,2,2,2,1,2,1,2,2,2,2,2,2,"Nebraska",1
"17579",310156,31,6125,41.31139444,-95.93730833,1,1,9,5,21,6,0,8,0,3,2,0,1,3,2,1,31,2,2,2,1,1,2,2,1,2,2,3,2,2,2,2,2,2,"Nebraska",0
"17580",310157,31,7288,40.77922222,-96.70630556,2,2,9,6,22,3,0,12,0,3,3,0,1,3,1,1,31,2,2,2,2,2,1,1,2,2,2,2,2,2,1,2,2,2,"Nebraska",0
"17581",310158,31,5977,41.39325833,-96.53103889,1,1,9,4,12,3,0,42,0,1,1,0,4,1,1,1,31,1,2,1,1,1,2,2,2,2,2,2,2,2,2,2,2,2,"Nebraska",0
"17582",310159,31,4174,42.29308611,-96.70955556,6,6,7,4,15,3,0,12,0,1,1,0,1,1,1,1,31,1,2,1,1,2,2,2,2,1,2,2,1,2,2,2,2,2,"Nebraska",0
"17583",310160,31,7992,40.58277222,-99.54915556,2,2,10,5,14,4,0,12,0,2,2,0,1,1,1,1,31,1,2,1,1,2,2,2,2,1,2,3,2,2,2,1,2,2,"Nebraska",0
"17584",310161,31,7104,40.82856667,-97.464175,2,2,10,6,15,3,0,12,0,2,2,0,1,1,1,1,31,1,2,1,1,2,2,2,2,2,2,2,2,2,1,2,2,2,"Nebraska",0
"17585",310162,31,9110,40.05058889,-97.67078889,1,1,10,1,17,4,0,1,0,1,1,0,4,1,1,1,31,1,2,1,2,1,2,2,2,1,2,1,2,2,2,2,2,2,"Nebraska",1
"17586",310163,31,5856,41.45165556,-96.58731111,3,3,10,4,11,2,0,12,0,1,1,0,1,1,1,2,31,1,2,1,1,2,2,2,2,1,2,3,2,2,2,2,2,2,"Nebraska",0
"17587",310164,31,3841,42.45757778,-98.64785833,1,1,10,5,12,2,0,8,0,2,2,0,1,1,1,1,31,1,2,1,1,1,2,2,1,2,2,2,2,2,2,2,1,2,"Nebraska",1
"17588",310165,31,6501,41.12084167,-95.9353,1,1,10,3,12,2,0,1,0,1,1,0,3,1,1,1,31,1,2,1,1,1,2,2,2,1,2,2,1,2,2,2,2,2,"Nebraska",0
"17589",310166,31,7745,40.66476111,-98.18403611,2,2,10,3,99,4,0,34,0,1,1,0,4,2,1,1,31,1,2,3,1,1,2,2,2,1,2,1,2,2,1,2,2,2,"Nebraska",1
"17590",310167,31,8769,40.204925,-99.97779722,2,2,10,3,17,4,0,35,0,1,1,0,4,1,1,1,31,1,2,1,1,1,2,2,2,1,2,2,2,2,2,2,2,2,"Nebraska",0
"17591",310168,31,7132,40.82245278,-97.95776944,2,2,10,4,17,1,0,1,0,1,1,0,3,1,10,1,31,1,1,1,1,1,2,2,2,1,2,2,1,2,2,2,2,2,"Nebraska",0
"17592",310169,31,8669,40.25476111,-96.04798889,1,1,10,5,99,4,0,42,0,1,1,0,4,1,10,1,31,1,2,3,1,1,2,2,2,2,2,1,2,1,2,2,2,2,"Nebraska",1
"17593",310170,31,6690,41.01551667,-96.34459167,2,2,10,5,8,3,0,12,0,1,1,0,1,1,2,1,31,1,2,1,1,2,2,2,2,2,2,2,2,2,2,2,2,2,"Nebraska",0
"17594",310171,31,6257,41.25238611,-95.97380556,1,1,10,5,2,6,0,8,0,1,1,0,1,3,1,1,31,2,2,2,1,1,2,2,1,2,2,2,1,2,2,2,2,2,"Nebraska",0
"17595",310172,31,6120,41.313575,-96.36796389,1,1,10,6,99,4,0,35,0,3,3,0,4,9,10,1,31,1,2,3,3,1,2,2,2,2,2,1,2,2,2,2,2,2,"Nebraska",1
"17596",310173,31,6891,40.90828611,-98.35138333,1,1,10,7,21,6,0,30,0,1,1,0,4,3,1,1,31,2,2,2,2,1,1,2,2,2,2,1,2,2,2,2,2,2,"Nebraska",1
"17597",310174,31,8807,40.18324722,-96.74664444,5,5,10,7,19,2,0,12,0,1,1,0,1,2,1,4,31,1,2,2,2,2,2,2,2,2,2,1,2,2,1,2,2,2,"Nebraska",1
"17598",310175,31,4901,41.85818889,-97.79623611,1,1,10,3,99,3,0,1,0,1,1,0,4,2,1,1,31,1,2,3,1,1,2,2,2,1,2,1,2,2,2,2,2,2,"Nebraska",1
"17599",310176,31,6521,41.11538611,-101.2982861,4,4,7,6,22,1,0,12,0,1,1,0,1,2,1,1,31,1,1,2,2,3,2,1,2,2,2,1,2,2,2,2,2,2,"Nebraska",1
"17600",310177,31,6279,41.24502778,-95.94709722,3,3,11,1,20,6,0,12,0,1,1,0,1,3,1,1,31,2,2,2,2,2,1,1,2,2,2,2,1,2,2,1,2,2,"Nebraska",1
"17601",310178,31,6327,41.22039444,-96.38722222,1,1,11,4,17,4,0,34,0,1,1,0,4,5,1,1,31,1,2,1,1,1,2,2,2,2,2,1,2,1,2,2,2,2,"Nebraska",1
"17602",310179,31,7150,40.81450278,-96.75514167,2,2,11,4,6,2,0,24,0,1,1,0,4,2,10,1,31,2,2,1,1,2,2,2,2,2,2,2,2,2,2,2,2,2,"Nebraska",0
"17603",310180,31,6108,41.32125,-96.36798056,1,1,11,5,2,6,0,19,0,3,2,0,4,2,2,1,31,1,2,2,1,1,2,1,1,2,2,1,2,2,2,2,2,2,"Nebraska",1
"17604",310181,31,3466,42.70483889,-103.0047389,2,2,11,5,12,2,1,12,0,1,1,0,1,1,1,1,31,1,2,1,1,2,2,2,2,2,2,3,2,2,2,2,2,2,"Nebraska",0
"17605",310182,31,6149,41.30285278,-95.95377778,4,4,11,6,21,2,0,12,1,2,2,0,1,3,1,1,31,2,2,2,2,2,2,2,2,2,2,3,2,1,2,2,2,2,"Nebraska",0
"17606",310183,31,8127,40.52658611,-96.96100278,2,2,11,3,5,3,0,12,0,1,1,0,1,2,10,2,31,1,2,2,1,2,2,2,2,2,2,1,2,2,1,2,2,2,"Nebraska",1
"17607",310184,31,7562,40.711575,-96.48730278,2,2,11,5,18,3,0,12,0,1,1,0,1,2,1,1,31,1,2,2,1,2,2,2,2,2,2,2,1,2,2,2,1,2,"Nebraska",0
"17608",310185,31,7032,40.851325,-100.0025333,1,1,11,6,99,1,0,11,0,1,1,0,1,2,10,1,31,1,1,3,3,1,2,2,2,1,2,2,2,2,2,2,2,2,"Nebraska",0
"17609",310186,31,4095,42.33496111,-98.15495833,4,4,11,1,22,2,0,11,0,1,1,0,1,2,1,2,31,1,2,2,2,1,2,2,2,2,2,2,2,2,2,2,2,2,"Nebraska",0
"17610",310187,31,7640,40.69063611,-99.39901111,4,5,11,3,20,1,0,14,0,1,1,0,3,2,4,1,31,1,1,2,1,1,2,1,2,2,2,2,1,2,2,2,2,2,"Nebraska",0
"17611",310188,31,4507,42.092125,-97.96776111,1,1,11,4,12,2,0,41,0,1,1,0,4,1,10,1,31,1,2,1,1,1,2,2,2,2,2,2,2,1,2,2,2,2,"Nebraska",0
"17612",310189,31,6379,41.19206944,-103.9321694,2,2,11,5,22,1,0,35,0,1,1,0,3,2,1,2,31,1,1,2,1,1,2,2,2,2,2,2,2,2,2,2,2,1,"Nebraska",0