"","ST_CASE","OBJECT_ID","FID","LATITUDE","LONGITUD","PERMVIT","PERSONS","MONTH","DAY_WEEK","HOUR","ROUTE","SP_JUR","HARM_EV","RELJCT1","RELJCT2","TYP_INT","WRK_ZONE","REL_ROAD","LGT_COND","WEATHER","FATALS","STATE","A_RU","A_INTER","A_TOD","A_DOW","A_CT","A_MC","A_SPCRA","A_PED","A_ROLL","A_POLPUR","A_POSBAC","A_D15_20","A_D65PLS","A_D21_24","A_HR","A_DIST","A_DROWSY","STATE_NAME","drunkDr"
"17613",310190,31,3961,42.39983611,-97.03498889,3,3,11,5,19,3,0,12,0,1,1,0,1,2,1,1,31,1,2,2,1,2,2,2,2,1,2,2,2,2,1,2,2,2,"Nebraska",0
"17614",310191,31,4631,42.02496111,-97.63088611,2,2,11,6,23,2,0,12,0,1,1,0,1,2,1,1,31,1,2,2,2,2,2,1,2,2,2,1,1,2,2,2,2,2,"Nebraska",1
"17615",310192,31,8169,40.50481111,-99.37960278,2,2,11,7,17,2,0,12,0,1,1,0,1,1,1,1,31,1,2,1,2,2,2,2,2,2,2,3,2,2,2,2,2,2,"Nebraska",0
"17616",310193,31,3321,42.828925,-102.2030111,3,3,11,4,19,3,0,12,0,2,2,0,1,2,1,1,31,1,2,2,1,2,2,1,2,1,2,1,1,2,2,2,2,2,"Nebraska",1
"17617",310194,31,6010,41.37954444,-99.637975,2,2,11,2,13,3,0,12,0,8,1,0,1,1,1,1,31,1,2,1,1,2,2,2,2,2,2,3,2,1,2,2,2,2,"Nebraska",0
"17618",310195,31,7052,40.84456389,-96.15911667,1,1,11,1,9,4,0,1,0,1,1,0,1,1,1,1,31,1,2,1,2,1,2,2,2,1,2,2,2,2,2,2,2,2,"Nebraska",0
"17619",310196,31,7885,40.62344167,-96.975325,2,2,11,5,16,3,0,12,0,1,1,0,1,5,12,1,31,2,2,1,1,2,2,1,2,2,2,2,2,1,2,2,2,2,"Nebraska",0
"17620",310197,31,6240,41.25951667,-96.07570278,5,5,11,7,23,1,0,31,1,5,1,0,3,3,10,1,31,2,1,2,2,1,2,2,2,2,2,3,1,2,2,2,2,2,"Nebraska",0
"17621",310198,31,7790,40.65096111,-97.34928889,4,4,12,5,15,2,0,12,0,2,2,0,1,1,1,1,31,1,2,1,1,2,2,2,2,2,2,2,2,2,2,2,1,2,"Nebraska",0
"17622",310199,31,7635,40.69255556,-99.37976389,1,1,12,5,99,2,0,8,0,1,1,0,1,2,1,1,31,1,2,3,1,1,2,2,1,2,2,3,2,2,2,1,2,2,"Nebraska",0
"17623",310200,31,8369,40.40693333,-96.00935833,3,3,12,5,20,3,0,12,0,2,2,0,1,2,1,2,31,1,2,2,1,2,2,2,2,1,2,3,2,2,2,2,2,2,"Nebraska",1
"17624",310201,31,8644,40.27170833,-96.746675,3,3,10,7,14,2,0,12,0,2,2,0,1,1,1,1,31,2,2,1,2,2,2,2,2,2,2,3,2,1,2,2,2,2,"Nebraska",0
"17625",310202,31,8656,40.26259444,-96.58518056,1,1,10,1,6,2,0,12,0,1,1,0,1,2,1,1,31,1,2,1,2,2,2,2,1,2,2,3,2,2,2,2,2,2,"Nebraska",0
"17626",310203,31,3501,42.68764722,-103.4101528,1,1,10,3,9,5,0,8,0,1,1,0,1,1,1,1,31,1,2,1,1,1,2,2,1,2,2,2,2,2,2,2,2,2,"Nebraska",0
"17627",310204,31,6075,41.33601667,-96.93758889,1,1,11,7,99,4,0,23,0,1,1,0,4,2,1,1,31,1,2,3,2,1,2,2,2,2,2,1,2,2,2,2,2,2,"Nebraska",1
"17628",310205,31,7164,40.81105833,-99.90039722,4,4,12,1,2,1,0,12,0,1,1,0,1,2,1,2,31,1,1,2,2,2,2,2,2,2,2,2,2,2,2,2,2,2,"Nebraska",0
"17629",310206,31,6354,41.20531111,-95.95315833,1,1,12,5,18,6,0,8,0,2,2,1,1,3,10,1,31,2,2,2,1,1,2,2,1,2,2,2,2,2,2,2,2,2,"Nebraska",0
"17630",310207,31,8337,40.42148333,-96.17997222,3,3,12,1,14,3,0,12,0,2,2,0,1,1,2,2,31,1,2,1,2,2,2,1,2,2,2,2,2,1,2,2,1,2,"Nebraska",0
"17631",310208,31,6148,41.30323056,-96.60239167,8,8,12,2,20,3,0,12,0,1,1,0,1,2,10,1,31,1,2,2,1,2,2,2,2,2,2,2,2,1,1,2,2,2,"Nebraska",0
"17632",310209,31,5558,41.57529167,-98.83559444,1,1,11,1,17,3,0,31,0,1,1,0,4,5,4,1,31,1,2,1,2,1,2,2,2,1,2,3,2,2,2,2,2,2,"Nebraska",0
"17633",310210,31,6692,41.01538889,-96.16685,2,2,12,1,99,3,0,31,0,1,1,0,4,2,1,1,31,1,2,3,2,1,2,2,2,1,2,1,1,2,2,1,2,2,"Nebraska",1
"17634",310211,31,6194,41.28285278,-96.10057222,2,2,12,4,21,6,0,42,0,1,1,0,4,3,1,1,31,2,2,2,1,1,2,1,2,2,2,2,1,2,2,2,2,2,"Nebraska",0
"17635",310212,31,8805,40.18390556,-98.33019167,2,2,12,4,16,3,0,32,0,1,1,0,4,1,1,1,31,1,2,1,1,1,2,2,2,1,2,2,2,1,2,2,2,2,"Nebraska",0
"17636",310213,31,4442,42.13623889,-96.37951389,2,2,12,1,99,2,0,24,0,1,1,0,4,1,1,2,31,1,2,3,2,1,2,2,2,1,2,1,2,2,1,2,2,2,"Nebraska",1
"17637",310214,31,8157,40.51043333,-98.02819722,4,4,12,3,99,4,0,35,0,1,1,0,4,2,1,2,31,1,2,3,1,1,2,1,2,1,2,2,1,2,2,2,2,2,"Nebraska",0
"17638",310215,31,8451,40.36553056,-99.26334444,1,1,12,3,3,4,0,32,0,1,1,0,4,2,1,1,31,1,2,2,1,1,2,2,2,1,2,1,1,2,2,2,2,2,"Nebraska",1
"17639",310216,31,6141,41.30640556,-95.96644167,1,1,10,5,2,6,0,14,0,1,1,4,1,3,1,1,31,2,2,2,1,1,2,2,2,2,2,3,2,2,2,2,2,2,"Nebraska",1
"17640",310217,31,6711,41.00306944,-97.10126944,3,3,12,5,7,3,0,12,0,2,2,0,1,4,4,2,31,1,2,1,1,2,2,2,2,2,2,2,2,2,2,2,2,2,"Nebraska",0
"17641",310218,31,6457,41.15093056,-95.96681944,3,3,12,4,7,4,0,12,0,3,3,0,1,4,4,1,31,1,2,1,1,2,2,2,2,2,2,2,2,2,1,2,2,2,"Nebraska",0
"17642",310219,31,6270,41.24875278,-96.02386667,5,5,12,4,12,6,0,12,0,2,2,0,1,1,1,1,31,2,2,1,1,3,2,2,2,2,2,3,2,1,2,2,2,2,"Nebraska",0
"17939",330001,33,3136,42.96698889,-71.47705,1,1,1,7,11,1,0,25,0,1,1,0,3,1,1,1,33,2,1,1,2,1,2,1,2,2,2,1,2,2,2,2,2,2,"New Hampshire",1
"17940",330002,33,1584,44.86614444,-71.5325,4,4,1,3,17,3,0,12,0,1,1,0,1,2,1,2,33,1,2,1,1,3,2,2,2,2,2,3,2,1,2,2,2,2,"New Hampshire",0
"17941",330003,33,3031,43.03386111,-70.78201944,2,2,1,2,5,2,0,8,0,2,2,0,1,3,12,1,33,2,2,2,2,2,2,2,1,2,2,3,2,2,2,2,2,2,"New Hampshire",0
"17942",330004,33,2346,43.67041944,-71.29263889,2,2,1,1,15,3,0,42,0,1,1,0,4,1,1,1,33,1,2,1,2,1,2,2,2,2,2,3,2,1,2,2,1,2,"New Hampshire",0
"17943",330005,33,2590,43.40003056,-71.64876667,3,3,1,6,11,6,0,12,0,1,1,0,1,1,4,1,33,1,2,1,1,2,2,1,2,2,2,2,2,2,2,2,2,2,"New Hampshire",0
"17944",330006,33,1845,44.44591111,-71.57855,3,3,2,2,13,2,0,12,0,1,1,0,1,1,4,1,33,1,2,1,1,3,2,1,2,2,2,3,2,2,2,2,2,2,"New Hampshire",0
"17945",330007,33,2790,43.17689722,-71.72711111,5,5,2,1,3,3,0,12,0,1,1,0,1,2,4,1,33,1,2,2,2,2,2,1,2,2,2,2,1,2,2,2,2,2,"New Hampshire",0
"17946",330008,33,3093,42.99798333,-71.08008056,2,2,2,3,21,3,0,12,0,1,1,0,1,2,1,1,33,2,2,2,1,2,2,2,2,2,2,3,2,2,2,2,2,2,"New Hampshire",0
"17947",330009,33,2580,43.40545556,-71.00630278,5,5,2,5,20,3,0,12,0,1,1,0,1,2,10,3,33,1,2,2,1,2,2,1,2,2,2,2,2,2,2,2,2,2,"New Hampshire",0
"17948",330010,33,2533,43.46814444,-71.50628889,5,5,3,2,20,6,0,17,0,1,1,0,4,2,1,1,33,1,2,2,1,1,2,1,2,1,2,2,2,2,2,2,2,2,"New Hampshire",0
"17949",330011,33,3254,42.89359444,-71.47221944,3,3,3,6,20,8,0,48,0,1,1,0,4,3,1,1,33,1,2,2,2,1,2,1,2,1,2,2,2,2,2,2,2,2,"New Hampshire",0
"17950",330012,33,2019,44.16555833,-71.22046389,1,1,3,3,15,3,0,48,0,1,1,0,4,1,1,1,33,1,2,1,1,1,2,2,2,1,2,2,2,1,2,2,2,2,"New Hampshire",0
"17951",330013,33,2821,43.15111389,-70.94866667,2,2,3,6,13,2,0,12,0,1,1,0,1,1,10,1,33,1,2,1,1,2,2,2,2,2,2,3,2,1,2,2,2,2,"New Hampshire",0
"17952",330014,33,2970,43.06714722,-71.16828056,1,1,4,7,23,6,0,1,0,1,1,0,1,2,1,1,33,1,2,2,2,1,2,1,2,1,2,1,2,2,2,2,2,2,"New Hampshire",1
"17953",330015,33,3147,42.96027778,-70.86115278,1,1,4,2,10,3,0,42,1,5,1,0,4,1,1,1,33,2,2,1,1,1,2,1,2,2,2,2,2,2,2,2,2,2,"New Hampshire",0
"17954",330016,33,2712,43.23488889,-71.53764722,1,1,4,5,13,1,0,24,1,5,1,0,4,1,10,1,33,2,1,1,1,1,2,2,2,1,2,2,2,2,2,2,2,2,"New Hampshire",0
"17955",330017,33,2842,43.13654444,-71.01776667,1,1,4,5,17,3,0,39,0,1,1,0,4,1,1,1,33,1,2,1,1,1,2,1,2,1,2,3,2,2,2,2,2,2,"New Hampshire",0
"17956",330018,33,2775,43.18439444,-71.49377222,1,1,5,1,16,2,0,24,0,1,1,0,4,1,1,1,33,2,2,1,2,1,1,1,2,2,2,1,2,2,2,2,2,2,"New Hampshire",1
"17957",330019,33,2530,43.46981111,-71.53098056,6,6,5,2,21,6,0,12,0,8,1,0,1,2,1,1,33,1,2,2,1,2,1,1,2,2,2,1,2,1,2,2,2,2,"New Hampshire",1
"17958",330020,33,3145,42.96260556,-70.85585556,1,1,5,2,13,1,0,25,0,1,1,0,1,1,1,1,33,2,1,1,1,1,2,2,2,2,1,2,2,1,2,2,2,2,"New Hampshire",0
"17959",330021,33,2923,43.08965,-71.23786944,1,1,5,1,6,6,0,42,0,1,1,0,4,1,1,1,33,1,2,1,2,1,2,2,2,2,2,2,2,1,2,2,2,2,"New Hampshire",0
"17960",330022,33,3199,42.92618333,-71.28662222,3,3,5,5,18,3,0,12,0,2,3,0,1,1,1,1,33,2,2,2,1,2,1,2,2,2,2,1,2,2,2,2,2,2,"New Hampshire",1
"17961",330023,33,3390,42.76214722,-71.232375,1,1,5,7,19,1,0,24,1,5,1,0,4,5,1,1,33,2,1,2,2,1,2,1,2,1,2,1,2,2,2,2,2,2,"New Hampshire",1
"17962",330024,33,2648,43.32023333,-70.99686667,1,1,5,5,0,3,0,9,0,1,1,0,2,3,1,1,33,2,2,2,1,1,2,2,2,2,2,3,2,2,2,1,2,2,"New Hampshire",0
"17963",330025,33,3053,43.01968889,-71.59363333,1,1,5,6,0,6,0,31,0,1,1,0,5,3,1,1,33,1,2,2,1,1,1,1,2,2,1,1,2,2,2,2,2,2,"New Hampshire",1
"17964",330026,33,2621,43.34963611,-71.49265833,2,2,5,2,20,5,0,42,0,1,1,0,4,2,1,1,33,1,2,2,1,1,2,1,2,2,2,1,2,2,1,2,2,2,"New Hampshire",1
"17965",330027,33,3203,42.92143611,-71.44126667,2,2,5,6,7,5,0,12,0,8,1,0,1,1,1,1,33,2,2,1,1,2,1,2,2,2,2,2,2,2,2,2,2,2,"New Hampshire",0
"17966",330028,33,3375,42.77756111,-71.51776389,1,1,5,3,18,5,0,30,0,1,1,0,4,1,1,1,33,2,2,2,1,1,1,1,2,2,2,1,2,2,2,2,2,2,"New Hampshire",1
"17967",330029,33,2039,44.132925,-72.03111389,1,1,5,5,18,5,0,35,0,1,1,0,4,1,1,1,33,1,2,2,1,1,1,1,2,2,2,1,2,2,2,2,2,2,"New Hampshire",1
"17968",330030,33,2644,43.32436389,-71.245,1,1,5,4,22,3,0,30,0,1,1,0,4,2,2,1,33,1,2,2,1,1,2,1,2,2,2,1,1,2,2,2,2,2,"New Hampshire",1
"17969",330031,33,3041,43.02852222,-71.17151944,1,1,6,1,18,3,0,24,0,1,1,0,4,1,1,1,33,1,2,2,2,1,2,1,2,1,2,2,1,2,2,2,1,2,"New Hampshire",0
"17970",330032,33,3202,42.92186667,-71.43223889,2,2,6,6,12,6,0,12,0,1,1,0,1,1,1,1,33,2,2,1,1,2,1,2,2,2,2,2,2,1,2,2,2,2,"New Hampshire",0
"17971",330033,33,3410,42.74508056,-71.20100278,2,2,6,3,18,3,0,12,0,8,1,0,1,1,1,1,33,2,2,2,1,2,2,1,2,2,2,1,2,2,2,2,2,2,"New Hampshire",1
"17972",330034,33,2982,43.06266944,-70.97124444,1,1,6,5,14,5,0,8,0,1,1,0,4,1,1,1,33,1,2,1,1,1,2,1,1,2,2,2,2,2,2,1,2,2,"New Hampshire",0
"17973",330035,33,3000,43.04875,-71.68736111,3,3,7,6,0,3,0,32,0,1,1,0,4,2,1,1,33,1,2,2,1,1,2,1,2,1,1,1,1,2,2,2,2,2,"New Hampshire",1
"17974",330036,33,3304,42.84878611,-71.04655556,2,2,5,2,15,5,0,42,0,1,1,0,4,1,1,2,33,2,2,1,1,1,2,2,2,2,2,3,2,1,2,2,2,2,"New Hampshire",0
"17975",330037,33,2585,43.40286111,-71.38620278,3,3,6,7,17,3,0,12,0,1,1,0,1,1,10,1,33,1,2,1,2,2,1,2,2,2,2,3,2,2,2,2,2,2,"New Hampshire",0
"17976",330038,33,2879,43.11235278,-71.47518611,1,1,7,2,11,3,0,15,0,1,1,0,4,1,1,1,33,2,2,1,1,1,2,2,2,2,2,2,2,2,2,2,1,2,"New Hampshire",0
"17977",330039,33,2000,44.20978889,-71.24174444,2,2,7,3,17,3,0,11,0,1,1,0,1,1,2,1,33,1,2,1,1,1,2,2,2,2,2,2,2,1,2,2,2,2,"New Hampshire",0
"17978",330040,33,3108,42.98966667,-71.43735556,1,1,7,6,22,6,0,9,0,2,3,0,1,2,1,1,33,2,2,2,2,1,2,2,2,2,2,3,2,2,2,2,2,2,"New Hampshire",0
"17979",330041,33,1995,44.21481667,-71.91114167,3,3,7,4,20,5,0,15,0,1,1,0,1,5,1,1,33,1,2,2,1,1,2,2,2,2,2,2,2,2,2,2,2,2,"New Hampshire",0
"17980",330042,33,2675,43.27117778,-71.46241667,1,1,7,6,17,5,0,30,0,1,1,0,4,1,1,1,33,1,2,1,1,1,1,1,2,2,2,1,2,2,2,2,2,2,"New Hampshire",1
"17981",330043,33,3388,42.76470556,-71.23575556,2,2,7,2,15,1,0,12,0,1,1,0,1,1,1,1,33,2,1,1,1,2,1,1,2,2,2,3,1,2,2,2,2,2,"New Hampshire",0
"17982",330044,33,3387,42.76575833,-71.67425,4,4,7,3,18,3,0,12,0,1,1,0,1,1,1,3,33,1,2,2,1,3,1,2,2,2,2,2,2,2,2,2,2,2,"New Hampshire",0
"17983",330045,33,2273,43.76901389,-71.69260556,3,3,7,6,14,3,0,12,0,1,1,0,1,1,1,1,33,1,2,1,1,2,2,2,2,2,2,3,2,1,2,2,1,2,"New Hampshire",0
"17984",330046,33,2610,43.36134722,-72.32023333,1,1,7,1,19,6,0,16,0,1,1,0,1,1,2,1,33,2,2,2,2,1,2,2,2,2,2,1,2,2,1,2,2,2,"New Hampshire",1
"17985",330047,33,3059,43.01553333,-71.02111944,1,1,7,4,13,3,0,9,0,1,1,2,1,1,1,1,33,2,2,1,1,1,2,2,2,2,2,2,2,2,2,2,2,2,"New Hampshire",0
"17986",330048,33,2512,43.49760556,-71.62597222,1,1,7,6,22,3,0,1,0,3,4,0,1,2,1,1,33,1,2,2,2,1,2,1,2,1,2,1,2,2,1,2,2,2,"New Hampshire",1
"17987",330049,33,2727,43.22049444,-71.48281667,3,3,7,6,15,3,0,54,0,3,3,0,1,1,1,1,33,2,2,1,1,2,1,2,2,2,2,2,2,2,2,2,2,2,"New Hampshire",0
"17988",330050,33,2205,43.86921389,-71.61291944,1,1,7,5,18,5,0,35,0,1,1,0,4,1,10,1,33,1,2,2,1,1,1,1,2,2,2,2,1,2,2,2,2,2,"New Hampshire",0
"17989",330051,33,2603,43.37759444,-71.02790278,1,1,7,5,17,6,0,11,0,1,1,0,1,1,10,1,33,1,2,1,1,1,1,2,2,2,2,2,2,2,2,2,2,2,"New Hampshire",0
"17990",330052,33,3246,42.90101389,-72.45988889,5,5,8,1,19,3,0,12,0,2,2,0,1,1,1,1,33,1,2,2,2,2,2,2,2,2,2,3,2,1,2,2,2,2,"New Hampshire",0
"17991",330053,33,3201,42.9223,-72.28771667,2,2,8,1,21,3,0,8,0,1,1,0,1,2,1,1,33,2,2,2,2,1,2,2,1,2,2,2,2,2,2,2,2,2,"New Hampshire",0
"17992",330054,33,3188,42.93440278,-71.27723611,4,4,8,7,14,3,0,12,0,1,1,0,1,1,1,1,33,1,2,1,2,3,2,1,2,2,2,1,2,1,2,2,1,2,"New Hampshire",1
"17993",330055,33,2707,43.24024722,-70.86277222,2,2,8,2,17,6,0,12,0,2,3,0,1,1,1,1,33,2,2,1,1,2,1,2,2,2,2,1,2,2,2,2,2,2,"New Hampshire",1
"17994",330056,33,3476,42.69921944,-71.38825,2,2,8,4,17,6,0,12,0,1,1,0,1,1,1,1,33,2,2,1,1,2,1,2,2,2,2,3,2,2,2,2,1,2,"New Hampshire",0
"17995",330057,33,2702,43.24236111,-72.00592222,1,1,8,2,6,6,0,34,0,1,1,0,4,1,1,1,33,1,2,1,1,1,1,2,2,2,2,3,2,1,2,2,2,2,"New Hampshire",0
"17996",330058,33,3264,42.88526667,-71.480025,1,1,8,5,13,8,0,25,0,5,1,0,1,1,1,1,33,2,2,1,1,1,2,1,2,2,2,1,2,2,2,2,2,2,"New Hampshire",1
"17997",330059,33,3047,43.02335556,-71.54140278,2,2,8,6,1,6,0,30,0,1,1,0,4,2,1,1,33,2,2,2,1,1,2,1,2,2,1,2,2,2,1,2,2,2,"New Hampshire",0
"17998",330060,33,3297,42.85631389,-71.66648056,1,1,8,6,19,6,0,30,0,1,1,0,4,1,1,1,33,1,2,2,2,1,2,1,2,1,2,1,2,2,2,2,2,2,"New Hampshire",1
"17999",330061,33,2143,43.99751667,-71.35828889,1,1,8,6,18,3,0,11,0,1,1,0,1,1,1,1,33,1,2,2,2,1,1,2,2,2,2,1,2,2,2,2,2,2,"New Hampshire",1
"18000",330062,33,2948,43.0774,-70.77765833,2,2,9,3,15,1,0,1,0,1,1,0,1,1,1,1,33,2,1,1,1,1,2,1,2,1,2,2,2,2,1,2,2,2,"New Hampshire",0
"18001",330063,33,2617,43.35608889,-72.3578,1,1,9,6,20,3,0,8,0,1,1,0,4,5,1,1,33,2,2,2,2,1,2,1,1,2,2,2,2,2,1,2,2,2,"New Hampshire",0
"18002",330064,33,3155,42.95653333,-71.48190278,3,3,9,7,18,6,0,1,0,1,1,0,1,1,1,1,33,2,2,2,2,1,2,1,2,1,2,1,2,2,2,2,2,2,"New Hampshire",1
"18003",330065,33,3420,42.73931111,-71.51738611,2,2,9,1,20,3,0,12,0,1,1,0,1,3,1,1,33,2,2,2,2,2,1,2,2,2,2,1,2,2,1,2,2,2,"New Hampshire",1
"18004",330066,33,2088,44.06554722,-71.68931111,1,1,9,5,21,1,0,11,0,1,1,0,1,2,1,1,33,1,1,2,1,1,2,2,2,2,2,2,2,2,2,2,2,2,"New Hampshire",0
"18005",330067,33,2144,43.99551944,-71.67044444,1,1,9,7,2,1,0,17,0,1,1,0,4,2,1,1,33,1,1,2,2,1,2,1,2,1,2,1,2,2,1,2,2,2,"New Hampshire",1
"18006",330068,33,3014,43.04090278,-71.422,2,2,9,5,16,3,0,12,0,3,4,0,1,1,1,1,33,2,2,1,1,2,1,1,2,2,2,2,2,2,2,2,2,2,"New Hampshire",0
"18007",330069,33,2564,43.41821389,-71.14664167,3,3,9,7,8,3,0,12,0,1,1,0,1,1,1,2,33,1,2,1,2,2,2,2,2,2,2,2,2,1,1,2,2,2,"New Hampshire",0
"18008",330070,33,1894,44.36533889,-71.17522778,1,1,9,2,2,3,0,42,0,1,1,0,4,2,1,1,33,1,2,2,2,1,2,1,2,1,2,1,2,2,2,2,2,2,"New Hampshire",1
"18009",330071,33,2686,43.25974444,-71.27166111,2,2,9,2,22,3,0,1,0,1,1,2,4,2,1,1,33,1,2,2,1,1,2,1,2,1,2,2,1,2,2,2,1,2,"New Hampshire",0
"18010",330072,33,2708,43.239525,-71.36421389,2,2,10,2,9,3,0,5,0,1,1,0,1,1,1,1,33,1,2,1,1,1,1,2,2,2,2,2,2,2,2,2,2,2,"New Hampshire",0
"18011",330073,33,2796,43.17598056,-71.55943056,2,2,9,4,10,1,0,12,0,1,1,0,1,1,1,1,33,2,1,1,1,2,2,2,2,1,2,2,2,2,2,2,2,2,"New Hampshire",0
"18012",330074,33,1883,44.38144722,-71.41771944,3,3,10,5,20,3,0,35,0,3,3,0,4,2,2,2,33,1,2,2,1,1,2,2,2,2,2,2,2,1,2,2,2,1,"New Hampshire",0
"18013",330075,33,2367,43.64976944,-71.19611944,1,1,10,7,22,6,0,42,0,1,1,0,4,3,1,1,33,1,2,2,2,1,2,1,2,1,2,1,2,2,2,2,2,2,"New Hampshire",1
"18014",330076,33,3069,43.0097,-71.46605556,2,2,10,2,18,6,0,12,0,2,2,0,1,2,1,1,33,2,2,2,1,2,1,2,2,2,2,3,2,1,2,2,2,2,"New Hampshire",0
"18015",330077,33,3247,42.89919167,-71.33761111,2,2,10,3,16,3,0,12,0,2,4,0,1,1,1,1,33,2,2,1,1,2,2,2,2,2,2,3,2,2,2,2,2,2,"New Hampshire",0
"18016",330078,33,2611,43.36096944,-72.20617778,1,1,10,6,0,3,0,42,0,1,1,0,4,2,1,1,33,1,2,2,1,1,2,1,2,2,2,2,2,2,2,2,1,2,"New Hampshire",0
"18017",330079,33,3364,42.78660833,-71.26544167,2,2,10,1,3,1,0,1,0,1,1,0,3,2,10,2,33,2,1,2,2,1,2,1,2,1,2,1,2,2,1,2,2,2,"New Hampshire",1
"18018",330080,33,1974,44.24824167,-71.60979167,1,1,10,4,11,2,0,30,0,1,1,0,4,1,1,1,33,1,2,1,1,1,2,2,2,2,2,3,2,1,2,2,2,2,"New Hampshire",0
"18019",330081,33,3089,43.00076111,-71.65593333,1,1,11,1,1,6,0,42,0,1,1,0,4,2,10,1,33,1,2,2,2,1,2,1,2,2,2,1,2,2,2,2,2,2,"New Hampshire",1
"18020",330082,33,3019,43.03881111,-70.81278056,2,2,10,6,9,6,0,12,0,8,1,0,1,1,1,1,33,2,2,1,1,2,2,1,2,2,2,3,2,1,2,2,2,2,"New Hampshire",0
"18021",330083,33,2730,43.2182,-71.036625,1,1,11,1,16,3,0,53,0,1,1,0,4,1,1,1,33,1,2,1,2,1,2,2,2,2,2,1,2,2,2,2,2,2,"New Hampshire",1
"18022",330084,33,2522,43.48355,-71.60961944,2,2,11,3,19,6,0,35,0,1,1,0,4,5,1,1,33,1,2,2,1,1,2,1,2,1,2,1,2,2,1,2,2,2,"New Hampshire",1
"18023",330085,33,2941,43.08022222,-71.97854167,3,3,11,7,18,3,0,12,0,1,1,0,1,2,1,2,33,1,2,2,2,2,2,2,2,2,2,2,1,1,2,2,2,1,"New Hampshire",0
"18024",330086,33,1872,44.40198889,-71.47157778,1,1,11,1,1,6,0,30,0,1,1,0,4,2,10,1,33,1,2,2,2,1,2,1,2,1,2,1,2,2,1,2,1,2,"New Hampshire",1
"18025",330087,33,3114,42.98724444,-71.45738611,6,6,11,1,4,6,0,12,0,2,2,0,1,3,1,1,33,2,2,2,2,2,2,1,2,2,2,1,2,2,2,2,2,2,"New Hampshire",1
"18026",330088,33,3177,42.94038333,-70.83809722,2,2,11,4,23,2,0,5,0,1,1,0,1,3,10,1,33,2,2,2,1,1,1,1,2,2,2,1,2,2,2,2,2,2,"New Hampshire",1
"18027",330089,33,3261,42.88836944,-71.28693889,1,1,12,4,9,6,0,42,0,1,1,0,4,1,2,1,33,2,2,1,1,1,2,1,2,2,2,2,2,2,2,2,2,2,"New Hampshire",0
"18028",330090,33,2556,43.43126944,-70.98169167,1,1,11,3,15,6,0,42,0,3,3,0,4,1,1,1,33,1,2,1,1,1,2,2,2,2,2,3,2,1,2,2,2,2,"New Hampshire",0
"18029",330091,33,2033,44.14389444,-72.02992222,1,1,12,5,6,2,0,8,0,1,1,0,1,2,2,1,33,2,2,1,1,1,2,2,1,2,2,2,2,2,2,2,2,2,"New Hampshire",0
"18030",330092,33,2783,43.17904722,-71.75401389,2,2,12,2,14,3,0,12,0,1,1,0,1,1,1,1,33,1,2,1,1,2,2,1,2,2,2,3,2,2,2,2,2,2,"New Hampshire",0
"18031",330093,33,3123,42.97775,-70.90686389,1,1,12,7,15,3,0,24,0,1,1,0,3,1,1,1,33,2,2,1,2,1,2,1,2,1,1,2,2,2,2,2,2,2,"New Hampshire",0
"18032",330094,33,3099,42.99508056,-71.46021389,1,1,12,7,21,6,0,8,0,1,1,0,1,3,10,1,33,2,2,2,2,1,2,2,1,2,2,2,1,2,2,2,2,2,"New Hampshire",0
"18033",330095,33,2944,43.07923056,-70.93618333,0,0,12,5,14,6,0,8,0,1,1,0,1,1,1,1,33,2,2,1,1,1,2,2,1,2,2,2,2,2,2,2,2,2,"New Hampshire",0
"18034",330096,33,3315,42.83905833,-71.73109722,2,2,12,7,16,3,0,12,0,1,1,0,1,5,1,2,33,1,2,1,2,2,2,2,2,2,2,2,2,1,2,2,2,2,"New Hampshire",0
"18035",330097,33,3253,42.894425,-70.87977778,1,1,12,1,19,1,0,24,0,1,1,0,3,2,1,1,33,2,1,2,2,1,2,1,2,2,1,2,2,2,2,2,2,2,"New Hampshire",0
"18036",330098,33,3393,42.75860833,-71.46416667,1,1,12,5,9,3,0,19,0,1,1,0,5,1,10,1,33,2,2,1,1,1,2,1,2,2,2,3,2,1,2,2,2,2,"New Hampshire",0
"18037",330099,33,2789,43.17695278,-71.82201667,3,3,12,4,8,6,0,12,0,2,3,0,1,1,5,1,33,1,2,1,1,2,2,2,2,2,2,2,2,1,2,2,1,2,"New Hampshire",0
"18038",330100,33,2720,43.22685278,-71.36125833,1,1,12,5,17,3,0,8,0,1,1,0,1,2,5,1,33,1,2,1,1,1,2,2,1,2,2,2,2,2,2,2,2,2,"New Hampshire",0
"18039",330101,33,2438,43.59321944,-71.03184444,7,7,12,3,19,3,0,12,0,1,1,0,1,2,4,1,33,1,2,2,1,2,2,1,2,2,2,3,2,2,2,2,2,2,"New Hampshire",0
"18040",330102,33,2769,43.18831389,-70.81988611,1,1,12,4,11,3,0,24,0,1,1,0,3,1,10,1,33,2,2,1,1,1,2,1,2,2,2,2,2,2,2,2,1,2,"New Hampshire",0