"","ST_CASE","OBJECT_ID","FID","LATITUDE","LONGITUD","PERMVIT","PERSONS","MONTH","DAY_WEEK","HOUR","ROUTE","SP_JUR","HARM_EV","RELJCT1","RELJCT2","TYP_INT","WRK_ZONE","REL_ROAD","LGT_COND","WEATHER","FATALS","STATE","A_RU","A_INTER","A_TOD","A_DOW","A_CT","A_MC","A_SPCRA","A_PED","A_ROLL","A_POLPUR","A_POSBAC","A_D15_20","A_D65PLS","A_D21_24","A_HR","A_DIST","A_DROWSY","STATE_NAME","drunkDr"
"18041",330103,33,1975,44.24785278,-71.76123333,2,2,12,4,13,1,0,12,0,1,1,0,1,1,10,1,33,1,1,1,1,2,2,2,2,2,2,3,2,2,2,2,2,2,"New Hampshire",0
"18042",340001,34,7702,40.67241944,-74.10625,2,2,1,6,23,3,0,12,0,3,3,0,1,3,1,1,34,2,2,2,2,2,1,2,2,2,2,2,2,2,2,1,2,2,"New Jersey",0
"18043",340002,34,8751,40.21751667,-74.75151389,1,1,1,1,0,3,0,33,0,1,1,0,4,3,1,1,34,2,2,2,2,1,2,1,2,2,2,1,2,2,1,2,2,2,"New Jersey",1
"18044",340003,34,6546,41.10291944,-74.26125556,2,2,1,4,20,6,0,12,0,1,1,0,1,2,1,1,34,2,2,2,1,2,2,1,2,2,2,1,2,2,2,2,2,2,"New Jersey",1
"18045",340004,34,10521,39.47648611,-74.58017778,4,4,1,7,18,4,0,12,0,2,2,0,1,3,2,1,34,2,2,2,2,2,2,2,2,1,2,3,2,2,2,2,1,2,"New Jersey",0
"18046",340005,34,8609,40.29176944,-74.77503889,1,2,1,5,2,1,0,14,0,1,1,0,2,2,1,1,34,2,1,2,1,1,2,2,2,2,2,1,2,2,2,2,2,2,"New Jersey",1
"18047",340006,34,8220,40.4757,-74.57658333,3,3,1,1,10,4,0,12,0,1,1,0,1,1,1,1,34,2,2,1,2,2,2,1,2,2,2,3,2,2,1,2,2,2,"New Jersey",0
"18048",340007,34,7994,40.58228056,-74.62226389,2,2,1,2,2,2,0,12,1,18,1,0,1,3,1,1,34,2,2,2,2,2,2,2,2,2,2,3,2,2,2,2,2,2,"New Jersey",0
"18049",340008,34,7527,40.71959444,-74.07805833,1,1,1,7,22,6,0,8,0,3,2,0,1,3,2,1,34,2,2,2,2,1,2,2,1,2,2,3,1,2,2,2,2,2,"New Jersey",0
"18050",340009,34,9402,39.94750556,-75.08744722,2,2,1,7,13,9,0,14,0,3,2,0,5,1,1,1,34,3,3,1,2,2,1,1,2,2,2,3,1,2,2,2,1,2,"New Jersey",0
"18051",340010,34,6788,40.95698056,-74.23399444,2,2,1,5,22,4,0,12,0,4,1,0,1,3,1,1,34,2,2,2,1,2,2,2,2,2,2,3,2,1,2,2,2,2,"New Jersey",0
"18052",340011,34,7969,40.59087222,-74.48450278,2,2,1,2,14,4,0,12,0,2,2,0,1,1,1,1,34,2,2,1,1,2,2,2,2,2,2,3,2,1,2,2,1,2,"New Jersey",0
"18053",340012,34,8720,40.23188611,-74.77836389,2,2,1,6,19,9,0,8,0,1,1,0,1,3,1,1,34,3,3,2,2,1,2,1,1,2,2,2,2,2,1,2,1,2,"New Jersey",0
"18054",340013,34,7670,40.68183611,-74.54584167,2,2,1,4,21,4,0,33,0,3,3,0,4,3,1,1,34,2,2,2,1,1,2,1,2,1,2,3,1,2,2,2,2,2,"New Jersey",0
"18055",340014,34,9153,40.03421111,-74.96910833,2,2,1,6,15,4,0,10,0,6,1,0,1,1,1,1,34,2,2,1,1,1,2,2,2,2,2,2,2,2,2,2,2,2,"New Jersey",0
"18056",340015,34,10408,39.54099167,-74.63351389,1,1,1,5,15,4,0,8,0,1,1,0,4,1,1,1,34,2,2,1,1,1,2,2,1,2,2,2,2,2,2,2,1,2,"New Jersey",0
"18057",340016,34,6959,40.88275556,-74.22502222,1,1,1,4,15,4,0,8,0,2,4,0,1,1,1,1,34,2,2,1,1,1,2,2,1,2,2,3,2,1,2,2,2,2,"New Jersey",0
"18058",340017,34,8905,40.13638333,-74.32277778,1,1,1,3,18,4,0,8,0,1,1,0,1,3,4,1,34,2,2,2,1,1,2,2,1,2,2,3,2,2,2,2,2,2,"New Jersey",0
"18059",340018,34,6877,40.91189167,-74.71361667,3,3,1,5,17,3,0,12,0,2,2,0,1,3,1,1,34,2,2,1,1,2,2,1,2,2,2,3,1,1,2,2,2,2,"New Jersey",0
"18060",340019,34,6702,41.00751111,-74.21000556,1,1,1,4,16,6,0,8,0,1,1,0,1,1,4,1,34,2,2,1,1,1,2,2,1,2,2,3,2,2,2,2,2,2,"New Jersey",0
"18061",340020,34,10124,39.68715278,-74.83390833,1,1,1,5,20,2,0,31,0,3,3,0,5,2,1,1,34,2,2,2,1,1,2,2,2,2,2,3,2,1,2,2,1,2,"New Jersey",0
"18062",340021,34,8365,40.40773889,-74.1984,1,1,1,7,2,8,0,24,1,19,1,0,3,2,1,1,34,2,2,2,2,1,2,2,2,2,2,1,2,1,2,2,2,2,"New Jersey",1
"18063",340022,34,9908,39.75284167,-75.13623889,1,1,1,1,8,3,0,59,0,1,1,0,4,1,2,1,34,2,2,1,2,1,2,1,2,2,2,2,2,2,1,2,2,2,"New Jersey",0
"18064",340023,34,10912,39.26616944,-74.64945,2,2,1,2,21,4,0,8,0,1,1,0,1,2,2,1,34,2,2,2,1,2,2,2,1,2,2,3,2,2,2,2,2,2,"New Jersey",0
"18065",340024,34,7476,40.73425833,-74.16641111,1,1,1,1,0,3,0,8,0,2,2,0,1,3,1,1,34,2,2,2,2,1,2,1,1,2,2,3,2,2,2,1,2,2,"New Jersey",0
"18066",340025,34,8011,40.57759167,-74.331225,6,6,1,1,22,8,0,12,0,1,1,0,1,2,1,1,34,2,2,2,2,3,2,2,2,2,2,3,2,1,1,1,1,2,"New Jersey",0
"18067",340027,34,7510,40.72471111,-74.30741111,1,1,2,3,15,4,0,8,0,2,2,0,1,1,1,1,34,2,2,1,1,1,2,2,1,2,2,3,2,2,2,2,2,2,"New Jersey",0
"18068",340028,34,9102,40.053025,-74.17895,2,2,1,2,13,3,0,8,0,2,2,0,1,1,1,1,34,2,2,1,1,1,2,2,1,2,2,3,2,1,2,2,2,2,"New Jersey",0
"18069",340029,34,9513,39.911425,-74.30063889,1,1,1,5,10,4,0,42,0,1,1,0,5,1,10,1,34,1,2,1,1,1,2,2,2,1,2,3,2,2,2,2,2,2,"New Jersey",0
"18070",340030,34,9546,39.89636111,-74.99085,3,3,1,5,7,8,0,42,0,1,1,0,5,4,4,3,34,2,2,1,1,1,2,2,2,2,2,2,2,2,2,2,2,2,"New Jersey",0
"18071",340031,34,6967,40.87900556,-74.15287222,1,1,1,6,16,3,0,33,0,3,3,0,4,1,1,1,34,2,2,1,1,1,2,1,2,2,2,3,2,2,2,2,2,2,"New Jersey",0
"18072",340032,34,9916,39.7507,-74.72701111,3,3,1,3,23,2,0,12,0,1,1,0,1,2,1,1,34,1,2,2,1,2,2,2,2,2,2,3,2,2,2,2,2,2,"New Jersey",0
"18073",340033,34,7920,40.60931944,-74.24880278,1,1,1,5,18,6,0,30,0,1,1,0,4,3,1,1,34,3,3,2,1,1,2,2,2,2,2,3,2,1,2,2,2,2,"New Jersey",0
"18074",340034,34,7008,40.86245278,-74.75083056,3,3,2,5,20,2,0,12,0,2,3,0,1,3,1,1,34,2,2,2,1,2,2,2,2,2,2,2,1,2,2,2,1,2,"New Jersey",0
"18075",340035,34,8049,40.56267222,-74.29995,3,3,2,1,11,2,0,12,0,2,2,0,1,1,1,1,34,2,2,1,2,2,2,1,2,2,2,3,2,2,2,2,2,2,"New Jersey",0
"18076",340036,34,10487,39.49279167,-74.60505278,1,1,2,6,1,4,0,8,0,1,1,0,1,3,1,1,34,1,2,2,1,1,2,2,1,2,2,1,2,2,2,2,1,2,"New Jersey",1
"18077",340037,34,7276,40.78223889,-74.05765278,2,2,2,7,3,4,0,33,0,1,1,0,4,2,1,1,34,2,2,2,2,1,2,1,1,1,2,1,1,2,2,2,2,2,"New Jersey",1
"18078",340038,34,9690,39.83776389,-74.93699167,1,1,1,7,8,4,0,31,0,3,3,0,4,1,1,1,34,2,2,1,2,1,2,1,2,2,2,2,2,1,2,2,2,2,"New Jersey",0
"18079",340039,34,8069,40.554625,-74.67223611,2,2,2,4,8,4,0,12,0,1,1,0,1,1,1,1,34,2,2,1,1,2,2,2,2,2,2,2,2,2,2,2,2,2,"New Jersey",0
"18080",340040,34,9637,39.8564,-75.02811944,3,3,2,2,5,2,0,12,0,3,2,0,1,3,1,1,34,2,2,2,2,2,2,1,2,2,2,3,2,2,2,2,2,2,"New Jersey",0
"18081",340041,34,9380,39.95327222,-74.517625,1,1,2,1,18,4,0,30,0,1,1,0,4,2,1,1,34,2,2,2,2,1,2,2,2,2,2,2,2,2,2,2,1,2,"New Jersey",0
"18082",340042,34,6923,40.896075,-74.634325,1,1,2,4,14,4,0,33,0,1,1,0,4,1,1,1,34,2,2,1,1,1,2,1,2,2,2,2,2,2,2,2,2,2,"New Jersey",0
"18083",340043,34,11482,38.99881944,-74.85109444,1,1,2,6,12,3,0,30,0,1,1,0,4,1,1,1,34,2,2,1,1,1,2,2,2,2,2,3,2,1,2,2,2,2,"New Jersey",0
"18084",340044,34,6576,41.08423056,-74.16843889,1,3,2,5,14,1,0,14,0,1,1,0,2,1,1,1,34,2,1,1,1,1,2,2,2,2,2,2,2,1,2,2,1,2,"New Jersey",0
"18085",340045,34,10590,39.43775,-75.1738,2,2,2,5,22,4,0,30,0,1,1,0,4,3,1,1,34,2,2,2,1,1,2,2,2,2,2,3,2,2,2,2,1,2,"New Jersey",0
"18086",340046,34,9605,39.870775,-74.99909444,3,3,1,3,8,4,0,12,0,3,3,0,1,1,4,1,34,2,2,1,1,3,2,2,2,2,2,3,2,1,2,2,2,2,"New Jersey",0
"18087",340047,34,8481,40.35015278,-74.62590833,3,3,2,1,14,6,0,42,0,1,1,0,5,1,1,2,34,1,2,1,2,1,2,2,2,2,2,2,2,2,2,2,2,2,"New Jersey",0
"18088",340048,34,6950,40.886,-74.55587778,1,1,2,6,20,6,0,8,0,2,2,0,1,3,1,1,34,2,2,2,2,1,2,2,1,2,2,2,2,2,2,2,2,2,"New Jersey",0
"18089",340049,34,10610,39.41617778,-74.55837778,2,2,2,7,22,8,0,42,0,1,1,0,5,2,1,1,34,2,2,2,2,1,2,2,2,2,2,2,2,2,2,2,1,2,"New Jersey",0
"18090",340050,34,6444,41.156425,-74.56210833,1,1,2,3,14,5,0,8,0,1,1,0,1,1,10,1,34,1,2,1,1,1,2,2,1,2,2,2,2,2,2,2,2,2,"New Jersey",0
"18091",340051,34,10612,39.41549167,-74.55477222,3,3,2,4,19,8,0,12,1,5,1,0,1,3,1,1,34,2,2,2,1,2,2,2,2,2,2,3,2,1,2,2,2,2,"New Jersey",0
"18092",340052,34,9230,40.00954167,-74.87125833,1,1,2,7,1,4,0,42,0,1,1,0,4,3,1,1,34,2,2,2,2,1,2,2,2,2,2,1,2,2,2,2,2,2,"New Jersey",1
"18093",340053,34,8023,40.57391944,-74.33613889,1,1,2,3,23,4,0,8,0,1,1,0,1,3,1,1,34,2,2,2,1,1,2,2,1,2,2,3,2,2,2,1,2,2,"New Jersey",0
"18094",340054,34,8291,40.43783056,-74.32689722,2,2,2,5,7,4,0,12,0,1,1,0,1,1,1,1,34,2,2,1,1,2,2,2,2,2,2,2,2,2,2,2,2,2,"New Jersey",0
"18095",340055,34,8317,40.42906667,-74.42231389,4,4,2,1,0,4,0,33,0,1,1,0,4,3,4,1,34,2,2,2,2,1,2,2,2,2,2,2,1,2,2,2,1,1,"New Jersey",0
"18096",340056,34,9029,40.08189722,-74.19948056,2,2,2,2,22,4,0,8,0,1,1,0,1,2,10,1,34,2,2,2,1,1,2,2,1,2,2,3,2,2,2,1,1,2,"New Jersey",0
"18097",340057,34,7561,40.71181944,-74.130925,1,1,3,2,17,6,0,8,0,4,1,0,1,1,1,1,34,2,2,1,1,1,2,2,1,2,2,3,2,2,2,1,2,2,"New Jersey",0
"18098",340058,34,7559,40.71215,-74.22615,1,1,2,4,0,1,0,48,1,19,1,0,2,2,1,1,34,2,1,2,1,1,2,2,2,1,2,1,2,2,2,2,1,2,"New Jersey",1
"18099",340059,34,8680,40.24860833,-74.73807222,2,2,3,7,22,2,0,8,0,3,3,0,1,2,2,1,34,2,2,2,2,1,2,2,1,2,2,2,2,1,2,2,2,2,"New Jersey",0
"18100",340060,34,7731,40.66736111,-74.63658056,4,4,3,4,9,1,0,24,0,1,1,0,4,1,10,1,34,2,1,1,1,2,2,2,2,2,2,3,1,2,2,2,1,2,"New Jersey",0
"18101",340061,34,8010,40.57761389,-74.58241111,1,1,3,4,19,2,0,9,0,1,1,0,1,2,1,1,34,2,2,2,1,1,2,2,2,2,2,3,2,2,2,2,2,2,"New Jersey",0
"18102",340062,34,10110,39.691675,-74.96181389,1,1,3,6,1,5,0,18,0,1,1,0,5,2,1,1,34,3,3,2,1,1,2,1,2,1,2,1,2,2,1,2,2,2,"New Jersey",1
"18103",340063,34,9123,40.04393889,-74.90740833,1,1,3,2,20,2,0,8,0,2,3,0,1,3,1,1,34,2,2,2,1,1,2,2,1,2,2,3,2,2,2,2,2,2,"New Jersey",0
"18104",340064,34,8315,40.42989722,-74.61738611,1,1,3,2,8,5,0,24,0,1,1,0,4,1,1,1,34,3,3,1,1,1,2,1,2,2,2,2,2,2,2,2,2,2,"New Jersey",0
"18105",340065,34,7819,40.64329167,-74.27231389,2,2,3,7,19,4,0,8,0,3,3,0,1,3,2,1,34,2,2,2,2,1,2,2,1,2,2,3,2,2,1,2,2,2,"New Jersey",0
"18106",340066,34,8183,40.49141111,-74.48277778,3,3,2,3,16,4,0,12,0,3,3,0,1,1,1,1,34,2,2,1,1,2,2,2,2,2,2,3,1,2,2,2,1,2,"New Jersey",0
"18107",340067,34,6910,40.90101111,-73.99950556,1,1,2,4,7,4,0,8,0,2,2,0,1,1,1,1,34,2,2,1,1,1,2,2,1,2,2,3,2,2,2,2,2,2,"New Jersey",0
"18108",340068,34,7326,40.769325,-74.14214722,1,1,3,4,20,5,0,8,0,2,2,0,1,2,1,1,34,3,3,2,1,1,2,2,1,2,2,3,2,2,2,2,1,2,"New Jersey",0
"18109",340069,34,9951,39.74113889,-75.04412778,1,1,1,3,22,2,0,8,0,1,1,0,1,2,1,1,34,2,2,2,1,1,2,2,1,2,2,3,2,2,2,2,2,2,"New Jersey",0
"18110",340070,34,10405,39.54523056,-74.72528889,2,2,3,6,13,8,0,14,0,1,1,0,2,1,4,2,34,1,2,1,1,1,2,1,1,2,2,2,2,2,2,2,2,2,"New Jersey",0
"18111",340071,34,10099,39.69529444,-75.02048333,1,1,3,3,21,4,0,8,0,3,3,0,1,2,1,1,34,2,2,2,1,1,2,2,1,2,2,3,2,2,2,2,2,2,"New Jersey",0
"18112",340072,34,11501,38.99253889,-74.92370278,1,1,3,2,6,4,0,41,0,1,1,0,5,1,10,1,34,2,2,1,1,1,2,2,2,2,2,2,2,2,2,2,2,2,"New Jersey",0
"18113",340073,34,7145,40.81600556,-73.98164167,2,2,3,7,21,4,0,8,0,1,1,0,1,3,1,1,34,2,2,2,2,1,2,2,1,2,2,3,2,2,2,2,2,2,"New Jersey",0
"18114",340074,34,10638,39.40201111,-75.01380278,1,1,3,1,16,3,0,42,0,1,1,0,3,1,3,1,34,2,2,1,2,1,2,1,2,2,2,2,1,2,2,2,2,2,"New Jersey",0
"18115",340075,34,7219,40.79820556,-74.01505556,1,1,3,2,23,4,0,8,0,3,3,0,1,3,1,1,34,2,2,2,1,1,2,2,1,2,2,3,2,2,2,2,2,2,"New Jersey",0
"18116",340076,34,7170,40.80923889,-74.45025,1,2,3,3,15,1,0,14,0,1,1,0,2,1,2,1,34,2,1,1,1,1,2,2,2,2,2,2,2,2,2,2,1,2,"New Jersey",0
"18117",340077,34,9523,39.90734167,-74.15495278,1,1,3,3,19,2,0,8,0,3,3,0,1,3,2,1,34,2,2,2,1,1,2,2,1,2,2,3,2,2,2,2,2,2,"New Jersey",0
"18118",340078,34,6908,40.90213889,-75.00683056,2,2,4,4,18,4,0,12,0,4,1,0,1,1,1,1,34,1,2,2,1,2,1,2,2,2,2,3,2,2,2,2,2,2,"New Jersey",0
"18119",340079,34,9266,39.99521111,-74.86878056,1,1,3,1,23,1,0,12,0,1,1,0,1,2,1,1,34,2,1,2,2,2,2,2,1,2,2,3,2,2,2,2,2,2,"New Jersey",0
"18120",340080,34,10331,39.58976111,-75.09885556,2,2,4,4,21,2,0,8,0,1,1,0,1,2,1,1,34,2,2,2,1,1,2,2,1,2,2,3,2,2,2,2,2,2,"New Jersey",0
"18121",340081,34,7001,40.86641111,-74.43793889,3,3,4,2,9,1,0,12,0,1,1,0,1,1,1,1,34,2,1,1,1,2,2,2,2,2,2,3,2,2,2,2,1,2,"New Jersey",0
"18122",340082,34,10114,39.69025278,-74.14400833,1,1,4,3,13,4,0,30,0,3,3,0,4,1,2,1,34,2,2,1,1,1,2,2,2,2,2,3,2,1,2,2,2,1,"New Jersey",0
"18123",340083,34,8476,40.35186389,-74.18556389,1,1,4,3,4,4,0,42,0,1,1,0,5,3,1,1,34,2,2,2,1,1,1,1,2,2,2,2,2,2,2,2,1,2,"New Jersey",0
"18124",340084,34,9014,40.08839444,-74.45606944,2,2,2,4,15,4,0,12,0,2,2,0,1,1,1,1,34,2,2,1,1,2,2,2,2,2,2,3,1,2,2,2,2,2,"New Jersey",0
"18125",340085,34,7633,40.69269167,-74.44286111,1,1,4,7,1,6,0,33,0,3,3,0,4,3,1,1,34,2,2,2,2,1,2,1,2,1,2,1,2,2,2,2,2,2,"New Jersey",1
"18126",340086,34,8767,40.20583611,-74.65100556,1,1,4,5,22,6,0,42,0,3,2,0,4,3,1,1,34,2,2,2,1,1,2,2,2,2,2,2,2,1,2,2,2,2,"New Jersey",0
"18127",340087,34,6996,40.86844167,-74.04208611,1,1,3,2,16,6,0,8,0,3,3,0,1,1,1,1,34,2,2,1,1,1,2,2,1,2,2,3,2,2,2,2,2,2,"New Jersey",0
"18128",340088,34,9845,39.7705,-75.11738889,2,2,4,7,5,3,0,8,0,1,1,0,1,2,1,1,34,2,2,2,2,1,2,2,1,2,2,3,2,1,2,2,2,2,"New Jersey",0
"18129",340089,34,8040,40.56654167,-74.61094722,1,1,3,6,21,6,0,8,0,4,1,0,1,3,1,1,34,2,2,2,2,1,2,2,1,2,2,3,2,2,2,1,1,2,"New Jersey",0
"18130",340090,34,7782,40.65368889,-74.18936944,1,1,4,1,21,9,0,1,0,1,1,0,1,2,1,1,34,3,3,2,2,1,2,2,2,1,2,1,2,2,2,2,2,2,"New Jersey",1
"18131",340091,34,9602,39.87191389,-74.93380556,2,2,4,4,19,4,0,12,0,4,1,0,1,5,2,1,34,2,2,2,1,2,2,2,2,2,2,3,2,2,2,2,2,2,"New Jersey",0
"18132",340092,34,9243,40.0037,-74.9817,3,3,2,6,22,2,0,33,0,1,1,0,4,3,1,1,34,2,2,2,2,1,2,1,2,2,2,2,1,2,2,2,2,2,"New Jersey",0
"18133",340093,34,8639,40.2765,-74.04513333,3,3,3,3,6,3,0,12,0,2,2,0,1,3,2,1,34,2,2,1,1,2,2,2,2,2,2,3,2,1,2,2,2,2,"New Jersey",0
"18134",340094,34,9055,40.07104167,-74.85473611,2,2,4,2,3,2,0,12,0,2,2,0,1,3,1,1,34,2,2,2,2,2,2,2,2,2,2,3,2,2,2,2,1,2,"New Jersey",0
"18135",340095,34,10512,39.48233889,-74.9461,1,1,4,4,23,4,0,31,0,1,1,0,4,3,1,1,34,2,2,2,1,1,2,1,2,2,2,1,2,2,2,2,2,2,"New Jersey",1
"18136",340096,34,6695,41.01335556,-74.172175,1,1,4,5,19,9,0,33,0,3,3,0,4,5,1,1,34,3,3,2,1,1,1,1,2,2,2,2,2,2,2,2,2,2,"New Jersey",0
"18137",340097,34,6900,40.90481944,-74.14603333,4,4,4,4,21,4,0,14,0,1,1,1,2,3,1,1,34,2,2,2,1,1,2,1,2,2,2,1,2,2,2,2,1,2,"New Jersey",1
"18138",340098,34,8008,40.57830556,-74.63365278,2,2,3,5,8,3,0,12,0,1,1,0,1,1,4,1,34,2,2,1,1,2,2,2,2,1,2,3,2,2,2,2,2,2,"New Jersey",0
"18139",340099,34,7297,40.77681944,-74.17050556,2,2,4,5,8,6,0,12,0,2,2,0,1,1,1,1,34,2,2,1,1,2,1,2,2,2,2,3,2,2,1,2,2,2,"New Jersey",0
"18140",340101,34,6750,40.98065556,-74.02723333,3,3,4,4,20,9,0,1,0,3,3,0,1,3,1,1,34,3,3,2,1,1,2,1,2,1,2,3,1,2,2,2,2,2,"New Jersey",0
"18141",340102,34,9196,40.02048333,-74.94513333,1,1,3,3,22,2,0,8,0,2,2,0,1,3,1,1,34,2,2,2,1,1,2,2,1,2,2,3,2,2,2,2,2,2,"New Jersey",0
"18142",340103,34,8600,40.29540278,-74.84531667,2,2,4,6,1,4,0,17,0,1,1,0,5,2,1,1,34,2,2,2,1,1,2,2,2,2,2,1,2,2,2,2,1,2,"New Jersey",1
"18143",340104,34,9735,39.81750278,-75.24864444,5,5,4,1,8,1,0,12,0,1,1,0,1,1,1,2,34,2,1,1,2,2,2,1,2,2,2,3,2,2,1,2,1,2,"New Jersey",0
"18144",340106,34,7657,40.68513611,-74.10363056,2,2,4,4,18,6,0,8,0,3,2,0,1,1,1,1,34,2,2,2,1,1,2,2,1,2,2,3,2,2,2,2,2,2,"New Jersey",0
"18145",340107,34,10764,39.33965833,-75.03009444,1,1,3,5,15,4,0,31,0,3,4,0,3,1,4,1,34,2,2,1,1,1,2,2,2,2,2,3,2,1,2,2,2,2,"New Jersey",0
"18146",340108,34,9251,40.001075,-74.26824444,3,3,3,4,17,5,0,12,0,2,2,0,1,1,1,1,34,2,2,1,1,2,2,2,2,2,2,3,2,1,2,2,2,2,"New Jersey",0
"18147",340109,34,9324,39.97620556,-74.13818889,2,2,3,4,19,4,0,8,0,3,3,0,1,2,2,1,34,2,2,2,1,1,2,2,1,2,2,2,2,2,1,2,2,2,"New Jersey",0
"18148",340110,34,9392,39.9502,-74.12678611,1,1,3,6,20,3,0,8,0,1,1,0,2,3,1,1,34,2,2,2,2,1,2,2,1,2,2,3,2,2,2,1,2,2,"New Jersey",0
"18149",340111,34,10593,39.43283889,-74.60717222,1,1,4,4,21,2,0,8,0,1,1,0,1,2,1,1,34,2,2,2,1,1,2,2,1,2,2,2,1,2,2,2,2,2,"New Jersey",0
"18150",340112,34,7431,40.74718333,-74.10723333,1,1,1,6,6,4,0,8,0,1,1,0,1,3,1,1,34,2,2,1,1,2,2,2,1,2,2,3,2,2,2,2,2,2,"New Jersey",0
"18151",340113,34,6720,40.99871389,-74.07031111,1,1,4,5,20,8,0,33,1,3,3,0,4,1,1,1,34,2,2,2,1,1,2,1,2,2,2,2,2,1,2,2,2,2,"New Jersey",0
"18152",340114,34,8727,40.22923056,-74.70729167,7,7,4,4,15,4,0,12,0,2,2,0,1,1,2,1,34,2,2,1,1,3,2,2,1,2,2,3,2,1,2,2,2,2,"New Jersey",0
"18153",340115,34,7807,40.64683889,-74.83006944,3,3,1,1,7,1,0,45,0,1,1,2,1,4,10,1,34,2,1,1,2,1,2,2,2,2,2,3,2,1,2,2,1,2,"New Jersey",0
"18154",340117,34,8870,40.14881944,-74.3439,4,4,5,1,10,4,0,12,0,2,2,0,1,1,1,1,34,2,2,1,2,2,2,2,2,2,2,3,2,1,2,2,2,2,"New Jersey",0
"18155",340118,34,10653,39.39340556,-74.64239444,2,2,5,6,1,4,0,53,0,1,1,0,5,2,1,1,34,2,2,2,1,1,2,1,2,1,2,1,2,2,1,2,1,2,"New Jersey",1
"18156",340119,34,9768,39.80085278,-75.05395,1,1,5,7,19,3,0,42,0,1,1,0,5,1,1,1,34,2,2,2,2,1,2,1,2,2,2,1,2,2,2,2,2,2,"New Jersey",1
"18157",340120,34,7093,40.83263056,-74.34234444,1,1,5,6,13,4,0,8,0,3,3,0,1,1,1,1,34,2,2,1,1,1,2,2,1,2,2,2,2,1,2,2,2,2,"New Jersey",0
"18158",340121,34,9473,39.92653056,-74.953425,1,1,5,1,20,3,0,8,0,2,2,0,1,5,1,1,34,2,2,2,2,1,2,2,1,2,2,3,2,1,2,2,2,2,"New Jersey",0
"18159",340122,34,7271,40.78376111,-74.04764167,3,3,2,4,12,3,0,50,1,18,1,0,1,1,1,1,34,2,2,1,1,2,2,2,2,2,2,3,2,2,2,2,2,2,"New Jersey",0
"18160",340123,34,7672,40.68152222,-74.20909722,1,1,5,1,9,3,0,14,0,3,3,0,4,1,1,1,34,2,2,1,2,1,2,2,2,1,2,2,2,2,2,2,2,2,"New Jersey",0
"18161",340124,34,8550,40.31818333,-74.08513889,1,1,5,1,20,4,0,33,0,3,3,0,4,3,1,1,34,2,2,2,2,1,1,1,2,2,2,1,2,2,2,2,2,2,"New Jersey",1
"18162",340125,34,10583,39.44186111,-74.52221944,8,8,1,6,22,2,0,8,0,1,1,0,1,3,1,1,34,2,2,2,2,3,2,2,1,2,2,3,2,2,1,1,2,2,"New Jersey",0
"18163",340126,34,9994,39.73081667,-75.01025278,2,2,5,4,10,4,0,12,0,4,1,0,1,1,1,1,34,2,2,1,1,2,2,1,2,2,2,3,2,1,2,2,1,2,"New Jersey",0
"18164",340127,34,8418,40.38170278,-74.81465,5,5,3,7,0,3,0,12,0,1,1,0,1,3,1,2,34,1,2,2,2,2,2,1,2,2,2,3,2,2,1,2,2,2,"New Jersey",0
"18165",340128,34,8087,40.54626944,-74.28586944,1,1,5,3,13,1,0,1,1,5,1,0,1,1,1,1,34,2,1,1,1,1,2,1,2,1,2,2,2,2,2,2,2,2,"New Jersey",0
"18166",340129,34,9928,39.74781944,-74.9104,2,2,3,4,5,3,0,12,0,8,1,0,1,2,5,1,34,2,2,2,1,2,2,2,2,2,2,2,2,1,2,2,1,2,"New Jersey",0
"18167",340130,34,7141,40.81818889,-74.02783889,1,1,5,4,1,1,0,8,0,1,1,0,1,2,10,2,34,2,1,2,1,1,2,2,1,2,2,3,2,2,2,2,2,2,"New Jersey",0
"18168",340131,34,8997,40.09547222,-74.49839722,2,2,5,6,9,4,0,12,0,1,1,0,1,1,1,1,34,2,2,1,1,2,2,2,2,2,2,2,2,2,2,2,2,1,"New Jersey",0
"18169",340132,34,8658,40.26254167,-74.44290833,1,1,3,6,3,3,0,8,0,1,1,0,1,2,1,1,34,1,2,2,1,1,2,2,1,2,2,2,2,2,2,2,2,2,"New Jersey",0
"18170",340133,34,6962,40.88140278,-74.06226389,2,2,4,3,11,4,0,12,0,3,2,0,1,1,1,1,34,2,2,1,1,2,2,2,2,2,2,3,2,1,2,2,2,2,"New Jersey",0
"18171",340134,34,6627,41.05611667,-74.60940556,2,2,5,5,5,4,0,12,0,1,1,0,1,1,1,1,34,1,2,2,1,2,2,2,2,2,2,2,2,2,2,2,1,2,"New Jersey",0
"18172",340135,34,9527,39.90653333,-75.11361111,5,5,3,2,17,1,0,24,0,1,1,0,3,1,1,1,34,2,1,1,1,3,2,1,2,2,2,3,1,2,2,2,2,2,"New Jersey",0
"18173",340136,34,8848,40.15876111,-74.6575,6,6,5,6,23,1,0,12,0,1,1,0,1,2,1,2,34,2,1,2,2,2,2,1,2,1,2,3,2,2,2,2,1,2,"New Jersey",0
"18174",340137,34,7129,40.82291944,-74.71838611,1,1,5,6,16,4,0,42,0,1,1,0,5,1,1,1,34,2,2,1,1,1,1,1,2,2,2,2,2,2,2,2,2,2,"New Jersey",0