"","ST_CASE","OBJECT_ID","FID","LATITUDE","LONGITUD","PERMVIT","PERSONS","MONTH","DAY_WEEK","HOUR","ROUTE","SP_JUR","HARM_EV","RELJCT1","RELJCT2","TYP_INT","WRK_ZONE","REL_ROAD","LGT_COND","WEATHER","FATALS","STATE","A_RU","A_INTER","A_TOD","A_DOW","A_CT","A_MC","A_SPCRA","A_PED","A_ROLL","A_POLPUR","A_POSBAC","A_D15_20","A_D65PLS","A_D21_24","A_HR","A_DIST","A_DROWSY","STATE_NAME","drunkDr"
"18310",340277,34,9639,39.85628056,-74.20274444,1,1,7,1,3,4,0,8,0,2,2,0,1,2,1,1,34,2,2,2,2,1,2,2,1,2,2,2,2,2,2,2,2,2,"New Jersey",0
"18311",340279,34,10647,39.39842778,-75.03280556,2,2,9,2,17,9,0,12,0,2,2,0,1,1,1,1,34,3,3,1,1,2,2,2,2,2,2,3,2,2,1,2,1,2,"New Jersey",0
"18312",340280,34,7576,40.70871944,-74.22884444,2,2,9,5,0,1,0,33,1,5,1,0,4,3,1,1,34,2,1,2,1,1,2,1,2,2,1,1,2,2,2,2,2,2,"New Jersey",1
"18313",340281,34,7788,40.65168056,-74.24325833,2,2,2,3,20,4,8,31,0,1,1,0,4,3,1,1,34,2,2,2,1,1,2,1,2,2,2,3,1,2,2,2,1,2,"New Jersey",0
"18314",340283,34,9471,39.9269,-74.74216944,2,2,8,5,13,2,0,8,0,1,1,0,2,1,1,2,34,2,2,1,1,1,2,2,1,1,2,2,2,2,2,2,2,2,"New Jersey",0
"18315",340284,34,9914,39.75098889,-75.13841944,2,2,8,1,17,3,0,1,0,1,1,0,3,1,1,1,34,2,2,1,2,1,2,2,2,1,2,3,1,2,2,2,2,2,"New Jersey",0
"18316",340285,34,10592,39.43538889,-75.04086111,1,1,8,7,21,3,0,8,0,1,1,0,1,2,1,1,34,2,2,2,2,1,2,2,1,2,2,2,1,2,2,1,1,2,"New Jersey",0
"18317",340286,34,7898,40.618775,-74.26480833,1,1,5,1,9,4,0,33,0,3,3,0,4,1,1,1,34,2,2,1,2,1,1,1,2,2,2,2,2,2,2,2,2,2,"New Jersey",0
"18318",340287,34,8857,40.15687778,-74.09961111,1,1,8,3,20,3,0,8,0,2,2,0,1,3,1,1,34,2,2,2,1,1,2,2,1,2,2,2,2,2,2,2,2,2,"New Jersey",0
"18319",340288,34,7376,40.75909167,-74.16911944,1,1,6,4,15,4,0,8,0,2,2,0,1,1,1,1,34,2,2,1,1,1,2,2,1,2,2,3,2,2,2,2,1,2,"New Jersey",0
"18320",340289,34,7309,40.77373889,-74.23363611,2,2,7,4,14,4,0,12,0,2,2,0,1,1,1,1,34,2,2,1,1,2,2,2,1,2,2,3,2,1,2,2,2,2,"New Jersey",0
"18321",340290,34,7160,40.81246667,-74.18345833,1,1,9,7,0,4,0,8,0,2,3,0,1,2,1,2,34,2,2,2,2,1,1,1,1,2,2,2,2,2,2,2,2,2,"New Jersey",0
"18322",340291,34,7468,40.73686389,-74.19902222,1,1,9,6,7,6,0,33,0,3,2,0,4,1,1,1,34,2,2,1,1,1,2,1,1,2,1,3,2,2,1,2,2,2,"New Jersey",0
"18323",340292,34,7999,40.58152222,-74.49224444,6,6,9,6,7,3,0,12,0,2,2,0,1,1,1,1,34,2,2,1,1,3,2,2,2,1,2,3,1,1,2,2,2,2,"New Jersey",0
"18324",340294,34,8693,40.24393056,-74.28070556,1,1,8,6,21,2,0,8,0,1,1,0,1,2,1,1,34,2,2,2,2,1,2,2,1,2,2,2,2,2,2,2,2,2,"New Jersey",0
"18325",340295,34,7098,40.82959722,-74.18548056,1,1,10,2,6,4,0,8,0,1,1,0,1,2,1,1,34,2,2,1,1,1,2,2,1,2,2,3,2,2,2,2,2,2,"New Jersey",0
"18326",340296,34,7445,40.74241667,-74.21404722,2,2,10,6,16,6,0,33,0,3,7,0,4,1,1,1,34,2,2,1,1,1,2,2,1,2,2,3,2,2,1,2,2,2,"New Jersey",0
"18327",340297,34,7191,40.80496667,-74.16290833,1,1,2,4,12,6,0,8,0,3,3,0,1,1,1,1,34,2,2,1,1,1,2,2,1,2,2,3,2,1,2,2,2,2,"New Jersey",0
"18328",340298,34,6386,41.18923889,-74.39082778,2,2,10,6,19,6,0,42,0,1,1,0,5,1,1,1,34,2,2,2,2,1,2,1,2,2,2,2,2,2,2,2,1,2,"New Jersey",0
"18329",340299,34,7682,40.67748611,-74.19708333,1,1,6,6,23,2,0,8,1,2,2,0,1,3,1,1,34,2,2,2,2,1,2,2,1,2,2,3,2,2,2,2,2,2,"New Jersey",0
"18330",340300,34,9185,40.024825,-74.27198333,2,2,10,7,21,4,0,8,0,1,1,0,1,2,1,1,34,2,2,2,2,1,2,2,1,2,2,2,2,1,2,2,2,2,"New Jersey",0
"18331",340301,34,10238,39.63945,-74.37018889,1,1,10,2,3,8,0,42,0,1,1,0,5,2,1,1,34,2,2,2,2,1,2,2,2,2,2,2,2,2,2,2,1,2,"New Jersey",0
"18332",340302,34,7470,40.73624444,-74.16689444,1,1,7,3,14,6,0,8,0,1,1,0,1,1,1,1,34,2,2,1,1,1,2,2,1,2,2,3,2,2,2,2,2,2,"New Jersey",0
"18333",340303,34,7719,40.66930278,-74.21574444,1,1,1,2,17,3,0,8,0,3,3,0,1,3,1,1,34,2,2,1,1,1,2,2,1,2,2,3,2,2,2,2,2,2,"New Jersey",0
"18334",340304,34,6925,40.89504167,-74.24751111,2,2,5,1,17,2,0,24,1,5,1,0,4,1,1,1,34,2,2,1,2,1,1,2,2,2,2,1,2,2,1,2,1,2,"New Jersey",1
"18335",340305,34,7606,40.69817778,-74.40226111,1,1,5,1,4,6,0,33,0,3,2,0,4,3,1,1,34,2,2,2,2,1,2,1,2,1,2,1,1,2,2,2,2,2,"New Jersey",1
"18336",340306,34,7857,40.63174444,-74.43020278,4,4,4,2,21,2,0,8,0,2,2,0,1,3,1,1,34,2,2,2,1,3,2,2,1,2,2,3,2,2,1,2,2,2,"New Jersey",0
"18337",340307,34,7220,40.79805,-74.2667,5,5,7,6,11,1,0,14,0,1,1,1,1,1,1,1,34,2,1,1,1,3,2,2,2,2,2,3,2,2,1,2,1,2,"New Jersey",0
"18338",340308,34,10724,39.3566,-74.9195,5,5,7,7,11,3,0,12,0,1,1,0,1,1,1,1,34,1,2,1,2,3,2,2,2,2,2,3,1,2,2,2,1,2,"New Jersey",0
"18339",340309,34,10111,39.69115833,-74.991625,4,4,7,7,17,4,0,12,0,2,2,0,1,1,1,1,34,2,2,1,2,2,1,2,2,2,2,1,2,2,2,2,2,2,"New Jersey",1
"18340",340310,34,7716,40.66995278,-74.18404722,2,2,7,7,2,3,0,12,1,18,1,0,1,2,1,1,34,2,2,2,2,2,2,1,2,2,1,3,2,2,2,1,2,2,"New Jersey",1
"18341",340311,34,8464,40.35791944,-74.61275,2,2,8,6,11,5,0,12,0,2,3,0,1,1,1,1,34,3,3,1,1,2,1,2,2,2,2,3,2,2,1,2,1,2,"New Jersey",0
"18342",340312,34,8212,40.47878333,-74.57919167,1,1,8,7,11,4,0,53,0,1,1,0,4,1,1,1,34,2,2,1,2,1,1,2,2,2,2,1,2,2,1,2,2,2,"New Jersey",1
"18343",340313,34,9614,39.86606944,-74.47021944,1,1,8,7,12,5,0,42,0,1,1,0,5,1,1,1,34,3,3,1,2,1,1,2,2,2,2,2,2,1,2,2,2,2,"New Jersey",0
"18344",340314,34,8638,40.27656667,-74.01726944,1,1,8,6,20,4,0,8,0,1,1,0,1,3,1,1,34,2,2,2,2,1,2,2,1,2,2,1,2,2,2,2,2,2,"New Jersey",1
"18345",340315,34,9503,39.9153,-74.54818056,1,1,8,1,17,9,0,42,0,1,1,0,5,1,1,1,34,3,3,1,2,1,1,2,2,2,2,2,2,2,2,2,1,2,"New Jersey",0
"18346",340316,34,8670,40.25386111,-74.36822222,1,1,8,3,22,3,0,8,0,2,2,0,1,3,1,1,34,2,2,2,1,1,2,2,1,2,2,2,2,2,2,2,1,2,"New Jersey",0
"18347",340317,34,9129,40.04266111,-74.23238056,2,2,8,4,12,3,0,12,0,2,2,0,1,1,1,1,34,2,2,1,1,2,2,2,2,2,2,3,2,1,2,2,2,2,"New Jersey",0
"18348",340318,34,6843,40.92846944,-74.11295,1,1,7,7,12,6,0,9,0,2,3,0,1,1,1,1,34,2,2,1,2,1,2,2,2,2,2,3,2,1,2,2,2,2,"New Jersey",0
"18349",340319,34,8927,40.12909722,-74.27511111,2,2,7,6,16,4,0,12,0,2,2,0,1,1,1,1,34,2,2,1,1,2,2,2,2,2,2,3,2,1,1,2,2,2,"New Jersey",0
"18350",340320,34,10485,39.49413611,-74.5977,3,3,8,5,19,2,0,12,0,1,1,0,1,5,1,1,34,2,2,2,1,3,2,2,2,2,2,3,2,2,2,2,2,2,"New Jersey",0
"18351",340321,34,7915,40.61219444,-74.22395833,2,2,8,3,10,1,0,12,0,1,1,0,1,1,1,1,34,2,1,1,1,2,2,2,2,2,2,3,2,2,2,2,2,2,"New Jersey",0
"18352",340322,34,7958,40.59413056,-74.66279722,4,4,8,4,6,2,0,12,0,2,2,0,1,1,1,2,34,2,2,1,1,2,2,2,2,2,2,3,2,1,2,2,2,2,"New Jersey",0
"18353",340323,34,6766,40.97101111,-75.1317,3,4,9,6,1,1,0,24,0,1,1,0,4,3,1,1,34,2,1,2,1,1,2,2,2,2,2,3,2,2,2,2,1,2,"New Jersey",0
"18354",340324,34,6914,40.90000833,-73.99538889,1,1,9,3,22,5,0,9,0,2,3,0,1,3,2,1,34,3,3,2,1,1,2,2,2,2,2,3,2,2,1,1,2,2,"New Jersey",0
"18355",340325,34,8622,40.28686111,-74.07865278,2,2,9,4,4,3,0,12,0,2,2,0,1,3,10,1,34,2,2,2,1,2,2,2,2,2,2,2,2,2,2,2,2,2,"New Jersey",0
"18356",340326,34,10345,39.58558889,-75.0868,1,1,9,7,10,4,0,58,0,1,1,0,1,1,1,1,34,2,2,1,2,1,1,2,2,2,2,3,2,1,2,2,2,2,"New Jersey",0
"18357",340327,34,10371,39.569725,-74.54860833,2,2,9,3,1,4,0,12,0,1,1,0,1,2,1,1,34,1,2,2,1,2,2,2,2,2,2,2,1,2,1,2,2,2,"New Jersey",0
"18358",340328,34,8041,40.56645556,-74.3324,1,1,9,4,4,3,0,8,0,2,2,0,1,3,1,1,34,2,2,2,1,1,2,2,1,2,2,2,2,1,2,2,2,2,"New Jersey",0
"18359",340329,34,10482,39.49466944,-75.05190556,6,6,10,6,18,9,0,12,0,2,2,0,1,3,1,1,34,3,3,2,2,2,2,2,2,1,2,3,2,2,2,2,2,2,"New Jersey",0
"18360",340330,34,9996,39.72901389,-75.04934167,3,3,6,2,13,4,0,12,0,1,1,0,1,1,1,1,34,2,2,1,1,2,2,2,2,2,2,2,2,2,2,2,2,2,"New Jersey",0
"18361",340331,34,8170,40.50416389,-74.39877778,6,6,6,7,23,2,0,12,0,2,2,0,1,3,2,1,34,2,2,2,2,3,2,2,2,2,2,1,2,1,2,2,1,2,"New Jersey",1
"18362",340332,34,6926,40.89495,-74.26013056,3,3,8,7,7,1,0,14,0,1,1,0,2,1,1,2,34,2,1,1,2,1,2,2,2,2,2,2,2,2,2,2,1,2,"New Jersey",0
"18363",340333,34,8094,40.54201111,-74.3981,1,1,9,5,10,9,0,8,0,3,2,0,1,1,1,1,34,3,3,1,1,1,2,2,1,2,2,2,2,2,1,2,2,2,"New Jersey",0
"18364",340334,34,8093,40.54271389,-74.40033333,1,1,9,1,10,4,0,9,0,1,1,0,1,1,1,1,34,2,2,1,2,1,2,2,2,2,2,2,2,2,2,2,2,2,"New Jersey",0
"18365",340335,34,6103,41.32348056,-74.72048056,2,2,9,5,12,4,0,52,0,1,1,0,4,1,1,1,34,1,2,1,1,1,2,1,2,2,2,3,2,2,1,2,1,2,"New Jersey",0
"18366",340336,34,6793,40.9527,-74.59643611,1,1,9,7,3,3,0,8,0,1,1,0,1,2,1,1,34,2,2,2,2,1,2,2,1,2,2,3,2,2,2,1,2,2,"New Jersey",0
"18367",340337,34,7838,40.63959444,-74.23137222,2,2,9,7,0,2,0,8,0,1,1,0,1,2,1,1,34,2,2,2,2,2,1,1,1,2,2,3,2,2,2,1,2,2,"New Jersey",0
"18368",340338,34,7903,40.61671111,-75.00421944,2,2,9,4,7,4,0,12,0,1,1,0,1,1,1,2,34,1,2,1,1,2,2,2,2,2,2,3,2,2,2,2,1,2,"New Jersey",0
"18369",340339,34,10133,39.68142222,-74.22834722,3,3,9,7,17,4,0,12,0,1,1,0,1,1,1,1,34,2,2,1,2,2,2,2,2,2,2,3,2,1,2,2,2,2,"New Jersey",0
"18370",340340,34,9732,39.82017778,-74.99464722,2,2,7,5,21,2,0,12,0,2,3,0,1,3,1,1,34,2,2,2,1,2,1,2,2,2,2,3,1,2,2,2,1,2,"New Jersey",0
"18371",340341,34,10604,39.42637778,-74.63842222,2,2,9,7,17,9,0,12,0,2,3,0,1,1,1,1,34,3,3,1,2,2,1,1,2,2,2,2,2,1,2,2,2,2,"New Jersey",0
"18372",340342,34,6338,41.21334167,-74.49201944,1,1,9,3,15,4,0,1,0,1,1,0,1,1,1,1,34,2,2,1,1,1,2,1,2,1,2,1,2,2,2,2,2,2,"New Jersey",1
"18373",340343,34,8699,40.24118056,-74.75140278,1,1,9,1,19,2,0,9,0,1,1,0,1,3,1,1,34,2,2,2,2,1,2,2,2,2,2,2,2,2,2,2,1,2,"New Jersey",0
"18374",340344,34,8731,40.22801389,-74.75660833,2,2,9,4,23,6,0,33,0,1,1,0,4,3,1,1,34,2,2,2,1,1,2,1,2,1,2,1,2,2,2,2,1,2,"New Jersey",1
"18375",340345,34,8987,40.10163056,-74.13938056,3,3,9,7,20,8,0,12,0,1,1,1,1,3,1,1,34,2,2,2,2,2,1,2,2,2,2,1,2,1,2,2,2,2,"New Jersey",1
"18376",340346,34,7304,40.77500556,-74.159075,2,2,4,7,14,4,0,8,0,3,2,0,1,1,1,1,34,2,2,1,2,1,2,2,1,2,2,3,2,2,2,2,2,2,"New Jersey",0
"18377",340347,34,10675,39.38216667,-74.49894722,2,2,7,4,21,2,0,8,0,3,3,0,1,3,1,1,34,2,2,2,1,1,2,2,1,2,2,3,2,2,1,2,2,2,"New Jersey",0
"18378",340348,34,9770,39.80013889,-75.02557778,3,3,10,6,8,4,0,1,0,1,1,0,1,1,1,2,34,2,2,1,1,2,2,1,2,1,2,3,2,2,1,2,2,2,"New Jersey",0
"18379",340349,34,9835,39.77310833,-74.84114444,2,2,10,5,7,4,0,12,0,1,1,0,1,1,1,1,34,2,2,1,1,2,1,1,2,1,2,2,2,2,2,2,1,2,"New Jersey",0
"18380",340350,34,9109,40.051325,-74.199425,7,7,10,6,15,9,0,12,0,4,1,0,1,1,1,1,34,3,3,1,1,2,2,2,2,2,2,2,2,1,2,2,1,2,"New Jersey",0
"18381",340351,34,7034,40.84982222,-74.0003,1,1,10,1,19,4,0,8,0,2,2,0,1,3,1,1,34,2,2,2,2,1,2,2,1,2,2,3,2,2,2,2,2,2,"New Jersey",0
"18382",340352,34,8690,40.24598056,-74.76400556,1,1,6,6,20,4,0,9,0,1,1,0,1,3,1,1,34,2,2,2,2,1,2,2,2,2,2,2,2,2,2,2,2,2,"New Jersey",0
"18383",340353,34,8587,40.30047222,-74.60562778,5,5,7,1,9,4,0,12,0,2,2,0,1,1,1,1,34,2,2,1,2,2,2,1,2,2,2,3,1,2,2,2,2,2,"New Jersey",0
"18384",340354,34,10933,39.25845556,-74.68230278,2,2,9,5,15,4,0,12,0,1,1,0,1,1,1,1,34,2,2,1,1,2,2,2,2,2,2,3,1,2,2,2,2,2,"New Jersey",0
"18385",340355,34,8386,40.39936389,-74.22817778,3,3,10,4,9,3,0,12,0,4,1,0,1,1,2,1,34,2,2,1,1,2,2,2,2,2,2,3,2,1,2,2,2,2,"New Jersey",0
"18386",340356,34,8073,40.55388889,-75.07568056,2,2,9,5,16,4,0,12,0,4,1,0,1,1,1,1,34,2,2,1,1,2,1,2,2,2,2,3,2,1,2,2,2,2,"New Jersey",0
"18387",340357,34,6892,40.90809167,-74.505025,1,1,10,6,6,4,0,9,0,5,1,0,1,2,1,1,34,2,2,1,1,1,2,2,2,2,2,3,2,2,2,1,2,2,"New Jersey",0
"18388",340358,34,9431,39.94055,-74.23577778,2,2,10,5,12,6,0,42,0,1,1,0,5,1,10,1,34,2,2,1,1,1,2,2,2,2,2,3,2,1,2,2,1,2,"New Jersey",0
"18389",340359,34,10625,39.40926111,-75.04502222,1,1,9,2,19,9,0,9,0,3,2,0,1,5,1,1,34,3,3,2,1,1,2,2,2,2,2,3,2,2,2,1,2,2,"New Jersey",0
"18390",340360,34,10123,39.68733611,-75.48797778,1,1,9,6,21,2,0,8,0,1,1,0,1,2,1,1,34,2,2,2,2,1,2,2,1,2,2,3,2,2,2,2,2,2,"New Jersey",0
"18391",340361,34,10443,39.52090278,-75.05052222,2,2,10,7,22,4,0,12,0,4,1,0,1,3,1,2,34,2,2,2,2,2,2,1,1,2,2,1,2,2,2,2,2,2,"New Jersey",1
"18392",340362,34,9393,39.95008889,-74.14411667,1,1,8,7,20,6,0,1,0,1,1,0,1,1,1,1,34,3,3,2,2,1,2,1,2,1,2,3,2,2,2,2,2,2,"New Jersey",1
"18393",340363,34,8636,40.27738333,-74.22290278,2,2,8,1,15,3,0,33,1,5,1,0,4,1,1,1,34,2,2,1,2,1,2,1,2,1,2,1,2,2,2,2,1,2,"New Jersey",1
"18394",340364,34,10874,39.28558889,-74.95501111,12,12,8,4,10,3,0,12,0,1,1,0,1,1,1,2,34,1,2,1,1,3,2,2,2,2,2,3,2,1,2,2,1,2,"New Jersey",0
"18395",340365,34,8490,40.34664722,-74.28291667,2,2,10,2,3,3,0,8,0,1,1,0,1,3,1,1,34,2,2,2,2,2,2,2,1,2,2,3,2,2,2,1,2,2,"New Jersey",0
"18396",340366,34,11040,39.19543889,-74.71546111,1,1,10,7,9,2,0,30,0,1,1,0,4,1,1,1,34,2,2,1,2,1,2,2,2,1,2,2,2,2,2,2,2,2,"New Jersey",0
"18397",340367,34,10063,39.70721667,-75.09546944,7,7,10,3,19,4,0,12,0,1,1,0,1,3,1,1,34,2,2,2,1,3,2,1,2,2,2,1,2,2,2,2,2,2,"New Jersey",1
"18398",340368,34,9095,40.0554,-74.77201111,1,1,10,5,13,4,0,30,0,1,1,0,4,1,1,1,34,2,2,1,1,1,2,2,2,2,2,3,2,2,2,2,2,2,"New Jersey",0
"18399",340369,34,8108,40.53603889,-74.39918056,1,1,10,5,19,6,0,8,0,1,1,0,98,3,2,1,34,2,2,2,1,1,2,2,1,2,2,2,2,2,1,2,2,2,"New Jersey",0
"18400",340370,34,7830,40.64096111,-75.18018056,1,1,10,4,22,4,0,42,0,1,1,0,5,2,2,1,34,1,2,2,1,1,2,2,2,2,2,1,2,2,2,2,2,2,"New Jersey",1
"18401",340371,34,7344,40.76530278,-74.94460278,4,4,10,4,9,3,0,12,0,1,1,0,1,1,1,1,34,2,2,1,1,3,2,2,2,2,2,3,2,2,2,2,1,2,"New Jersey",0
"18402",340372,34,6615,41.06243056,-74.25196944,3,3,10,1,12,4,0,12,0,1,1,0,1,1,1,1,34,2,2,1,2,2,1,2,2,2,2,3,2,1,2,2,2,2,"New Jersey",0
"18403",340373,34,6820,40.94256667,-74.27805,2,2,10,5,16,4,0,12,0,3,3,0,1,1,1,1,34,2,2,1,1,2,2,1,2,2,2,2,2,2,2,2,2,2,"New Jersey",0
"18404",340374,34,8875,40.14705278,-74.23111944,1,1,10,4,17,9,0,8,0,1,1,0,2,1,1,1,34,3,3,1,1,1,2,2,1,2,2,1,2,2,2,2,1,2,"New Jersey",1
"18405",340375,34,7508,40.72481944,-74.09223611,1,1,10,7,2,2,0,30,0,1,1,0,4,3,2,1,34,2,2,2,2,1,2,1,2,2,2,1,2,2,2,2,2,2,"New Jersey",1
"18406",340376,34,10577,39.44455556,-74.49724722,2,2,10,5,7,4,0,12,0,1,1,0,1,1,1,1,34,2,2,1,1,2,2,2,2,2,2,2,2,2,2,2,1,2,"New Jersey",0
"18407",340377,34,7494,40.72821667,-74.23146667,1,1,10,6,14,4,0,8,0,2,2,0,1,1,1,1,34,2,2,1,1,1,2,2,1,2,2,3,2,2,2,1,2,2,"New Jersey",0
"18408",340378,34,8243,40.46026944,-74.36096667,2,2,10,6,19,4,0,8,0,2,3,0,1,3,2,1,34,2,2,2,2,1,2,2,1,2,2,2,2,2,2,2,2,2,"New Jersey",0
"18409",340379,34,8271,40.44408889,-74.26641111,4,4,10,1,7,8,0,43,0,1,1,0,2,1,1,1,34,2,2,1,2,1,2,2,2,1,2,1,2,2,2,2,2,2,"New Jersey",1
"18410",340380,34,10551,39.46076667,-75.21681944,7,7,7,1,19,4,0,12,0,1,1,0,1,1,1,1,34,2,2,2,2,2,2,2,2,2,2,1,2,2,2,2,1,2,"New Jersey",1
"18411",340381,34,8717,40.23232222,-74.41031944,3,3,9,6,22,9,0,30,0,1,1,0,4,2,1,1,34,3,3,2,2,1,2,2,2,2,2,1,2,2,1,2,2,2,"New Jersey",1
"18412",340382,34,7550,40.71413889,-74.27888889,1,3,10,2,11,1,0,14,0,1,1,0,3,1,1,1,34,2,1,1,1,1,2,2,2,2,2,2,2,2,2,2,2,2,"New Jersey",0
"18413",340383,34,8177,40.49932778,-74.44331944,1,1,10,5,20,3,0,8,0,3,3,0,1,3,1,1,34,2,2,2,1,1,2,2,1,2,2,2,2,2,2,2,2,2,"New Jersey",0
"18414",340384,34,8182,40.49321944,-74.29194444,3,3,10,3,6,4,0,12,0,2,2,0,1,1,1,1,34,2,2,1,1,2,2,2,2,2,2,2,2,2,2,2,2,2,"New Jersey",0
"18415",340385,34,8810,40.18063889,-74.55568056,1,1,11,5,10,1,0,42,0,1,1,0,5,1,10,1,34,1,1,1,1,1,2,2,2,2,2,2,1,2,2,2,1,2,"New Jersey",0
"18416",340386,34,10025,39.72013056,-75.11456111,2,2,11,5,20,3,0,8,0,3,2,0,1,3,5,1,34,2,2,2,1,1,2,2,1,2,2,3,2,2,1,2,2,2,"New Jersey",0
"18417",340387,34,10398,39.54941111,-75.40013889,2,2,11,1,0,9,0,42,0,1,1,0,5,2,2,1,34,3,3,2,2,1,2,1,2,2,2,1,2,2,2,2,2,2,"New Jersey",1
"18418",340388,34,10418,39.53600833,-74.25984167,1,1,11,6,5,4,0,18,0,3,3,4,2,3,2,1,34,2,2,2,1,1,1,2,2,2,2,1,2,1,2,2,2,2,"New Jersey",1
"18419",340389,34,9107,40.05221389,-74.89496667,1,1,12,3,6,2,0,8,0,1,1,0,1,2,2,1,34,2,2,1,1,1,2,2,1,2,2,3,2,1,2,2,2,2,"New Jersey",0
"18420",340390,34,8620,40.28836944,-74.61216944,3,3,12,1,13,4,0,33,0,1,1,0,4,1,2,1,34,2,2,1,2,1,2,2,2,2,2,3,2,1,2,2,2,2,"New Jersey",0
"18421",340391,34,8322,40.42654444,-74.17881944,3,3,12,7,15,9,0,33,0,3,3,0,4,1,1,1,34,3,3,1,2,2,2,2,2,2,2,3,2,1,2,2,1,2,"New Jersey",0
"18422",340392,34,9413,39.94511944,-74.70073889,11,11,12,3,17,4,0,12,0,1,1,0,1,3,2,2,34,1,2,1,1,2,2,1,2,2,2,1,2,2,2,2,1,2,"New Jersey",1
"18423",340393,34,7381,40.75818889,-74.16646944,3,3,12,1,2,3,0,12,0,8,1,0,1,3,1,1,34,2,2,2,2,2,2,2,2,2,2,3,2,2,2,2,2,2,"New Jersey",0
"18424",340394,34,7567,40.71033889,-74.223575,1,2,12,2,17,4,0,14,0,3,2,0,2,3,1,1,34,2,2,1,1,1,2,2,1,2,2,3,2,2,2,2,1,2,"New Jersey",0
"18425",340395,34,7505,40.72526944,-74.18386111,1,1,12,4,17,6,0,8,0,1,1,0,1,3,1,1,34,2,2,1,1,1,2,2,1,2,2,3,2,1,2,2,2,2,"New Jersey",0
"18426",340396,34,8320,40.42856111,-74.23438889,1,1,12,4,15,8,0,42,0,1,1,0,3,1,2,1,34,2,2,1,1,1,2,2,2,2,2,2,2,2,2,2,2,2,"New Jersey",0
"18427",340398,34,6938,40.88926667,-74.02240556,1,1,12,6,18,4,0,8,0,3,3,0,1,3,10,1,34,2,2,2,2,1,2,1,1,2,2,3,2,2,2,1,2,2,"New Jersey",0
"18428",340399,34,8314,40.430125,-74.55967778,1,1,12,2,19,9,0,8,0,1,1,0,5,3,2,1,34,3,3,2,1,1,2,2,1,2,2,3,2,2,2,2,2,2,"New Jersey",0
"18429",340400,34,7851,40.63528056,-74.40844444,2,2,12,7,5,9,0,42,0,3,2,0,5,3,1,2,34,3,3,2,2,1,2,1,2,1,2,1,1,2,2,2,1,2,"New Jersey",1
"18430",340401,34,9926,39.74800278,-74.93696111,2,2,12,2,13,4,0,12,0,1,1,0,1,1,1,1,34,2,2,1,1,2,2,2,2,1,2,3,2,1,2,2,2,2,"New Jersey",0
"18431",340402,34,9509,39.91304444,-74.15459444,1,1,12,7,20,2,0,8,0,2,3,0,1,3,1,1,34,2,2,2,2,1,2,2,1,2,2,2,2,2,1,2,1,2,"New Jersey",0
"18432",340403,34,10439,39.52190278,-75.06901944,3,3,12,4,11,4,0,12,0,1,1,0,1,1,1,1,34,2,2,1,1,2,2,1,2,2,2,2,2,2,2,2,2,2,"New Jersey",0
"18433",340404,34,9757,39.80640278,-74.96718333,1,1,6,1,4,2,0,33,0,3,3,0,4,3,2,1,34,2,2,2,2,1,2,1,2,2,2,1,2,2,2,2,1,2,"New Jersey",1
"18434",340405,34,9886,39.75970556,-74.88394444,2,2,9,6,6,2,0,12,0,2,3,0,1,1,2,1,34,2,2,1,1,2,2,2,2,2,2,3,2,1,2,2,1,2,"New Jersey",0
"18435",340406,34,9891,39.7572,-75.03428333,1,1,10,4,0,4,0,42,0,1,1,0,5,2,1,1,34,2,2,2,1,1,2,1,2,1,2,1,2,2,2,2,2,2,"New Jersey",1
"18436",340407,34,6972,40.87554444,-74.15256944,1,1,11,1,0,6,0,9,0,2,2,0,1,3,1,1,34,2,2,2,2,1,2,2,2,2,2,3,2,2,2,2,2,2,"New Jersey",0
"18437",340408,34,7875,40.62593889,-74.90596111,1,1,11,4,14,5,0,42,0,1,1,0,4,1,1,1,34,2,2,1,1,1,2,2,2,2,2,3,2,2,2,2,1,2,"New Jersey",0
"18438",340409,34,8456,40.362475,-74.19515278,5,5,11,6,8,3,0,12,0,2,3,0,1,1,1,1,34,2,2,1,1,2,2,2,2,2,2,2,2,1,2,2,2,2,"New Jersey",0
"18439",340410,34,10927,39.25913889,-74.91071111,1,1,11,6,5,4,0,42,0,1,1,0,4,4,5,1,34,1,2,2,1,1,2,1,2,2,2,2,2,2,1,2,2,2,"New Jersey",0
"18440",340411,34,8488,40.34703889,-74.66815,3,3,8,4,8,9,0,12,0,1,1,0,1,1,1,1,34,3,3,1,1,2,2,2,2,2,2,3,2,1,2,2,2,2,"New Jersey",0
"18441",340412,34,8485,40.34815556,-74.19525833,1,1,10,7,16,3,0,16,0,1,1,0,1,1,2,1,34,2,2,1,2,1,2,2,2,2,2,2,2,2,2,2,2,2,"New Jersey",0
"18442",340413,34,8925,40.12978056,-74.69433333,4,4,12,5,22,4,0,12,0,1,1,0,1,3,10,2,34,2,2,2,1,3,2,2,2,2,2,1,2,1,1,2,2,2,"New Jersey",1