"","ST_CASE","OBJECT_ID","FID","LATITUDE","LONGITUD","PERMVIT","PERSONS","MONTH","DAY_WEEK","HOUR","ROUTE","SP_JUR","HARM_EV","RELJCT1","RELJCT2","TYP_INT","WRK_ZONE","REL_ROAD","LGT_COND","WEATHER","FATALS","STATE","A_RU","A_INTER","A_TOD","A_DOW","A_CT","A_MC","A_SPCRA","A_PED","A_ROLL","A_POLPUR","A_POSBAC","A_D15_20","A_D65PLS","A_D21_24","A_HR","A_DIST","A_DROWSY","STATE_NAME","drunkDr"
"18443",340414,34,9758,39.80635556,-74.96723056,2,2,12,7,21,2,0,12,0,2,3,0,1,3,1,1,34,2,2,2,2,2,2,2,2,2,2,3,1,2,2,2,2,2,"New Jersey",0
"18444",340415,34,9438,39.93781111,-74.79338333,1,1,12,7,19,9,0,39,0,1,1,0,5,3,10,1,34,3,3,2,2,1,2,1,2,2,2,2,1,2,2,2,1,2,"New Jersey",0
"18445",340416,34,10454,39.51366944,-74.68633056,1,1,11,6,10,8,0,43,0,1,1,0,10,1,1,1,34,2,2,1,1,1,2,1,2,1,2,2,2,2,2,2,1,2,"New Jersey",0
"18446",340417,34,10556,39.456725,-74.54154722,5,5,11,3,12,2,0,12,0,1,1,0,1,1,1,1,34,2,2,1,1,3,2,2,2,2,2,3,2,1,1,2,2,2,"New Jersey",0
"18447",340418,34,7177,40.80731667,-74.21574722,1,1,11,5,19,4,0,8,0,3,3,0,1,2,2,1,34,2,2,2,1,1,2,2,1,2,2,3,2,2,2,2,1,2,"New Jersey",0
"18448",340419,34,6784,40.95964722,-74.23531667,1,1,11,2,19,4,0,8,0,3,2,0,1,3,1,1,34,2,2,2,1,1,2,2,1,2,2,3,2,2,2,2,2,2,"New Jersey",0
"18449",340420,34,9395,39.94962222,-74.48625833,5,5,12,7,21,3,0,12,0,2,4,0,1,2,1,1,34,1,2,2,2,2,2,2,2,2,2,3,2,2,2,2,1,2,"New Jersey",0
"18450",340421,34,10397,39.55041944,-75.41066944,1,1,12,5,10,4,0,33,0,1,1,0,4,1,2,1,34,1,2,1,1,1,2,2,2,2,2,2,2,2,2,2,2,2,"New Jersey",0
"18451",340422,34,9569,39.88651389,-75.06054722,4,4,9,7,5,2,0,12,0,2,2,0,1,3,1,1,34,2,2,2,2,2,2,1,2,2,2,1,2,2,2,2,2,2,"New Jersey",1
"18452",340423,34,9209,40.01758889,-74.83083889,1,1,12,4,4,8,0,35,0,1,1,0,5,2,1,1,34,2,2,2,1,1,2,1,2,2,2,1,2,2,2,2,2,2,"New Jersey",1
"18453",340424,34,7389,40.75603611,-74.25007778,2,2,12,7,19,4,0,8,0,2,3,0,1,3,1,1,34,2,2,2,2,1,2,2,1,2,2,3,1,2,2,2,2,2,"New Jersey",0
"18454",340425,34,8632,40.28050833,-74.67161111,2,2,12,3,16,4,0,12,0,2,3,0,1,2,1,1,34,2,2,1,1,2,1,2,2,2,2,3,2,2,2,2,1,2,"New Jersey",0
"18455",340426,34,6969,40.87728056,-74.09429444,1,1,11,6,12,6,0,8,0,8,1,0,98,1,1,1,34,2,2,1,1,1,2,2,1,2,2,3,2,1,2,2,1,2,"New Jersey",0
"18456",340427,34,10615,39.41391111,-74.59890278,3,3,11,4,15,6,0,12,0,2,2,0,1,1,1,1,34,2,2,1,1,2,2,2,2,2,2,2,1,2,2,2,2,2,"New Jersey",0
"18457",340428,34,6882,40.91051111,-74.56016944,6,6,7,7,1,1,0,12,0,1,1,0,1,2,1,3,34,2,1,2,2,3,2,2,2,1,2,3,2,2,1,2,2,1,"New Jersey",0
"18458",340429,34,7805,40.64773889,-74.51158889,4,4,7,7,20,1,0,12,0,1,1,0,1,2,1,2,34,2,1,2,2,2,2,2,2,1,1,3,2,2,1,2,2,2,"New Jersey",0
"18459",340430,34,10324,39.59377222,-75.23940278,2,2,7,6,16,3,0,12,0,1,1,0,2,1,1,1,34,1,2,1,1,2,1,2,2,2,2,3,2,1,2,2,2,2,"New Jersey",0
"18460",340431,34,9263,39.99602222,-74.78635833,2,2,11,6,10,6,0,8,0,1,1,0,1,1,1,1,34,2,2,1,1,1,2,2,1,2,2,3,2,2,1,2,2,2,"New Jersey",0
"18461",340432,34,8722,40.23081944,-74.0389,2,2,11,6,18,3,0,8,0,1,1,0,1,3,1,1,34,2,2,2,2,1,2,2,1,2,2,2,2,2,2,2,2,2,"New Jersey",0
"18462",340433,34,8642,40.27196944,-74.2177,3,3,9,4,6,3,0,1,0,1,1,0,1,4,1,2,34,2,2,1,1,1,2,2,2,1,2,2,2,2,1,2,2,1,"New Jersey",0
"18463",340434,34,9462,39.93007222,-74.95423611,1,1,11,3,14,8,0,8,1,18,1,0,1,1,2,1,34,2,2,1,1,1,2,2,1,2,2,3,2,2,2,1,2,2,"New Jersey",0
"18464",340435,34,8765,40.20655278,-74.04764722,1,1,11,4,17,3,0,8,0,1,1,0,1,2,1,1,34,2,2,1,1,1,2,2,1,2,2,2,2,1,2,2,2,2,"New Jersey",0
"18465",340436,34,9907,39.75298889,-75.27761111,5,5,11,2,17,8,0,12,1,18,1,2,1,3,1,2,34,1,2,1,1,3,2,2,2,2,2,3,2,2,1,2,1,2,"New Jersey",0
"18466",340437,34,9117,40.04704444,-74.45078056,3,3,11,2,9,4,2,12,0,1,1,0,1,1,1,1,34,1,2,1,1,2,2,2,2,2,2,2,1,1,2,2,1,2,"New Jersey",0
"18467",340438,34,8972,40.10656944,-74.50271111,3,3,8,4,15,4,0,12,0,2,3,0,1,1,1,1,34,2,2,1,1,2,2,2,2,2,2,3,2,1,2,2,2,2,"New Jersey",0
"18468",340439,34,10658,39.39148889,-74.52783889,1,1,9,7,5,2,0,9,0,1,1,0,1,2,1,1,34,2,2,2,2,1,2,2,2,2,2,3,2,2,2,1,2,2,"New Jersey",0
"18469",340440,34,9460,39.93123056,-74.72373889,2,2,8,3,20,4,0,8,0,1,1,0,1,2,1,2,34,1,2,2,1,1,2,2,1,2,2,3,2,2,2,2,2,2,"New Jersey",0
"18470",340441,34,8739,40.22451389,-74.42964722,3,3,11,7,13,4,0,12,0,2,2,0,1,1,1,1,34,1,2,1,2,2,2,2,2,2,2,3,2,1,2,2,2,2,"New Jersey",0
"18471",340442,34,10479,39.49566389,-75.07631111,2,2,11,5,18,4,0,12,0,1,1,0,1,3,2,1,34,2,2,2,1,2,2,2,2,2,2,1,2,2,1,2,2,2,"New Jersey",2
"18472",340443,34,10382,39.56121944,-74.74878056,1,1,11,4,0,8,0,42,0,1,1,0,4,2,1,1,34,1,2,2,1,1,2,2,2,2,2,2,2,2,1,2,1,2,"New Jersey",0
"18473",340444,34,6924,40.89506389,-74.15981944,1,1,11,6,17,6,0,8,0,3,3,0,1,3,2,1,34,2,2,1,1,1,2,2,1,2,2,2,2,2,2,2,2,2,"New Jersey",1
"18474",340445,34,7345,40.76523056,-74.11063056,1,1,10,4,15,1,0,24,0,1,1,0,4,1,1,1,34,2,1,1,1,1,2,2,2,1,2,2,2,2,2,2,2,2,"New Jersey",0
"18475",340446,34,10932,39.25863889,-75.02483889,1,1,11,2,22,4,0,8,0,2,3,0,1,3,2,1,34,1,2,2,1,1,2,2,1,2,2,3,2,2,2,1,2,2,"New Jersey",0
"18476",340447,34,7524,40.71983889,-74.54943889,13,14,11,7,22,1,0,14,0,1,1,0,2,2,1,3,34,2,1,2,2,1,2,2,1,2,2,3,2,2,2,2,2,2,"New Jersey",0
"18477",340448,34,7438,40.745025,-74.18558889,1,1,11,6,8,9,0,8,0,98,98,0,1,1,1,1,34,3,3,1,1,1,2,2,1,2,2,3,2,2,2,2,2,2,"New Jersey",0
"18478",340449,34,10184,39.65811111,-75.45423056,1,1,11,4,13,4,0,30,0,1,1,0,4,1,1,1,34,1,2,1,1,1,2,1,2,2,2,2,2,2,2,2,2,2,"New Jersey",0
"18479",340450,34,8599,40.29550556,-74.02914722,2,2,11,1,4,3,0,12,0,2,2,0,1,3,1,1,34,2,2,2,2,2,2,2,2,2,2,1,2,2,2,1,1,2,"New Jersey",1
"18480",340451,34,6832,40.93523056,-75.01781944,1,1,11,3,6,1,0,59,0,1,1,4,3,4,1,1,34,1,1,1,1,1,2,2,2,1,2,2,2,2,2,2,1,2,"New Jersey",0
"18481",340452,34,9764,39.80343889,-75.056,3,3,11,7,16,3,0,12,0,1,1,0,1,1,1,1,34,2,2,1,2,2,1,2,2,2,2,3,2,1,2,2,1,2,"New Jersey",0
"18482",340453,34,6922,40.89614444,-74.25146667,1,1,11,1,13,3,0,1,1,20,1,0,1,1,1,1,34,2,2,1,2,1,1,1,2,2,2,2,2,2,2,2,2,2,"New Jersey",0
"18483",340454,34,7540,40.71701944,-74.24015,2,2,11,7,1,8,0,24,0,1,1,0,4,2,1,1,34,2,2,2,2,1,2,2,2,2,2,3,2,2,2,2,2,2,"New Jersey",0
"18484",340455,34,7755,40.660525,-75.05653611,1,2,11,7,6,1,0,14,0,1,1,0,2,1,1,1,34,1,1,1,2,1,2,2,2,2,2,2,2,2,2,2,1,2,"New Jersey",0
"18485",340456,34,10344,39.58576944,-74.71714167,3,3,9,2,11,4,0,12,0,2,3,0,1,1,1,1,34,2,2,1,1,2,2,2,2,2,2,3,2,2,1,2,2,2,"New Jersey",0
"18486",340457,34,7482,40.73230278,-74.17065278,1,1,2,3,16,6,0,8,0,2,2,0,1,1,1,1,34,2,2,1,1,1,2,2,1,2,2,3,2,2,1,2,2,2,"New Jersey",0
"18487",340458,34,6838,40.93096111,-74.13169444,2,2,8,6,15,4,0,12,0,2,2,0,1,1,1,1,34,2,2,1,1,2,1,2,2,2,2,3,1,2,2,2,2,2,"New Jersey",0
"18488",340459,34,7956,40.59491944,-74.44583889,4,4,11,4,17,6,0,12,0,2,2,0,1,5,1,1,34,2,2,1,1,2,1,2,2,2,2,1,2,2,2,2,2,2,"New Jersey",1
"18489",340461,34,7367,40.76126111,-74.17706667,1,1,1,7,1,4,0,8,0,1,1,0,1,3,4,1,34,2,2,2,2,1,2,2,1,2,2,3,2,2,2,2,2,2,"New Jersey",0
"18490",340462,34,7686,40.67690278,-74.18694167,2,2,11,2,18,8,0,8,0,3,3,0,1,6,1,1,34,3,3,2,1,2,2,2,1,2,2,3,2,2,2,2,2,2,"New Jersey",0
"18491",340463,34,8552,40.316775,-73.97965556,1,1,11,6,21,3,0,8,0,1,1,0,1,2,1,1,34,2,2,2,2,1,2,2,1,2,2,2,1,2,2,1,2,2,"New Jersey",0
"18492",340464,34,7582,40.70611111,-74.09962222,1,1,9,2,19,3,0,8,0,2,2,0,1,3,1,1,34,2,2,2,1,1,2,1,1,2,2,3,2,2,2,1,2,2,"New Jersey",0
"18493",340465,34,10586,39.44130833,-75.24628333,1,1,10,5,13,4,0,42,0,3,3,0,5,1,1,1,34,2,2,1,1,1,2,2,2,2,2,3,2,1,2,2,2,2,"New Jersey",0
"18494",340466,34,7485,40.73094722,-74.05745278,2,2,10,6,18,6,0,8,0,3,2,0,1,3,1,1,34,2,2,2,2,1,2,2,1,2,2,3,2,1,2,2,2,2,"New Jersey",0
"18495",340467,34,7770,40.65677778,-74.12761667,1,1,12,5,17,6,0,8,0,1,1,0,1,3,1,1,34,2,2,1,1,1,2,2,1,2,2,3,2,2,2,2,2,2,"New Jersey",0
"18496",340468,34,10665,39.38977222,-74.52012222,1,1,12,4,18,6,0,8,0,3,2,0,1,3,2,1,34,2,2,2,1,1,2,2,1,2,2,2,2,2,2,2,2,2,"New Jersey",0
"18497",340469,34,7918,40.60982222,-74.4356,1,1,11,7,0,3,0,8,0,1,1,0,1,3,1,1,34,2,2,2,2,1,2,2,1,2,2,1,2,2,2,1,2,2,"New Jersey",1
"18498",340470,34,10760,39.3407,-74.9959,2,2,11,5,9,3,0,42,0,1,1,0,4,1,10,1,34,2,2,1,1,1,2,1,2,1,2,2,2,2,1,2,2,2,"New Jersey",0
"18499",340471,34,7720,40.66920833,-74.10789444,2,2,11,2,23,3,0,8,0,3,2,0,1,3,1,2,34,2,2,2,1,1,2,2,1,2,2,3,2,2,1,2,2,2,"New Jersey",0
"18500",340472,34,6751,40.98023056,-75.00579167,2,2,8,2,14,3,0,12,0,3,4,0,1,1,1,1,34,1,2,1,1,2,2,2,2,2,2,3,2,1,2,2,2,2,"New Jersey",0
"18501",340473,34,6893,40.90804167,-74.15697222,1,1,11,4,17,4,0,8,0,1,1,0,1,1,1,1,34,2,2,1,1,1,2,2,1,2,2,2,2,2,2,2,2,2,"New Jersey",0
"18502",340474,34,8557,40.31174444,-74.30421944,1,1,12,3,23,2,0,8,0,1,1,0,1,3,1,1,34,2,2,2,1,1,2,2,1,2,2,2,2,2,2,1,2,2,"New Jersey",0
"18503",340475,34,6652,41.04068889,-74.63009444,2,2,12,3,23,3,0,12,0,1,1,0,1,2,1,1,34,2,2,2,1,2,2,2,2,1,2,1,2,2,1,2,1,2,"New Jersey",1
"18504",340476,34,6906,40.90348889,-74.40808889,2,2,9,4,16,9,0,14,0,3,2,0,4,1,1,1,34,3,3,1,1,1,2,2,1,2,2,3,2,2,2,2,1,2,"New Jersey",0
"18505",340477,34,8535,40.32636389,-74.40582222,1,1,11,4,3,4,0,11,0,1,1,0,1,3,1,1,34,2,2,2,1,1,2,2,2,1,2,2,2,2,2,2,2,2,"New Jersey",0
"18506",340478,34,10674,39.38217778,-74.49912222,4,4,9,7,23,2,0,8,0,3,3,0,1,3,1,1,34,2,2,2,2,1,2,2,1,2,2,2,2,2,2,2,2,2,"New Jersey",0
"18507",340479,34,9245,40.00255833,-74.80043056,5,5,11,7,0,4,0,12,0,2,3,0,1,3,1,1,34,2,2,2,2,2,2,2,2,2,2,1,2,1,2,2,2,2,"New Jersey",2
"18508",340480,34,8697,40.24240556,-74.03738056,1,1,12,3,1,3,0,33,0,1,1,0,4,2,2,1,34,2,2,2,1,1,2,1,2,2,2,1,2,2,1,2,1,2,"New Jersey",1
"18509",340481,34,8772,40.20430833,-74.01905278,1,1,12,7,21,4,0,8,0,2,2,0,1,2,1,1,34,2,2,2,2,1,2,2,1,2,2,1,2,2,2,2,2,2,"New Jersey",1
"18510",340482,34,7758,40.66018889,-74.22123333,1,1,7,2,10,3,0,8,0,1,1,0,99,1,1,1,34,2,2,1,1,1,2,2,1,2,2,3,2,2,2,2,2,2,"New Jersey",0
"18511",340483,34,6880,40.91148333,-74.16447778,1,1,8,2,18,9,0,9,0,2,2,0,1,1,1,1,34,3,3,2,1,1,2,2,2,2,2,3,2,2,2,1,1,2,"New Jersey",0
"18512",340484,34,7698,40.67313889,-74.19884444,1,1,9,4,9,6,0,9,0,4,1,0,1,1,1,1,34,2,2,1,1,1,2,2,2,2,2,3,2,2,2,2,2,2,"New Jersey",0
"18513",340485,34,7449,40.74132222,-74.16905278,4,4,9,1,3,6,0,12,0,1,1,0,1,3,1,1,34,2,2,2,2,2,2,2,2,2,2,1,2,2,1,2,2,2,"New Jersey",1
"18514",340486,34,10468,39.50248056,-74.67036944,4,4,9,7,13,8,0,12,0,1,1,0,1,1,1,2,34,1,2,1,2,2,2,2,2,2,2,3,2,1,2,2,2,2,"New Jersey",0
"18515",340487,34,7916,40.61204722,-74.41558611,8,8,10,2,7,9,0,12,0,2,2,0,1,1,1,1,34,3,3,1,1,2,2,2,2,2,2,3,2,2,2,2,2,2,"New Jersey",0
"18516",340488,34,6963,40.88098056,-74.1603,1,1,11,7,22,4,0,8,0,3,2,0,1,3,1,1,34,2,2,2,2,1,2,2,1,2,2,3,2,1,2,2,2,2,"New Jersey",0
"18517",340489,34,8164,40.50601944,-74.84506667,1,1,10,5,22,3,0,8,0,1,1,0,1,2,1,1,34,2,2,2,1,1,2,2,1,2,2,3,2,2,2,2,2,2,"New Jersey",0
"18518",340490,34,10092,39.69646389,-75.133975,2,2,12,2,19,4,0,12,0,1,1,0,1,3,2,1,34,2,2,2,1,2,2,2,2,2,2,3,2,2,1,2,1,2,"New Jersey",0
"18519",340492,34,9421,39.94231111,-75.10552778,1,1,9,5,14,2,0,8,0,1,1,0,99,1,1,1,34,2,2,1,1,1,2,2,1,2,2,3,2,2,2,1,2,2,"New Jersey",0
"18520",340493,34,9290,39.988,-75.0097,5,5,10,7,23,2,0,12,0,2,2,0,1,3,1,1,34,2,2,2,2,2,2,2,2,2,2,1,1,2,2,2,2,2,"New Jersey",1
"18521",340494,34,9665,39.84684444,-74.99011389,2,2,11,7,0,4,0,33,0,1,1,0,4,3,1,1,34,2,2,2,2,1,2,1,2,2,2,3,2,2,2,2,2,2,"New Jersey",1
"18522",340495,34,7714,40.67030556,-74.20204167,1,1,12,4,1,2,0,8,0,2,2,0,1,3,1,1,34,2,2,2,1,1,2,2,1,2,2,3,2,2,2,2,2,2,"New Jersey",0
"18523",340496,34,9663,39.84835,-75.12503333,1,1,12,5,8,3,0,31,0,3,3,0,4,1,2,1,34,2,2,1,1,1,2,2,2,2,2,3,2,2,2,2,2,2,"New Jersey",0
"18524",340497,34,8960,40.114025,-74.78901389,1,1,12,7,0,4,0,8,0,3,3,0,2,2,10,1,34,2,2,2,2,1,2,2,1,2,2,2,2,2,2,2,1,2,"New Jersey",0
"18525",340498,34,9021,40.08591667,-74.20936389,4,4,12,7,18,4,0,8,0,1,1,0,1,3,10,1,34,2,2,2,2,1,2,2,1,2,2,2,2,2,2,2,2,2,"New Jersey",0
"18526",340499,34,7421,40.74900278,-74.03945556,3,3,8,3,12,4,0,12,0,1,1,0,1,1,2,1,34,2,2,1,1,2,2,1,2,2,2,3,2,2,2,2,1,2,"New Jersey",0
"18527",340500,34,6653,41.04068333,-74.49933056,2,2,10,1,0,9,0,42,0,1,1,0,5,2,1,2,34,3,3,2,2,1,2,1,2,2,2,1,2,2,2,2,2,2,"New Jersey",1
"18528",340501,34,7813,40.64498333,-75.13022778,2,2,11,5,12,4,0,12,0,2,3,0,1,1,1,1,34,2,2,1,1,2,1,1,2,2,1,3,1,2,2,2,2,2,"New Jersey",0
"18529",340502,34,7417,40.75047222,-74.18642778,2,2,11,7,11,9,0,33,1,3,2,0,4,1,1,1,34,3,3,1,2,2,2,2,2,2,2,3,2,1,2,2,2,2,"New Jersey",0
"18530",340503,34,7260,40.78669444,-74.351325,1,1,11,3,12,4,0,33,0,1,1,0,4,1,1,1,34,2,2,1,1,1,2,2,2,2,2,2,2,1,2,2,2,1,"New Jersey",0
"18531",340504,34,9088,40.05828056,-74.13783333,1,1,11,5,20,4,0,8,0,1,1,0,1,2,1,1,34,2,2,2,1,1,2,2,1,2,2,3,2,1,2,2,2,2,"New Jersey",0
"18532",340505,34,9609,39.86811111,-75.04075556,3,3,12,5,19,2,0,8,0,2,3,0,1,3,10,1,34,2,2,2,1,2,2,2,1,2,2,3,2,2,1,2,2,2,"New Jersey",0
"18533",340506,34,7554,40.713525,-74.18878611,2,2,12,6,7,3,0,8,0,1,1,0,1,4,10,1,34,2,2,1,1,2,2,2,1,2,2,3,2,2,2,1,2,2,"New Jersey",0
"18534",340507,34,9775,39.797,-74.3748,1,1,12,5,4,4,0,42,0,1,1,0,5,9,1,1,34,1,2,2,1,1,2,2,2,2,2,2,2,2,1,2,2,1,"New Jersey",0
"18535",340508,34,9131,40.0415,-74.58028056,1,1,12,4,19,4,0,8,0,1,1,0,1,3,2,1,34,2,2,2,1,1,2,2,1,2,2,3,2,2,2,2,2,2,"New Jersey",0
"18536",340509,34,8743,40.22130833,-74.26693889,1,1,12,4,12,2,0,33,0,3,2,0,3,1,2,1,34,2,2,1,1,1,2,2,2,2,2,2,2,1,2,2,2,2,"New Jersey",0
"18537",340510,34,7612,40.69667778,-74.25464722,2,2,12,7,21,2,0,8,0,3,2,0,1,3,1,1,34,2,2,2,2,1,2,2,1,2,2,2,1,2,2,2,2,2,"New Jersey",0
"18538",340511,34,6855,40.92379167,-73.99454444,4,4,12,5,18,9,0,8,0,3,3,0,1,3,2,1,34,3,3,2,1,1,2,2,1,2,2,3,2,2,2,2,2,2,"New Jersey",0
"18539",340512,34,7808,40.64678611,-74.23538056,2,2,12,1,16,4,0,1,0,2,2,0,1,1,1,1,34,2,2,1,2,2,1,1,2,2,2,1,2,2,2,2,2,2,"New Jersey",1
"18540",340513,34,7712,40.67062222,-74.31960278,1,1,12,6,20,4,0,8,0,3,3,0,1,3,1,1,34,2,2,2,2,1,2,2,1,2,2,3,2,2,2,2,2,2,"New Jersey",0
"18541",340514,34,7261,40.78663333,-74.03185556,2,2,12,2,15,2,0,12,0,3,3,0,1,1,1,1,34,2,2,1,1,2,2,2,2,2,2,3,2,2,2,2,2,2,"New Jersey",0
"18542",340515,34,6792,40.95453611,-74.27102222,1,1,12,1,19,2,0,30,0,3,3,0,4,3,2,1,34,2,2,2,2,1,2,2,2,2,2,1,2,1,2,2,1,2,"New Jersey",1
"18543",340516,34,7489,40.72967778,-74.06900556,3,3,12,3,2,4,0,33,0,1,1,0,4,3,1,1,34,2,2,2,1,1,2,1,2,2,2,1,2,2,1,2,1,2,"New Jersey",1
"18544",340518,34,11441,39.01947222,-74.8714,2,2,10,1,18,2,0,8,0,1,1,0,1,2,1,1,34,2,2,2,2,1,2,2,1,2,2,3,2,2,2,2,2,2,"New Jersey",0
"18545",340519,34,8031,40.57043889,-74.38685556,1,1,12,2,17,4,0,8,0,1,1,0,1,3,1,1,34,2,2,1,1,1,2,2,1,2,2,2,2,2,2,2,2,2,"New Jersey",0
"18546",340520,34,7532,40.71866944,-74.21201389,1,1,9,3,9,9,0,8,0,1,1,0,1,1,1,1,34,3,3,1,1,1,2,2,1,2,1,3,2,2,2,2,2,2,"New Jersey",0
"18547",340521,34,8114,40.53173333,-74.29081389,1,1,12,5,17,3,0,8,0,1,1,0,1,3,1,1,34,2,2,1,1,1,2,2,1,2,2,2,2,2,2,2,2,2,"New Jersey",0
"18548",340522,34,7486,40.73089167,-74.08473333,3,3,12,3,6,2,0,12,0,1,1,0,1,3,2,1,34,2,2,1,1,2,2,2,2,2,2,3,2,2,1,2,2,2,"New Jersey",0
"18549",340523,34,6999,40.86714722,-73.95416667,3,3,12,7,2,8,0,24,0,1,1,0,4,2,1,2,34,2,2,2,2,1,2,1,2,1,2,2,2,2,2,2,1,2,"New Jersey",0
"18550",340524,34,8501,40.34381111,-74.10948056,4,4,12,5,6,8,0,1,0,1,1,0,1,3,1,1,34,2,2,1,1,1,2,2,2,1,2,2,2,2,2,2,2,2,"New Jersey",0
"18551",340525,34,8292,40.43761111,-74.43108889,1,1,12,3,3,1,0,24,0,1,1,0,3,3,2,1,34,2,1,2,1,1,2,2,2,2,2,1,2,2,2,2,2,2,"New Jersey",1
"18552",340526,34,7599,40.70083056,-74.3505,3,3,12,1,19,1,0,35,0,1,1,0,4,2,1,1,34,2,1,2,2,1,2,2,2,1,2,3,2,2,2,2,2,2,"New Jersey",0
"18553",340527,34,8575,40.30525,-74.49321944,8,8,12,5,19,1,0,12,0,1,1,0,1,2,10,1,34,2,1,2,1,3,2,2,2,2,2,3,1,2,2,2,2,2,"New Jersey",0
"18554",340528,34,8818,40.17491111,-74.46706944,3,3,12,5,14,1,0,12,0,1,1,0,1,1,2,1,34,1,1,1,1,2,2,2,2,2,2,3,2,2,2,2,2,2,"New Jersey",0
"18555",340529,34,8800,40.1859,-74.69468056,1,1,12,7,6,1,0,8,0,1,1,0,1,2,1,1,34,2,1,1,2,1,2,2,1,2,2,3,2,1,2,2,2,2,"New Jersey",0
"18556",340530,34,10671,39.38355,-74.5025,7,7,12,6,20,2,0,8,0,1,1,0,1,2,1,1,34,2,2,2,2,3,2,2,1,2,2,3,2,2,2,1,2,2,"New Jersey",0
"18557",340531,34,7027,40.85294444,-74.13201667,1,1,12,5,15,6,0,8,0,3,3,0,1,1,2,1,34,2,2,1,1,1,2,2,1,2,2,3,2,2,2,2,2,2,"New Jersey",0
"18558",340532,34,10332,39.58972222,-75.49089444,1,1,12,6,1,3,0,53,0,1,1,0,4,3,10,1,34,1,2,2,1,1,2,2,2,2,2,1,2,2,2,2,2,2,"New Jersey",1
"18559",350001,35,19562,34.81275278,-106.670925,1,1,1,6,1,6,0,1,0,1,1,0,4,2,1,1,35,1,2,2,1,1,2,1,2,1,2,1,2,2,2,2,2,2,"New Mexico",1
"18560",350002,35,20256,34.45834167,-106.8235417,1,1,1,6,19,1,0,1,0,1,1,0,3,2,1,1,35,1,1,2,2,1,2,1,2,1,2,1,2,2,2,2,2,2,"New Mexico",1
"18561",350003,35,18702,35.16858611,-106.5848083,1,1,1,7,8,6,0,25,0,3,3,0,4,1,2,1,35,2,2,1,2,1,2,1,2,2,2,1,2,2,2,2,2,2,"New Mexico",1
"18562",350004,35,16741,36.07743889,-106.1070389,2,2,1,4,13,4,0,1,0,8,1,0,4,1,1,1,35,1,2,1,1,1,1,1,2,2,2,2,2,2,1,2,2,2,"New Mexico",0
"18563",350005,35,15464,36.73139167,-108.2285361,4,4,1,7,19,2,0,8,0,1,1,0,1,3,1,1,35,2,2,2,2,1,2,2,1,2,2,3,2,2,2,2,2,2,"New Mexico",0
"18564",350006,35,17626,35.63528611,-106.0484194,1,1,1,5,23,3,0,8,0,2,3,0,1,3,1,1,35,2,2,2,1,1,2,1,1,2,2,1,2,2,2,1,2,2,"New Mexico",1
"18565",350007,35,20029,34.57181111,-103.1964722,2,2,1,1,15,3,0,12,0,1,1,0,1,1,1,1,35,1,2,1,2,2,2,2,2,2,2,1,2,2,2,2,2,2,"New Mexico",1
"18566",350008,35,18673,35.17851389,-106.6707667,1,1,1,2,19,6,0,9,1,2,3,0,1,3,1,1,35,2,2,2,1,1,2,2,2,2,2,3,2,2,2,2,2,2,"New Mexico",0
"18567",350009,35,20835,34.18542222,-103.4930806,1,1,1,6,6,3,0,30,1,3,2,0,4,2,1,1,35,1,2,1,1,1,2,2,2,2,2,1,2,2,2,2,1,2,"New Mexico",1
"18568",350010,35,25690,32.27273889,-106.9216528,2,2,1,1,12,6,0,12,1,5,1,0,1,1,1,1,35,2,2,1,2,2,1,2,2,2,2,3,2,1,2,2,2,2,"New Mexico",0
"18569",350011,35,18669,35.18126944,-106.6804694,2,2,1,1,5,6,0,33,0,1,1,0,3,3,1,1,35,2,2,2,2,1,2,2,2,1,2,1,2,2,2,2,1,2,"New Mexico",1
"18570",350012,35,18569,35.21251667,-106.5964944,1,1,1,2,17,3,0,24,0,1,1,0,4,1,1,1,35,2,2,1,1,1,1,1,2,2,2,1,2,2,2,2,1,2,"New Mexico",1
"18571",350013,35,25774,32.21635833,-106.1858389,1,1,1,6,8,8,0,8,0,1,1,0,1,1,1,1,35,3,3,1,1,1,2,2,1,2,2,3,2,2,2,2,2,2,"New Mexico",0
"18572",350014,35,15554,36.6625,-108.7594306,3,3,1,7,18,8,3,12,0,1,1,0,1,2,1,1,35,3,3,2,2,2,2,2,2,2,2,3,2,2,2,2,1,2,"New Mexico",0
"18573",350015,35,18955,35.08166389,-107.6314722,3,3,1,4,15,3,3,12,0,1,1,0,1,1,1,2,35,1,2,1,1,2,2,1,2,2,2,1,2,2,2,2,1,2,"New Mexico",1
"18574",350016,35,18902,35.09731667,-106.5508111,4,4,2,6,23,6,0,12,1,2,2,0,1,3,1,1,35,2,2,2,2,2,2,2,2,2,2,1,1,2,2,2,2,2,"New Mexico",1
"18575",350017,35,25901,32.1205,-103.6708806,2,2,2,3,1,4,0,12,0,8,1,0,1,2,1,1,35,1,3,2,1,2,2,2,2,1,2,1,2,2,2,2,1,2,"New Mexico",1
"18576",350019,35,16261,36.2283,-108.7087556,2,2,2,4,20,3,3,8,0,1,1,0,1,2,1,1,35,1,2,2,1,1,2,2,1,2,2,3,2,2,2,2,2,2,"New Mexico",0