"","ST_CASE","OBJECT_ID","FID","LATITUDE","LONGITUD","PERMVIT","PERSONS","MONTH","DAY_WEEK","HOUR","ROUTE","SP_JUR","HARM_EV","RELJCT1","RELJCT2","TYP_INT","WRK_ZONE","REL_ROAD","LGT_COND","WEATHER","FATALS","STATE","A_RU","A_INTER","A_TOD","A_DOW","A_CT","A_MC","A_SPCRA","A_PED","A_ROLL","A_POLPUR","A_POSBAC","A_D15_20","A_D65PLS","A_D21_24","A_HR","A_DIST","A_DROWSY","STATE_NAME","drunkDr"
"19116",360313,36,7707,40.67170833,-73.95198333,2,2,6,3,3,6,0,14,0,1,1,0,7,3,10,1,36,2,2,2,1,1,2,1,2,2,2,3,1,2,2,2,1,2,"New York",0
"19117",360314,36,7825,40.64199722,-73.89881389,3,3,6,4,21,6,0,12,0,2,2,0,1,3,1,1,36,2,2,2,1,2,1,1,2,2,2,3,2,1,2,2,2,2,"New York",0
"19118",360315,36,7547,40.71496667,-73.81238889,1,1,6,5,9,6,0,40,0,1,1,0,4,1,1,1,36,2,2,1,1,1,2,2,2,2,2,2,2,2,2,2,2,2,"New York",0
"19119",360316,36,7028,40.85266667,-73.827675,1,1,6,5,17,6,0,14,0,1,1,0,7,1,10,1,36,2,2,1,1,1,2,1,2,2,2,3,2,1,2,1,2,2,"New York",0
"19120",360317,36,3418,42.740725,-74.44467778,1,1,6,7,19,4,0,35,0,1,1,0,4,1,1,1,36,1,2,2,2,1,1,1,2,2,2,3,2,2,2,2,2,2,"New York",0
"19121",360318,36,7370,40.76083333,-73.92966667,3,3,5,2,16,6,0,8,0,2,2,0,1,1,1,1,36,2,2,1,1,1,2,2,1,2,2,3,2,2,2,2,1,2,"New York",0
"19122",360319,36,4684,41.99140556,-75.12848889,1,1,5,3,5,3,0,24,1,3,3,0,4,4,10,1,36,1,2,2,1,1,2,1,2,2,2,1,2,2,2,2,2,2,"New York",1
"19123",360320,36,3078,43.00353056,-77.35350556,1,1,6,7,19,5,0,11,0,1,1,0,1,1,1,1,36,1,2,2,2,1,1,2,2,2,2,1,2,2,2,2,2,2,"New York",1
"19124",360321,36,2957,43.07436944,-77.62545,3,3,6,7,19,5,0,12,0,5,1,0,1,1,1,1,36,2,2,2,2,2,1,2,2,2,2,3,2,2,2,2,1,2,"New York",0
"19125",360322,36,7217,40.7985,-73.66324167,2,2,4,2,13,3,0,12,0,2,7,0,1,1,10,1,36,2,2,1,1,2,2,2,2,2,2,3,2,1,2,2,2,2,"New York",0
"19126",360325,36,7929,40.60631944,-74.08293889,1,1,6,2,0,1,0,8,0,1,1,0,1,3,1,1,36,2,1,2,2,1,2,2,1,2,2,3,2,2,2,2,2,2,"New York",0
"19127",360326,36,3327,42.82086667,-76.88038333,2,2,6,4,17,5,0,12,0,2,2,0,1,1,10,1,36,1,2,1,1,2,2,2,2,1,2,3,2,2,2,2,2,2,"New York",0
"19128",360327,36,4502,42.09513333,-79.36992222,3,3,6,5,7,3,0,12,0,2,3,0,1,1,10,1,36,1,2,1,1,2,1,1,2,2,2,3,2,2,1,2,2,2,"New York",0
"19129",360328,36,6854,40.92386111,-73.81498333,1,1,6,6,11,3,0,24,0,1,1,0,3,1,1,1,36,2,2,1,1,1,1,2,2,2,2,2,2,2,2,2,2,2,"New York",0
"19130",360329,36,7252,40.78903611,-73.49541111,4,4,6,6,23,5,0,12,0,3,3,0,1,3,1,1,36,2,2,2,2,2,1,2,2,2,2,1,2,2,1,2,2,2,"New York",1
"19131",360330,36,2573,43.40849167,-73.55785556,2,2,6,5,15,3,0,12,0,3,3,0,1,1,1,1,36,1,2,1,1,2,2,2,2,2,2,3,2,1,2,2,2,2,"New York",0
"19132",360331,36,7491,40.72892778,-73.41043056,2,2,6,7,16,5,0,38,0,1,1,0,5,1,1,2,36,2,2,1,2,1,2,1,2,2,2,1,2,2,2,2,2,2,"New York",1
"19133",360332,36,7378,40.75835,-73.63485278,1,1,6,7,17,5,0,5,0,2,2,0,1,1,1,1,36,2,2,1,2,1,1,2,2,2,2,2,2,2,2,2,2,2,"New York",0
"19134",360334,36,3384,42.76758056,-77.20783889,2,2,6,7,19,5,0,12,0,3,2,0,1,1,10,1,36,1,2,2,2,2,1,1,2,2,2,1,2,1,2,2,2,2,"New York",1
"19135",360335,36,2966,43.07023333,-73.80241111,1,1,6,7,14,6,0,33,0,3,3,0,4,1,1,1,36,2,2,1,2,1,1,2,2,2,2,2,2,2,2,2,2,2,"New York",0
"19136",360336,36,7664,40.68308056,-73.72585,1,1,6,1,4,6,0,19,0,1,1,0,4,3,1,1,36,2,2,2,2,1,2,1,2,2,2,1,2,2,2,2,2,2,"New York",1
"19137",360337,36,3212,42.91532778,-74.60703056,3,3,5,4,19,1,0,12,0,1,1,0,1,1,1,1,36,1,1,2,1,2,2,2,2,1,2,3,2,2,2,2,2,2,"New York",0
"19138",360338,36,7361,40.76195833,-73.32871389,2,2,4,7,20,5,0,8,0,1,1,0,1,2,1,1,36,2,2,2,2,1,2,2,1,2,2,3,2,1,2,2,2,2,"New York",0
"19139",360339,36,7140,40.81825,-73.06257222,1,1,5,6,22,5,0,9,0,1,1,0,1,2,10,1,36,2,2,2,2,1,2,2,2,2,2,3,1,2,2,2,2,2,"New York",0
"19140",360340,36,6878,40.911875,-73.038225,1,1,5,7,17,5,0,8,0,1,1,0,1,1,1,1,36,2,2,1,2,1,2,2,1,2,2,3,1,2,2,2,1,2,"New York",0
"19141",360341,36,7605,40.69827778,-73.39036667,2,2,5,7,19,5,0,12,0,2,2,0,1,1,1,1,36,2,2,2,2,2,1,1,2,2,2,1,2,2,2,2,2,2,"New York",1
"19142",360342,36,7538,40.71729167,-73.40027778,1,1,5,6,3,3,0,8,0,1,1,0,1,3,10,1,36,2,2,2,1,1,2,2,1,2,2,3,2,2,2,2,2,2,"New York",0
"19143",360343,36,7522,40.72054444,-73.19163333,1,1,5,2,14,5,0,30,0,1,1,0,4,1,10,1,36,2,2,1,1,1,2,2,2,2,2,2,2,1,2,2,2,2,"New York",0
"19144",360344,36,6979,40.8739,-73.27914167,1,1,5,2,7,5,0,33,0,1,1,0,4,1,10,1,36,1,2,1,1,1,2,2,2,2,2,1,2,2,2,2,2,2,"New York",1
"19145",360345,36,7244,40.79137778,-73.30067222,2,2,5,3,7,4,0,12,0,1,1,0,1,1,10,1,36,1,2,1,1,2,2,2,2,2,2,3,2,2,2,2,2,2,"New York",0
"19146",360346,36,7412,40.75138333,-73.26306111,1,1,5,3,20,5,0,8,0,2,3,0,1,3,10,1,36,2,2,2,1,1,2,2,1,2,2,3,2,2,2,1,2,2,"New York",0
"19147",360347,36,7122,40.82474167,-73.41225833,5,5,5,6,17,3,0,12,0,2,2,0,1,1,1,1,36,2,2,1,1,2,1,1,2,2,2,3,1,2,2,2,2,2,"New York",0
"19148",360348,36,7007,40.86309444,-72.94185556,1,1,5,5,16,5,0,30,0,1,1,0,4,1,1,1,36,1,2,1,1,1,2,2,2,1,2,2,2,2,2,2,2,2,"New York",0
"19149",360349,36,5711,41.52087222,-73.59125833,3,3,4,4,15,3,0,12,0,1,1,0,1,1,1,1,36,2,2,1,1,2,2,2,2,2,2,3,2,1,2,2,2,2,"New York",0
"19150",360350,36,4273,42.24661944,-75.81431944,4,4,5,5,20,3,0,12,0,1,1,0,1,2,10,2,36,1,2,2,1,2,2,1,2,1,2,3,1,2,2,2,2,2,"New York",1
"19151",360351,36,7017,40.85835556,-73.08605278,2,2,4,3,10,3,0,12,0,2,2,0,1,1,10,1,36,2,2,1,1,2,2,2,2,2,2,3,2,1,2,2,2,2,"New York",0
"19152",360352,36,7377,40.758975,-73.20971667,2,2,3,3,20,3,0,12,0,3,2,0,1,3,1,1,36,2,2,2,1,2,2,2,2,2,2,3,2,2,2,2,2,2,"New York",0
"19153",360354,36,3978,42.39108889,-76.561925,5,5,5,4,15,3,0,12,0,1,1,0,1,1,1,2,36,2,2,1,1,3,2,2,2,2,2,3,2,2,2,2,2,2,"New York",0
"19154",360355,36,2884,43.11090833,-77.78768056,1,1,6,2,5,5,0,10,0,6,1,0,1,4,1,1,36,1,2,2,2,1,2,2,2,2,2,3,1,2,2,2,2,2,"New York",0
"19155",360356,36,2859,43.12343611,-74.08900833,2,2,6,1,0,5,0,35,0,1,1,0,4,2,2,1,36,1,2,2,2,1,2,1,2,1,2,1,2,2,2,2,2,2,"New York",1
"19156",360357,36,6805,40.94778333,-72.919775,2,2,5,6,5,3,0,12,0,8,1,0,1,1,1,1,36,2,2,2,1,2,2,2,2,2,2,3,2,2,2,2,2,2,"New York",0
"19157",360358,36,7005,40.86399444,-73.91783056,3,3,6,3,22,6,0,8,0,1,1,0,1,1,1,1,36,2,2,2,1,2,2,2,1,2,2,3,2,1,1,2,2,2,"New York",0
"19158",360359,36,6361,41.20075278,-73.70945,4,4,5,3,18,4,0,12,0,1,1,0,1,1,1,1,36,1,2,2,1,2,2,2,2,2,2,3,2,1,2,2,2,2,"New York",0
"19159",360360,36,4392,42.16646389,-73.86306389,1,1,6,4,6,3,0,11,0,2,4,0,1,1,1,1,36,1,2,1,1,1,1,2,2,2,2,2,2,2,2,2,2,2,"New York",0
"19160",360361,36,7496,40.72670278,-73.48951944,1,1,6,5,23,4,0,8,0,1,1,0,1,3,10,1,36,2,2,2,1,1,2,2,1,2,2,3,2,2,2,2,2,2,"New York",0
"19161",360363,36,2524,43.48257222,-73.75477222,3,3,6,6,21,1,0,12,0,1,1,0,1,2,1,1,36,1,1,2,2,2,2,1,2,2,2,3,2,1,2,2,2,2,"New York",0
"19162",360364,36,7661,40.68356667,-73.95395,1,1,6,6,17,6,0,8,0,2,2,0,1,1,1,1,36,2,2,1,1,1,2,2,1,2,2,3,2,2,2,2,2,2,"New York",0
"19163",360365,36,1764,44.56337778,-74.88170278,2,2,6,1,9,5,0,34,0,3,3,0,4,1,2,1,36,1,2,1,2,1,2,2,2,2,2,1,2,2,2,2,2,2,"New York",1
"19164",360366,36,7795,40.65011389,-73.96063611,1,1,6,2,10,6,0,9,0,1,1,0,1,1,1,1,36,2,2,1,1,1,2,2,2,2,2,3,2,2,2,2,2,2,"New York",0
"19165",360367,36,4264,42.252225,-73.90660278,4,4,5,1,18,3,0,12,0,2,2,0,1,1,1,1,36,1,2,2,2,2,2,2,2,2,2,3,2,1,2,2,2,2,"New York",0
"19166",360368,36,4564,42.05655,-75.25385,1,1,5,1,20,5,0,35,0,1,1,0,5,5,1,1,36,1,2,2,2,1,2,1,2,1,2,3,2,2,2,2,2,2,"New York",1
"19167",360369,36,6541,41.106,-73.86028333,3,3,3,4,13,2,0,30,0,1,1,0,4,1,1,1,36,1,2,1,1,1,2,2,2,2,2,3,1,2,2,2,2,2,"New York",0
"19168",360370,36,2815,43.15767222,-77.65951667,2,2,6,2,11,6,0,12,0,2,2,0,1,1,1,1,36,2,2,1,1,2,2,2,2,2,2,3,2,1,2,2,2,2,"New York",0
"19169",360371,36,6867,40.91681389,-73.785275,1,1,4,3,11,5,0,8,0,8,1,0,4,1,1,1,36,2,2,1,1,1,2,2,1,2,2,3,2,2,2,2,2,2,"New York",0
"19170",360372,36,2877,43.115625,-77.72891389,1,1,6,2,22,3,0,30,0,1,1,0,4,3,10,1,36,2,2,2,1,1,2,1,2,1,2,1,2,2,1,2,2,2,"New York",1
"19171",360373,36,7717,40.66993333,-73.93937222,2,2,6,3,11,6,0,8,0,1,1,0,1,1,1,1,36,2,2,1,1,2,2,2,1,2,2,3,2,2,2,1,2,2,"New York",0
"19172",360374,36,7842,40.63774167,-74.07602222,2,2,6,4,13,6,0,12,0,2,2,0,1,1,1,1,36,2,2,1,1,2,2,2,1,1,2,3,2,2,1,2,2,2,"New York",1
"19173",360375,36,6520,41.11560278,-74.152625,1,1,5,6,16,2,0,8,0,1,1,0,1,1,1,1,36,2,2,1,1,1,2,2,1,2,2,3,2,2,2,2,2,2,"New York",0
"19174",360376,36,3149,42.95987222,-74.18593889,5,5,4,2,17,3,0,12,0,2,2,0,1,1,1,1,36,2,2,1,1,2,1,1,2,2,2,3,2,1,1,2,2,2,"New York",0
"19175",360377,36,7128,40.82401667,-73.87487222,3,3,6,7,22,1,0,8,0,1,1,0,1,3,1,1,36,2,1,2,2,1,2,2,1,2,2,3,2,1,2,2,2,2,"New York",0
"19176",360378,36,1785,44.53399444,-75.66263611,1,1,6,1,5,3,0,35,0,1,1,0,4,2,2,1,36,1,2,2,2,1,2,2,2,1,2,1,2,2,1,2,2,2,"New York",1
"19177",360379,36,4532,42.07494167,-79.47905556,3,3,6,4,8,3,0,12,0,1,1,0,1,1,1,1,36,1,2,1,1,2,2,2,2,2,2,3,2,1,1,2,2,2,"New York",0
"19178",360380,36,7373,40.760225,-73.96193333,4,4,6,7,3,5,0,12,0,20,1,0,1,4,1,1,36,2,2,2,2,2,1,1,2,2,2,3,2,2,2,2,2,2,"New York",0
"19179",360381,36,2761,43.19524167,-73.32440278,3,3,6,7,14,3,0,12,0,1,1,0,1,1,10,1,36,1,2,1,2,2,2,2,2,2,2,3,2,1,2,2,1,2,"New York",0
"19180",360382,36,4655,42.01294722,-73.99702222,2,2,6,5,9,4,0,12,0,1,1,0,1,1,1,1,36,1,2,1,1,2,2,2,2,2,2,3,2,1,2,2,2,2,"New York",0
"19181",360383,36,6917,40.89970556,-73.89710278,1,1,5,1,3,6,0,8,0,5,1,0,1,3,1,1,36,2,2,2,2,1,2,2,1,2,2,3,2,2,2,2,1,2,"New York",1
"19182",360384,36,7772,40.65631667,-73.6068,2,2,6,7,14,3,0,12,0,2,2,0,1,1,2,1,36,2,2,1,2,2,1,2,2,2,2,1,1,1,2,2,2,2,"New York",1
"19183",360385,36,7055,40.843425,-72.645475,2,2,6,4,9,4,0,38,0,3,2,0,4,1,1,1,36,1,2,1,1,1,2,2,2,2,2,2,2,2,2,2,2,2,"New York",0
"19184",360386,36,3172,42.94402222,-76.44818333,3,3,6,4,19,2,0,12,0,1,1,0,1,1,1,1,36,1,2,2,1,2,2,2,2,2,2,3,2,2,2,2,2,2,"New York",0
"19185",360387,36,7279,40.78121944,-73.91793889,1,1,6,7,0,6,0,8,0,3,4,0,1,2,1,1,36,2,2,2,2,1,2,1,1,2,2,3,2,2,1,1,2,2,"New York",0
"19186",360388,36,4535,42.07395556,-76.80218611,1,1,6,7,1,6,0,8,0,3,3,0,1,3,1,1,36,1,2,2,2,1,2,2,1,2,2,2,1,2,2,1,2,2,"New York",0
"19187",360389,36,6970,40.87716944,-73.90905556,9,11,6,1,4,6,0,14,0,3,2,0,7,3,2,1,36,2,2,2,2,3,2,1,2,2,2,1,2,2,2,2,1,2,"New York",1
"19188",360390,36,7748,40.66416389,-73.94484167,1,1,6,2,17,6,0,8,0,1,1,0,1,1,1,1,36,2,2,1,1,1,2,2,1,2,2,3,2,2,2,2,1,2,"New York",0
"19189",360391,36,7091,40.83287222,-73.94202222,3,3,6,2,4,6,0,12,0,2,2,0,1,3,1,1,36,2,2,2,2,2,2,1,2,2,1,3,2,2,1,2,2,2,"New York",0
"19190",360392,36,3227,42.91124444,-76.11740556,2,2,5,6,3,1,0,12,0,1,1,0,1,2,1,1,36,2,1,2,1,2,2,2,2,1,2,3,2,2,2,2,2,2,"New York",1
"19191",360393,36,7628,40.69341667,-73.75604167,2,2,6,1,20,6,0,12,0,2,2,0,1,3,1,1,36,2,2,2,2,2,1,1,2,2,2,3,1,2,2,2,2,2,"New York",0
"19192",360394,36,2834,43.14256667,-79.03917778,5,5,6,2,18,3,0,12,0,1,1,0,1,1,1,1,36,2,2,2,1,3,2,2,2,2,2,3,2,2,2,2,2,2,"New York",0
"19193",360395,36,7778,40.65419167,-73.88707222,4,5,7,4,10,6,0,19,0,3,2,0,5,1,1,1,36,2,2,1,1,1,2,2,1,2,2,3,2,2,2,2,1,2,"New York",0
"19194",360396,36,7440,40.744825,-73.76623889,6,6,7,4,18,6,0,12,0,1,1,0,1,1,1,3,36,2,2,2,1,2,2,1,2,2,2,3,2,1,2,2,2,2,"New York",0
"19195",360397,36,3164,42.94855278,-78.67706389,1,1,7,4,23,5,0,21,0,1,1,0,4,3,2,1,36,1,2,2,1,1,2,2,2,1,2,2,2,2,2,2,2,2,"New York",0
"19196",360398,36,2622,43.34770278,-78.57513056,3,3,6,3,7,3,0,12,0,2,2,0,1,1,2,1,36,1,2,1,1,2,2,2,2,1,2,3,2,1,2,2,1,2,"New York",0
"19197",360399,36,7617,40.69629167,-73.93405556,2,2,7,5,22,6,0,8,0,1,1,0,1,3,10,1,36,2,2,2,1,1,2,2,1,2,2,3,2,2,2,1,1,2,"New York",0
"19198",360400,36,1902,44.355125,-75.80663611,1,1,7,5,19,4,0,1,0,1,1,0,4,1,1,1,36,1,2,2,1,1,1,1,2,2,2,1,2,2,2,2,2,2,"New York",1
"19199",360402,36,4527,42.07721389,-76.79106389,1,1,7,6,17,6,0,19,0,3,3,0,5,1,1,1,36,2,2,1,1,1,2,1,2,2,2,2,2,2,2,2,2,2,"New York",0
"19200",360403,36,2762,43.19189167,-77.60013889,5,5,7,2,7,3,0,12,0,1,1,0,1,1,1,1,36,2,2,1,1,3,1,2,2,2,2,3,2,2,2,2,2,2,"New York",0
"19201",360404,36,6463,41.14913611,-74.19970556,2,2,5,2,2,5,0,12,0,2,3,0,1,3,1,1,36,1,2,2,2,2,2,2,2,2,2,1,2,2,2,2,2,2,"New York",1
"19202",360405,36,6986,40.87230556,-73.82456389,1,1,7,2,9,6,0,46,0,3,3,0,4,1,1,1,36,2,2,1,1,1,2,2,2,2,2,2,2,2,2,2,2,2,"New York",0
"19203",360406,36,3380,42.77273889,-78.55245833,4,4,7,3,15,5,0,12,0,1,1,0,1,1,10,1,36,1,2,1,1,2,2,2,2,2,2,3,2,2,2,2,2,1,"New York",0
"19204",360407,36,3453,42.71552778,-78.41780556,1,1,7,4,11,5,0,42,0,1,1,0,4,1,10,1,36,1,2,1,1,1,2,1,2,1,2,1,2,2,2,2,2,2,"New York",1
"19205",360408,36,6937,40.89039722,-73.88651111,1,1,7,4,0,1,0,5,0,1,1,0,1,3,1,1,36,2,1,2,1,1,1,1,2,2,2,1,2,2,2,2,2,2,"New York",1
"19206",360409,36,7171,40.80901111,-73.19757778,4,4,7,4,16,1,0,12,1,18,1,0,1,1,10,1,36,1,1,1,1,2,2,2,2,2,2,3,2,2,1,2,2,2,"New York",0
"19207",360411,36,5059,41.7806,-74.93093611,1,1,7,4,2,3,0,8,0,1,1,0,1,3,1,1,36,1,2,2,1,1,2,2,1,2,2,3,2,2,2,2,2,2,"New York",0
"19208",360412,36,7739,40.66631389,-73.91569167,1,1,7,5,20,6,0,8,0,2,2,0,1,3,2,1,36,2,2,2,1,1,2,2,1,2,2,3,2,2,2,2,2,2,"New York",0
"19209",360413,36,4261,42.25426111,-73.75471944,1,1,7,5,18,3,0,59,0,1,1,0,4,1,2,1,36,1,2,2,1,1,1,1,2,2,2,3,2,2,2,2,2,2,"New York",0
"19210",360414,36,7726,40.66791389,-73.77581389,1,1,7,1,18,6,0,42,0,1,1,0,4,1,1,1,36,2,2,2,2,1,2,1,2,1,2,1,2,2,2,2,2,2,"New York",1
"19211",360415,36,3331,42.81375,-73.94460556,2,2,7,7,18,6,0,33,0,3,2,0,3,1,1,2,36,2,2,2,2,1,1,1,2,2,2,1,2,2,2,2,2,2,"New York",1
"19212",360416,36,7427,40.74761667,-73.58761389,2,2,7,7,14,5,0,9,0,2,2,0,1,1,1,1,36,2,2,1,2,1,2,2,2,2,2,3,1,2,2,2,2,2,"New York",0
"19213",360417,36,7663,40.6831,-73.97908889,6,6,7,2,7,6,0,12,0,2,2,0,1,1,10,1,36,2,2,1,1,3,2,2,2,2,2,3,2,2,2,2,2,2,"New York",0
"19214",360418,36,3251,42.89508056,-78.80629444,1,1,6,7,2,6,0,8,0,1,1,0,4,3,10,1,36,2,2,2,2,1,2,2,1,2,2,3,2,2,2,1,2,2,"New York",1
"19215",360419,36,3018,43.03885556,-77.30591944,1,1,5,7,23,4,0,32,0,1,1,0,4,2,1,1,36,1,2,2,2,1,2,2,2,1,2,3,2,2,2,2,2,2,"New York",1
"19216",360420,36,7526,40.71970833,-73.26672222,2,2,4,7,1,4,0,30,0,1,1,0,4,3,1,1,36,2,2,2,2,1,2,2,2,2,2,1,2,2,2,2,2,2,"New York",1
"19217",360421,36,7465,40.73791389,-73.28681667,1,1,5,1,0,6,0,8,0,3,2,0,1,3,1,1,36,2,2,2,2,1,2,2,1,2,2,3,2,2,2,2,2,2,"New York",0
"19218",360422,36,6630,41.05336389,-73.781825,1,1,6,3,6,5,0,8,0,1,1,0,1,3,2,1,36,2,2,1,1,1,2,2,1,2,2,3,2,2,2,1,2,2,"New York",0
"19219",360423,36,7325,40.76968889,-73.05331944,1,1,6,1,12,5,0,1,0,1,1,0,1,1,1,1,36,2,2,1,2,1,2,2,2,1,2,2,2,2,2,2,2,2,"New York",0
"19220",360424,36,7544,40.71605278,-73.99557222,1,1,7,6,12,6,0,8,0,1,1,0,1,1,1,1,36,2,2,1,1,1,2,2,1,2,2,3,2,2,1,2,2,2,"New York",0
"19221",360425,36,3180,42.93806111,-76.55593056,4,4,7,2,16,3,0,12,0,2,2,0,1,1,1,1,36,1,2,1,1,2,1,1,2,2,2,3,2,2,2,2,2,2,"New York",0
"19222",360426,36,2633,43.33956667,-77.80994167,3,3,7,7,11,5,0,12,0,2,2,0,1,1,1,1,36,2,2,1,2,2,2,2,2,2,2,3,2,2,2,2,2,2,"New York",0
"19223",360427,36,3434,42.728725,-78.88830833,6,6,7,6,14,2,0,12,0,1,1,0,1,1,10,1,36,2,2,1,1,3,2,2,2,2,2,3,1,2,2,2,1,2,"New York",0
"19224",360428,36,7736,40.66665278,-73.76472222,2,2,7,7,2,3,0,8,0,1,1,0,1,2,1,1,36,2,2,2,2,2,2,2,1,2,2,3,2,2,1,2,2,2,"New York",0
"19225",360429,36,4788,41.92818333,-73.91064444,2,2,7,2,15,6,0,8,0,1,1,0,1,1,1,1,36,2,2,1,1,1,2,2,1,2,2,3,1,2,2,1,1,2,"New York",0
"19226",360430,36,7767,40.65759444,-73.57192778,1,1,7,7,23,3,0,8,0,1,1,0,1,3,1,1,36,2,2,2,2,1,2,2,1,2,2,3,2,1,2,1,2,2,"New York",0
"19227",360431,36,3541,42.66165278,-73.76084444,2,2,7,1,1,2,0,12,0,2,2,0,1,3,1,1,36,2,2,2,2,2,2,2,2,2,2,1,2,2,1,2,2,2,"New York",1
"19228",360432,36,7765,40.65798056,-73.58405833,1,1,7,7,10,6,0,14,0,1,1,0,1,1,10,1,36,2,2,1,2,1,1,1,2,2,2,2,2,2,2,2,2,2,"New York",0
"19229",360433,36,7591,40.70379444,-73.63586389,5,5,7,6,1,3,0,12,0,2,3,0,1,3,1,1,36,2,2,2,1,2,2,1,2,2,2,3,2,2,2,2,2,2,"New York",0
"19230",360434,36,6681,41.02306944,-72.50048889,10,10,7,7,17,4,0,12,0,2,2,0,1,1,1,4,36,1,2,1,2,2,2,2,2,2,2,3,2,2,2,2,2,2,"New York",1
"19231",360435,36,6833,40.93433056,-72.70948056,4,4,7,6,9,5,0,12,0,2,2,0,1,1,1,1,36,2,2,1,1,2,2,2,2,1,2,3,2,1,2,2,1,2,"New York",0
"19232",360436,36,7572,40.70941111,-73.60708333,1,1,7,7,20,6,0,9,0,2,3,0,1,3,1,1,36,2,2,2,2,1,2,2,2,2,2,3,2,2,2,2,2,2,"New York",0
"19233",360437,36,3445,42.72285,-75.30515833,1,1,3,5,21,3,0,8,0,1,1,0,1,2,1,1,36,1,2,2,1,1,2,2,1,2,2,3,2,2,2,2,2,2,"New York",0
"19234",360439,36,7512,40.72452222,-73.56146389,2,2,7,2,23,3,0,12,0,2,3,0,1,3,1,1,36,2,2,2,1,2,2,1,2,2,2,3,2,2,2,2,2,2,"New York",0
"19235",360440,36,7369,40.76090278,-73.96115278,1,1,5,5,19,6,0,8,0,3,2,0,1,3,1,1,36,2,2,2,1,1,2,2,1,2,2,3,2,2,2,2,2,2,"New York",0
"19236",360441,36,7984,40.58646944,-73.94695556,2,2,5,7,19,6,0,8,0,2,2,0,1,5,1,1,36,2,2,2,2,1,2,2,1,2,2,3,2,2,2,2,1,2,"New York",0
"19237",360442,36,8115,40.530775,-74.22525278,3,3,7,2,18,6,0,5,0,1,1,0,1,1,1,1,36,2,2,2,1,1,2,1,2,2,2,3,2,2,1,2,1,2,"New York",0
"19238",360443,36,7774,40.65539722,-73.92978056,1,1,5,3,9,6,0,8,0,3,2,0,1,1,1,1,36,2,2,1,1,1,2,2,1,2,2,3,2,2,2,2,2,2,"New York",0
"19239",360444,36,7321,40.77048889,-73.98197778,2,2,6,2,19,6,0,8,0,2,2,0,1,1,2,1,36,2,2,2,1,1,2,2,1,2,2,3,2,2,2,2,1,2,"New York",0
"19240",360445,36,7548,40.71489167,-73.95918056,3,3,6,5,14,6,0,8,0,1,1,0,1,1,1,1,36,2,2,1,1,1,2,2,1,2,2,3,2,2,2,2,2,2,"New York",0
"19241",360446,36,7359,40.76278611,-73.96564167,2,2,6,2,14,6,0,8,0,3,2,0,1,1,2,1,36,2,2,1,1,1,2,2,1,2,2,3,2,2,1,2,2,2,"New York",0
"19242",360448,36,2526,43.47819722,-73.30776389,1,1,7,3,8,5,0,53,0,1,1,0,4,1,1,1,36,1,2,1,1,1,2,2,2,2,2,3,1,2,2,2,2,2,"New York",0
"19243",360449,36,6351,41.20557778,-73.76488056,1,1,7,3,0,5,0,30,0,1,1,0,4,2,1,1,36,1,2,2,1,1,2,1,2,2,2,3,2,2,2,2,2,2,"New York",0
"19244",360450,36,5734,41.50705833,-74.08114722,1,1,7,4,21,3,0,8,0,1,1,0,1,2,1,1,36,2,2,2,1,1,2,2,1,2,2,2,2,2,2,2,2,2,"New York",0
"19245",360451,36,2875,43.11596667,-75.67231944,1,1,7,6,23,3,0,53,0,1,1,0,4,2,10,1,36,1,2,2,2,1,2,2,2,1,2,1,2,2,2,2,2,2,"New York",1
"19246",360452,36,3471,42.70173056,-73.81474722,3,3,4,2,20,3,0,8,0,3,3,0,1,3,1,1,36,2,2,2,1,1,2,2,1,2,2,3,2,2,2,1,1,2,"New York",0
"19247",360453,36,5863,41.447725,-73.66298056,2,2,4,2,18,5,0,42,0,1,1,0,4,1,1,1,36,2,2,2,1,1,2,1,2,1,2,1,2,2,2,2,2,2,"New York",1
"19248",360454,36,8055,40.56077778,-73.92058889,4,4,5,1,3,5,0,40,0,1,1,0,4,3,10,1,36,2,2,2,2,1,2,1,2,2,2,3,2,2,2,1,2,2,"New York",1
"19249",360455,36,7539,40.71712778,-73.79955556,4,4,7,6,23,3,0,5,0,1,1,0,1,3,1,1,36,2,2,2,2,2,1,2,2,2,2,3,2,1,2,2,2,2,"New York",0
"19250",360456,36,6159,41.29705278,-74.39085,3,3,5,2,16,4,0,12,0,1,1,0,1,1,1,1,36,1,2,1,1,2,2,2,2,2,2,2,2,1,2,2,2,2,"New York",0
"19251",360457,36,7392,40.75570833,-73.21283333,1,1,5,7,4,3,0,59,1,19,1,0,8,3,2,1,36,2,2,2,2,1,2,1,2,2,2,2,2,2,2,2,2,2,"New York",0