"","ST_CASE","OBJECT_ID","FID","LATITUDE","LONGITUD","PERMVIT","PERSONS","MONTH","DAY_WEEK","HOUR","ROUTE","SP_JUR","HARM_EV","RELJCT1","RELJCT2","TYP_INT","WRK_ZONE","REL_ROAD","LGT_COND","WEATHER","FATALS","STATE","A_RU","A_INTER","A_TOD","A_DOW","A_CT","A_MC","A_SPCRA","A_PED","A_ROLL","A_POLPUR","A_POSBAC","A_D15_20","A_D65PLS","A_D21_24","A_HR","A_DIST","A_DROWSY","STATE_NAME","drunkDr"
"19252",360458,36,3224,42.91253333,-75.71026389,3,3,6,6,18,2,0,12,0,2,2,0,1,1,1,1,36,1,2,2,2,2,2,2,2,2,2,3,2,1,2,2,2,2,"New York",0
"19253",360459,36,4148,42.31045833,-78.41639722,1,1,6,2,5,5,0,34,0,3,3,0,4,1,10,1,36,1,2,2,2,1,2,2,2,2,2,2,2,2,2,2,2,2,"New York",0
"19254",360460,36,6657,41.03929722,-73.79131389,0,0,7,4,17,5,0,8,0,1,1,0,7,1,1,1,36,2,2,1,1,1,2,2,1,2,2,2,2,2,2,2,2,2,"New York",0
"19255",360461,36,2924,43.08944167,-78.98870833,2,2,5,5,23,2,0,12,0,8,1,0,1,3,1,1,36,2,2,2,1,2,1,1,2,2,2,3,2,2,2,2,2,2,"New York",1
"19256",360462,36,3770,42.50024167,-76.29811389,2,2,7,1,22,5,0,8,0,1,1,0,1,2,1,1,36,2,2,2,2,1,2,2,1,2,2,3,2,2,2,2,2,2,"New York",0
"19257",360463,36,3791,42.491075,-73.54903333,3,3,7,5,2,3,0,35,0,1,1,0,4,2,10,1,36,1,2,2,1,1,2,1,2,2,2,2,2,2,2,2,2,2,"New York",0
"19258",360464,36,3698,42.54803889,-75.52531111,3,3,7,4,8,3,0,12,0,2,3,0,1,1,10,1,36,2,2,1,1,2,2,2,2,2,2,3,2,1,2,2,2,2,"New York",0
"19259",360465,36,3054,43.01926944,-76.16064722,1,1,7,4,15,6,0,8,0,3,2,0,1,1,1,1,36,2,2,1,1,1,2,2,1,2,2,3,2,2,1,2,1,2,"New York",0
"19260",360466,36,3365,42.78586667,-77.498875,1,1,7,4,19,5,0,40,0,1,1,0,4,1,1,1,36,2,2,2,1,1,2,2,2,1,2,2,2,2,2,2,2,2,"New York",0
"19261",360467,36,7274,40.783275,-72.86444722,1,1,7,6,9,4,0,8,0,3,3,0,1,1,1,1,36,2,2,1,1,1,2,2,1,2,2,3,2,2,2,2,2,2,"New York",0
"19262",360468,36,2826,43.14826389,-75.10505556,6,6,7,5,13,4,0,12,0,1,1,0,1,1,2,1,36,1,2,1,1,2,2,2,2,2,2,2,2,2,1,2,2,2,"New York",0
"19263",360469,36,6016,41.37458611,-74.18005556,1,1,7,6,14,3,0,42,0,1,1,0,4,1,10,1,36,1,2,1,1,1,2,2,2,2,2,2,2,1,2,2,2,2,"New York",0
"19264",360470,36,2760,43.19538889,-77.58451667,2,2,7,6,13,3,0,24,0,1,1,0,4,1,10,1,36,2,2,1,1,1,2,2,2,1,2,3,2,1,2,2,2,2,"New York",0
"19265",360471,36,6189,41.28495,-74.17736389,1,1,7,5,12,4,0,39,0,1,1,0,4,1,1,1,36,1,2,1,1,1,1,1,2,2,2,2,2,2,2,2,2,2,"New York",0
"19266",360472,36,6905,40.90356389,-72.6043,4,4,7,5,16,3,0,12,0,1,1,0,1,1,10,1,36,2,2,1,1,2,2,2,2,2,2,3,2,2,2,2,2,2,"New York",0
"19267",360473,36,3473,42.70103056,-75.74602778,8,8,7,5,15,3,0,12,0,2,3,0,1,1,10,1,36,1,2,1,1,3,1,1,2,2,2,3,2,2,2,2,2,2,"New York",0
"19268",360474,36,1580,44.87178889,-74.34019722,3,3,6,5,10,3,0,12,0,3,3,0,1,1,1,2,36,2,2,1,1,2,1,2,2,2,2,3,2,2,2,2,1,2,"New York",0
"19269",360475,36,7074,40.83695,-73.48359444,4,4,7,7,10,5,0,12,0,2,4,0,1,1,10,1,36,1,2,1,2,2,2,2,2,2,2,3,1,2,2,2,2,2,"New York",0
"19270",360476,36,6124,41.31224722,-74.15455278,1,1,6,7,6,6,0,42,0,1,1,0,5,1,1,1,36,2,2,1,2,1,2,2,2,1,2,2,2,2,2,2,2,2,"New York",0
"19271",360478,36,2383,43.639625,-75.99276944,1,1,7,6,12,4,0,9,0,1,1,0,1,1,1,1,36,1,2,1,1,1,2,2,2,2,2,3,2,1,2,2,2,2,"New York",0
"19272",360479,36,7973,40.58911667,-74.16745556,4,4,7,1,22,6,0,30,0,3,2,0,3,3,10,1,36,2,2,2,2,1,2,1,2,2,2,3,2,2,1,1,2,2,"New York",0
"19273",360480,36,7618,40.69622222,-73.68258333,2,2,7,1,14,5,0,12,0,2,3,0,1,1,1,1,36,2,2,1,2,2,2,2,2,2,2,3,2,1,2,2,2,2,"New York",0
"19274",360481,36,2946,43.07812222,-78.47718889,1,1,7,1,10,5,0,42,0,1,1,0,4,1,1,1,36,1,2,1,2,1,2,2,2,2,2,1,2,2,2,2,2,2,"New York",1
"19275",360482,36,1963,44.26205278,-75.3431,1,1,7,3,17,5,0,42,0,1,1,0,4,1,1,1,36,1,2,1,1,1,2,2,2,2,2,1,2,1,2,2,2,2,"New York",1
"19276",360483,36,7419,40.74979722,-73.93793611,2,2,7,3,14,6,0,9,0,3,4,0,1,1,1,1,36,2,2,1,1,1,2,1,2,2,2,2,2,2,2,2,2,2,"New York",0
"19277",360484,36,5178,41.72691667,-73.78131389,5,5,7,5,21,3,0,39,0,1,1,0,3,2,1,1,36,1,2,2,1,1,2,2,2,2,2,2,2,2,2,2,2,1,"New York",0
"19278",360486,36,2711,43.23647778,-77.52700556,1,1,7,5,20,5,0,5,0,1,1,0,4,5,1,1,36,2,2,2,1,1,1,1,2,2,2,1,2,2,2,2,2,2,"New York",1
"19279",360487,36,2994,43.05535278,-76.15343889,1,1,6,7,2,1,0,15,0,20,1,0,1,3,2,1,36,2,1,2,2,1,2,2,2,2,2,3,2,2,2,1,1,2,"New York",1
"19280",360488,36,4495,42.09806944,-79.30821667,4,4,7,5,21,3,0,12,0,8,1,0,1,3,1,1,36,2,2,2,1,2,2,2,2,2,2,3,1,2,2,2,2,2,"New York",0
"19281",360489,36,2817,43.15652222,-77.71878611,1,1,7,6,0,1,0,1,0,20,1,0,1,3,1,1,36,2,1,2,1,1,1,1,2,2,2,2,2,2,1,2,2,2,"New York",0
"19282",360490,36,2878,43.11298333,-73.72498889,2,2,7,6,22,5,0,12,0,1,1,0,1,2,1,1,36,1,2,2,2,2,1,1,2,2,2,1,2,2,1,2,2,2,"New York",1
"19283",360491,36,4505,42.09251111,-79.41221944,2,2,6,7,21,5,0,42,0,1,1,0,4,2,2,1,36,1,2,2,2,1,2,1,2,2,2,1,2,2,1,2,2,2,"New York",1
"19284",360492,36,8074,40.55371667,-74.14074167,1,1,8,1,1,6,0,14,0,1,1,0,7,3,1,1,36,2,2,2,2,1,2,1,2,2,2,1,2,2,2,2,2,2,"New York",1
"19285",360493,36,6668,41.03024167,-73.82079167,5,5,5,5,21,3,0,12,0,1,1,0,1,3,1,1,36,2,2,2,1,3,1,1,2,2,2,3,2,1,1,2,2,2,"New York",0
"19286",360494,36,4234,42.26726111,-76.81789167,1,1,8,1,19,4,0,42,0,1,1,0,4,5,1,1,36,1,2,2,2,1,1,1,2,2,2,3,2,2,2,2,2,2,"New York",0
"19287",360495,36,3483,42.69600833,-78.74216944,1,1,5,7,7,5,0,11,0,1,1,0,2,1,1,1,36,1,2,1,2,1,2,2,1,2,2,3,1,2,2,1,1,2,"New York",0
"19288",360496,36,6815,40.94442778,-73.84775278,1,1,7,1,11,3,0,24,0,1,1,0,3,1,1,1,36,2,2,1,2,1,2,1,2,2,2,2,2,2,1,2,2,2,"New York",0
"19289",360497,36,2507,43.50370556,-76.27833611,1,1,8,1,6,4,0,1,1,3,3,0,1,2,1,1,36,1,2,1,2,1,1,1,2,2,2,1,2,2,2,2,2,2,"New York",1
"19290",360498,36,6945,40.88786944,-73.60015556,1,1,7,2,22,5,0,5,0,1,1,0,1,2,1,1,36,1,2,2,1,1,1,2,2,2,2,2,2,2,2,2,2,2,"New York",0
"19291",360499,36,5779,41.48680833,-74.83416111,2,2,7,2,8,4,0,42,0,1,1,0,4,1,10,1,36,1,2,1,1,1,2,1,2,2,2,1,2,2,2,2,2,2,"New York",1
"19292",360500,36,7076,40.83658611,-73.82456111,1,1,8,2,7,1,0,25,0,1,1,0,4,1,1,1,36,2,1,1,1,1,2,2,2,2,2,2,2,2,2,2,2,2,"New York",0
"19293",360501,36,1705,44.67433889,-74.55058333,1,1,7,4,1,5,0,42,0,1,1,0,4,2,1,1,36,1,2,2,1,1,2,2,2,2,2,3,2,2,2,2,1,2,"New York",0
"19294",360502,36,4687,41.98912778,-73.73481667,1,1,8,3,16,3,0,42,0,1,1,0,4,1,1,1,36,2,2,1,1,1,2,1,2,2,2,1,2,2,2,2,2,2,"New York",1
"19295",360503,36,4593,42.04211667,-76.854525,1,1,8,2,3,3,0,1,0,1,1,1,3,3,1,1,36,2,2,2,2,1,1,1,2,2,2,3,2,2,2,2,2,2,"New York",0
"19296",360505,36,7787,40.65170833,-73.75920278,3,3,8,4,1,6,0,12,0,2,3,0,1,3,1,1,36,2,2,2,1,2,2,2,2,2,2,3,2,2,2,2,2,2,"New York",0
"19297",360506,36,7801,40.64871111,-74.01324444,1,1,8,4,17,6,0,9,0,2,2,0,1,1,1,1,36,2,2,1,1,1,2,2,2,2,2,3,2,2,2,2,2,2,"New York",0
"19298",360507,36,7737,40.66650278,-73.77256111,4,4,8,7,0,3,0,12,0,3,3,0,1,2,1,1,36,2,2,2,2,2,2,1,2,2,2,3,1,2,2,2,2,2,"New York",0
"19299",360509,36,1627,44.79520833,-74.48059722,1,1,7,2,16,5,0,42,0,1,1,0,4,1,1,1,36,1,2,1,1,1,2,2,2,2,2,2,2,1,2,2,2,2,"New York",0
"19300",360510,36,4165,42.30076944,-73.99350833,3,3,8,5,13,3,0,12,0,2,2,0,1,1,1,1,36,2,2,1,1,2,2,2,2,2,2,3,2,1,2,2,2,2,"New York",0
"19301",360511,36,7347,40.76485,-73.08088611,1,1,6,1,10,3,0,24,0,1,1,0,4,1,1,1,36,2,2,1,2,1,1,2,2,2,2,2,2,2,2,2,2,2,"New York",0
"19302",360512,36,1692,44.69413056,-74.5552,3,3,8,1,23,4,0,42,0,1,1,0,4,2,1,1,36,1,2,2,2,1,2,1,2,1,2,1,1,2,2,2,2,2,"New York",1
"19303",360514,36,2721,43.22612222,-76.98211667,3,3,8,1,13,3,0,12,0,1,1,0,1,1,1,2,36,1,2,1,2,2,1,2,2,2,2,3,2,2,2,2,2,2,"New York",0
"19304",360515,36,2275,43.76465,-76.19608889,8,8,8,1,11,3,0,12,0,2,2,0,1,1,1,1,36,1,2,1,2,3,1,2,2,2,2,3,1,2,2,2,2,2,"New York",0
"19305",360516,36,4623,42.02889167,-76.95428611,5,5,8,1,17,5,0,34,0,3,3,0,4,1,1,1,36,1,2,1,2,1,2,1,2,1,2,2,2,2,1,2,2,2,"New York",0
"19306",360517,36,7642,40.69023333,-73.99434444,1,1,8,1,20,6,0,8,0,3,3,0,1,5,10,1,36,2,2,2,2,1,2,2,1,2,2,3,2,2,2,2,2,2,"New York",0
"19307",360518,36,7398,40.75424167,-73.96909722,1,1,8,2,16,6,0,8,0,3,2,0,4,1,1,1,36,2,2,1,1,1,2,1,1,2,2,3,2,2,2,2,2,2,"New York",0
"19308",360519,36,3233,42.90723889,-78.78423333,1,1,7,5,23,3,0,8,0,3,2,0,1,3,1,1,36,2,2,2,1,1,2,2,1,2,2,3,2,2,2,2,2,2,"New York",0
"19309",360521,36,7416,40.75085833,-73.779325,1,1,8,2,6,6,0,14,0,1,1,0,7,1,1,1,36,2,2,1,1,1,2,2,2,2,2,2,2,2,2,2,2,2,"New York",0
"19310",360522,36,3340,42.805325,-73.93215556,1,1,8,6,20,5,0,8,0,1,1,0,1,3,10,1,36,2,2,2,2,1,2,1,1,2,2,3,2,2,2,1,1,2,"New York",0
"19311",360523,36,2892,43.10831389,-73.60041389,4,4,8,2,14,3,0,12,0,1,1,0,1,1,1,1,36,1,2,1,1,3,1,2,2,2,2,3,2,2,2,2,1,2,"New York",0
"19312",360524,36,3431,42.73032778,-78.77072222,2,2,8,5,5,2,0,12,0,1,1,0,1,4,1,1,36,1,2,2,1,2,2,2,2,2,2,3,2,1,1,2,1,2,"New York",0
"19313",360525,36,2981,43.062825,-75.68437778,3,3,8,1,23,4,0,34,0,1,1,0,4,2,1,2,36,1,2,2,2,1,2,2,2,1,2,1,2,2,2,2,2,2,"New York",1
"19314",360527,36,7684,40.67725,-73.45634722,2,2,4,4,6,3,0,12,0,2,2,0,1,1,10,1,36,2,2,1,1,2,2,2,2,2,2,3,2,1,2,2,2,2,"New York",0
"19315",360528,36,7619,40.69605,-73.46382778,1,1,5,2,11,6,0,14,0,3,3,0,7,1,1,1,36,2,2,1,1,1,2,2,2,2,2,2,2,1,2,2,2,2,"New York",0
"19316",360529,36,7391,40.75571111,-73.73932778,2,2,5,2,14,6,0,38,0,3,3,0,4,1,1,1,36,2,2,1,1,1,2,1,2,2,2,3,2,1,2,2,2,2,"New York",0
"19317",360530,36,3162,42.95138333,-76.76349444,3,3,8,1,13,3,0,12,0,1,1,0,1,1,1,1,36,1,2,1,2,2,2,2,2,1,2,3,1,2,2,2,2,2,"New York",1
"19318",360531,36,7645,40.68973333,-73.92246111,1,1,8,4,15,6,0,8,0,1,1,0,1,1,1,1,36,2,2,1,1,1,2,2,1,2,2,3,2,2,2,2,1,2,"New York",0
"19319",360532,36,4447,42.13340278,-75.87545833,1,1,8,5,1,5,0,24,0,1,1,0,4,3,1,1,36,1,2,2,1,1,2,2,2,1,2,3,2,2,1,2,2,2,"New York",1
"19320",360533,36,1838,44.45668889,-75.70653056,1,1,8,5,9,4,0,9,0,1,1,0,1,1,10,1,36,1,2,1,1,1,2,2,2,2,2,3,2,2,2,2,1,2,"New York",0
"19321",360534,36,2615,43.35652222,-73.53674444,1,1,8,4,0,2,0,9,0,1,1,0,1,2,1,1,36,1,2,2,1,1,2,2,2,2,2,2,2,2,1,2,2,2,"New York",0
"19322",360535,36,1638,44.77961389,-73.985575,2,2,8,6,19,5,0,42,0,1,1,0,4,1,1,1,36,1,2,2,2,1,2,1,2,2,2,1,2,2,2,2,2,2,"New York",1
"19323",360536,36,2238,43.81547222,-76.11568056,1,1,8,1,1,3,0,53,0,3,3,0,4,2,10,1,36,1,2,2,2,1,2,2,2,1,2,1,2,2,2,2,2,2,"New York",1
"19324",360537,36,5405,41.63793333,-74.09474444,1,1,8,7,21,5,0,42,0,1,1,0,4,2,1,1,36,1,2,2,2,1,2,2,2,2,2,3,2,2,2,2,2,2,"New York",1
"19325",360538,36,2255,43.79265278,-76.20009722,5,5,8,7,13,3,0,12,0,2,2,0,1,1,1,1,36,1,2,1,2,2,2,2,2,1,2,3,2,2,2,2,2,2,"New York",0
"19326",360539,36,6105,41.32303611,-74.07409167,2,2,8,1,0,2,0,12,0,1,1,0,1,2,10,2,36,1,2,2,2,2,2,2,2,2,2,1,2,1,2,2,2,2,"New York",1
"19327",360540,36,7938,40.60208611,-74.16320556,1,1,8,1,1,6,0,42,0,1,1,0,3,3,1,1,36,2,2,2,2,1,1,1,2,2,2,2,2,2,1,2,2,2,"New York",0
"19328",360541,36,3143,42.96349722,-74.24999722,2,2,8,2,9,5,0,16,0,1,1,0,1,1,1,1,36,1,2,1,1,1,2,2,2,2,2,3,2,2,2,2,2,2,"New York",0
"19329",360542,36,2767,43.19047778,-78.93013889,3,3,8,3,14,3,0,12,0,2,2,0,1,1,1,1,36,2,2,1,1,2,1,1,2,2,2,3,2,2,2,2,1,2,"New York",0
"19330",360543,36,7330,40.76874722,-73.05543889,1,1,8,4,15,7,0,1,0,1,1,0,4,1,1,1,36,1,2,1,1,1,2,2,2,1,2,2,2,1,2,2,2,2,"New York",0
"19331",360544,36,7577,40.70862222,-73.57891111,2,2,8,1,20,3,0,12,0,1,1,0,1,3,1,1,36,2,2,2,2,2,1,1,2,2,2,1,1,2,2,2,2,2,"New York",1
"19332",360545,36,3291,42.85961944,-77.03405,5,5,8,1,5,2,0,30,0,1,1,0,4,4,10,1,36,1,2,2,2,1,2,2,2,2,2,3,2,2,2,2,2,2,"New York",1
"19333",360546,36,7422,40.74888333,-73.89178611,1,1,8,4,1,6,0,8,0,3,2,0,1,3,1,1,36,2,2,2,1,1,2,2,1,2,2,3,2,2,2,2,1,2,"New York",0
"19334",360547,36,2731,43.216725,-74.13613056,1,1,8,5,16,4,0,42,0,1,1,0,4,1,10,1,36,1,2,1,1,1,2,2,2,2,2,2,2,1,2,2,2,2,"New York",0
"19335",360548,36,7299,40.77663333,-73.215125,2,2,7,1,22,5,0,8,0,1,1,0,1,3,1,1,36,2,2,2,2,1,2,2,1,2,2,3,2,2,2,2,2,2,"New York",0
"19336",360549,36,2320,43.71073889,-76.07546944,1,1,8,5,16,1,0,21,0,1,1,0,3,1,10,1,36,1,1,1,1,1,2,2,2,2,2,2,2,1,2,2,2,2,"New York",0
"19337",360550,36,7581,40.70623056,-73.30656111,2,2,7,3,5,5,0,12,0,2,2,0,1,4,1,1,36,2,2,2,1,2,2,2,2,2,2,3,1,2,2,2,2,2,"New York",0
"19338",360551,36,4508,42.09128611,-75.911225,3,3,8,2,20,3,0,25,0,1,1,0,3,3,1,1,36,2,2,2,1,2,1,2,2,2,2,3,2,2,2,2,2,2,"New York",0
"19339",360552,36,7206,40.80064167,-72.88008889,10,10,7,3,16,4,0,12,0,1,1,0,1,1,1,1,36,2,2,1,1,2,2,2,2,1,2,3,2,2,2,2,1,1,"New York",0
"19340",360553,36,7308,40.77399167,-73.00768333,1,1,7,1,2,3,0,8,0,2,3,0,1,3,1,1,36,2,2,2,2,1,2,2,1,2,2,3,2,2,2,2,2,2,"New York",0
"19341",360554,36,6932,40.892725,-73.04336389,3,3,7,2,17,5,0,12,0,3,3,0,1,1,1,1,36,2,2,1,1,2,2,1,2,2,2,3,1,2,2,2,2,2,"New York",0
"19342",360555,36,4580,42.04823333,-79.23453056,3,3,7,7,17,5,0,12,0,2,2,0,1,1,1,1,36,1,2,1,2,2,1,2,2,2,2,1,2,2,2,2,1,2,"New York",1
"19343",360556,36,7236,40.79348889,-72.90763889,1,1,7,1,4,3,0,42,0,3,3,0,4,3,1,1,36,2,2,2,2,1,2,2,2,2,2,2,2,2,2,2,2,2,"New York",0
"19344",360557,36,7100,40.82935833,-73.11594444,2,2,7,3,20,4,0,9,0,3,2,0,1,5,10,1,36,2,2,2,1,1,2,2,2,2,2,3,2,2,1,2,2,2,"New York",0
"19345",360558,36,7693,40.67368056,-74.01179167,1,1,7,4,23,6,0,9,0,2,2,0,1,3,1,1,36,2,2,2,1,1,2,2,2,2,2,3,2,2,2,2,2,2,"New York",0
"19346",360559,36,3007,43.04553056,-76.11969444,1,1,8,2,11,6,0,9,0,2,2,0,1,1,1,1,36,2,2,1,1,1,2,2,2,2,2,3,2,2,2,2,2,2,"New York",0
"19347",360560,36,3468,42.70472778,-78.38796111,5,5,8,6,13,3,0,12,0,2,2,0,1,1,1,1,36,1,2,1,1,2,2,2,2,1,2,3,2,2,2,2,2,2,"New York",0
"19348",360561,36,5180,41.72645278,-74.418975,3,3,8,4,16,3,0,12,0,1,1,0,1,1,1,1,36,1,2,1,1,2,1,2,2,2,2,3,2,1,2,2,2,2,"New York",0
"19349",360563,36,6464,41.14771944,-73.99378611,1,1,7,6,5,4,0,33,0,1,1,0,4,4,10,1,36,1,2,2,1,1,1,1,2,2,2,1,2,2,2,2,2,2,"New York",1
"19350",360564,36,4055,42.3604,-74.47516111,4,4,6,1,17,3,0,12,0,1,1,0,1,1,1,1,36,1,2,1,2,2,2,2,2,2,2,1,1,1,2,2,2,2,"New York",1
"19351",360565,36,3237,42.90573333,-73.77869444,2,2,8,6,0,2,0,12,0,1,1,0,1,2,1,1,36,1,2,2,1,2,1,2,2,2,2,1,2,2,2,2,2,2,"New York",1
"19352",360566,36,5385,41.64425833,-73.78800278,1,1,8,7,11,3,0,35,0,1,1,0,4,1,1,1,36,1,2,1,2,1,2,1,2,2,2,1,2,2,2,2,2,2,"New York",1
"19353",360567,36,7892,40.62039444,-73.50147222,7,7,8,7,20,3,0,12,0,1,1,0,1,2,1,1,36,2,2,2,2,2,2,2,2,2,2,1,2,2,2,2,2,2,"New York",1
"19354",360568,36,6547,41.10237778,-73.95200556,1,1,8,1,15,3,0,9,0,2,2,0,1,1,1,1,36,2,2,1,2,1,2,2,2,2,2,3,2,2,2,2,2,2,"New York",0
"19355",360569,36,2958,43.07434722,-75.718825,3,3,8,2,16,3,0,12,0,1,1,0,1,1,1,1,36,1,2,1,1,3,2,2,2,2,2,3,2,2,2,2,2,2,"New York",0
"19356",360571,36,7865,40.62878056,-74.021475,2,2,8,5,23,6,0,5,0,1,1,0,1,3,2,1,36,2,2,2,1,1,2,2,2,2,2,3,2,2,2,2,2,2,"New York",1
"19357",360572,36,6094,41.32818611,-74.35596667,4,4,8,5,16,3,0,12,0,1,1,0,1,1,10,1,36,2,2,1,1,3,2,1,2,1,2,3,1,2,2,2,2,2,"New York",0
"19358",360573,36,3781,42.49548333,-73.54343056,4,4,7,2,17,2,0,12,0,2,4,0,1,1,1,1,36,1,2,1,1,2,2,2,2,2,2,1,2,2,2,2,2,2,"New York",1
"19359",360574,36,7335,40.76645556,-73.98228889,1,1,8,5,9,6,0,8,0,1,1,0,1,1,1,1,36,2,2,1,1,1,2,2,1,2,2,3,2,2,2,2,2,2,"New York",0
"19360",360575,36,7928,40.60640833,-73.7517,3,3,8,5,19,6,0,9,0,2,3,0,1,5,1,1,36,2,2,2,1,1,2,2,2,2,2,2,2,2,2,2,2,2,"New York",0
"19361",360576,36,3165,42.94813611,-78.829325,1,1,5,2,22,6,0,8,0,2,3,0,1,3,10,1,36,2,2,2,1,1,2,2,1,2,2,3,2,2,2,2,2,2,"New York",0
"19362",360577,36,3684,42.55987222,-75.05955833,1,1,8,6,21,3,0,34,0,1,1,0,4,2,1,1,36,1,2,2,2,1,1,1,2,2,2,3,1,2,2,2,2,2,"New York",0
"19363",360578,36,2902,43.10385556,-76.21065833,2,2,8,6,1,5,0,8,0,1,1,0,1,2,10,1,36,2,2,2,1,1,2,2,1,2,2,3,2,1,2,2,2,2,"New York",0
"19364",360579,36,7010,40.86184167,-73.53486667,1,1,8,6,22,5,0,8,0,3,3,0,1,3,1,1,36,2,2,2,2,1,2,2,1,2,2,3,2,2,2,2,1,2,"New York",0
"19365",360580,36,2782,43.17918889,-77.66966667,3,3,8,2,9,6,0,12,0,3,3,0,1,1,1,1,36,2,2,1,1,3,2,2,2,2,2,3,2,1,2,2,2,2,"New York",0
"19366",360581,36,2880,43.11193333,-77.96553889,3,3,8,1,0,5,0,35,0,1,1,0,4,2,1,2,36,1,2,2,2,1,2,1,2,1,2,1,2,2,1,2,2,2,"New York",1
"19367",360582,36,7179,40.80680556,-73.92458889,2,2,8,7,17,1,0,12,0,1,1,0,1,1,1,1,36,2,1,1,2,2,1,1,2,2,2,3,2,2,2,2,2,2,"New York",0
"19368",360583,36,4396,42.163275,-73.91834444,4,4,8,1,13,2,0,12,0,1,1,0,1,1,1,1,36,1,2,1,2,2,2,1,2,2,2,1,2,2,2,2,2,2,"New York",1
"19369",360585,36,6515,41.11724722,-74.11663056,8,8,8,6,9,1,0,12,0,1,1,0,1,1,1,2,36,2,1,1,1,3,2,2,2,1,2,3,2,2,1,2,2,2,"New York",0
"19370",360586,36,4371,42.18149722,-76.83167778,3,3,8,7,6,5,0,1,0,2,3,0,1,1,5,2,36,1,2,1,2,2,2,1,2,1,2,2,2,1,2,2,2,2,"New York",0
"19371",360587,36,3508,42.68335833,-78.94543611,4,4,7,7,4,2,0,32,0,1,1,0,4,2,10,1,36,1,2,2,2,1,2,1,2,1,2,3,1,2,2,2,2,2,"New York",0
"19372",360588,36,6885,40.90972222,-72.63371667,1,1,8,7,0,3,0,8,0,1,1,0,1,3,1,1,36,1,2,2,2,1,2,2,1,2,2,3,2,1,2,2,2,2,"New York",0
"19373",360589,36,3300,42.85416389,-77.01069444,3,3,8,5,14,4,0,12,0,2,3,0,1,1,10,1,36,1,2,1,1,2,2,2,2,1,2,3,1,1,2,2,2,2,"New York",0
"19374",360590,36,5585,41.5663,-73.59391111,4,4,8,7,14,3,0,12,0,2,2,0,1,1,1,1,36,2,2,1,2,3,2,2,2,2,2,3,2,1,2,2,2,2,"New York",0
"19375",360591,36,3342,42.80492222,-76.14980833,1,1,8,3,20,3,0,11,0,1,1,0,1,5,1,1,36,1,2,2,1,1,1,2,2,2,2,1,2,1,2,2,2,2,"New York",1
"19376",360592,36,4365,42.18584167,-77.239625,1,1,8,3,18,4,0,9,0,2,3,0,1,1,1,1,36,1,2,2,1,1,2,2,2,2,2,3,2,2,2,2,2,2,"New York",0
"19377",360593,36,1839,44.45626667,-75.35467222,2,2,8,3,14,2,0,12,0,1,1,0,1,1,1,1,36,1,2,1,1,2,2,2,2,2,2,2,1,2,1,2,1,2,"New York",0
"19378",360594,36,5784,41.48455833,-74.29399167,2,2,5,6,8,3,0,12,0,1,1,0,1,1,1,1,36,2,2,1,1,2,2,2,2,2,2,3,2,1,1,2,2,2,"New York",0
"19379",360595,36,3309,42.84740833,-75.406,2,2,8,3,11,3,0,12,0,1,1,0,1,1,1,1,36,1,2,1,1,2,2,2,2,2,2,3,2,2,2,2,2,2,"New York",0
"19380",360596,36,7834,40.64061944,-73.95720278,1,1,8,4,17,6,0,8,0,1,1,0,1,1,1,1,36,2,2,1,1,1,2,2,1,2,2,3,2,2,2,2,2,2,"New York",0
"19381",360597,36,2759,43.19592222,-76.07087222,2,2,8,5,17,6,0,12,0,2,3,0,1,1,1,1,36,1,2,1,1,2,1,2,2,2,2,3,2,1,2,2,2,2,"New York",0
"19382",360598,36,3001,43.04797778,-76.90031389,1,1,8,5,6,4,0,8,0,1,1,0,2,4,1,1,36,1,2,1,1,1,2,2,1,2,2,3,2,2,1,2,1,2,"New York",0
"19383",360599,36,4848,41.88710556,-73.76884444,1,1,8,5,3,3,0,42,0,1,1,0,3,2,10,1,36,1,2,2,1,1,2,2,2,1,2,1,2,2,2,2,2,1,"New York",1
"19384",360600,36,2587,43.40110278,-76.2548,3,3,8,1,12,3,0,12,0,1,1,0,1,1,1,1,36,1,2,1,2,2,2,2,2,2,2,3,2,2,2,2,2,2,"New York",0
"19385",360601,36,2498,43.51839167,-75.755225,1,1,8,7,21,5,0,30,0,1,1,0,4,2,1,1,36,1,2,2,2,1,2,1,2,2,2,1,2,2,2,2,2,2,"New York",1
"19386",360602,36,4649,42.01674722,-75.91662222,2,2,8,5,3,5,0,42,0,1,1,0,4,2,10,1,36,2,2,2,1,1,2,1,2,2,2,1,2,2,2,2,2,2,"New York",1
"19387",360603,36,3296,42.85673056,-77.01070278,1,1,8,6,15,3,0,9,0,2,2,0,1,1,1,1,36,2,2,1,1,1,2,2,2,2,2,3,2,2,2,2,2,2,"New York",0