"","ST_CASE","OBJECT_ID","FID","LATITUDE","LONGITUD","PERMVIT","PERSONS","MONTH","DAY_WEEK","HOUR","ROUTE","SP_JUR","HARM_EV","RELJCT1","RELJCT2","TYP_INT","WRK_ZONE","REL_ROAD","LGT_COND","WEATHER","FATALS","STATE","A_RU","A_INTER","A_TOD","A_DOW","A_CT","A_MC","A_SPCRA","A_PED","A_ROLL","A_POLPUR","A_POSBAC","A_D15_20","A_D65PLS","A_D21_24","A_HR","A_DIST","A_DROWSY","STATE_NAME","drunkDr"
"19524",360753,36,2888,43.10956389,-73.48153611,1,1,10,4,21,5,0,32,0,1,1,0,4,2,10,1,36,1,2,2,1,1,2,1,2,2,2,3,2,2,2,2,2,2,"New York",1
"19525",360754,36,7637,40.69214167,-73.71360278,3,3,10,3,18,5,0,8,0,1,1,0,1,3,10,1,36,2,2,2,1,1,2,2,1,2,2,3,2,2,1,2,2,2,"New York",0
"19526",360755,36,6912,40.90089722,-72.749725,1,1,7,6,7,5,0,42,0,1,1,0,4,1,1,1,36,1,2,1,1,1,1,1,2,2,2,2,2,2,2,2,2,2,"New York",0
"19527",360756,36,3324,42.82548889,-74.19672222,4,4,9,4,19,3,0,12,0,1,1,0,1,5,1,3,36,1,2,2,1,2,2,1,2,2,2,1,2,2,2,2,2,2,"New York",1
"19528",360757,36,3386,42.76661944,-75.02629444,1,1,10,1,16,3,0,31,0,1,1,0,4,5,1,1,36,1,2,1,2,1,1,2,2,2,2,2,2,1,2,2,2,2,"New York",0
"19529",360758,36,4074,42.35040278,-78.54892778,5,5,10,1,15,3,0,12,0,2,2,0,1,1,1,1,36,1,2,1,2,3,1,1,2,2,2,3,2,1,1,2,2,2,"New York",0
"19530",360759,36,3394,42.75658889,-73.77731944,2,2,10,5,18,3,0,8,0,1,1,0,1,2,10,1,36,2,2,2,1,1,2,2,1,2,2,3,2,2,2,2,2,2,"New York",0
"19531",360760,36,2741,43.21009167,-78.79743056,3,3,10,5,19,3,0,12,0,2,2,0,1,2,10,1,36,1,2,2,1,2,2,1,2,1,2,3,2,2,2,2,2,2,"New York",0
"19532",360761,36,4560,42.06141667,-75.59334722,5,5,7,1,7,3,0,18,0,1,1,2,1,1,1,1,36,1,2,1,2,1,2,2,2,1,2,3,2,2,2,2,2,2,"New York",0
"19533",360762,36,2706,43.24045278,-75.20109444,1,1,10,5,21,5,0,34,0,1,1,0,4,2,10,1,36,1,2,2,1,1,2,2,2,1,2,1,2,2,2,2,2,2,"New York",1
"19534",360763,36,6995,40.86846111,-72.90047222,1,1,8,7,0,4,0,42,0,1,1,0,4,2,1,1,36,1,2,2,2,1,2,2,2,1,2,2,2,2,2,2,2,2,"New York",0
"19535",360764,36,7009,40.86209722,-73.1313,4,4,9,4,19,3,0,12,0,2,3,0,1,1,1,1,36,2,2,2,1,2,2,1,2,1,2,3,2,2,2,2,2,2,"New York",0
"19536",360765,36,7180,40.80669444,-73.47806944,12,12,10,5,19,5,0,8,0,1,1,0,1,2,1,1,36,2,2,2,1,3,2,2,1,2,2,3,2,1,2,2,2,2,"New York",0
"19537",360766,36,6896,40.90596111,-73.07018889,1,1,9,7,5,3,0,31,0,1,1,0,3,3,1,1,36,2,2,2,2,1,2,2,2,2,2,2,2,1,2,2,2,2,"New York",0
"19538",360767,36,7940,40.60083333,-73.93406667,1,1,10,6,19,6,0,8,0,2,4,0,1,3,1,1,36,2,2,2,2,1,2,2,1,2,2,3,2,1,2,2,2,2,"New York",0
"19539",360768,36,7488,40.72968889,-73.24526944,1,1,9,7,3,5,0,8,0,1,1,0,1,3,1,1,36,2,2,2,2,1,2,2,1,2,2,3,2,2,1,1,1,2,"New York",0
"19540",360770,36,6835,40.93252222,-72.87871667,1,1,9,1,11,4,0,42,0,1,1,0,4,1,10,1,36,1,2,1,2,1,2,2,2,2,2,2,2,2,2,2,2,2,"New York",0
"19541",360771,36,7258,40.78704167,-73.12713611,1,1,9,4,21,3,0,8,0,2,2,0,1,3,10,1,36,2,2,2,1,1,2,2,1,2,2,3,2,2,2,2,2,2,"New York",0
"19542",360772,36,7262,40.78515,-72.86377222,1,1,9,2,11,4,0,8,0,1,1,0,1,1,1,1,36,2,2,1,1,1,2,2,1,2,2,3,2,1,2,2,2,2,"New York",0
"19543",360773,36,7647,40.68917222,-73.4087,2,2,9,5,14,3,0,8,0,2,2,0,1,1,1,1,36,2,2,1,1,1,2,2,1,2,2,3,1,2,2,2,2,2,"New York",0
"19544",360774,36,7307,40.77444167,-72.94124167,2,2,9,7,20,4,0,8,0,1,1,0,1,2,1,1,36,2,2,2,2,1,2,2,1,2,2,3,2,2,1,2,2,2,"New York",0
"19545",360775,36,7094,40.832325,-73.08181389,2,2,9,1,19,4,0,12,0,2,2,0,1,3,1,1,36,2,2,2,2,2,1,2,2,2,2,3,2,2,2,2,2,2,"New York",0
"19546",360776,36,2996,43.05331111,-75.31899167,2,2,6,2,14,3,0,12,0,2,3,0,1,1,1,1,36,1,2,1,1,2,1,2,2,2,2,3,1,2,1,2,2,2,"New York",0
"19547",360777,36,7703,40.67218889,-73.37844444,1,1,9,2,1,3,0,8,0,1,1,0,1,3,10,1,36,2,2,2,2,1,2,2,1,2,2,3,2,2,2,1,2,2,"New York",0
"19548",360778,36,6739,40.98848889,-73.66611111,3,3,10,1,10,1,0,25,0,1,1,0,3,1,1,1,36,1,1,1,2,3,1,2,2,2,2,3,2,2,2,2,2,2,"New York",0
"19549",360779,36,7139,40.81838889,-72.80011667,1,1,10,7,8,5,0,42,0,1,1,0,4,1,2,1,36,1,2,1,2,1,2,2,2,2,2,2,2,2,2,2,2,2,"New York",0
"19550",360780,36,7215,40.79916944,-73.24789167,4,4,9,1,23,5,0,12,0,2,3,0,1,3,1,1,36,2,2,2,2,2,1,1,2,2,2,1,2,2,1,2,2,2,"New York",2
"19551",360781,36,3086,43.001675,-74.35665278,1,1,10,7,11,4,0,34,0,1,1,0,4,1,1,1,36,2,2,1,2,1,2,1,2,1,2,3,2,1,2,2,2,2,"New York",0
"19552",360782,36,8014,40.57685278,-73.95283889,1,1,10,6,12,6,0,8,0,2,2,0,1,1,1,1,36,2,2,1,1,1,2,2,1,2,2,3,2,1,2,2,2,2,"New York",0
"19553",360783,36,5473,41.60979167,-73.78512778,1,1,9,2,20,3,0,8,0,1,1,0,1,2,1,1,36,2,2,2,1,1,2,2,1,2,2,3,2,2,2,2,1,2,"New York",0
"19554",360784,36,7085,40.83505556,-73.92613611,2,2,10,4,18,6,0,12,0,2,2,0,1,1,1,1,36,2,2,2,1,2,1,1,2,2,2,3,2,2,1,2,2,2,"New York",0
"19555",360785,36,3045,43.02653056,-76.21258333,2,2,10,6,16,5,0,12,0,2,2,0,1,1,1,1,36,1,2,1,1,2,2,2,2,2,2,3,2,1,2,2,2,2,"New York",0
"19556",360786,36,7604,40.69833333,-73.51584444,5,5,10,6,22,3,0,24,0,1,1,0,3,3,1,1,36,1,2,2,2,2,2,1,2,2,2,3,2,2,1,2,2,2,"New York",0
"19557",360787,36,7430,40.74724167,-73.50144722,1,1,10,6,17,3,0,8,0,1,1,0,1,5,1,1,36,2,2,1,1,1,2,2,1,2,2,3,2,2,2,2,2,2,"New York",0
"19558",360788,36,3475,42.69975,-75.30637222,1,1,10,7,5,4,0,42,0,1,1,0,4,2,10,1,36,1,2,2,2,1,2,2,2,2,2,2,2,2,2,2,2,2,"New York",0
"19559",360789,36,7322,40.77039167,-73.90906111,1,1,10,1,5,6,0,5,0,1,1,0,1,3,10,1,36,2,2,2,2,1,1,1,2,2,2,1,2,2,1,2,2,2,"New York",1
"19560",360790,36,7593,40.70374444,-73.79355278,1,1,10,2,13,6,0,8,0,1,1,0,1,1,1,1,36,2,2,1,1,1,2,2,1,2,2,3,2,2,2,2,2,2,"New York",0
"19561",360791,36,7646,40.68972778,-73.56583333,1,1,10,2,6,3,0,8,0,1,1,0,1,3,1,1,36,1,2,1,1,1,2,2,1,2,2,3,2,2,2,2,2,2,"New York",0
"19562",360792,36,3239,42.90526389,-73.35650278,1,1,10,7,21,5,0,8,0,1,1,0,1,3,2,1,36,1,2,2,2,1,2,2,1,2,2,1,2,2,2,1,1,2,"New York",1
"19563",360793,36,5540,41.58504722,-74.06879444,1,1,10,2,19,3,0,8,0,1,1,0,1,2,1,1,36,2,2,2,1,1,2,2,1,2,2,2,2,2,1,2,2,2,"New York",0
"19564",360794,36,3847,42.45300556,-75.06320833,1,1,10,4,10,6,0,8,0,3,2,0,1,1,2,1,36,2,2,1,1,1,2,2,1,2,2,3,2,2,2,2,1,2,"New York",0
"19565",360795,36,3274,42.88005833,-74.04,3,3,10,2,8,3,0,12,0,2,2,0,1,1,1,1,36,1,2,1,1,2,2,2,2,2,2,3,2,2,2,2,2,2,"New York",0
"19566",360796,36,5744,41.5012,-74.02863889,3,3,10,4,13,3,0,12,0,1,1,0,1,1,2,1,36,2,2,1,1,2,2,2,2,2,2,2,2,2,2,2,2,2,"New York",0
"19567",360797,36,3064,43.01218333,-77.39879444,2,2,10,5,10,4,0,12,0,2,2,0,1,1,10,1,36,1,2,1,1,2,2,2,2,2,2,3,2,1,2,2,2,2,"New York",0
"19568",360798,36,7319,40.77093611,-72.86981667,1,1,10,4,14,5,0,53,0,3,3,0,4,1,2,1,36,2,2,1,1,1,2,2,2,2,2,2,2,2,2,2,2,2,"New York",0
"19569",360799,36,2901,43.10386944,-73.79468333,1,1,10,7,23,5,0,8,0,1,1,0,2,2,1,1,36,1,2,2,2,1,2,2,1,2,2,1,2,2,2,2,2,2,"New York",1
"19570",360800,36,7107,40.82791667,-73.43404722,5,5,10,6,16,3,0,12,0,2,3,0,1,1,1,1,36,1,2,1,1,2,1,1,2,2,2,3,1,2,2,2,2,2,"New York",0
"19571",360801,36,7042,40.84748333,-73.857625,3,3,10,7,16,6,0,12,0,1,1,0,1,1,1,3,36,2,2,1,2,3,2,2,1,2,2,3,2,2,2,2,1,2,"New York",0
"19572",360802,36,3106,42.99083611,-78.81717222,4,4,11,1,11,5,0,12,0,2,3,0,1,1,1,1,36,2,2,1,2,2,2,1,2,2,2,3,1,1,2,2,2,2,"New York",0
"19573",360803,36,2014,44.17623333,-73.782875,1,1,9,6,10,3,0,42,0,1,1,0,4,1,1,1,36,1,2,1,1,1,1,2,2,2,2,2,2,2,2,2,2,2,"New York",0
"19574",360804,36,7713,40.67053333,-73.51950278,2,2,10,7,21,3,0,9,0,1,1,0,1,3,1,1,36,1,2,2,2,1,2,2,2,2,2,3,2,2,2,2,2,2,"New York",0
"19575",360805,36,7583,40.70604167,-73.61883611,1,1,11,1,14,5,0,33,0,3,3,0,4,1,10,1,36,2,2,1,2,1,1,2,2,2,2,1,2,2,2,2,2,2,"New York",1
"19576",360806,36,7831,40.64089444,-73.94911389,1,1,11,1,10,6,0,8,0,1,1,0,1,1,10,1,36,2,2,1,2,1,2,2,1,2,2,3,2,2,2,2,2,2,"New York",0
"19577",360807,36,2176,43.92727222,-76.00762222,2,2,10,7,1,4,0,42,0,1,1,0,4,2,1,1,36,1,2,2,2,1,2,1,2,1,2,3,2,2,1,2,2,2,"New York",1
"19578",360808,36,7681,40.67801111,-73.90597222,1,1,11,3,6,5,0,8,0,2,2,0,1,4,1,1,36,2,2,1,1,1,2,2,1,2,2,3,2,2,2,1,1,2,"New York",0
"19579",360809,36,2655,43.30445833,-78.69682778,1,1,11,3,10,5,0,34,0,1,1,0,4,1,1,1,36,1,2,1,1,1,1,2,2,2,2,3,2,2,1,2,2,2,"New York",0
"19580",360810,36,4490,42.09989722,-76.065575,1,1,10,5,19,5,0,8,0,1,1,0,1,3,98,1,36,2,2,2,1,1,2,2,1,2,2,3,2,2,2,2,2,2,"New York",0
"19581",360811,36,2919,43.09033889,-75.25848611,2,2,3,7,22,6,0,8,0,3,2,0,1,3,1,1,36,2,2,2,2,1,2,1,1,2,2,3,2,2,2,1,2,2,"New York",1
"19582",360812,36,4426,42.14561944,-76.65221667,2,2,3,6,7,3,0,42,0,1,1,0,4,1,10,1,36,1,2,1,1,1,2,1,2,2,2,2,2,2,2,2,2,2,"New York",0
"19583",360813,36,8030,40.5709,-74.16967778,1,1,10,3,23,5,0,8,0,3,4,0,1,3,1,1,36,2,2,2,1,1,2,2,1,2,2,3,2,1,2,2,1,2,"New York",0
"19584",360814,36,6941,40.88874167,-73.35699722,3,3,10,1,17,6,0,12,0,8,1,0,1,5,1,1,36,2,2,1,2,2,1,2,2,2,2,3,2,1,2,2,2,2,"New York",0
"19585",360815,36,7379,40.75834722,-73.82952778,1,1,11,5,20,6,0,8,0,1,1,0,1,3,1,1,36,2,2,2,1,1,2,2,1,2,2,3,2,2,2,1,2,2,"New York",0
"19586",360816,36,7555,40.71332778,-73.84914167,1,1,11,1,7,6,0,8,0,2,2,0,1,1,10,1,36,2,2,1,2,1,2,2,1,2,2,3,2,2,2,2,2,2,"New York",0
"19587",360817,36,7138,40.81897778,-73.88673611,1,1,11,5,8,6,0,8,0,3,2,0,1,1,10,1,36,2,2,1,1,1,2,2,1,2,2,3,2,2,2,2,1,2,"New York",0
"19588",360819,36,7849,40.63556944,-73.64040833,1,1,11,6,17,5,0,8,0,1,1,0,1,3,10,1,36,2,2,1,1,1,2,2,1,2,2,2,2,2,2,2,2,2,"New York",0
"19589",360820,36,7738,40.66633611,-73.81051111,1,1,11,7,21,6,0,8,0,3,2,0,1,3,1,1,36,2,2,2,2,1,2,2,1,2,2,3,2,2,2,2,2,2,"New York",0
"19590",360821,36,7205,40.80119167,-73.96149444,2,2,11,1,0,6,0,8,0,3,2,0,1,3,1,1,36,2,2,2,2,1,2,2,1,2,2,3,2,1,2,2,2,2,"New York",0
"19591",360822,36,7305,40.77477222,-73.98812778,1,1,11,6,17,6,0,8,0,3,2,0,1,1,1,1,36,2,2,1,1,1,2,2,1,2,2,3,2,2,2,2,2,2,"New York",0
"19592",360823,36,6590,41.07934167,-73.718275,7,7,10,4,6,1,0,1,0,1,1,0,1,1,1,1,36,1,1,1,1,3,1,1,2,2,2,3,2,2,2,2,2,2,"New York",0
"19593",360824,36,3567,42.64314722,-73.80236389,4,4,10,6,21,1,0,12,0,1,1,0,1,3,1,2,36,2,1,2,2,3,2,1,2,2,2,1,2,1,2,2,2,2,"New York",1
"19594",360825,36,6852,40.92436944,-72.70226944,3,3,9,6,20,4,0,12,0,2,3,0,1,3,1,1,36,2,2,2,2,2,1,2,2,2,2,3,2,2,1,2,2,2,"New York",0
"19595",360826,36,7303,40.77516944,-72.97753333,1,1,10,5,19,4,0,8,0,1,1,0,1,3,2,1,36,1,2,2,1,1,2,2,1,2,2,3,2,2,2,2,2,2,"New York",0
"19596",360827,36,3977,42.39146667,-74.02998333,2,2,10,7,10,3,0,12,0,2,2,0,1,1,1,1,36,1,2,1,2,2,2,2,2,1,2,3,2,1,2,2,2,2,"New York",0
"19597",360828,36,4517,42.08669167,-75.70322778,1,1,7,7,21,1,0,24,0,1,1,0,3,5,1,1,36,1,1,2,2,1,1,2,2,2,2,3,2,2,2,2,2,2,"New York",0
"19598",360829,36,3419,42.73995,-73.73633611,2,2,11,2,12,3,0,12,0,2,3,0,1,1,1,1,36,2,2,1,1,2,2,2,2,2,2,3,2,1,2,2,2,2,"New York",0
"19599",360830,36,3267,42.88369444,-73.90833889,1,1,11,1,17,5,0,1,0,3,3,0,1,5,1,1,36,2,2,1,2,1,1,1,2,2,2,1,2,2,2,2,2,2,"New York",1
"19600",360831,36,7740,40.66630278,-73.70348889,2,2,11,1,18,6,0,8,0,2,3,0,1,3,1,1,36,2,2,2,2,1,2,2,1,2,2,3,2,2,2,2,2,2,"New York",0
"19601",360832,36,7837,40.63999167,-74.02199444,5,5,11,1,6,1,0,24,0,5,1,0,4,1,1,1,36,2,1,1,2,1,2,1,2,1,2,3,1,2,2,2,2,2,"New York",1
"19602",360833,36,1607,44.8278,-74.68285833,1,1,11,4,21,4,0,8,0,1,1,0,1,2,10,1,36,1,2,2,1,1,2,2,1,2,2,3,2,2,2,2,2,2,"New York",0
"19603",360834,36,7620,40.695425,-73.84013056,3,3,11,2,13,6,0,12,0,1,1,0,1,1,1,1,36,2,2,1,1,2,1,2,2,2,2,3,2,2,2,2,2,2,"New York",0
"19604",360835,36,7953,40.59584444,-74.08588333,4,4,11,2,11,6,0,12,0,2,2,0,1,1,1,1,36,2,2,1,1,2,2,1,2,2,2,3,2,1,2,2,2,2,"New York",0
"19605",360836,36,7625,40.69385,-73.39368333,1,1,8,6,21,3,0,8,0,1,1,0,1,3,1,1,36,2,2,2,2,1,2,2,1,2,2,3,2,2,2,2,2,2,"New York",0
"19606",360837,36,7452,40.74076111,-73.29525,2,2,9,3,8,5,0,12,0,2,3,0,1,1,1,1,36,2,2,1,1,2,2,2,2,2,2,3,2,1,1,2,2,2,"New York",0
"19607",360838,36,7268,40.78420556,-72.97851944,1,1,10,3,14,3,0,24,0,1,1,0,4,1,1,1,36,1,2,1,1,1,2,1,2,2,2,2,2,2,2,2,2,2,"New York",0
"19608",360839,36,7238,40.79308056,-73.27505556,1,1,10,3,9,5,0,8,0,1,1,0,1,1,1,1,36,2,2,1,1,1,2,2,1,2,2,3,2,1,2,2,2,2,"New York",0
"19609",360840,36,7075,40.83680556,-73.19421667,1,1,10,6,20,3,0,8,0,3,4,0,1,3,2,1,36,2,2,2,2,1,2,2,1,2,2,3,2,2,2,2,2,2,"New York",1
"19610",360841,36,7003,40.86588333,-72.99563333,1,1,9,4,11,4,0,8,0,1,1,0,1,1,1,1,36,1,2,1,1,1,2,2,1,2,2,3,2,2,2,1,2,2,"New York",0
"19611",360842,36,7632,40.69289444,-73.34479444,1,1,10,6,21,5,0,15,0,1,1,0,1,3,1,1,36,2,2,2,2,1,2,2,2,2,2,3,2,2,2,1,2,2,"New York",0
"19612",360843,36,7520,40.72229167,-73.29657778,2,2,10,1,0,3,0,24,0,1,1,0,4,2,1,1,36,2,2,2,2,1,1,1,2,2,2,3,2,2,2,2,2,2,"New York",1
"19613",360844,36,7280,40.78099167,-73.26115278,1,1,10,4,5,5,0,8,0,3,7,0,1,3,1,1,36,2,2,2,1,1,2,2,1,2,2,3,2,2,2,2,2,2,"New York",0
"19614",360845,36,7040,40.84794167,-73.24213889,3,3,10,2,8,3,0,12,0,2,3,0,1,1,1,1,36,2,2,1,1,2,2,2,2,2,2,3,2,2,2,2,2,2,"New York",0
"19615",360846,36,7429,40.74759444,-73.06768611,2,2,10,4,20,4,0,12,0,1,1,0,1,3,2,1,36,1,2,2,1,2,2,1,2,2,2,1,2,2,1,2,2,2,"New York",1
"19616",360847,36,4401,42.15875556,-77.92698056,1,1,10,2,21,5,0,42,0,1,1,0,4,2,10,1,36,1,2,2,1,1,2,2,2,2,2,1,2,1,2,2,2,2,"New York",1
"19617",360848,36,7806,40.6471,-73.95814722,2,2,11,2,17,6,0,42,0,1,1,0,5,3,1,1,36,2,2,1,1,1,2,1,1,1,2,3,2,2,2,2,2,2,"New York",0
"19618",360849,36,7168,40.81001389,-73.37895278,2,2,10,3,2,3,0,12,0,1,1,0,1,3,1,2,36,1,2,2,1,2,2,1,2,2,1,2,2,2,2,2,2,2,"New York",1
"19619",360850,36,4632,42.02431944,-76.15774167,1,1,11,2,11,4,0,8,0,1,1,0,1,1,10,1,36,2,2,1,1,2,2,2,1,2,2,2,2,1,2,2,2,2,"New York",0
"19620",360851,36,2639,43.33106389,-76.39830833,2,2,11,3,16,3,0,12,0,3,3,0,1,1,10,1,36,1,2,1,1,2,2,2,2,2,2,1,2,1,2,2,2,2,"New York",1
"19621",360852,36,7983,40.58655278,-73.91814444,1,1,11,2,5,6,0,33,0,1,1,0,4,3,1,1,36,2,2,2,2,1,2,1,2,2,2,3,2,2,2,2,2,2,"New York",0
"19622",360853,36,2646,43.32385,-76.53844167,3,3,11,3,22,3,0,12,0,2,2,0,1,2,1,1,36,1,2,2,1,3,2,2,2,2,2,1,2,1,2,2,2,2,"New York",1
"19623",360854,36,7704,40.67217778,-73.76099722,4,4,8,7,17,6,0,12,0,2,2,0,1,1,1,1,36,2,2,1,2,2,1,1,2,2,2,3,2,2,1,2,2,2,"New York",0
"19624",360855,36,2743,43.20951111,-75.57981667,1,1,11,3,18,5,0,34,0,3,2,0,4,2,10,1,36,1,2,2,1,1,2,2,2,1,2,2,2,1,2,2,2,2,"New York",0
"19625",360856,36,2537,43.46194444,-73.69212778,3,3,8,4,16,3,0,12,0,2,3,0,1,1,1,1,36,1,2,1,1,2,1,2,2,2,2,3,2,1,1,2,2,2,"New York",0
"19626",360857,36,5995,41.38561111,-74.66703889,1,1,11,4,20,3,0,8,0,1,1,0,1,2,10,1,36,1,2,2,1,1,2,2,1,2,2,3,1,2,2,2,2,2,"New York",0
"19627",360858,36,7130,40.82254167,-73.885125,2,2,10,4,3,6,0,33,0,3,3,0,4,3,10,1,36,2,2,2,1,1,2,1,2,2,2,2,2,2,2,2,2,2,"New York",0
"19628",360859,36,4107,42.33021389,-76.18661667,3,3,11,7,2,3,0,12,0,1,1,0,1,2,2,1,36,1,2,2,2,2,2,2,2,2,2,1,2,2,2,2,2,2,"New York",1
"19629",360860,36,3256,42.89080833,-78.89011667,2,2,11,7,3,1,0,12,0,1,1,0,1,3,1,1,36,1,1,2,2,2,2,1,2,2,2,1,2,2,2,2,2,2,"New York",1
"19630",360861,36,7334,40.76735,-73.52743611,3,3,11,5,19,5,0,8,0,3,2,0,1,3,10,1,36,2,2,2,1,1,2,2,1,2,2,3,2,2,2,2,2,2,"New York",0
"19631",360862,36,7659,40.68400556,-73.83297222,2,2,11,7,4,6,0,8,0,2,3,0,1,3,1,1,36,2,2,2,2,1,2,2,1,2,2,3,2,2,1,1,1,2,"New York",0
"19632",360863,36,6874,40.91533611,-73.88382222,1,1,11,1,19,3,0,24,0,1,1,0,4,2,10,1,36,2,2,2,2,1,2,1,2,1,2,1,2,2,1,2,2,2,"New York",1
"19633",360864,36,3702,42.54712778,-77.66423056,2,2,11,1,17,5,0,12,0,2,2,0,1,2,1,1,36,1,2,1,2,2,1,2,2,2,2,1,2,2,1,2,2,2,"New York",1
"19634",360865,36,7665,40.68300278,-73.86710278,3,3,11,2,13,6,0,8,0,2,3,0,1,1,1,1,36,2,2,1,1,1,2,2,1,2,2,3,2,2,2,2,2,2,"New York",0
"19635",360866,36,6237,41.26158611,-74.35984167,1,1,11,3,17,6,0,8,0,1,1,0,1,3,10,1,36,2,2,1,1,1,2,2,1,2,2,3,2,2,2,2,2,2,"New York",0
"19636",360867,36,2087,44.06699722,-76.12996111,1,1,11,3,18,3,0,8,0,3,3,0,1,3,1,1,36,2,2,2,1,1,2,2,1,2,2,3,2,2,2,2,2,2,"New York",0
"19637",360868,36,7941,40.60070278,-73.99506667,1,1,11,4,22,6,0,8,0,1,1,0,1,3,1,1,36,2,2,2,1,1,2,2,1,2,2,3,2,2,1,2,1,2,"New York",0
"19638",360869,36,7957,40.59478056,-73.99570833,1,1,11,4,19,6,0,8,0,1,1,0,1,3,1,1,36,2,2,2,1,1,2,2,1,2,2,3,2,2,2,1,2,2,"New York",0
"19639",360870,36,2836,43.14097222,-77.60492222,2,2,11,6,20,6,0,8,0,1,1,0,1,3,1,1,36,2,2,2,2,1,2,2,1,2,2,3,2,2,2,2,2,2,"New York",0
"19640",360871,36,2987,43.058625,-76.14998333,2,2,10,4,23,6,0,12,0,2,2,0,1,3,1,1,36,2,2,2,1,2,2,1,2,1,2,3,2,1,2,1,2,2,"New York",0
"19641",360872,36,3329,42.816675,-73.73051667,4,4,11,4,17,2,0,12,0,2,3,0,1,3,10,1,36,2,2,1,1,3,2,2,2,2,2,3,2,1,2,2,1,2,"New York",0
"19642",360873,36,7592,40.70378889,-73.63587778,3,3,11,7,2,5,0,12,0,2,4,0,1,3,1,1,36,2,2,2,2,2,2,2,2,2,2,3,2,2,2,2,2,2,"New York",0
"19643",360874,36,7710,40.67071667,-73.80104444,1,1,11,7,0,1,0,8,0,1,1,0,1,3,1,1,36,2,1,2,2,1,2,2,1,2,2,3,2,2,2,2,2,2,"New York",0
"19644",360875,36,3491,42.69022222,-73.74016111,1,1,11,1,5,3,0,33,0,3,3,0,4,3,1,1,36,2,2,2,2,1,2,2,2,2,2,2,1,2,2,2,2,2,"New York",1
"19645",360876,36,6481,41.13368333,-74.05967222,2,2,11,4,19,4,0,12,0,1,1,0,1,3,1,1,36,2,2,2,1,2,2,2,2,2,2,1,2,2,2,2,2,2,"New York",1
"19646",360877,36,7553,40.71355556,-73.98088056,1,1,11,2,11,6,0,8,0,2,2,0,1,1,1,1,36,2,2,1,1,1,2,2,1,2,2,3,2,2,2,2,1,2,"New York",0
"19647",360878,36,4109,42.32973333,-78.95743611,1,1,11,3,21,4,0,11,0,1,1,0,1,2,1,1,36,1,2,2,1,1,2,1,2,1,2,3,2,2,2,2,2,2,"New York",0
"19648",360879,36,7472,40.73569167,-73.93678889,2,2,11,4,21,6,0,8,0,3,2,0,1,3,1,1,36,2,2,2,1,1,2,2,1,2,2,3,1,2,2,2,1,2,"New York",0
"19649",360880,36,7883,40.62422778,-73.95608333,1,1,11,4,16,6,0,8,0,1,1,0,1,5,1,1,36,2,2,1,1,1,2,2,1,2,2,3,2,2,2,2,2,2,"New York",0
"19650",360882,36,3659,42.57557778,-78.72006111,1,1,11,5,6,2,0,1,0,1,1,0,3,2,1,1,36,1,2,1,1,1,2,2,2,1,2,2,2,2,2,2,2,2,"New York",0
"19651",360883,36,7769,40.65724167,-73.88950278,12,12,11,5,19,6,0,12,0,1,1,0,1,3,10,1,36,2,2,2,1,3,2,1,1,2,2,3,2,2,1,1,2,2,"New York",0
"19652",360884,36,7925,40.60805278,-73.74207222,1,1,11,6,17,3,0,8,0,2,2,0,1,3,1,1,36,2,2,1,1,1,2,2,1,2,2,3,2,1,2,2,2,2,"New York",0
"19653",360886,36,7320,40.7708,-73.91793333,3,3,11,6,2,3,0,12,0,1,1,0,2,3,1,2,36,2,2,2,1,2,2,1,2,2,2,1,2,2,2,2,1,2,"New York",1
"19654",360887,36,7143,40.81618333,-73.42719722,4,4,11,1,1,5,0,24,0,1,1,0,4,2,1,1,36,1,2,2,2,1,2,1,2,1,2,3,1,2,2,2,2,2,"New York",0
"19655",360888,36,2947,43.07791667,-78.61908889,5,5,11,1,9,4,0,42,0,1,1,0,4,1,10,1,36,1,2,1,2,1,2,1,2,2,2,1,1,2,2,2,2,2,"New York",1
"19656",360889,36,6587,41.08002778,-74.04848611,11,11,11,1,17,3,0,12,0,1,1,0,1,2,1,1,36,1,2,1,2,3,2,2,2,2,2,3,2,2,2,1,1,2,"New York",0
"19657",360890,36,7990,40.58395278,-73.93873611,2,2,12,3,18,6,0,12,0,2,3,0,1,3,2,1,36,2,2,2,1,2,2,2,2,2,2,3,1,2,2,2,2,2,"New York",0
"19658",360891,36,6765,40.97123056,-72.22140278,1,1,9,5,1,3,0,42,0,1,1,0,4,2,1,1,36,2,2,2,1,1,2,1,2,1,2,1,2,2,2,2,2,2,"New York",1
"19659",360892,36,3100,42.99457222,-76.09891389,3,3,10,5,0,3,0,42,0,1,1,0,4,2,1,2,36,2,2,2,1,1,2,1,2,2,2,2,2,2,1,2,2,2,"New York",0