"","ST_CASE","OBJECT_ID","FID","LATITUDE","LONGITUD","PERMVIT","PERSONS","MONTH","DAY_WEEK","HOUR","ROUTE","SP_JUR","HARM_EV","RELJCT1","RELJCT2","TYP_INT","WRK_ZONE","REL_ROAD","LGT_COND","WEATHER","FATALS","STATE","A_RU","A_INTER","A_TOD","A_DOW","A_CT","A_MC","A_SPCRA","A_PED","A_ROLL","A_POLPUR","A_POSBAC","A_D15_20","A_D65PLS","A_D21_24","A_HR","A_DIST","A_DROWSY","STATE_NAME","drunkDr"
"19660",360893,36,6964,40.88003056,-73.82326111,2,2,10,3,13,6,0,38,0,1,1,0,4,1,10,1,36,2,2,1,1,1,2,2,2,2,2,3,2,1,2,2,2,2,"New York",0
"19661",360894,36,2798,43.17558889,-76.11665833,5,5,9,6,17,3,0,12,1,2,2,0,1,1,1,2,36,2,2,1,1,2,2,2,2,1,2,2,2,1,2,2,2,2,"New York",0
"19662",360895,36,7656,40.68616944,-73.69956389,1,1,12,3,0,5,0,30,0,1,1,0,4,3,2,1,36,2,2,2,1,1,2,1,2,2,2,1,2,2,2,2,2,2,"New York",1
"19663",360896,36,7763,40.65836667,-73.66248056,1,1,12,5,21,5,0,8,0,1,1,0,1,3,1,1,36,1,2,2,1,1,2,2,1,2,2,3,2,2,2,1,1,2,"New York",0
"19664",360897,36,7368,40.76094444,-73.96706667,1,1,12,4,5,6,0,8,0,3,2,0,1,4,2,1,36,2,2,2,1,1,2,2,1,2,2,3,2,2,2,2,2,2,"New York",0
"19665",360898,36,7700,40.67294167,-73.85735,1,1,12,4,6,6,0,42,0,1,1,0,4,3,2,1,36,2,2,1,1,1,2,1,2,2,2,2,2,2,2,2,2,2,"New York",0
"19666",360899,36,7428,40.74759722,-73.58761111,4,4,12,5,11,5,0,12,0,2,2,0,1,1,1,1,36,2,2,1,1,3,2,2,2,2,2,3,2,1,2,2,2,2,"New York",0
"19667",360900,36,7881,40.62431111,-74.01958056,1,1,12,5,23,1,0,24,0,1,1,0,3,3,1,1,36,2,1,2,1,1,1,2,2,2,2,1,2,2,2,2,2,2,"New York",1
"19668",360901,36,2908,43.10112778,-74.31578056,2,2,8,4,15,4,0,52,0,1,1,0,4,1,1,1,36,1,2,1,1,1,2,1,2,1,2,1,2,2,2,2,2,2,"New York",1
"19669",360902,36,2237,43.81814167,-75.56980278,2,2,9,6,19,3,0,12,0,2,3,0,1,5,1,1,36,1,2,2,2,2,1,1,2,2,2,2,2,1,1,2,2,2,"New York",0
"19670",360903,36,3480,42.69810833,-78.986825,1,1,11,6,19,3,0,8,0,1,1,0,1,3,12,1,36,2,2,2,2,1,2,2,1,2,2,3,2,2,2,2,2,2,"New York",0
"19671",360904,36,4412,42.153475,-74.59730278,2,2,11,4,18,3,0,12,0,1,1,0,1,2,1,1,36,1,2,2,1,2,2,2,2,2,2,3,2,1,2,2,2,2,"New York",0
"19672",360905,36,6562,41.09459444,-73.93674167,2,2,11,7,18,3,0,8,0,1,1,0,1,3,2,1,36,2,2,2,2,1,2,2,1,2,2,3,2,2,2,2,2,2,"New York",0
"19673",360906,36,6512,41.11781389,-74.15583333,1,1,12,6,23,1,0,25,1,20,1,0,1,3,10,1,36,1,1,2,2,1,2,1,2,1,2,2,2,2,2,2,2,2,"New York",0
"19674",360907,36,2613,43.35751111,-76.26128056,1,1,12,7,6,4,0,34,0,1,1,0,4,2,10,1,36,1,2,1,2,1,2,1,2,1,2,2,2,2,1,2,2,2,"New York",0
"19675",360909,36,3266,42.88385833,-78.88253889,1,1,8,5,23,6,0,33,0,1,1,0,4,3,1,1,36,2,2,2,1,1,1,2,2,2,2,1,2,2,2,2,2,2,"New York",1
"19676",360910,36,7921,40.60915278,-73.957425,1,1,11,2,10,6,0,8,0,2,2,0,1,1,1,1,36,2,2,1,1,1,2,2,1,2,2,3,2,2,2,2,2,2,"New York",0
"19677",360911,36,5137,41.74531111,-74.69071667,1,1,12,7,14,5,0,1,0,1,1,0,4,1,1,1,36,1,2,1,2,1,2,2,2,1,2,2,2,1,2,2,2,2,"New York",0
"19678",360912,36,4990,41.81118056,-73.63276944,4,4,12,7,9,2,0,12,0,1,1,0,1,1,1,1,36,1,2,1,2,2,2,2,2,2,2,2,2,2,2,2,2,2,"New York",0
"19679",360913,36,4555,42.06458889,-79.09162222,4,4,12,1,2,5,0,59,0,1,1,0,4,2,1,1,36,1,2,2,2,1,2,2,2,1,2,2,2,2,2,2,2,2,"New York",1
"19680",360914,36,6746,40.98289167,-72.31958056,2,2,8,1,1,5,0,33,0,1,1,0,4,2,1,1,36,2,2,2,2,1,2,1,2,2,2,3,2,2,2,1,2,2,"New York",1
"19681",360915,36,1550,44.91945833,-74.80788611,1,1,12,6,22,4,0,8,0,3,3,0,1,2,1,1,36,1,2,2,2,1,2,2,1,2,2,1,2,2,2,2,2,2,"New York",1
"19682",360916,36,7473,40.73544444,-73.91746111,2,2,12,1,22,6,0,33,0,3,3,0,3,3,1,1,36,2,2,2,2,1,2,1,2,2,2,1,2,2,2,2,2,2,"New York",1
"19683",360917,36,3262,42.88626944,-73.7732,1,1,12,1,3,3,0,8,0,1,1,0,2,2,10,1,36,2,2,2,2,1,2,2,1,2,2,3,2,2,2,1,1,2,"New York",0
"19684",360918,36,7655,40.68631667,-73.97446944,2,2,12,1,17,6,0,8,0,2,2,0,1,3,1,1,36,2,2,1,2,1,2,2,1,2,2,3,2,2,2,2,2,2,"New York",0
"19685",360919,36,3804,42.47904444,-79.32401944,2,2,12,1,5,3,0,33,0,1,1,0,4,3,1,1,36,2,2,2,2,1,2,1,2,2,1,3,2,2,2,1,2,2,"New York",0
"19686",360920,36,7184,40.805925,-73.92535833,1,1,12,2,6,6,0,8,0,2,2,0,1,3,1,1,36,2,2,1,1,1,2,2,1,2,2,3,2,2,2,1,2,2,"New York",0
"19687",360921,36,7974,40.58885,-73.72558611,3,3,12,2,17,5,0,12,0,1,1,0,1,3,1,1,36,2,2,1,1,2,1,2,2,2,2,1,2,2,1,2,2,2,"New York",1
"19688",360922,36,2737,43.21304444,-76.987475,1,1,12,2,19,4,0,8,0,1,1,0,1,2,1,1,36,1,2,2,1,1,2,2,1,2,2,3,2,2,1,2,2,2,"New York",0
"19689",360923,36,7385,40.75678056,-73.87363056,1,1,12,3,22,6,0,8,0,2,2,0,1,3,1,1,36,2,2,2,1,1,2,2,1,2,2,3,2,2,2,1,2,2,"New York",0
"19690",360924,36,7509,40.724775,-73.79463889,3,3,12,2,20,6,0,12,0,1,1,0,1,3,1,1,36,2,2,2,1,2,2,2,2,2,2,3,2,2,2,2,2,2,"New York",0
"19691",360925,36,2964,43.07075278,-75.95040278,1,1,12,3,11,5,0,42,0,1,1,0,4,1,10,1,36,1,2,1,1,1,2,2,2,2,2,2,2,1,2,2,2,2,"New York",0
"19692",360926,36,7403,40.75377778,-73.8626,1,1,12,1,15,6,0,8,0,1,1,0,1,1,98,1,36,2,2,1,2,1,2,2,1,2,2,3,2,2,2,2,2,2,"New York",1
"19693",360927,36,3334,42.81097222,-76.62652222,2,2,12,1,5,3,0,35,0,1,1,0,4,2,10,1,36,1,2,2,2,1,2,1,2,1,2,1,2,2,2,2,2,2,"New York",1
"19694",360928,36,3492,42.69006944,-73.80149444,2,2,12,1,18,3,0,8,0,3,3,0,1,3,5,1,36,2,2,2,2,1,2,2,1,2,2,3,2,2,1,2,2,2,"New York",0
"19695",360929,36,3503,42.68658889,-73.74107222,1,1,12,4,6,3,0,8,0,3,2,0,1,4,10,1,36,2,2,1,1,1,2,2,1,2,2,3,2,2,2,2,2,2,"New York",0
"19696",360930,36,3010,43.04387778,-78.69193611,1,1,12,5,17,5,0,8,0,1,1,0,1,2,10,1,36,1,2,1,1,1,2,2,1,2,2,3,2,2,1,2,2,2,"New York",0
"19697",360931,36,3314,42.83964167,-78.60607222,4,4,12,4,22,5,0,12,0,1,1,0,1,3,10,1,36,1,2,2,1,3,2,1,2,2,2,3,2,2,2,2,2,2,"New York",1
"19698",360932,36,4568,42.05415833,-75.44143333,1,1,12,4,8,4,0,14,0,1,1,0,2,1,1,1,36,1,2,1,1,1,2,2,2,2,2,3,2,1,2,2,1,2,"New York",0
"19699",360933,36,7749,40.66365278,-73.54944722,4,4,12,1,16,3,0,12,0,2,2,0,1,5,10,1,36,2,2,1,2,2,1,1,2,2,2,3,2,1,1,2,2,2,"New York",0
"19700",360934,36,4255,42.25800556,-73.85818611,2,2,12,5,9,2,0,12,0,1,1,0,1,1,10,1,36,1,2,1,1,2,2,2,2,2,2,3,2,2,2,2,2,2,"New York",0
"19701",360935,36,3154,42.95693333,-76.49154722,1,1,12,5,11,5,0,31,0,3,3,0,4,1,1,1,36,1,2,1,1,1,2,1,2,2,2,2,2,2,1,2,2,2,"New York",0
"19702",360936,36,6242,41.25931944,-73.67995278,5,5,12,1,5,1,0,12,0,1,1,0,1,2,10,1,36,2,1,2,2,3,2,2,2,2,2,3,2,2,1,2,2,2,"New York",1
"19703",360937,36,7976,40.58818889,-73.95246667,1,1,12,2,17,6,0,8,0,2,2,0,1,3,1,1,36,2,2,1,1,1,2,2,1,2,2,3,2,2,2,2,2,2,"New York",0
"19704",360938,36,5351,41.65903889,-73.90267222,1,1,11,7,21,3,0,8,0,1,1,0,99,3,1,1,36,1,2,2,2,1,2,2,1,2,2,3,2,1,2,2,2,2,"New York",0
"19705",360939,36,2971,43.06714444,-77.27775,1,1,12,3,16,3,0,31,0,1,1,0,4,1,1,1,36,2,2,1,1,1,2,2,2,2,2,3,2,2,2,2,2,2,"New York",0
"19706",360940,36,7515,40.72284167,-73.82773056,2,2,12,4,4,1,0,12,0,1,1,0,1,3,1,1,36,2,1,2,1,2,2,1,2,2,2,3,2,2,2,2,2,2,"New York",0
"19707",360941,36,8065,40.55655278,-74.12820833,1,1,12,3,9,6,0,8,0,2,2,0,1,1,1,1,36,2,2,1,1,1,2,2,1,2,2,3,2,1,2,2,1,2,"New York",0
"19708",360942,36,7557,40.71284444,-73.87806111,1,1,12,4,13,6,0,8,0,1,1,0,1,1,1,1,36,2,2,1,1,1,2,2,1,2,2,3,2,2,2,2,2,2,"New York",0
"19709",360943,36,3182,42.93726667,-78.80361389,1,1,11,4,6,6,0,42,0,3,3,0,4,3,1,1,36,2,2,1,1,1,2,1,2,2,2,2,2,2,2,2,2,2,"New York",0
"19710",360945,36,2540,43.45734444,-76.12723333,4,4,12,4,17,3,0,12,0,1,1,0,1,2,1,1,36,1,2,1,1,2,2,2,2,2,2,3,2,1,2,2,2,2,"New York",0
"19711",360946,36,7284,40.78041389,-72.97213889,3,3,12,6,19,4,0,8,0,3,2,0,1,2,10,1,36,2,2,2,2,1,2,2,1,2,2,3,2,2,2,2,2,2,"New York",0
"19712",360947,36,6794,40.95256389,-73.01935,1,1,10,6,18,5,0,24,0,1,1,0,4,2,2,1,36,2,2,2,2,1,2,1,2,2,2,1,2,2,2,2,2,2,"New York",1
"19713",360948,36,3176,42.94150556,-78.76649722,3,3,12,5,15,1,0,12,1,18,1,0,1,1,10,1,36,2,1,1,1,3,2,2,2,2,2,3,2,2,2,2,2,2,"New York",0
"19714",360949,36,2753,43.19776944,-76.19011667,1,1,8,3,19,5,0,5,0,8,1,0,4,5,1,1,36,1,2,2,1,1,1,2,2,2,2,2,2,2,2,2,2,2,"New York",0
"19715",360950,36,6873,40.91538333,-73.03369444,1,1,10,1,23,3,0,14,0,3,3,0,5,3,1,1,36,2,2,2,2,1,1,1,2,2,2,1,2,2,2,2,2,2,"New York",1
"19716",360951,36,7169,40.80954444,-73.19361667,2,2,11,3,13,5,0,12,0,2,2,0,1,1,1,1,36,2,2,1,1,2,2,2,2,2,2,3,2,2,2,2,2,2,"New York",0
"19717",360952,36,7035,40.84886667,-72.97966667,1,1,11,4,3,5,0,30,0,1,1,0,4,3,2,1,36,1,2,2,1,1,2,1,2,2,2,1,2,2,2,2,2,2,"New York",1
"19718",360953,36,7185,40.80572778,-72.84573611,1,1,11,4,10,3,0,9,0,3,3,0,1,1,1,1,36,2,2,1,1,1,2,2,2,2,2,3,2,2,2,2,2,2,"New York",0
"19719",360954,36,6973,40.87526667,-73.07115278,5,5,10,6,21,4,0,35,0,3,2,0,3,2,2,1,36,1,2,2,2,1,2,2,2,1,2,3,1,2,2,2,2,2,"New York",0
"19720",360955,36,7246,40.79109167,-73.20006389,1,1,11,6,0,4,0,8,0,3,3,0,1,3,1,1,36,2,2,2,1,1,2,2,1,2,2,3,2,2,2,2,2,2,"New York",1
"19721",360956,36,2291,43.74424167,-76.05589722,2,2,11,2,15,2,0,12,0,1,1,0,1,1,10,1,36,1,2,1,1,2,2,2,2,2,2,2,1,2,2,2,2,2,"New York",0
"19722",360957,36,7296,40.77741944,-73.18971667,4,4,11,2,18,5,0,12,0,1,1,0,1,3,1,1,36,2,2,2,1,2,2,1,2,2,2,3,1,2,2,2,2,2,"New York",0
"19723",360958,36,7247,40.79070556,-73.5178,1,1,8,4,5,3,0,25,0,1,1,0,3,3,1,1,36,2,2,2,1,1,2,1,2,2,2,1,2,2,2,2,2,2,"New York",1
"19724",360959,36,3677,42.564825,-76.26281944,4,4,8,1,3,4,0,35,0,1,1,0,4,2,1,1,36,2,2,2,2,1,2,1,2,1,2,2,1,2,2,2,1,2,"New York",0
"19725",360960,36,7833,40.64078056,-73.65965278,2,2,9,4,10,5,0,8,0,3,2,0,1,1,10,1,36,2,2,1,1,1,2,2,1,2,2,3,2,1,2,2,2,2,"New York",0
"19726",360961,36,7311,40.77358889,-73.50178333,1,1,9,5,13,5,0,8,0,3,3,0,1,1,1,1,36,2,2,1,1,1,2,2,1,2,2,3,2,2,2,2,2,2,"New York",0
"19727",360962,36,1750,44.58202222,-73.90964444,1,1,11,6,11,3,0,35,0,1,1,0,4,1,10,1,36,1,2,1,1,1,2,2,2,1,2,3,2,1,2,2,2,2,"New York",0
"19728",360963,36,6968,40.87845278,-73.02654444,2,2,11,7,13,5,0,12,0,2,3,0,1,1,2,1,36,2,2,1,2,2,1,2,2,2,2,3,2,2,1,2,2,2,"New York",0
"19729",360964,36,7608,40.69754722,-73.58593056,1,1,8,6,11,5,0,8,0,2,2,0,1,1,1,1,36,2,2,1,1,1,2,2,1,2,2,3,1,2,2,2,2,2,"New York",0
"19730",360965,36,2979,43.06335278,-77.70993889,8,8,12,5,14,5,0,12,0,1,1,0,1,1,10,1,36,1,2,1,1,2,2,2,2,1,2,3,2,2,2,2,2,2,"New York",0
"19731",360966,36,7687,40.67671667,-73.82284444,1,1,12,7,9,6,0,8,0,3,3,0,1,1,1,1,36,2,2,1,2,1,2,2,1,2,2,3,2,2,2,2,2,2,"New York",0
"19732",360967,36,3166,42.94694722,-74.37106667,1,1,12,6,17,3,0,8,0,2,2,0,1,3,1,1,36,2,2,1,1,1,2,2,1,2,2,3,2,1,2,2,2,2,"New York",0
"19733",360968,36,6865,40.91843889,-73.84739444,2,2,12,5,6,3,0,8,0,1,1,0,1,3,2,1,36,2,2,1,1,2,2,2,1,2,2,3,2,2,2,2,2,2,"New York",0
"19734",360969,36,7290,40.77886111,-73.57486389,1,2,12,5,5,1,0,14,0,1,1,0,2,3,1,1,36,1,1,2,1,1,2,2,2,2,2,2,2,2,1,2,2,2,"New York",0
"19735",360970,36,2745,43.20506944,-77.47461111,2,2,12,5,11,5,0,12,0,2,2,0,1,1,10,1,36,2,2,1,1,2,2,2,2,2,2,3,2,1,1,2,2,2,"New York",0
"19736",360971,36,7365,40.76141944,-73.81105278,2,2,12,6,3,6,0,14,0,1,1,0,7,3,1,1,36,2,2,2,1,1,2,1,2,2,2,1,2,2,2,2,2,2,"New York",1
"19737",360972,36,4506,42.0924,-76.07908056,2,2,12,7,17,5,0,8,0,1,1,0,1,2,4,1,36,2,2,1,2,1,2,2,1,2,2,3,2,1,2,2,2,2,"New York",0
"19738",360973,36,2781,43.17933056,-77.64448056,1,1,12,3,6,6,0,8,0,3,3,0,1,3,2,1,36,2,2,1,1,1,2,2,1,2,2,3,2,2,2,2,1,2,"New York",0
"19739",360975,36,2891,43.10836111,-78.24620556,1,1,12,3,20,5,0,30,0,1,1,0,4,2,1,1,36,1,2,2,1,1,2,1,2,2,2,3,2,2,2,2,2,2,"New York",1
"19740",360976,36,3780,42.4958,-76.5961,2,2,12,3,13,3,0,12,0,2,2,0,1,1,2,1,36,1,2,1,1,2,2,2,2,1,2,3,2,1,2,2,1,2,"New York",0
"19741",360977,36,4416,42.15219722,-76.069325,1,1,12,4,18,5,0,24,0,1,1,0,4,2,2,1,36,1,2,2,1,1,2,1,2,1,2,3,2,2,2,2,2,2,"New York",0
"19742",360978,36,2716,43.22973333,-75.49396944,2,2,12,5,14,3,0,12,0,8,1,0,1,1,1,1,36,2,2,1,1,2,1,2,2,2,2,3,2,2,1,2,2,2,"New York",0
"19743",360979,36,7948,40.59695556,-73.94992778,1,1,12,5,16,6,0,8,0,2,2,0,1,1,10,1,36,2,2,1,1,1,2,2,1,2,2,3,2,2,1,2,2,2,"New York",0
"19744",360980,36,7535,40.71781667,-73.93496944,3,3,12,4,5,6,0,12,0,1,1,0,1,3,5,1,36,2,2,2,1,2,2,1,2,2,2,3,2,2,2,2,2,2,"New York",1
"19745",360982,36,3421,42.73902222,-73.67498611,1,1,12,2,16,3,0,8,0,2,2,0,1,3,2,1,36,2,2,1,1,1,2,2,1,2,2,3,2,2,2,2,2,2,"New York",0
"19746",360983,36,5981,41.391925,-73.72372778,7,7,11,7,21,2,0,12,0,2,3,0,1,3,10,1,36,2,2,2,2,3,2,2,2,1,2,1,2,2,2,2,2,2,"New York",1
"19747",360984,36,6928,40.89394444,-72.57607778,1,1,11,1,19,3,0,30,0,1,1,0,4,2,1,1,36,1,2,2,2,1,2,2,2,2,2,1,2,2,2,2,2,2,"New York",1
"19748",360985,36,7910,40.61449722,-73.75268611,3,3,11,7,4,5,0,12,0,2,2,0,1,3,1,2,36,2,2,2,2,2,2,1,2,2,2,1,1,2,2,2,2,2,"New York",1
"19749",360986,36,7624,40.69393056,-73.88458611,1,1,9,4,19,6,0,30,0,1,1,0,3,3,1,1,36,2,2,2,1,1,1,1,2,2,2,1,2,2,2,2,2,2,"New York",1
"19750",360987,36,3208,42.91865556,-78.79918889,1,1,12,4,21,6,0,40,0,3,3,0,4,3,1,1,36,2,2,2,1,1,2,2,2,2,2,2,2,2,2,2,2,2,"New York",0
"19751",360988,36,6015,41.37476389,-73.72909722,1,1,12,7,17,4,0,8,0,1,1,0,1,3,1,1,36,2,2,1,2,1,2,2,1,2,2,3,2,1,2,2,2,2,"New York",0
"19752",360990,36,7201,40.80224722,-72.86102778,1,1,12,4,17,3,0,9,0,2,3,0,1,5,10,1,36,2,2,1,1,1,2,2,2,2,2,3,2,1,2,2,2,2,"New York",0
"19753",360991,36,7275,40.7829,-73.102375,2,2,7,5,10,3,0,12,0,2,2,0,1,1,2,1,36,2,2,1,1,2,2,2,2,1,2,3,2,1,2,2,2,2,"New York",0
"19754",360994,36,6807,40.94730556,-72.90474167,2,2,10,1,10,3,0,12,0,2,3,0,1,1,10,1,36,2,2,1,2,2,2,2,2,2,2,3,2,1,2,2,2,2,"New York",0
"19755",360995,36,7251,40.78977778,-73.00861111,6,6,12,7,2,3,0,8,0,1,1,0,1,3,1,1,36,2,2,2,2,3,2,2,1,2,2,3,2,2,1,1,2,2,"New York",0
"19756",360996,36,7044,40.84643889,-72.73588611,6,6,12,1,14,4,0,12,0,2,4,0,1,1,1,1,36,1,2,1,2,2,2,2,2,2,2,3,2,2,1,2,2,2,"New York",0
"19757",360997,36,7696,40.67341667,-73.36089722,1,1,12,1,21,5,0,8,0,3,3,0,1,3,1,1,36,2,2,2,2,1,2,2,1,2,2,3,2,2,2,2,2,2,"New York",0
"19758",360998,36,6797,40.95069167,-72.94225,1,1,12,7,18,5,0,8,0,3,3,0,1,2,1,1,36,2,2,2,2,1,2,2,1,2,2,3,2,2,1,2,2,2,"New York",0
"19759",360999,36,6801,40.94908611,-73.06446667,1,1,12,1,15,5,0,30,0,1,1,0,4,1,1,1,36,2,2,1,2,1,2,1,2,2,2,2,2,2,2,2,2,2,"New York",0
"19760",361000,36,2766,43.19065556,-76.86696944,1,1,12,4,14,5,0,8,0,1,1,0,1,1,10,1,36,1,2,1,1,1,2,2,1,2,2,3,2,2,1,2,1,2,"New York",0
"19761",361001,36,7586,40.70462778,-73.424725,2,2,12,3,18,5,0,12,0,2,2,0,1,3,1,1,36,2,2,2,1,2,2,2,2,2,2,3,2,2,2,1,2,2,"New York",0
"19762",361002,36,7221,40.79805,-72.90689444,2,2,12,4,5,3,0,12,1,18,1,0,1,2,5,1,36,2,2,2,1,2,2,2,2,2,2,3,2,2,2,2,2,2,"New York",1
"19763",361003,36,7363,40.76170833,-73.528225,1,1,12,5,22,5,0,8,0,2,2,0,1,3,1,1,36,2,2,2,1,1,2,2,1,2,2,3,2,2,2,2,2,2,"New York",0
"19764",361004,36,7380,40.75825833,-73.234375,1,1,12,6,17,5,0,8,0,3,4,0,1,3,2,1,36,2,2,1,1,1,2,2,1,2,2,3,2,2,2,1,2,2,"New York",0
"19765",361005,36,7197,40.80371944,-72.85394167,4,4,12,5,17,3,0,8,0,3,3,0,1,3,10,1,36,2,2,1,1,2,2,2,1,2,2,3,1,2,2,2,2,2,"New York",0
"19766",361006,36,7186,40.80571667,-73.19984167,1,1,12,3,23,4,0,42,0,3,3,0,4,3,1,1,36,2,2,2,1,1,2,2,2,2,2,1,2,2,1,2,2,2,"New York",1
"19767",361007,36,3029,43.03405833,-76.31483889,1,1,12,2,18,5,0,8,0,1,1,0,1,3,10,1,36,2,2,2,1,1,2,2,1,2,2,3,2,2,2,2,1,2,"New York",0
"19768",361008,36,7636,40.69236111,-73.397475,4,4,11,7,20,3,0,12,0,2,2,0,1,3,1,1,36,2,2,2,2,3,2,1,2,2,2,3,2,1,2,2,1,2,"New York",0
"19769",361010,36,5492,41.60355278,-73.91209167,5,5,10,1,22,2,0,8,0,1,1,0,1,3,1,1,36,2,2,2,2,2,2,2,1,2,2,3,2,2,2,2,2,2,"New York",0
"19770",361011,36,6448,41.15481389,-74.10180278,1,1,12,2,22,2,0,8,0,1,1,0,4,2,10,1,36,1,2,2,1,1,2,2,1,2,2,3,2,2,2,1,2,2,"New York",0
"19771",361012,36,7597,40.70125278,-73.59755,2,2,10,1,19,5,0,8,0,1,1,0,1,3,1,1,36,2,2,2,2,2,2,2,1,2,2,3,2,2,2,1,2,2,"New York",0
"19772",361013,36,7621,40.69468056,-73.39184444,1,1,12,6,6,3,0,8,0,8,1,0,1,1,1,1,36,2,2,1,1,1,2,2,1,2,2,3,2,2,1,2,2,2,"New York",0
"19773",361014,36,7314,40.77248056,-72.98624444,1,1,12,3,16,5,0,30,0,1,1,0,4,5,10,1,36,2,2,1,1,1,2,2,2,2,2,2,2,2,2,2,2,2,"New York",0
"19774",361015,36,2833,43.14257778,-76.0862,1,1,11,4,0,4,0,32,0,1,1,0,4,2,1,1,36,1,2,2,1,1,2,1,2,1,2,1,2,2,1,2,1,2,"New York",1
"19775",361016,36,6830,40.93658611,-73.88926944,4,4,5,6,12,6,0,8,0,2,3,0,1,1,1,1,36,2,2,1,1,1,2,2,1,2,2,3,2,2,2,2,2,2,"New York",0
"19776",361017,36,2829,43.14618056,-77.55818611,1,1,2,6,14,3,0,8,0,3,3,0,1,1,1,1,36,2,2,1,1,1,2,2,1,2,2,3,2,1,2,2,2,2,"New York",0
"19777",361018,36,4333,42.20803611,-73.75698056,1,1,5,2,9,5,0,35,0,1,1,0,4,1,1,1,36,1,2,1,1,1,2,2,2,2,2,3,2,1,2,2,2,2,"New York",0
"19778",361019,36,6839,40.93078056,-73.85713611,1,1,7,4,0,6,0,8,1,18,1,0,1,2,1,1,36,2,2,2,1,1,2,2,1,2,2,3,2,2,2,2,1,2,"New York",0
"19779",361020,36,3021,43.03746389,-75.27465,2,2,12,5,8,5,0,12,0,3,3,0,1,1,10,1,36,1,2,1,1,2,2,1,2,2,2,1,2,2,2,2,2,2,"New York",1
"19780",361021,36,2816,43.15653056,-77.43167778,2,2,12,1,19,3,0,12,0,1,1,0,1,2,1,1,36,2,2,2,2,2,2,1,2,1,2,3,2,2,2,2,2,2,"New York",0
"19781",361022,36,4309,42.22170278,-78.53044722,2,2,10,6,22,4,0,34,0,1,1,0,4,2,1,1,36,1,2,2,2,1,2,2,2,2,2,3,2,2,2,1,2,2,"New York",0
"19782",361023,36,7023,40.85532222,-73.27293889,2,2,11,7,6,4,0,12,0,2,3,0,1,1,10,1,36,1,2,1,2,2,1,1,2,2,2,3,2,2,2,2,2,2,"New York",0
"19783",361024,36,7401,40.75406111,-73.36045833,1,1,10,1,20,4,0,8,0,3,2,0,1,3,1,1,36,2,2,2,2,1,2,2,1,2,2,3,2,2,2,2,1,2,"New York",0
"19784",361025,36,3482,42.69729722,-73.76806389,1,1,11,1,0,5,0,33,0,3,3,0,4,3,10,1,36,2,2,2,2,1,2,1,2,2,2,1,2,2,2,2,2,2,"New York",1
"19785",361026,36,3870,42.44514167,-73.68664167,7,7,11,2,17,2,0,12,0,2,3,0,1,3,1,1,36,1,2,1,1,2,2,2,2,2,2,3,2,2,2,2,2,1,"New York",0
"19786",361027,36,7292,40.77830556,-73.24296667,1,1,11,7,4,5,0,8,0,3,2,0,1,3,1,1,36,2,2,2,2,1,2,2,1,2,2,3,2,2,1,2,2,2,"New York",0
"19787",361028,36,7495,40.72748333,-73.37313889,1,1,11,1,3,3,0,12,0,1,1,0,1,3,10,1,36,2,2,2,2,2,2,2,1,2,2,3,2,2,2,2,1,2,"New York",0
"19788",361029,36,7348,40.76471111,-73.55138611,3,3,10,5,1,5,0,12,0,1,1,0,1,3,1,1,36,2,2,2,1,2,2,1,2,2,2,3,2,2,2,2,2,2,"New York",0
"19789",361030,36,7414,40.75104167,-73.53227778,1,1,10,6,8,5,0,8,0,3,3,0,1,1,1,1,36,2,2,1,1,1,2,2,1,2,2,3,2,2,2,2,1,2,"New York",0
"19790",361031,36,7426,40.74802222,-73.55241667,5,5,11,4,11,5,0,12,0,1,1,0,1,1,10,1,36,2,2,1,1,3,2,1,2,2,2,1,1,1,2,2,2,2,"New York",1
"19791",361032,36,6951,40.88597222,-73.257375,1,1,12,7,11,3,0,8,0,1,1,0,1,1,1,1,36,2,2,1,2,1,2,2,1,2,2,3,2,2,2,2,2,2,"New York",0
"19792",361033,36,2914,43.09520556,-79.023475,1,1,11,5,5,6,0,42,0,1,1,0,4,3,1,1,36,2,2,2,1,1,2,1,2,2,2,3,2,2,1,2,2,2,"New York",1
"19793",361034,36,3762,42.50458889,-75.40446111,7,7,12,5,7,3,0,12,0,1,1,0,1,4,10,2,36,1,2,1,1,2,2,2,2,2,2,3,2,2,2,2,2,2,"New York",0
"19794",361035,36,7453,40.74,-73.32099444,2,2,11,5,8,3,0,30,0,1,1,0,4,1,2,1,36,2,2,1,1,1,2,1,2,2,2,2,2,1,2,2,2,2,"New York",0