"","ST_CASE","OBJECT_ID","FID","LATITUDE","LONGITUD","PERMVIT","PERSONS","MONTH","DAY_WEEK","HOUR","ROUTE","SP_JUR","HARM_EV","RELJCT1","RELJCT2","TYP_INT","WRK_ZONE","REL_ROAD","LGT_COND","WEATHER","FATALS","STATE","A_RU","A_INTER","A_TOD","A_DOW","A_CT","A_MC","A_SPCRA","A_PED","A_ROLL","A_POLPUR","A_POSBAC","A_D15_20","A_D65PLS","A_D21_24","A_HR","A_DIST","A_DROWSY","STATE_NAME","drunkDr"
"19795",361036,36,1898,44.35729167,-73.54285556,3,3,12,3,17,2,0,12,0,1,1,0,1,2,10,1,36,1,2,1,1,2,2,2,2,1,2,2,2,2,1,2,2,2,"New York",0
"19796",361037,36,3229,42.90915,-73.56966944,4,4,9,1,13,3,0,12,0,3,4,0,1,1,1,1,36,1,2,1,2,2,1,1,2,2,2,3,2,2,2,2,2,2,"New York",0
"19797",361038,36,6884,40.91033333,-73.88130278,2,3,4,6,15,6,0,14,0,1,1,0,2,1,1,1,36,2,2,1,1,1,2,1,2,2,2,3,2,2,2,2,1,2,"New York",0
"19798",361039,36,8003,40.57919167,-73.98198611,1,1,10,4,19,6,0,8,0,3,2,0,1,3,1,1,36,2,2,2,1,1,2,2,1,2,2,3,2,2,1,2,2,2,"New York",0
"19799",361040,36,7388,40.756225,-73.83361944,1,1,11,1,16,6,0,8,0,1,1,0,1,1,10,1,36,2,2,1,2,1,2,2,1,2,2,3,2,1,2,2,2,2,"New York",0
"19800",361041,36,7728,40.66779167,-73.86994444,1,1,11,5,19,3,0,8,0,3,2,0,1,3,1,1,36,2,2,2,1,1,2,2,1,2,2,3,2,2,2,1,1,2,"New York",0
"19801",361042,36,7913,40.61333889,-74.07183333,1,1,11,6,8,6,0,8,0,3,2,0,1,1,1,1,36,2,2,1,1,1,2,2,1,2,2,3,2,2,2,2,1,2,"New York",0
"19802",361043,36,7626,40.69366667,-73.98323611,2,2,12,4,11,6,0,8,0,3,2,0,1,1,1,1,36,2,2,1,1,1,2,1,1,2,2,3,2,2,1,2,1,2,"New York",0
"19803",361044,36,6953,40.88529167,-73.8295,2,2,12,3,23,2,0,8,0,3,3,0,1,3,2,1,36,2,2,2,1,1,2,2,1,2,2,3,2,2,2,2,2,2,"New York",0
"19804",361045,36,7942,40.59978056,-73.99485,1,1,12,6,14,6,0,8,0,3,2,0,1,1,1,1,36,2,2,1,1,1,2,2,1,2,2,3,2,2,2,2,2,2,"New York",0
"19805",361046,36,6209,41.2755,-74.41192222,6,6,7,3,10,4,0,12,0,2,2,0,1,1,10,3,36,1,2,1,1,2,2,1,2,2,2,3,1,2,2,2,2,2,"New York",0
"19806",361047,36,4531,42.07513889,-73.94821944,5,5,8,4,11,5,0,1,0,3,3,0,5,1,1,4,36,2,2,1,1,1,2,1,2,1,2,2,1,2,2,2,2,2,"New York",0
"19807",361048,36,6919,40.89881111,-73.77805556,1,1,10,5,20,5,0,8,0,1,1,0,1,3,1,1,36,2,2,2,1,1,2,2,1,2,2,2,2,1,2,2,1,2,"New York",0
"19808",361049,36,3015,43.04004444,-77.69710556,2,2,11,5,8,4,0,12,0,2,2,0,1,1,10,1,36,1,2,1,1,2,2,2,2,2,2,3,2,1,2,2,2,2,"New York",0
"19809",361050,36,3448,42.71893889,-78.00551944,3,3,11,4,8,3,0,12,0,2,7,0,1,1,1,2,36,1,2,1,1,2,2,2,2,2,2,3,2,1,2,2,1,2,"New York",0
"19810",370001,37,16823,36.05355278,-79.32221389,1,1,1,5,11,3,0,42,0,1,1,0,4,1,1,1,37,1,2,1,1,1,2,1,2,1,2,2,2,2,2,2,1,2,"North Carolina",0
"19811",370002,37,17690,35.59944167,-82.55422222,2,2,1,5,7,6,0,8,0,1,1,0,1,4,1,1,37,2,2,1,1,1,2,2,1,2,2,3,2,2,2,2,2,2,"North Carolina",0
"19812",370003,37,17523,35.69713611,-82.57700556,1,1,1,6,5,2,0,35,0,1,1,0,4,2,1,1,37,1,2,2,1,1,2,2,2,1,2,2,2,1,2,2,1,2,"North Carolina",0
"19813",370004,37,17778,35.55561667,-82.61743611,2,2,1,7,23,1,0,42,0,1,1,0,4,2,1,1,37,2,1,2,2,1,2,1,2,2,2,2,2,2,2,2,2,2,"North Carolina",0
"19814",370006,37,17492,35.71884167,-81.693775,2,2,1,5,3,1,0,12,0,1,1,0,1,2,5,1,37,1,1,2,1,2,2,2,2,2,2,3,2,1,2,2,2,2,"North Carolina",0
"19815",370007,37,17468,35.73166111,-81.36496111,1,1,1,3,14,2,0,1,0,1,1,0,3,1,1,1,37,1,2,1,1,1,1,2,2,2,2,2,2,1,2,2,2,2,"North Carolina",0
"19816",370008,37,17572,35.66264444,-81.069875,1,1,1,4,13,3,0,7,0,1,1,0,1,1,1,1,37,1,2,1,1,1,2,2,2,2,2,2,2,1,2,2,2,2,"North Carolina",0
"19817",370009,37,17416,35.75951389,-79.19055,2,2,1,5,21,3,0,32,0,1,1,0,4,2,1,1,37,1,2,2,1,1,2,1,2,2,2,1,1,2,2,2,2,2,"North Carolina",1
"19818",370010,37,18917,35.0925,-77.03771111,1,1,1,7,17,3,0,8,0,1,1,0,1,2,10,1,37,1,2,1,2,1,2,2,1,2,2,1,2,2,2,2,1,2,"North Carolina",1
"19819",370011,37,18857,35.11521667,-78.93095278,1,1,1,6,2,6,0,30,0,1,1,0,4,3,10,1,37,2,2,2,1,1,2,1,2,2,2,1,2,2,2,2,2,2,"North Carolina",1
"19820",370012,37,17252,35.85222222,-80.08870833,2,2,1,6,16,6,0,12,0,2,3,0,1,1,1,1,37,2,2,1,1,2,2,2,2,2,2,3,2,1,1,2,2,2,"North Carolina",0
"19821",370013,37,16933,36.01039444,-80.11870556,2,2,1,1,21,3,0,42,0,1,1,0,4,2,1,1,37,1,2,2,2,1,2,1,2,2,2,1,2,2,2,2,2,2,"North Carolina",1
"19822",370014,37,16819,36.0546,-78.90426111,2,2,1,6,6,2,0,12,0,4,1,0,1,3,1,1,37,2,2,1,1,2,1,2,2,2,2,3,2,2,2,2,2,2,"North Carolina",0
"19823",370015,37,17355,35.79658889,-77.63707222,6,6,1,3,18,3,0,12,0,1,1,0,1,2,1,1,37,1,2,2,1,3,2,1,2,2,2,3,2,2,2,2,1,2,"North Carolina",0
"19824",370016,37,16608,36.11776944,-80.29925,1,1,1,7,21,6,0,30,0,1,1,0,4,3,1,1,37,2,2,2,2,1,2,1,2,1,2,1,2,2,2,2,2,2,"North Carolina",1
"19825",370017,37,16376,36.18602222,-78.11180833,2,2,1,3,7,3,0,12,0,1,1,0,1,2,1,1,37,1,2,1,1,2,2,2,2,2,2,3,2,2,2,2,2,2,"North Carolina",0
"19826",370018,37,18460,35.25119444,-81.34126944,1,1,1,7,23,2,0,8,0,1,1,0,1,2,2,1,37,2,2,2,2,1,2,2,1,2,2,3,2,2,1,2,2,2,"North Carolina",0
"19827",370019,37,18504,35.23330556,-81.16865556,2,2,1,3,18,6,0,8,0,1,1,0,1,2,1,1,37,2,2,2,1,1,2,2,1,2,2,3,2,1,2,2,2,2,"North Carolina",0
"19828",370020,37,18676,35.17811667,-81.41435,2,2,1,3,7,3,0,12,0,1,1,0,1,1,1,1,37,1,2,1,1,2,2,2,2,2,2,3,2,2,1,2,2,2,"North Carolina",0
"19829",370021,37,18436,35.257675,-81.01923333,1,1,1,1,9,1,0,42,0,1,1,0,4,1,1,1,37,2,1,1,2,1,2,1,2,2,2,2,2,1,2,2,2,2,"North Carolina",0
"19830",370022,37,18272,35.32578333,-83.80367222,2,2,1,5,23,3,0,42,0,1,1,0,4,2,1,1,37,1,2,2,1,1,2,2,2,2,2,1,2,2,2,2,2,2,"North Carolina",1
"19831",370023,37,16692,36.09091667,-79.99189444,1,1,1,7,17,1,0,1,0,1,1,0,3,2,1,1,37,2,1,1,2,1,2,1,2,1,2,2,2,2,2,2,2,2,"North Carolina",0
"19832",370024,37,17007,35.97308611,-79.97960278,1,1,1,5,21,6,0,35,0,1,1,0,4,3,1,1,37,2,2,2,1,1,2,1,2,1,2,1,2,2,2,2,2,2,"North Carolina",1
"19833",370025,37,18404,35.27055556,-78.61728889,4,4,1,6,19,3,0,9,0,1,1,0,1,2,3,1,37,1,2,2,2,1,2,2,2,2,2,3,2,2,1,2,2,2,"North Carolina",0
"19834",370026,37,18066,35.418225,-78.80363333,2,2,1,1,21,3,0,12,0,1,1,0,1,2,1,1,37,1,2,2,2,2,2,2,2,2,2,3,2,2,1,2,2,2,"North Carolina",0
"19835",370027,37,19037,35.04896944,-79.43470556,3,3,1,4,7,2,0,12,0,2,2,0,1,1,10,1,37,1,2,1,1,3,2,2,2,2,2,3,2,2,2,2,2,2,"North Carolina",1
"19836",370028,37,19346,34.90556389,-79.18664722,5,5,1,6,21,3,0,12,0,2,2,0,1,2,2,3,37,1,2,2,2,2,2,1,2,2,2,1,2,2,2,2,2,2,"North Carolina",1
"19837",370029,37,17624,35.636375,-80.80953611,1,1,1,3,16,3,0,42,0,1,1,0,4,5,2,1,37,1,2,1,1,1,2,1,2,2,2,2,2,2,2,2,2,2,"North Carolina",0
"19838",370030,37,17660,35.61016667,-78.15072222,1,1,1,1,17,3,0,34,0,1,1,0,4,2,2,1,37,1,2,1,2,1,1,1,2,2,2,2,2,2,2,2,2,2,"North Carolina",0
"19839",370031,37,17741,35.56970278,-78.16764444,1,1,1,2,21,3,0,8,0,1,1,0,1,2,1,1,37,1,2,2,1,1,2,2,1,2,2,3,2,1,2,2,2,2,"North Carolina",0
"19840",370032,37,18123,35.39329444,-78.52110833,2,2,1,3,14,1,0,24,0,1,1,0,3,1,1,1,37,1,1,1,1,2,2,2,2,1,2,3,2,2,2,2,2,2,"North Carolina",0
"19841",370033,37,17797,35.5492,-78.21956111,2,2,1,5,12,1,0,12,0,1,1,0,1,1,1,1,37,2,1,1,1,2,2,2,2,2,2,3,2,1,2,2,2,2,"North Carolina",0
"19842",370034,37,18187,35.36664167,-79.13245,1,1,1,1,20,4,0,18,0,1,1,0,1,2,1,1,37,1,2,2,2,1,2,2,2,2,2,2,2,2,2,2,2,2,"North Carolina",0
"19843",370035,37,17868,35.51304722,-79.15655,1,1,1,7,20,4,0,42,0,1,1,0,4,2,1,1,37,1,2,2,2,1,2,1,2,2,2,1,2,2,2,2,2,2,"North Carolina",1
"19844",370036,37,18692,35.17268056,-83.36039444,2,2,1,7,18,2,0,8,1,5,1,0,1,5,10,1,37,1,2,2,2,1,2,2,1,2,2,3,2,2,2,2,2,2,"North Carolina",0
"19845",370037,37,18466,35.25036944,-80.84454167,2,2,1,7,2,1,0,8,0,1,1,0,1,3,1,1,37,2,1,2,2,1,2,2,1,2,2,3,2,2,2,2,2,2,"North Carolina",0
"19846",370038,37,18838,35.11906944,-80.95786944,1,1,1,3,18,6,0,8,0,1,1,0,1,3,2,1,37,2,2,2,1,1,2,2,1,2,2,3,2,2,2,2,2,2,"North Carolina",0
"19847",370039,37,17385,35.77902778,-78.16146944,2,2,1,7,16,2,0,42,0,1,1,0,4,1,2,1,37,1,2,1,2,1,2,1,2,2,2,2,2,2,2,2,1,2,"North Carolina",0
"19848",370040,37,20728,34.22036111,-77.82270278,2,2,1,7,19,6,0,8,0,1,1,0,1,3,2,1,37,2,2,2,2,2,2,2,1,2,2,3,1,2,2,2,2,2,"North Carolina",0
"19849",370041,37,16628,36.11256944,-78.996825,2,2,1,6,5,4,0,32,0,1,1,0,4,2,1,1,37,1,2,2,1,1,2,1,2,2,2,2,2,2,2,2,2,2,"North Carolina",0
"19850",370042,37,19918,34.63452778,-77.93762222,3,3,1,6,6,1,0,12,0,1,1,0,1,2,3,1,37,1,1,1,1,2,2,1,2,2,2,3,1,2,2,2,2,2,"North Carolina",0
"19851",370043,37,16487,36.15445278,-76.42584167,3,3,1,7,13,4,0,12,0,1,1,0,1,1,2,1,37,1,2,1,2,2,2,2,2,2,2,3,2,2,1,2,2,2,"North Carolina",0
"19852",370044,37,17651,35.61604722,-77.32865,2,2,1,7,7,2,0,12,0,1,1,0,1,4,1,1,37,2,2,1,2,2,2,2,2,2,2,3,1,2,1,2,2,2,"North Carolina",0
"19853",370045,37,17502,35.71254722,-77.47776944,1,1,1,4,18,3,0,34,0,1,1,0,4,2,1,1,37,1,2,2,1,1,2,2,2,1,2,2,1,2,2,2,2,2,"North Carolina",0
"19854",370046,37,19952,34.61810833,-78.99513611,3,3,1,5,2,6,0,42,0,1,1,0,4,3,1,1,37,2,2,2,1,1,2,2,2,2,2,1,2,2,2,2,2,2,"North Carolina",1
"19855",370047,37,19874,34.65379722,-79.15502778,5,5,1,6,19,3,0,12,0,1,1,0,1,2,2,1,37,1,2,2,2,2,2,2,2,2,2,3,2,1,2,2,2,2,"North Carolina",0
"19856",370048,37,19663,34.76344722,-78.91795833,4,4,1,3,16,4,0,9,0,1,1,0,1,5,1,1,37,1,2,1,1,1,2,2,2,2,2,3,2,2,1,2,2,2,"North Carolina",0
"19857",370049,37,19810,34.69373889,-78.86742222,4,4,1,6,17,4,0,12,0,1,1,0,1,2,1,2,37,1,2,1,1,2,2,1,2,1,2,3,2,2,2,2,2,2,"North Carolina",0
"19858",370050,37,19981,34.60187222,-79.10276667,2,2,1,2,7,1,0,1,0,1,1,0,4,1,2,1,37,1,1,1,1,1,2,1,2,1,2,3,2,2,2,2,2,2,"North Carolina",0
"19859",370051,37,15748,36.52365278,-79.75346389,3,3,1,4,7,3,0,12,0,1,1,0,1,1,3,1,37,1,2,1,1,3,2,1,1,1,2,3,1,2,1,2,2,2,"North Carolina",0
"19860",370052,37,19744,34.72667222,-78.20446389,1,1,1,5,14,3,0,34,0,1,1,0,4,1,1,1,37,1,2,1,1,1,2,1,2,1,2,2,2,1,2,2,2,2,"North Carolina",0
"19861",370053,37,18389,35.27451944,-82.70363333,10,10,1,6,14,3,0,12,0,1,1,0,1,1,1,1,37,1,2,1,1,3,2,1,2,2,2,3,2,1,2,2,2,2,"North Carolina",0
"19862",370054,37,17218,35.86663889,-78.83650278,1,1,1,6,22,3,0,26,1,19,1,0,4,3,1,1,37,1,2,2,2,1,2,1,2,1,2,1,1,2,2,2,2,2,"North Carolina",1
"19863",370055,37,17149,35.90437222,-78.77308889,1,1,1,6,23,1,0,8,0,1,1,0,2,2,1,1,37,2,1,2,2,1,2,2,1,2,2,3,2,2,2,1,2,2,"North Carolina",0
"19864",370056,37,17290,35.83329167,-78.67502778,2,2,1,2,0,1,0,12,0,1,1,0,1,2,1,1,37,2,1,2,2,2,1,1,2,2,2,1,2,2,1,1,2,2,"North Carolina",1
"19865",370057,37,17747,35.56708056,-78.85015833,2,2,1,4,17,3,0,12,0,2,2,0,1,1,1,1,37,2,2,1,1,2,2,2,2,2,2,3,2,1,2,2,2,2,"North Carolina",0
"19866",370058,37,15737,36.53658889,-78.19222778,2,2,1,4,8,2,0,12,0,1,1,0,1,1,1,1,37,1,2,1,1,2,2,2,2,2,2,3,1,2,2,2,2,2,"North Carolina",0
"19867",370059,37,15970,36.37336944,-81.72068889,1,1,1,4,18,3,0,1,0,1,1,0,4,2,1,1,37,1,2,2,1,1,2,2,2,1,2,1,2,2,2,2,1,2,"North Carolina",1
"19868",370060,37,18641,35.19181111,-77.88170278,2,2,1,7,5,3,0,12,0,1,1,0,1,2,2,1,37,1,2,2,2,2,2,1,2,1,2,3,2,2,2,2,2,2,"North Carolina",0
"19869",370061,37,16547,36.13829444,-81.16024167,2,2,1,3,4,3,0,12,0,1,1,0,1,2,2,1,37,1,2,2,1,2,2,1,2,2,2,1,2,2,2,2,2,2,"North Carolina",1
"19870",370062,37,17593,35.65227778,-77.87305278,1,1,1,3,13,3,0,34,0,1,1,0,4,1,10,1,37,1,2,1,1,1,2,1,2,1,2,2,1,2,2,2,2,2,"North Carolina",0
"19871",370063,37,17465,35.73233056,-77.93495833,2,2,1,2,19,6,0,8,0,1,1,0,1,3,1,1,37,2,2,2,1,1,2,2,1,2,2,3,2,1,2,2,2,2,"North Carolina",0
"19872",370064,37,16293,36.21525833,-80.7787,2,2,1,4,6,3,0,42,0,1,1,0,4,2,3,1,37,1,2,1,1,1,2,1,2,2,2,2,2,2,1,2,2,2,"North Carolina",0
"19873",370065,37,16292,36.216075,-80.49080278,2,2,1,3,22,3,0,42,0,1,1,0,4,2,1,2,37,1,2,2,1,1,2,1,2,2,2,1,1,2,2,2,2,2,"North Carolina",1
"19874",370066,37,17829,35.53479722,-82.60274444,1,1,1,4,8,1,0,1,0,1,1,1,3,1,1,1,37,2,1,1,1,1,2,2,2,1,2,3,2,2,1,2,2,2,"North Carolina",0
"19875",370067,37,18237,35.34816667,-77.31888611,1,1,1,4,1,4,0,32,0,1,1,0,4,2,10,1,37,1,2,2,1,1,2,2,2,1,2,2,2,2,2,2,2,2,"North Carolina",0
"19876",370068,37,19202,34.97179444,-76.97204444,2,2,1,4,10,2,0,12,0,1,1,0,1,1,1,1,37,1,2,1,1,2,2,2,2,2,2,3,2,1,2,2,2,2,"North Carolina",0
"19877",370069,37,19183,34.98301944,-78.906,2,2,1,3,15,2,0,12,0,1,1,0,1,1,1,1,37,1,2,1,1,2,1,2,2,2,2,3,1,2,2,2,2,2,"North Carolina",0
"19878",370070,37,17183,35.88333889,-80.50715278,4,4,1,6,5,4,0,12,0,1,1,0,1,2,1,1,37,1,2,2,1,2,2,2,2,2,2,3,2,1,2,2,2,2,"North Carolina",0
"19879",370071,37,16538,36.14143889,-80.21411111,1,1,1,7,2,6,0,8,0,1,1,0,1,2,3,1,37,2,2,2,2,1,2,2,1,2,2,3,2,2,2,1,2,2,"North Carolina",0
"19880",370072,37,16653,36.10223333,-80.22609167,1,1,1,6,21,6,0,8,0,1,1,0,1,2,1,1,37,2,2,2,2,1,2,2,1,2,2,3,2,2,2,2,2,2,"North Carolina",0
"19881",370073,37,17055,35.95050833,-78.35742222,1,1,1,7,22,4,0,42,0,3,3,0,4,2,1,1,37,1,2,2,2,1,2,2,2,2,2,1,2,2,2,2,2,2,"North Carolina",1
"19882",370074,37,18418,35.26423333,-81.06150278,1,1,1,1,2,1,0,42,0,1,1,0,4,2,1,1,37,2,2,2,2,1,2,1,2,2,2,2,2,2,2,2,2,2,"North Carolina",0
"19883",370075,37,16801,36.06039722,-79.82662222,1,1,1,6,16,6,0,8,0,2,3,0,1,5,1,1,37,2,2,1,1,1,2,2,1,2,2,3,2,2,2,2,2,2,"North Carolina",0
"19884",370076,37,16245,36.23749444,-79.97914722,1,1,1,3,19,3,0,8,0,3,2,0,1,3,1,1,37,2,2,2,1,1,2,2,1,2,2,3,2,2,2,2,2,2,"North Carolina",0
"19885",370077,37,16854,36.04470556,-79.774675,5,5,1,4,15,2,0,12,1,5,1,0,1,1,1,2,37,2,2,1,1,2,2,1,2,1,2,1,1,2,2,2,2,2,"North Carolina",1
"19886",370078,37,18158,35.38109722,-79.10928889,5,5,1,3,10,6,0,12,0,1,1,0,1,1,1,1,37,2,2,1,1,3,2,2,2,2,2,3,2,1,2,2,2,2,"North Carolina",0
"19887",370079,37,18028,35.44238889,-79.21598056,1,1,1,3,18,2,0,9,0,3,3,0,1,2,1,1,37,1,2,2,1,1,2,2,2,2,2,3,2,2,2,2,2,2,"North Carolina",0
"19888",370080,37,18874,35.10716389,-80.858125,1,1,1,1,1,6,0,42,0,1,1,0,4,3,1,1,37,2,2,2,2,1,2,1,2,2,2,1,2,2,2,2,2,2,"North Carolina",1
"19889",370081,37,18542,35.220425,-80.8289,5,5,1,7,11,6,0,12,0,2,2,0,1,1,1,2,37,2,2,1,2,2,2,2,2,2,2,3,2,2,2,2,2,2,"North Carolina",0
"19890",370082,37,19687,34.75231389,-77.45103611,1,1,1,1,1,2,0,26,0,1,1,0,4,2,1,1,37,1,2,2,2,1,1,1,2,2,2,1,2,2,1,2,2,2,"North Carolina",1
"19891",370083,37,19080,35.02939167,-76.82691944,1,1,1,1,17,3,0,1,0,1,1,0,1,1,10,1,37,2,2,1,2,1,2,2,2,1,2,3,2,2,2,2,2,2,"North Carolina",1
"19892",370084,37,16102,36.30451389,-76.23845,2,2,1,7,23,3,0,12,0,1,1,0,1,2,1,1,37,1,2,2,2,2,2,1,2,2,2,1,2,2,2,2,2,2,"North Carolina",1
"19893",370085,37,15976,36.36906667,-80.45345556,1,1,1,7,13,3,0,41,0,1,1,0,4,1,1,1,37,1,2,1,2,1,2,1,2,2,2,2,1,2,2,2,2,2,"North Carolina",0
"19894",370086,37,18953,35.08217778,-80.69259722,4,4,1,6,19,6,0,8,0,8,1,0,1,2,1,1,37,2,2,2,2,2,2,2,1,2,2,3,1,2,2,2,2,2,"North Carolina",0
"19895",370088,37,17305,35.82354167,-78.63243889,4,4,1,5,14,6,0,12,0,2,2,0,1,1,10,1,37,2,2,1,1,3,2,1,2,2,2,3,2,1,2,2,2,2,"North Carolina",0
"19896",370089,37,16320,36.20489444,-81.69320833,2,2,1,5,19,3,0,12,0,1,1,0,1,3,1,1,37,1,2,2,1,2,2,2,2,2,2,3,2,2,1,2,2,2,"North Carolina",0
"19897",370090,37,18104,35.40044167,-77.98311667,1,1,1,1,9,2,0,59,0,1,1,0,3,1,1,1,37,2,2,1,2,1,2,2,2,2,2,2,2,1,2,2,2,2,"North Carolina",0
"19898",370091,37,17238,35.85836111,-81.48623889,2,2,1,7,12,2,0,12,0,8,1,0,1,1,1,1,37,1,2,1,2,2,2,2,2,2,2,1,2,1,2,2,2,2,"North Carolina",1
"19899",370092,37,16792,36.06209722,-79.26525,1,1,2,1,8,4,0,38,0,1,1,0,4,1,1,1,37,1,2,1,2,1,2,2,2,2,2,2,2,2,2,2,2,2,"North Carolina",0
"19900",370093,37,15966,36.37646389,-81.4787,3,3,2,2,11,3,0,12,0,1,1,0,1,1,4,1,37,1,2,1,1,2,2,2,2,2,2,2,2,2,2,2,2,2,"North Carolina",0
"19901",370094,37,17792,35.55160278,-82.68958611,3,3,2,1,19,4,0,59,0,1,1,0,4,2,2,1,37,1,2,2,2,1,2,1,2,2,2,3,1,2,2,2,2,2,"North Carolina",0
"19902",370095,37,17722,35.58413333,-82.47006944,1,1,2,2,21,2,0,8,0,1,1,0,1,3,10,1,37,2,2,2,1,1,2,2,1,2,2,3,2,2,2,2,2,2,"North Carolina",0
"19903",370096,37,19005,35.06103056,-83.95163056,3,3,2,4,7,2,0,12,0,1,1,0,1,1,10,1,37,1,2,1,1,2,2,1,2,2,2,3,2,2,2,2,2,2,"North Carolina",0
"19904",370097,37,19074,35.03030278,-83.76291944,3,3,2,2,16,4,0,42,0,1,1,0,4,1,1,1,37,1,2,1,1,1,2,1,2,1,2,1,2,2,2,2,2,2,"North Carolina",1
"19905",370098,37,20563,34.27724722,-78.74263611,5,5,2,3,18,2,0,12,0,2,3,0,1,2,1,1,37,1,2,2,1,2,2,2,2,2,2,3,2,2,2,2,2,2,"North Carolina",0
"19906",370099,37,21075,34.10255278,-78.81431389,5,5,2,6,12,3,0,12,0,1,1,0,1,1,1,1,37,1,2,1,1,3,2,2,2,2,2,3,2,2,1,2,2,2,"North Carolina",0
"19907",370100,37,21076,34.10253056,-78.812425,1,1,2,6,15,3,0,34,0,1,1,0,4,1,1,1,37,1,2,1,1,1,2,1,2,1,2,1,2,2,2,2,2,2,"North Carolina",1
"19908",370101,37,18830,35.12221111,-77.01955278,2,2,2,1,19,2,0,8,0,2,3,0,1,2,1,1,37,2,2,2,2,1,2,2,1,2,2,3,2,2,1,2,2,2,"North Carolina",0
"19909",370102,37,18589,35.20734444,-78.87258056,1,1,2,7,18,4,0,8,0,1,1,0,1,5,1,1,37,1,2,2,2,1,2,2,1,2,2,3,2,2,2,2,2,2,"North Carolina",0
"19910",370103,37,18578,35.210675,-78.99423333,2,2,2,6,7,6,0,12,0,1,1,0,1,1,10,1,37,2,2,1,1,2,2,1,2,2,2,3,2,2,2,2,2,2,"North Carolina",0
"19911",370104,37,17311,35.81990556,-80.17226389,1,1,2,3,13,1,0,35,0,1,1,0,4,1,10,1,37,1,1,1,1,1,2,1,2,1,2,2,2,2,2,2,2,2,"North Carolina",0
"19912",370105,37,18895,35.10169444,-77.90855,1,1,2,4,12,4,0,42,0,1,1,0,4,1,1,1,37,1,2,1,1,1,2,2,2,2,2,2,2,2,2,2,2,2,"North Carolina",0
"19913",370106,37,16540,36.14108889,-77.693075,1,1,2,1,14,4,0,1,0,1,1,0,4,1,1,1,37,1,2,1,2,1,2,1,2,1,2,1,2,2,2,2,2,1,"North Carolina",1
"19914",370107,37,16868,36.03934167,-80.05037778,1,1,2,2,19,4,0,35,0,3,3,0,4,2,10,1,37,1,2,2,1,1,2,2,2,1,2,1,2,1,2,2,2,2,"North Carolina",1
"19915",370108,37,18328,35.30620833,-81.03063611,3,3,2,5,5,6,0,12,0,1,1,0,1,3,1,1,37,2,2,2,1,3,2,2,2,2,2,3,2,2,2,2,2,1,"North Carolina",0
"19916",370109,37,18314,35.31283889,-81.12096389,2,2,2,7,4,4,0,42,0,1,1,0,4,2,1,2,37,1,2,2,2,1,2,1,2,2,2,1,2,2,1,2,2,2,"North Carolina",1
"19917",370110,37,16675,36.09741111,-80.01253611,1,1,2,6,4,1,0,35,0,1,1,0,4,2,1,1,37,2,1,2,1,1,2,1,2,2,2,1,2,2,2,2,2,2,"North Carolina",1
"19918",370111,37,15918,36.40403889,-77.64218056,5,5,2,6,6,1,0,12,0,1,1,0,1,1,1,1,37,2,1,1,1,2,2,1,2,2,2,3,2,2,1,2,2,2,"North Carolina",0
"19919",370112,37,17997,35.45904167,-82.84717222,1,1,2,7,18,2,0,31,0,1,1,0,4,1,1,1,37,1,2,2,2,1,2,2,2,2,2,2,2,2,2,2,1,2,"North Carolina",0
"19920",370113,37,18318,35.31025556,-82.46392222,0,0,2,3,9,6,0,8,0,1,1,0,4,1,1,1,37,2,2,1,1,1,2,2,1,2,2,2,2,2,2,2,2,2,"North Carolina",0
"19921",370114,37,16111,36.30069167,-77.13586667,2,2,2,2,19,3,0,12,0,1,1,0,1,2,3,1,37,1,2,2,1,2,2,1,2,2,2,3,1,2,2,2,2,2,"North Carolina",0
"19922",370115,37,17434,35.74814167,-81.05335278,1,1,2,1,11,3,0,53,0,1,1,0,4,1,1,1,37,1,2,1,2,1,1,2,2,2,2,2,2,2,2,2,2,2,"North Carolina",0
"19923",370116,37,18993,35.06881111,-77.64069722,2,2,2,6,6,2,0,12,0,1,1,0,1,2,1,1,37,1,2,1,1,2,2,2,2,2,2,3,2,2,2,2,2,2,"North Carolina",0
"19924",370117,37,17790,35.553225,-81.50323611,1,1,2,4,19,3,0,43,0,1,1,0,4,2,1,1,37,1,2,2,1,1,2,2,2,2,2,2,2,1,2,2,2,2,"North Carolina",0