"","ST_CASE","OBJECT_ID","FID","LATITUDE","LONGITUD","PERMVIT","PERSONS","MONTH","DAY_WEEK","HOUR","ROUTE","SP_JUR","HARM_EV","RELJCT1","RELJCT2","TYP_INT","WRK_ZONE","REL_ROAD","LGT_COND","WEATHER","FATALS","STATE","A_RU","A_INTER","A_TOD","A_DOW","A_CT","A_MC","A_SPCRA","A_PED","A_ROLL","A_POLPUR","A_POSBAC","A_D15_20","A_D65PLS","A_D21_24","A_HR","A_DIST","A_DROWSY","STATE_NAME","drunkDr"
"19925",370119,37,17338,35.806375,-76.89878056,1,1,2,1,7,2,0,42,0,1,1,0,4,4,1,1,37,1,2,1,2,1,2,1,2,1,2,1,2,2,2,2,2,2,"North Carolina",1
"19926",370120,37,18606,35.20255,-80.72619444,1,1,2,7,7,6,0,42,0,1,1,0,4,3,1,1,37,2,2,1,2,1,2,1,2,2,2,1,2,2,2,2,2,2,"North Carolina",1
"19927",370121,37,18313,35.31311111,-80.83969722,2,2,2,7,10,6,0,12,0,1,1,0,1,1,1,1,37,2,2,1,2,2,2,2,2,2,2,1,2,2,2,2,1,2,"North Carolina",1
"19928",370123,37,20874,34.16821667,-77.92105,1,1,2,2,0,6,0,25,0,1,1,0,3,3,2,1,37,2,2,2,2,1,2,1,2,1,2,3,2,2,2,2,2,2,"North Carolina",1
"19929",370124,37,20749,34.21176944,-77.94584444,2,2,2,2,11,2,0,12,0,2,3,0,1,1,2,1,37,2,2,1,1,2,2,2,2,2,2,3,2,1,2,2,2,2,"North Carolina",0
"19930",370125,37,19603,34.79504722,-77.37532778,3,3,2,2,18,3,0,8,0,1,1,0,1,2,1,1,37,1,2,2,1,1,2,2,1,2,2,3,2,2,2,2,2,2,"North Carolina",0
"19931",370126,37,19803,34.697225,-77.560425,2,2,2,3,11,3,0,42,0,1,1,0,4,1,3,1,37,1,2,1,1,1,2,1,2,2,2,2,2,2,2,2,2,2,"North Carolina",0
"19932",370127,37,16712,36.08724167,-79.10951111,1,1,2,6,21,2,0,25,0,1,1,0,3,2,1,1,37,1,2,2,2,1,2,1,2,2,2,1,2,2,2,2,2,2,"North Carolina",1
"19933",370128,37,16129,36.29191944,-76.2234,1,1,2,5,18,6,0,9,0,1,1,0,1,2,4,1,37,1,2,2,1,1,2,2,2,2,2,3,2,2,2,2,2,2,"North Carolina",0
"19934",370129,37,18026,35.44309444,-77.45498611,4,4,2,6,15,3,0,12,0,2,2,0,1,1,1,1,37,1,2,1,1,2,2,2,2,2,2,3,2,2,2,2,2,2,"North Carolina",0
"19935",370130,37,17462,35.7335,-79.95696944,4,4,2,2,12,2,0,12,0,3,2,0,1,1,2,1,37,1,2,1,1,3,2,1,2,2,2,3,1,2,2,1,1,2,"North Carolina",0
"19936",370131,37,17344,35.80302778,-79.82395,3,3,2,7,9,2,0,12,0,1,1,0,1,1,1,1,37,1,2,1,2,2,2,2,2,2,2,1,2,2,2,2,2,2,"North Carolina",1
"19937",370132,37,17510,35.70759722,-79.776925,3,3,2,7,20,2,0,12,0,1,1,0,1,2,1,2,37,1,2,2,2,2,2,2,2,2,2,2,2,2,2,2,2,2,"North Carolina",1
"19938",370133,37,20177,34.50143611,-78.96156389,1,1,2,3,21,3,0,53,0,1,1,0,4,2,1,1,37,1,2,2,1,1,2,1,2,2,2,1,2,2,2,2,2,2,"North Carolina",1
"19939",370134,37,19951,34.61811667,-79.01046667,3,3,2,7,10,3,0,12,0,1,1,0,1,1,1,1,37,1,2,1,2,2,2,2,2,2,2,3,2,1,2,2,2,2,"North Carolina",0
"19940",370135,37,19564,34.81133889,-78.98661944,1,1,2,6,13,3,0,53,0,1,1,0,4,1,1,1,37,1,2,1,1,1,2,2,2,2,2,2,2,1,2,2,2,2,"North Carolina",0
"19941",370136,37,19796,34.70254167,-79.01919167,2,2,2,7,20,3,0,12,0,2,2,0,1,2,1,1,37,1,2,2,2,2,2,2,2,2,2,3,2,2,2,2,2,2,"North Carolina",0
"19942",370137,37,17489,35.72054722,-80.70356944,1,1,2,1,1,3,0,38,0,1,1,0,4,2,1,1,37,1,2,2,2,1,2,2,2,1,2,1,2,2,2,2,2,2,"North Carolina",1
"19943",370138,37,17750,35.56629722,-80.56261111,1,1,2,1,17,1,0,1,0,1,1,0,3,1,1,1,37,1,1,1,2,1,1,1,2,2,2,2,2,2,2,2,2,2,"North Carolina",0
"19944",370139,37,18837,35.11951111,-78.17031944,1,1,2,5,7,1,0,1,0,5,1,0,4,4,1,1,37,1,1,1,1,1,2,2,1,1,2,3,2,2,2,2,1,2,"North Carolina",0
"19945",370140,37,16030,36.33829167,-80.067125,2,2,2,7,1,2,0,34,0,1,1,0,4,2,1,1,37,1,2,2,2,1,2,2,2,1,2,1,2,2,2,2,2,2,"North Carolina",1
"19946",370141,37,18596,35.20464167,-82.7668,1,1,2,1,21,2,0,1,0,1,1,0,3,2,1,1,37,1,2,2,2,1,2,1,2,1,2,1,2,2,2,2,2,2,"North Carolina",1
"19947",370142,37,19059,35.03914722,-80.69759167,1,1,2,7,1,4,0,42,0,1,1,0,4,2,1,1,37,1,2,2,2,1,2,1,2,2,2,1,2,2,2,2,2,2,"North Carolina",1
"19948",370143,37,19356,34.90368056,-80.67681667,1,1,2,3,15,4,0,34,0,1,1,0,4,1,10,1,37,1,2,1,1,1,2,2,2,2,2,2,2,2,1,2,2,2,"North Carolina",0
"19949",370145,37,17565,35.66686389,-78.56342222,4,4,2,3,11,1,0,57,0,1,1,0,3,1,1,1,37,2,1,1,1,3,2,2,2,2,2,3,2,1,2,2,2,2,"North Carolina",0
"19950",370146,37,17479,35.72423056,-78.58224167,3,3,2,1,7,6,0,12,0,1,1,0,1,1,10,1,37,2,2,1,2,2,2,1,2,2,2,3,1,2,2,2,2,2,"North Carolina",0
"19951",370147,37,17413,35.76073333,-78.61378056,2,2,2,4,16,6,0,12,0,8,1,0,1,1,1,1,37,2,2,1,1,2,1,2,2,2,2,3,2,2,2,2,2,2,"North Carolina",0
"19952",370148,37,17384,35.77991944,-78.61941111,1,1,2,1,17,6,0,33,0,1,1,0,8,3,1,1,37,2,2,1,2,1,1,1,2,2,2,1,2,2,2,2,2,2,"North Carolina",1
"19953",370149,37,17226,35.86455278,-78.59693611,1,1,2,2,3,6,0,24,0,1,1,0,4,3,1,1,37,2,2,2,2,1,1,1,2,2,2,1,2,2,2,2,2,2,"North Carolina",1
"19954",370150,37,17335,35.80708611,-78.42154167,1,1,2,3,10,2,0,35,1,19,1,0,4,1,4,1,37,1,2,1,1,1,2,1,2,2,2,2,2,2,2,2,2,2,"North Carolina",0
"19955",370151,37,16339,36.196925,-81.25240278,3,3,2,7,17,4,0,12,0,1,1,0,1,1,1,2,37,1,2,1,2,2,2,2,2,2,2,1,2,2,2,2,2,2,"North Carolina",1
"19956",370152,37,17317,35.81819444,-77.93709722,3,3,2,1,1,3,0,8,0,1,1,0,1,2,1,1,37,1,2,2,2,1,2,2,1,2,2,2,2,2,1,2,2,2,"North Carolina",0
"19957",370153,37,17549,35.6794,-77.8617,1,1,2,6,15,3,0,42,0,1,1,0,4,1,1,1,37,1,2,1,1,1,2,2,2,2,2,2,2,2,2,2,2,2,"North Carolina",0
"19958",370154,37,20940,34.14238056,-78.50263056,1,1,3,1,21,3,0,1,0,1,1,0,1,2,1,1,37,1,2,2,2,1,2,2,2,1,2,1,2,2,2,2,2,2,"North Carolina",1
"19959",370155,37,17395,35.77149722,-82.50713056,8,8,3,4,14,3,0,12,0,1,1,0,1,1,1,1,37,1,2,1,1,2,2,1,2,2,2,3,1,2,2,2,2,2,"North Carolina",0
"19960",370156,37,18227,35.35144722,-80.64141667,2,2,3,2,22,3,0,8,0,1,1,0,1,2,1,1,37,1,2,2,1,1,2,2,1,2,2,3,2,2,2,2,2,2,"North Carolina",0
"19961",370157,37,17414,35.76029444,-81.32205278,1,1,3,4,12,6,0,18,0,1,1,0,5,1,1,1,37,2,2,1,1,1,2,2,2,2,2,2,2,2,2,2,2,2,"North Carolina",0
"19962",370158,37,18401,35.27161944,-81.55020556,1,1,3,3,15,6,0,32,0,1,1,0,4,1,10,1,37,2,2,1,1,1,2,2,2,1,2,2,2,1,2,2,2,2,"North Carolina",0
"19963",370159,37,16978,35.98786944,-80.64991389,2,2,3,3,15,3,0,12,0,1,1,0,1,1,1,1,37,1,2,1,1,2,2,1,2,2,2,3,2,2,2,2,2,2,"North Carolina",0
"19964",370160,37,19003,35.06221944,-77.74835833,3,3,3,3,10,3,0,12,0,4,1,0,1,1,1,2,37,1,2,1,1,2,2,2,2,1,2,3,2,1,2,2,2,2,"North Carolina",0
"19965",370161,37,17061,35.94853333,-78.99448333,1,1,3,4,10,6,0,42,0,3,3,0,4,1,10,1,37,2,2,1,1,1,2,1,2,2,2,2,2,1,2,2,2,2,"North Carolina",0
"19966",370162,37,16797,36.06113889,-80.23568889,1,1,3,2,15,6,0,43,0,1,1,0,5,1,1,1,37,2,2,1,1,1,2,1,1,2,2,3,1,2,2,1,2,2,"North Carolina",0
"19967",370163,37,16590,36.12406111,-80.20612778,4,4,3,5,21,6,0,12,0,1,1,0,1,3,1,1,37,2,2,2,1,2,2,1,2,2,2,1,2,2,2,2,2,2,"North Carolina",1
"19968",370164,37,16437,36.16871944,-80.13349722,3,3,3,4,1,2,0,8,0,1,1,0,1,3,5,1,37,2,2,2,1,2,2,1,1,2,2,3,2,2,2,2,2,2,"North Carolina",0
"19969",370165,37,16898,36.02581111,-79.87480556,6,6,2,1,15,6,0,12,0,1,1,0,1,1,1,1,37,2,2,1,2,3,2,1,2,1,2,3,2,1,1,2,2,2,"North Carolina",1
"19970",370166,37,17121,35.91641667,-79.76572222,3,3,3,2,5,3,0,12,0,1,1,0,1,2,1,1,37,1,2,2,2,3,2,2,2,1,2,3,2,2,2,2,2,2,"North Carolina",0
"19971",370167,37,16655,36.102025,-79.82359722,3,3,3,3,23,6,0,12,0,2,2,0,1,3,10,1,37,2,2,2,1,2,1,2,2,2,2,1,2,2,2,2,2,2,"North Carolina",1
"19972",370169,37,17369,35.78569167,-80.88884167,1,1,3,4,11,3,0,34,0,1,1,0,4,1,1,1,37,1,2,1,1,1,2,2,2,1,2,2,2,1,2,2,2,2,"North Carolina",0
"19973",370170,37,17748,35.56646667,-78.24440833,1,1,3,1,2,3,0,1,0,1,1,0,4,2,1,1,37,1,2,2,2,1,2,1,2,1,2,1,1,2,2,2,2,2,"North Carolina",1
"19974",370171,37,18283,35.323425,-78.38755556,1,1,3,4,23,3,0,43,0,1,1,0,4,2,2,1,37,1,2,2,1,1,2,2,2,1,2,3,2,1,2,2,2,2,"North Carolina",1
"19975",370172,37,18605,35.20258611,-80.72619444,1,1,3,1,20,6,0,8,0,1,1,0,1,3,1,1,37,2,2,2,2,1,2,2,1,2,2,3,2,2,2,1,2,2,"North Carolina",0
"19976",370173,37,18515,35.23042778,-80.93655278,2,2,3,7,5,6,0,42,0,1,1,0,4,2,2,1,37,2,2,2,2,1,2,1,2,2,2,2,1,2,2,2,2,2,"North Carolina",1
"19977",370174,37,16835,36.05080833,-77.9873,1,1,3,6,12,3,0,42,0,1,1,0,4,1,1,1,37,1,2,1,1,1,2,2,2,2,2,2,2,2,2,2,2,2,"North Carolina",0
"19978",370175,37,17299,35.8287,-78.11216389,3,3,3,1,14,3,0,12,0,2,2,0,1,1,1,1,37,1,2,1,2,2,1,2,2,2,2,3,1,2,2,2,2,2,"North Carolina",0
"19979",370176,37,19413,34.88193611,-77.57813611,1,1,3,4,15,3,0,34,0,1,1,0,4,1,1,1,37,1,2,1,1,1,2,1,2,1,2,1,2,2,2,2,2,2,"North Carolina",1
"19980",370177,37,17665,35.60918611,-77.32906389,1,1,3,1,20,3,0,35,0,1,1,0,4,2,1,1,37,1,2,2,2,1,2,1,2,1,2,2,1,2,2,2,2,2,"North Carolina",0
"19981",370178,37,17539,35.68918889,-80.53556111,2,2,3,1,14,6,0,12,0,3,3,0,1,1,1,1,37,2,2,1,2,2,1,2,2,2,2,3,2,2,2,2,2,2,"North Carolina",0
"19982",370179,37,19340,34.91074444,-78.34494722,3,3,3,4,10,3,0,12,0,1,1,0,1,1,1,1,37,1,2,1,1,2,2,2,2,2,2,3,2,1,2,2,2,2,"North Carolina",0
"19983",370180,37,15819,36.47886944,-80.75336389,2,2,3,7,13,3,0,12,0,1,1,0,1,1,1,1,37,1,2,1,2,2,2,2,2,2,2,3,2,1,2,2,2,2,"North Carolina",1
"19984",370181,37,16273,36.22325278,-81.70630833,1,1,3,6,12,2,0,35,0,1,1,0,4,1,1,1,37,1,2,1,1,1,2,2,2,1,2,2,2,1,2,2,2,2,"North Carolina",0
"19985",370182,37,17839,35.52698611,-78.08925,4,4,3,1,10,3,0,8,0,1,1,0,1,1,1,1,37,1,2,1,2,1,2,2,1,2,2,3,2,2,2,2,2,2,"North Carolina",0
"19986",370183,37,17126,35.91531111,-82.2862,1,1,3,3,11,3,0,43,0,1,1,0,4,1,1,1,37,1,2,1,1,1,2,2,2,1,2,2,2,2,2,2,2,2,"North Carolina",1
"19987",370184,37,20590,34.26812222,-77.87901667,1,1,1,3,13,3,0,53,0,1,1,0,4,1,10,1,37,1,2,1,1,1,2,2,1,2,2,3,1,2,2,2,1,2,"North Carolina",0
"19988",370185,37,17407,35.76525556,-78.55924722,3,3,1,4,17,6,0,12,0,2,2,0,1,3,1,1,37,2,2,1,1,2,2,2,2,2,2,3,1,1,2,2,2,2,"North Carolina",0
"19989",370186,37,17429,35.75241111,-79.18870833,3,3,2,5,15,2,0,12,0,2,2,0,1,1,1,1,37,1,2,1,1,2,2,2,2,1,2,3,2,1,2,2,2,2,"North Carolina",0
"19990",370187,37,16446,36.16494167,-80.13731667,3,3,2,2,15,2,0,12,0,2,2,0,1,1,1,1,37,2,2,1,1,2,2,2,2,2,2,3,2,1,2,2,2,2,"North Carolina",0
"19991",370188,37,16532,36.14353889,-80.23228333,2,2,2,5,13,6,0,53,0,3,2,0,4,1,1,1,37,2,2,1,1,1,2,2,2,2,2,3,2,2,2,2,2,2,"North Carolina",0
"19992",370189,37,17021,35.96554167,-79.76511944,1,1,2,1,13,3,0,34,0,1,1,0,4,1,1,1,37,1,2,1,2,1,2,2,2,2,2,2,2,1,2,2,1,2,"North Carolina",0
"19993",370190,37,17515,35.70257222,-80.50443333,2,2,2,1,18,6,0,12,0,1,1,0,1,3,10,1,37,2,2,2,2,2,1,2,2,2,2,1,2,2,2,2,2,2,"North Carolina",1
"19994",370191,37,18213,35.35758611,-81.87040556,4,4,2,1,13,6,0,5,0,1,1,0,1,1,1,1,37,2,2,1,2,1,2,2,2,2,2,3,2,2,2,2,2,2,"North Carolina",0
"19995",370192,37,17266,35.84608611,-78.566425,3,3,2,6,19,2,0,5,0,1,1,0,1,3,1,1,37,2,2,2,2,1,2,2,2,2,2,3,2,2,2,2,2,2,"North Carolina",0
"19996",370193,37,17223,35.86601111,-76.72482222,2,2,2,4,11,2,0,12,0,8,1,0,1,1,1,1,37,2,2,1,1,2,2,2,2,2,2,3,2,1,2,2,2,2,"North Carolina",0
"19997",370194,37,16776,36.0662,-79.37915556,1,1,3,3,8,1,0,25,0,1,1,0,3,1,1,1,37,2,1,1,1,1,2,2,2,1,2,2,2,2,2,2,2,2,"North Carolina",0
"19998",370195,37,17713,35.58801389,-76.65443889,1,1,3,7,19,3,0,26,0,1,1,0,4,1,1,1,37,1,2,2,2,1,2,1,2,1,2,2,2,2,2,2,2,2,"North Carolina",0
"19999",370196,37,19031,35.05085278,-78.87886667,1,1,3,2,20,6,0,8,0,1,1,0,1,3,1,1,37,2,2,2,1,1,2,2,1,2,2,3,2,2,2,2,2,2,"North Carolina",0
"20000",370197,37,17250,35.854325,-80.3258,1,1,3,3,21,3,0,34,0,1,1,0,4,2,1,1,37,1,2,2,1,1,1,1,2,2,2,1,2,2,2,2,2,2,"North Carolina",1
"20001",370198,37,17348,35.79910833,-80.26282222,2,2,3,3,22,6,0,8,0,1,1,0,1,3,1,1,37,2,2,2,1,1,2,2,1,2,2,3,2,2,2,2,2,2,"North Carolina",0
"20002",370199,37,19689,34.75155,-77.704475,3,3,3,1,4,3,0,34,0,1,1,0,4,2,1,3,37,1,2,2,2,1,2,1,2,1,2,2,2,2,1,2,2,2,"North Carolina",1
"20003",370200,37,17123,35.91596111,-78.93216667,5,5,3,4,19,6,0,12,0,1,1,0,1,5,10,1,37,2,2,2,1,3,2,1,2,2,2,1,1,2,2,2,2,2,"North Carolina",1
"20004",370201,37,16881,36.03353333,-78.90593333,1,1,3,6,16,6,0,8,0,2,2,0,1,1,1,1,37,2,2,1,1,1,2,2,1,2,2,3,2,2,2,2,2,2,"North Carolina",0
"20005",370202,37,17033,35.95911944,-78.89313611,3,3,3,3,18,3,0,12,0,1,1,0,1,1,1,1,37,2,2,2,1,2,2,1,2,2,2,3,1,2,2,2,2,2,"North Carolina",0
"20006",370203,37,17204,35.87099444,-77.50254722,1,1,3,1,1,3,0,38,0,1,1,0,4,2,1,1,37,1,2,2,2,1,1,1,2,2,2,1,2,2,2,2,2,2,"North Carolina",1
"20007",370204,37,18253,35.33867222,-81.27643056,1,1,3,5,9,3,0,1,0,1,1,0,4,1,10,1,37,1,2,1,1,1,2,2,2,1,2,2,2,2,2,2,2,2,"North Carolina",0
"20008",370205,37,18274,35.32571389,-83.80354444,1,1,3,5,17,3,0,1,0,1,1,0,1,1,1,1,37,1,2,1,1,1,1,1,2,2,2,2,2,2,2,2,2,2,"North Carolina",0
"20009",370206,37,17097,35.93083333,-79.73930556,2,2,3,6,6,3,0,12,0,2,3,0,1,2,2,1,37,1,2,1,1,2,1,2,2,2,2,3,2,2,2,2,1,2,"North Carolina",0
"20010",370207,37,18411,35.26808611,-78.882925,2,2,3,1,21,3,0,34,0,1,1,0,4,2,1,1,37,1,2,2,2,1,2,1,2,2,2,3,1,2,2,2,2,2,"North Carolina",0
"20011",370208,37,17924,35.48541944,-82.98436667,1,1,3,3,13,2,0,35,0,1,1,0,4,1,1,1,37,1,2,1,1,1,1,2,2,2,2,2,2,1,2,2,2,2,"North Carolina",0
"20012",370209,37,18201,35.36263611,-79.24895833,1,1,3,4,21,3,0,34,0,1,1,0,4,2,10,1,37,1,2,2,1,1,2,2,2,1,2,1,2,2,2,2,2,2,"North Carolina",1
"20013",370210,37,18708,35.16624444,-80.87613056,3,3,3,7,20,6,0,12,0,1,1,0,1,3,1,1,37,2,2,2,2,3,1,2,2,2,2,1,2,2,2,1,2,2,"North Carolina",1
"20014",370211,37,18376,35.28311667,-80.92551944,3,3,3,3,16,6,0,12,0,2,3,0,1,1,1,1,37,2,2,1,1,2,1,2,2,2,2,3,2,2,1,2,2,2,"North Carolina",0
"20015",370212,37,16870,36.03855833,-77.85138333,3,3,3,7,16,3,0,12,0,2,2,0,1,1,1,1,37,1,2,1,2,2,2,2,2,2,2,3,2,1,2,2,2,2,"North Carolina",0
"20016",370213,37,19771,34.71464722,-77.98845278,1,1,3,6,13,3,0,30,0,1,1,0,4,1,1,1,37,1,2,1,1,1,2,1,2,1,2,2,1,2,2,2,2,2,"North Carolina",0
"20017",370214,37,20335,34.41339444,-77.60043611,1,1,3,4,19,3,0,42,0,1,1,0,4,5,1,1,37,1,2,2,1,1,2,1,2,2,2,2,2,2,2,2,2,2,"North Carolina",0
"20018",370215,37,15962,36.37678333,-78.95870556,1,1,3,4,18,3,0,8,0,1,1,0,1,2,1,1,37,1,2,2,1,1,2,2,1,2,2,3,2,2,2,2,2,2,"North Carolina",0
"20019",370216,37,15929,36.39373611,-78.98106667,1,1,3,6,4,3,0,8,0,1,1,0,1,2,2,1,37,1,2,2,1,1,2,2,1,2,2,3,2,2,2,2,2,2,"North Carolina",0
"20020",370217,37,17727,35.58090556,-77.48796389,1,1,3,1,20,3,0,34,0,1,1,0,4,2,1,1,37,1,2,2,2,1,2,2,2,1,2,1,2,2,2,2,2,2,"North Carolina",1
"20021",370218,37,15900,36.41193333,-79.72200556,1,1,3,7,20,3,0,42,0,1,1,0,4,2,1,1,37,1,2,2,2,1,2,2,2,2,2,1,2,2,2,2,2,2,"North Carolina",1
"20022",370219,37,18451,35.25346111,-78.42531111,2,2,3,4,17,3,0,12,0,2,3,0,1,1,1,1,37,1,2,1,1,2,1,2,2,2,2,3,1,2,2,2,2,2,"North Carolina",0
"20023",370220,37,15800,36.49459444,-80.790675,1,1,3,7,0,3,0,8,0,1,1,0,1,2,1,1,37,1,2,2,2,1,2,2,1,2,2,3,2,2,1,2,2,2,"North Carolina",0
"20024",370221,37,17432,35.74973333,-78.56436944,2,2,3,1,6,6,0,12,0,1,1,0,1,2,1,1,37,2,2,1,2,2,2,2,2,2,2,1,2,2,1,2,2,2,"North Carolina",1
"20025",370222,37,17281,35.83733611,-78.57048333,1,1,3,6,4,6,0,42,0,1,1,0,4,3,2,1,37,2,2,2,1,1,2,1,2,2,2,1,2,2,1,2,2,2,"North Carolina",1
"20026",370223,37,16333,36.19996111,-81.55021944,2,2,3,1,20,3,0,35,0,1,1,0,4,5,1,1,37,1,2,2,2,1,2,1,2,1,2,3,2,2,2,2,2,2,"North Carolina",1
"20027",370224,37,18103,35.40065278,-77.98324722,3,3,3,2,10,2,0,8,0,1,1,0,3,1,10,1,37,1,2,1,1,1,2,1,1,2,2,3,2,2,2,2,2,2,"North Carolina",1
"20028",370225,37,19227,34.95975556,-78.27583889,1,1,2,2,13,4,0,8,0,1,1,0,1,1,10,1,37,1,2,1,1,1,2,2,1,2,2,3,2,2,2,1,2,2,"North Carolina",0
"20029",370226,37,16594,36.12343889,-79.41974167,3,3,3,7,2,4,0,59,0,1,1,0,4,2,1,1,37,1,2,2,2,1,2,1,2,1,2,1,1,2,2,2,1,2,"North Carolina",1
"20030",370227,37,19959,34.61484444,-78.68943333,1,1,3,3,6,4,0,34,0,1,1,0,4,2,1,1,37,1,2,1,1,1,2,1,2,1,2,3,2,2,1,2,2,2,"North Carolina",0
"20031",370228,37,17698,35.59299167,-82.60353333,3,3,3,3,14,3,0,12,0,8,1,0,1,1,1,1,37,2,2,1,1,2,2,2,2,2,2,3,2,2,1,2,1,2,"North Carolina",0
"20032",370229,37,17773,35.55757778,-82.63985278,2,2,3,5,22,2,0,12,0,1,1,0,1,2,1,1,37,2,2,2,1,2,1,2,2,2,2,1,2,2,1,1,2,2,"North Carolina",2
"20033",370230,37,17494,35.71775278,-81.71668333,6,6,3,6,12,1,0,12,0,1,1,0,1,1,10,1,37,2,1,1,1,3,2,2,2,2,2,3,2,1,2,2,2,2,"North Carolina",0
"20034",370231,37,18116,35.39581389,-80.43309722,2,2,3,6,21,4,0,34,0,1,1,0,4,2,10,1,37,1,2,2,2,1,2,1,2,1,2,1,2,2,2,2,2,2,"North Carolina",1
"20035",370232,37,16161,36.27934722,-79.41826389,1,1,3,5,20,4,0,35,0,1,1,0,4,2,1,1,37,1,2,2,1,1,2,1,2,1,2,1,2,1,2,2,2,2,"North Carolina",1
"20036",370233,37,18750,35.15529167,-77.13741944,3,3,3,5,9,6,0,12,0,1,1,0,1,1,10,1,37,2,2,1,1,2,2,2,2,2,2,1,2,2,2,2,2,2,"North Carolina",1
"20037",370234,37,18888,35.103175,-78.95910833,2,2,3,3,22,6,0,30,0,1,1,0,4,3,1,1,37,2,2,2,1,1,2,2,2,1,2,1,2,2,2,2,2,2,"North Carolina",1
"20038",370235,37,18860,35.113025,-78.14799167,3,3,3,7,21,4,0,12,0,2,2,0,1,2,1,1,37,1,2,2,2,2,2,2,2,1,2,3,2,2,1,2,1,2,"North Carolina",0
"20039",370236,37,16726,36.08437222,-78.31454722,6,6,3,3,8,2,0,12,0,3,2,0,1,1,1,1,37,1,2,1,1,2,2,2,2,2,2,3,2,1,2,2,2,2,"North Carolina",0
"20040",370237,37,19174,34.98604444,-79.24120278,2,2,3,5,20,3,0,12,0,1,1,0,1,2,1,1,37,1,2,2,1,2,2,1,2,2,2,3,2,2,1,2,2,2,"North Carolina",0
"20041",370238,37,17193,35.87708611,-80.04445833,5,5,3,7,2,6,0,3,0,1,1,0,5,2,1,1,37,2,2,2,2,1,2,2,2,2,1,1,2,2,2,2,2,2,"North Carolina",1
"20042",370239,37,19159,34.99196944,-80.81308611,3,3,3,4,23,4,0,12,0,1,1,0,1,2,1,1,37,1,2,2,1,2,2,2,2,2,2,1,2,1,2,2,2,2,"North Carolina",1
"20043",370240,37,16170,36.274725,-80.84292778,3,3,3,2,15,6,0,12,0,2,2,0,1,1,10,1,37,2,2,1,1,2,2,2,2,2,2,3,2,1,2,2,2,2,"North Carolina",0
"20044",370241,37,17172,35.88841389,-79.44495278,2,2,4,6,18,3,0,12,0,2,2,0,1,1,1,1,37,1,2,2,2,2,2,2,2,2,2,3,2,2,2,2,2,2,"North Carolina",0
"20045",370242,37,16887,36.032725,-79.32510556,2,2,4,7,19,3,0,34,0,1,1,0,4,1,1,1,37,1,2,2,2,1,2,1,2,1,2,1,2,2,2,2,2,2,"North Carolina",1
"20046",370243,37,16652,36.10310278,-79.48584167,1,1,4,5,16,6,0,42,0,1,1,0,4,1,2,1,37,2,2,1,1,1,2,2,2,2,2,2,2,1,2,2,2,2,"North Carolina",0
"20047",370244,37,16685,36.09350833,-79.41626389,3,3,4,7,17,6,0,12,0,2,2,0,1,1,1,1,37,2,2,1,2,2,1,2,2,2,2,1,2,2,2,2,1,2,"North Carolina",1
"20048",370245,37,17025,35.96278056,-76.94915278,3,3,4,6,22,3,0,53,0,1,1,0,4,2,1,1,37,1,2,2,2,1,2,1,2,2,2,1,2,2,2,2,2,2,"North Carolina",1
"20049",370246,37,21741,33.92405278,-78.409725,1,1,4,6,21,3,0,1,0,1,1,0,4,2,10,1,37,1,2,2,2,1,1,1,2,2,2,1,2,2,2,2,2,2,"North Carolina",1
"20050",370247,37,17779,35.55561667,-82.61743611,3,3,4,3,15,1,0,12,0,1,1,0,1,1,2,1,37,1,1,1,1,2,2,1,2,2,2,3,2,1,2,2,2,2,"North Carolina",0
"20051",370248,37,17979,35.46326389,-82.5227,3,3,4,6,19,3,0,12,0,2,2,0,1,5,2,1,37,2,2,2,2,2,2,1,2,2,2,3,2,1,2,2,2,2,"North Carolina",1
"20052",370249,37,18072,35.41595278,-80.53223611,1,1,4,7,5,3,0,59,0,1,1,0,4,2,1,1,37,1,2,2,2,1,2,1,2,2,2,2,2,2,2,2,2,2,"North Carolina",0
"20053",370250,37,18226,35.35233611,-80.68813611,3,3,4,4,22,6,0,12,0,2,2,0,1,2,1,1,37,2,2,2,1,3,1,2,2,2,2,1,2,2,2,2,2,2,"North Carolina",1
"20054",370251,37,17402,35.7687,-81.27585,2,2,4,6,13,3,0,12,0,1,1,0,1,1,1,1,37,1,2,1,1,2,2,2,2,2,2,1,2,2,2,2,2,2,"North Carolina",1