"","ST_CASE","OBJECT_ID","FID","LATITUDE","LONGITUD","PERMVIT","PERSONS","MONTH","DAY_WEEK","HOUR","ROUTE","SP_JUR","HARM_EV","RELJCT1","RELJCT2","TYP_INT","WRK_ZONE","REL_ROAD","LGT_COND","WEATHER","FATALS","STATE","A_RU","A_INTER","A_TOD","A_DOW","A_CT","A_MC","A_SPCRA","A_PED","A_ROLL","A_POLPUR","A_POSBAC","A_D15_20","A_D65PLS","A_D21_24","A_HR","A_DIST","A_DROWSY","STATE_NAME","drunkDr"
"20055",370252,37,18635,35.19368056,-83.87251389,5,5,4,7,20,3,0,12,0,1,1,0,1,5,1,2,37,1,2,2,2,2,2,1,2,2,2,1,2,2,2,2,2,2,"North Carolina",1
"20056",370253,37,18386,35.27568889,-81.53283611,3,3,4,1,10,3,0,42,0,1,1,0,4,1,2,1,37,1,2,1,2,1,2,1,2,2,2,3,2,1,2,2,2,2,"North Carolina",0
"20057",370254,37,18918,35.09239444,-77.03766944,4,4,4,1,11,2,0,12,0,1,1,0,1,1,1,1,37,1,2,1,2,2,2,2,2,2,2,3,2,2,2,2,2,2,"North Carolina",0
"20058",370255,37,19062,35.03670556,-78.75317222,3,3,4,1,10,3,0,12,0,8,1,0,1,1,1,1,37,1,2,1,2,2,1,2,2,2,2,3,2,1,2,2,2,2,"North Carolina",0
"20059",370256,37,16110,36.30140278,-76.21810833,4,4,4,4,17,2,0,12,0,1,1,0,1,1,1,1,37,1,2,1,1,3,1,2,2,2,2,3,2,2,2,2,2,2,"North Carolina",0
"20060",370257,37,16872,36.03802778,-78.87710556,2,2,4,4,18,6,0,12,0,4,1,0,1,1,10,1,37,2,2,2,1,2,1,1,2,2,2,3,2,2,2,2,1,2,"North Carolina",0
"20061",370258,37,17029,35.96158889,-77.76980556,5,5,4,4,22,6,0,34,0,1,1,0,4,2,10,1,37,2,2,2,1,1,2,2,2,1,2,3,2,2,1,2,2,2,"North Carolina",0
"20062",370259,37,18410,35.26838889,-81.02771944,5,5,4,7,23,3,0,12,0,1,1,0,1,2,1,1,37,1,2,2,2,2,2,1,2,2,2,3,1,2,2,2,1,2,"North Carolina",0
"20063",370260,37,16806,36.05895,-79.66144444,3,3,4,6,13,1,0,12,0,1,1,0,1,1,1,1,37,2,1,1,1,3,2,2,2,1,2,3,1,1,2,2,2,2,"North Carolina",0
"20064",370261,37,16694,36.09081389,-79.99206667,1,1,4,6,14,1,0,24,0,1,1,0,4,1,1,1,37,2,1,1,1,1,1,2,2,2,2,1,2,1,2,2,2,2,"North Carolina",1
"20065",370262,37,17186,35.88141944,-80.82670278,2,2,4,3,21,3,0,38,0,1,1,0,4,2,2,1,37,1,2,2,1,1,2,1,2,2,2,2,1,2,2,2,2,2,"North Carolina",0
"20066",370263,37,17817,35.53883333,-78.61226667,2,2,4,6,1,3,0,32,0,1,1,0,4,2,1,1,37,1,2,2,1,1,2,1,2,1,2,1,2,2,1,2,2,2,"North Carolina",1
"20067",370264,37,17628,35.63383889,-78.49473056,8,8,4,1,16,3,0,24,0,1,1,0,4,1,2,1,37,1,2,1,2,3,2,1,2,2,2,3,2,2,2,2,2,2,"North Carolina",0
"20068",370265,37,17972,35.46523889,-79.16326111,1,1,4,6,2,6,0,42,0,1,1,0,4,3,1,1,37,2,2,2,1,1,2,1,2,2,2,1,2,2,2,2,2,2,"North Carolina",1
"20069",370266,37,18994,35.068775,-77.64056944,3,3,4,6,17,2,0,12,0,1,1,0,1,1,1,1,37,1,2,1,1,2,2,2,2,2,2,1,2,2,2,2,2,2,"North Carolina",1
"20070",370267,37,17971,35.46536389,-81.269275,5,5,4,4,20,3,0,12,0,1,1,0,1,2,1,1,37,1,2,2,1,2,2,2,2,2,2,3,2,1,2,2,2,2,"North Carolina",0
"20071",370268,37,17658,35.61327222,-82.1644,1,1,4,2,18,3,0,42,0,1,1,0,4,1,10,1,37,1,2,2,1,1,2,1,2,1,2,1,2,2,2,2,2,2,"North Carolina",1
"20072",370269,37,18781,35.14500556,-83.30558611,2,2,4,7,23,3,0,42,0,1,1,0,4,2,10,1,37,1,2,2,2,1,2,1,2,2,2,1,2,2,2,2,2,2,"North Carolina",1
"20073",370270,37,17288,35.83514722,-82.52643333,1,1,4,6,15,1,0,57,0,1,1,0,3,1,1,1,37,1,1,1,1,1,1,1,2,2,2,2,2,1,2,2,2,2,"North Carolina",0
"20074",370271,37,18710,35.166175,-80.87621667,2,2,4,4,11,6,0,12,0,8,1,0,1,1,2,1,37,2,2,1,1,2,1,2,2,2,2,3,2,2,1,1,2,2,"North Carolina",0
"20075",370272,37,18347,35.29654722,-79.35890833,1,1,4,1,2,3,0,42,0,1,1,0,4,2,1,1,37,1,2,2,2,1,2,2,2,2,2,1,1,2,2,2,2,2,"North Carolina",1
"20076",370273,37,18097,35.40425,-79.57429167,2,2,4,2,5,3,0,42,0,1,1,0,4,2,1,1,37,1,2,2,2,1,2,2,2,2,2,2,1,2,2,2,2,2,"North Carolina",0
"20077",370274,37,16878,36.035025,-77.95994167,1,1,4,1,3,3,0,42,0,1,1,0,4,2,1,1,37,1,2,2,2,1,2,1,2,2,2,1,2,2,2,2,2,2,"North Carolina",1
"20078",370275,37,16954,35.99627222,-77.80615278,7,7,4,7,17,6,0,12,0,2,3,0,1,1,1,1,37,2,2,1,2,2,2,2,2,2,2,3,2,1,2,2,1,2,"North Carolina",0
"20079",370276,37,19575,34.80684444,-77.35624167,1,1,4,6,5,3,0,35,0,3,3,0,4,2,1,1,37,1,2,2,1,1,2,1,2,1,2,1,2,2,1,2,2,2,"North Carolina",1
"20080",370277,37,17731,35.57792778,-77.32142222,1,1,4,2,19,3,0,34,0,1,1,0,4,1,1,1,37,1,2,2,1,1,2,1,2,1,2,1,2,2,2,2,2,2,"North Carolina",1
"20081",370278,37,17765,35.56196111,-77.44560833,3,3,4,1,1,3,0,34,0,1,1,0,4,2,1,1,37,1,2,2,2,1,2,1,2,1,2,1,2,2,1,2,2,2,"North Carolina",1
"20082",370279,37,17657,35.61403611,-77.65966111,2,2,4,4,16,2,0,12,0,2,3,0,1,1,10,1,37,2,2,1,1,2,1,2,2,2,2,3,2,1,2,2,2,2,"North Carolina",0
"20083",370280,37,17508,35.70861944,-79.82888333,2,2,4,7,13,2,0,12,0,8,1,0,1,1,1,1,37,2,2,1,2,2,1,2,2,2,2,3,2,1,2,2,2,2,"North Carolina",0
"20084",370281,37,17618,35.63969167,-79.71360556,1,1,4,1,10,3,0,1,0,1,1,1,4,1,1,1,37,1,2,1,2,1,2,1,2,1,2,2,2,2,2,2,2,2,"North Carolina",0
"20085",370282,37,19836,34.67896111,-78.85236389,1,1,4,3,18,3,0,53,0,1,1,0,4,1,1,1,37,1,2,2,1,1,2,2,2,1,2,2,2,2,1,2,1,2,"North Carolina",0
"20086",370283,37,19879,34.65108611,-79.15502222,4,4,4,6,15,3,0,42,0,1,1,0,4,1,1,1,37,1,2,1,1,1,2,2,2,2,2,3,2,2,2,2,1,2,"North Carolina",0
"20087",370284,37,20107,34.53708333,-79.29236667,3,3,4,7,19,3,0,12,0,2,2,0,1,1,1,1,37,1,2,2,2,2,2,2,2,1,2,3,2,1,2,2,2,2,"North Carolina",0
"20088",370285,37,17692,35.59859444,-80.22489444,1,1,4,5,6,3,0,34,0,1,1,0,4,1,1,1,37,1,2,1,1,1,2,2,2,1,2,2,2,2,2,2,2,2,"North Carolina",0
"20089",370286,37,17545,35.68375,-80.75361667,2,2,4,7,23,3,0,53,0,3,3,0,4,2,1,1,37,1,2,2,2,1,2,1,2,1,2,3,2,2,1,2,2,2,"North Carolina",1
"20090",370287,37,19084,35.02745556,-78.39960278,1,1,4,6,13,3,0,59,0,1,1,0,4,1,10,1,37,1,2,1,1,1,2,2,2,1,2,2,2,2,1,2,2,2,"North Carolina",0
"20091",370288,37,18481,35.24194167,-78.58072778,1,1,4,2,17,3,0,34,0,1,1,0,4,1,1,1,37,1,2,1,1,1,2,2,2,2,2,2,2,2,2,2,2,2,"North Carolina",0
"20092",370289,37,18437,35.25766944,-80.12219722,2,2,4,6,15,3,0,12,0,4,1,0,1,1,1,1,37,1,2,1,1,2,2,2,2,2,2,3,2,1,2,2,2,2,"North Carolina",0
"20093",370290,37,18036,35.43786111,-80.21744722,4,4,4,7,6,2,0,12,0,2,2,0,1,4,1,1,37,2,2,1,2,3,2,2,2,2,2,3,2,1,2,2,1,2,"North Carolina",0
"20094",370291,37,18903,35.09723056,-82.95156667,1,1,4,1,14,6,1,24,0,1,1,0,4,1,1,1,37,1,2,1,2,1,1,2,2,2,2,2,2,2,1,2,1,2,"North Carolina",0
"20095",370292,37,18392,35.27403333,-82.70429167,3,3,4,2,17,2,0,12,0,1,1,0,1,1,10,1,37,1,2,1,1,2,2,2,2,2,2,3,2,1,2,2,2,2,"North Carolina",0
"20096",370293,37,19038,35.04766389,-80.82680833,3,3,4,6,22,3,0,12,0,1,1,0,1,2,1,1,37,1,2,2,2,2,2,1,2,2,2,3,1,2,2,2,2,2,"North Carolina",0
"20097",370294,37,17124,35.91578056,-78.45198611,3,3,4,7,10,3,0,12,0,1,1,0,1,1,1,2,37,1,2,1,2,2,2,2,2,2,2,3,1,2,2,2,2,2,"North Carolina",0
"20098",370295,37,17291,35.83325556,-78.67502778,2,2,4,3,10,1,0,12,0,1,1,0,1,1,10,1,37,2,1,1,1,2,2,2,2,2,2,3,2,1,2,2,1,2,"North Carolina",0
"20099",370296,37,17320,35.81546667,-77.90048889,2,2,4,4,16,3,0,8,0,8,1,0,1,1,1,1,37,1,2,1,1,1,2,2,1,2,2,3,2,1,2,2,2,2,"North Carolina",0
"20100",370297,37,17500,35.71448889,-77.89206111,6,6,4,6,15,3,0,12,0,1,1,0,1,1,1,2,37,1,2,1,1,3,2,2,2,2,2,3,2,1,2,2,2,2,"North Carolina",0
"20101",370298,37,17755,35.56550833,-77.07609722,2,2,2,6,13,6,0,12,0,2,2,0,1,1,1,1,37,2,2,1,1,2,2,2,2,2,2,3,1,2,2,2,1,2,"North Carolina",0
"20102",370299,37,18287,35.32223056,-80.64844722,2,2,3,3,6,3,0,12,0,2,2,0,1,2,1,1,37,2,2,1,1,2,2,2,2,2,2,3,2,2,2,2,1,2,"North Carolina",0
"20103",370300,37,16997,35.97747778,-79.80828889,1,1,3,1,22,6,0,8,0,3,3,0,1,2,1,1,37,2,2,2,2,1,2,2,1,2,2,1,2,2,2,2,2,2,"North Carolina",1
"20104",370301,37,17687,35.60047222,-77.33499444,4,4,3,5,13,6,0,12,0,2,2,0,1,1,1,1,37,2,2,1,1,3,2,2,2,2,2,3,2,1,2,2,2,2,"North Carolina",0
"20105",370302,37,17808,35.54412222,-80.71839722,2,2,3,1,6,4,0,32,0,1,1,0,4,2,1,1,37,1,2,1,2,1,2,1,2,2,2,1,2,2,1,2,2,2,"North Carolina",1
"20106",370303,37,17157,35.89901667,-78.71736111,1,1,3,1,13,6,0,38,0,1,1,0,4,1,1,1,37,2,2,1,2,1,2,2,2,2,2,2,2,1,2,2,2,2,"North Carolina",0
"20107",370304,37,17023,35.96484167,-81.19374444,4,4,4,7,16,3,0,12,0,3,3,0,1,1,1,1,37,1,2,1,2,3,1,1,2,2,2,3,2,1,2,2,2,2,"North Carolina",0
"20108",370305,37,15972,36.37141944,-81.453225,5,5,4,3,11,3,0,12,0,3,3,0,1,1,2,1,37,1,2,1,1,3,2,2,2,2,2,3,2,1,2,2,2,2,"North Carolina",0
"20109",370306,37,20172,34.50478056,-78.654675,1,1,4,2,3,2,0,34,0,1,1,0,4,2,1,1,37,1,2,2,2,1,2,2,2,2,2,1,2,2,2,2,1,2,"North Carolina",0
"20110",370307,37,17802,35.54623889,-82.53121111,1,1,4,7,1,6,0,1,0,1,1,0,4,2,1,1,37,2,2,2,2,1,1,1,2,2,2,1,2,2,2,2,2,2,"North Carolina",1
"20111",370308,37,18452,35.25326944,-80.49129167,1,1,4,4,20,3,0,33,0,1,1,0,4,5,1,1,37,1,2,2,1,1,2,1,2,2,2,1,2,2,2,2,2,2,"North Carolina",1
"20112",370309,37,19520,34.82712778,-76.70395278,2,2,4,2,11,3,0,12,0,2,3,0,1,1,1,1,37,1,2,1,1,2,1,2,2,2,2,3,2,2,2,2,2,2,"North Carolina",0
"20113",370310,37,17556,35.67706389,-81.11480833,1,1,4,7,23,3,0,8,0,1,1,0,1,2,10,1,37,1,2,2,2,1,2,2,1,2,2,3,1,2,2,2,2,2,"North Carolina",0
"20114",370311,37,17701,35.59176389,-79.03926944,1,1,4,3,10,4,0,1,0,1,1,0,4,1,1,1,37,1,2,1,1,1,2,2,2,1,2,2,2,2,2,2,2,2,"North Carolina",0
"20115",370312,37,17275,35.84013889,-80.22888056,3,3,4,4,15,4,0,12,0,2,3,0,1,1,1,1,37,2,2,1,1,2,1,1,2,2,2,3,1,1,2,2,2,2,"North Carolina",0
"20116",370313,37,17115,35.9212,-78.84842222,4,4,4,7,1,6,0,12,0,1,1,0,1,3,1,1,37,2,2,2,2,3,2,1,2,2,2,3,2,2,1,2,2,2,"North Carolina",1
"20117",370314,37,18364,35.29145278,-81.23875556,3,3,4,5,13,3,0,12,0,2,2,0,1,1,1,1,37,1,2,1,1,2,2,2,2,2,2,3,2,2,2,2,1,2,"North Carolina",0
"20118",370315,37,18374,35.28407778,-81.19019444,1,1,4,1,5,1,0,8,1,5,1,0,1,2,5,1,37,2,1,2,2,1,2,2,1,2,2,3,2,2,2,1,2,2,"North Carolina",0
"20119",370316,37,16995,35.9783,-79.90735,1,1,4,6,0,1,0,8,0,1,1,0,1,2,1,1,37,1,1,2,1,1,2,2,1,2,2,3,2,2,2,2,2,2,"North Carolina",0
"20120",370317,37,19418,34.87797222,-79.15164444,1,1,4,6,5,3,0,42,0,3,2,0,4,1,1,1,37,1,2,2,1,1,2,1,2,2,2,2,2,2,2,2,2,2,"North Carolina",0
"20121",370318,37,17394,35.77172778,-80.87381111,1,1,4,7,20,6,0,8,0,2,2,0,1,3,10,1,37,2,2,2,2,1,2,2,1,2,2,3,2,2,2,2,2,2,"North Carolina",0
"20122",370319,37,17256,35.84970556,-80.85941667,1,1,4,5,19,1,0,24,0,1,1,0,3,1,6,1,37,1,1,2,1,1,1,1,2,2,2,2,2,2,1,2,2,2,"North Carolina",0
"20123",370320,37,17629,35.6337,-78.49468889,2,2,4,6,7,3,0,12,0,1,1,0,1,1,1,1,37,1,2,1,1,2,1,2,2,2,2,3,2,2,2,2,1,2,"North Carolina",0
"20124",370321,37,17978,35.46329444,-79.149825,1,1,4,2,10,6,0,30,0,1,1,0,4,1,1,1,37,2,2,1,1,1,2,2,2,2,2,2,2,1,2,2,1,2,"North Carolina",0
"20125",370322,37,18600,35.20438889,-80.63291944,3,3,4,3,16,6,0,12,0,2,3,0,1,1,10,1,37,2,2,1,1,2,2,2,2,2,2,3,2,2,2,2,2,2,"North Carolina",0
"20126",370323,37,18559,35.21451389,-80.87289167,4,4,4,2,1,1,0,12,0,1,1,0,1,3,10,3,37,2,1,2,2,2,2,1,2,2,2,1,2,2,1,2,2,2,"North Carolina",1
"20127",370324,37,18971,35.07511389,-80.85929444,3,3,4,7,7,6,0,12,0,1,1,0,1,1,10,1,37,2,2,1,2,2,2,2,2,2,2,3,1,2,2,2,2,2,"North Carolina",0
"20128",370325,37,18526,35.22724722,-79.45416389,3,3,4,6,20,3,0,1,0,1,1,0,4,2,10,2,37,1,2,2,2,1,2,1,2,1,1,3,2,2,2,2,2,2,"North Carolina",1
"20129",370326,37,18390,35.27445833,-79.43459722,5,5,4,5,19,2,0,12,0,1,1,0,1,1,1,1,37,2,2,2,1,2,2,1,2,2,2,1,2,2,2,2,2,2,"North Carolina",1
"20130",370328,37,19705,34.74446667,-77.39101111,2,2,4,6,7,3,0,12,0,1,1,0,1,1,10,1,37,2,2,1,1,2,2,1,2,1,2,3,2,2,1,2,1,2,"North Carolina",0
"20131",370329,37,19397,34.88752222,-77.54805278,5,5,4,3,14,2,0,12,0,1,1,0,1,1,1,2,37,2,2,1,1,2,2,2,2,2,2,2,2,1,2,2,2,2,"North Carolina",0
"20132",370330,37,17709,35.58993333,-77.61483056,2,2,4,4,14,2,0,12,0,1,1,0,1,1,1,1,37,1,2,1,1,2,1,2,2,2,2,3,2,1,2,2,1,2,"North Carolina",0
"20133",370331,37,19716,34.73910833,-79.32824444,3,3,4,2,17,1,0,12,0,1,1,0,1,1,10,1,37,1,1,1,1,3,2,1,2,1,2,3,2,2,2,2,2,2,"North Carolina",0
"20134",370332,37,19168,34.98945833,-78.353225,3,3,4,3,22,4,0,12,0,1,1,0,1,2,1,1,37,1,2,2,1,2,2,2,2,2,2,1,2,1,2,2,2,2,"North Carolina",1
"20135",370333,37,19817,34.68870278,-79.53208333,2,2,4,4,17,2,0,12,0,1,1,0,1,1,1,1,37,1,2,1,1,2,2,2,2,2,2,1,2,1,2,2,2,2,"North Carolina",1
"20136",370334,37,15997,36.35577222,-80.36698333,2,2,4,3,16,4,0,12,0,1,1,0,1,1,1,1,37,1,2,1,1,2,1,2,2,2,2,3,2,2,2,2,2,2,"North Carolina",0
"20137",370335,37,15778,36.50487222,-80.60765556,6,6,4,6,15,2,0,12,0,1,1,0,1,1,1,1,37,2,2,1,1,2,2,2,2,2,2,3,2,1,2,2,2,2,"North Carolina",0
"20138",370336,37,15820,36.478125,-80.62244722,6,6,4,5,17,6,0,12,0,2,3,0,1,1,2,1,37,2,2,1,1,2,2,2,2,2,2,3,2,2,2,2,2,2,"North Carolina",0
"20139",370337,37,15959,36.37816111,-78.41639167,1,1,4,6,23,3,0,52,0,1,1,0,4,2,1,1,37,1,2,2,2,1,2,2,2,2,2,1,2,2,2,2,2,2,"North Carolina",1
"20140",370338,37,19175,34.98584167,-80.36983611,2,2,4,6,11,2,0,12,0,1,1,1,1,1,1,1,37,1,2,1,1,2,2,1,2,2,2,3,2,2,2,2,1,2,"North Carolina",0
"20141",370339,37,17668,35.608575,-78.68658611,2,2,4,6,5,4,0,12,0,1,1,0,1,2,2,1,37,1,2,2,1,2,1,2,2,2,2,3,2,2,2,2,2,2,"North Carolina",0
"20142",370340,37,17584,35.65707778,-78.80986667,2,2,4,2,99,6,0,8,0,2,2,0,1,1,1,1,37,1,2,3,3,1,2,2,1,2,2,3,1,2,2,2,1,2,"North Carolina",0
"20143",370341,37,17365,35.78879444,-78.58725556,1,1,4,4,21,6,0,8,0,1,1,0,1,3,1,1,37,2,2,2,1,1,2,2,1,2,2,3,2,2,1,2,2,2,"North Carolina",0
"20144",370342,37,17257,35.84919167,-76.56128333,1,1,4,7,7,4,0,1,0,3,3,0,4,4,1,1,37,1,2,1,2,1,2,2,2,1,2,2,2,2,2,2,2,2,"North Carolina",0
"20145",370343,37,17812,35.54092778,-80.60176667,2,2,1,4,10,2,0,12,0,2,2,0,1,1,1,1,37,2,2,1,1,2,2,2,2,2,2,3,2,1,2,2,1,2,"North Carolina",0
"20146",370344,37,17525,35.69692778,-80.87839444,4,4,3,4,16,2,0,12,0,1,1,0,1,1,1,1,37,1,2,1,1,3,1,1,2,2,2,3,2,1,2,2,2,2,"North Carolina",0
"20147",370345,37,19535,34.82367222,-77.93544167,1,1,4,7,21,3,0,8,0,1,1,0,1,2,10,1,37,1,2,2,2,1,2,2,1,2,2,3,2,2,2,2,2,2,"North Carolina",0
"20148",370346,37,20643,34.24787222,-77.86378611,3,3,4,6,8,6,0,12,0,2,2,0,1,1,1,1,37,2,2,1,1,2,2,2,2,2,2,3,2,2,2,2,2,2,"North Carolina",0
"20149",370347,37,15785,36.50306389,-80.60703056,2,2,4,1,13,6,0,15,0,3,2,0,1,1,1,1,37,2,2,1,2,1,2,2,2,2,2,3,2,2,1,2,2,2,"North Carolina",0
"20150",370348,37,15989,36.35895556,-80.72747222,2,2,4,3,9,4,0,12,0,1,1,0,1,1,1,1,37,1,2,1,1,2,2,2,2,2,2,3,2,2,2,2,2,2,"North Carolina",0
"20151",370349,37,16751,36.07374722,-79.41335556,1,1,5,1,13,3,0,43,0,1,1,0,4,1,1,1,37,1,2,1,2,1,2,2,2,1,2,2,2,1,2,2,2,2,"North Carolina",0
"20152",370350,37,16807,36.05894722,-79.28161111,2,2,5,5,11,3,0,12,0,1,1,0,1,1,10,1,37,1,2,1,1,2,2,2,2,2,2,3,2,2,2,2,2,2,"North Carolina",0
"20153",370351,37,18322,35.30844167,-76.75131389,1,1,5,3,23,3,0,32,0,1,1,0,4,2,1,1,37,1,2,2,1,1,2,2,2,1,2,2,2,2,2,2,1,2,"North Carolina",0
"20154",370352,37,21819,33.90915,-78.10875278,3,3,5,2,13,3,0,12,0,1,1,0,1,1,1,1,37,1,2,1,1,3,2,2,2,2,2,3,2,2,2,2,2,2,"North Carolina",0
"20155",370353,37,21618,33.95884167,-78.076,2,2,5,2,7,3,0,12,0,1,1,0,1,1,1,1,37,1,2,1,1,2,2,2,2,1,2,3,2,2,2,2,2,2,"North Carolina",0
"20156",370354,37,21551,33.97487222,-78.38287778,1,1,5,7,9,3,0,30,0,1,1,0,4,1,1,1,37,1,2,1,2,1,2,2,2,2,2,2,2,2,2,2,2,2,"North Carolina",0
"20157",370355,37,21235,34.05921111,-78.52105278,6,6,5,6,22,3,0,12,0,2,2,0,1,2,1,2,37,1,2,2,2,2,2,2,2,2,2,1,2,2,2,2,2,2,"North Carolina",1
"20158",370356,37,17706,35.59011389,-82.57469167,1,1,5,2,0,1,0,1,0,1,1,0,1,3,10,1,37,2,1,2,2,1,1,1,2,2,2,2,2,2,2,2,2,2,"North Carolina",0
"20159",370357,37,18181,35.37041944,-80.54948889,2,2,5,3,17,2,0,12,0,1,1,0,1,1,1,1,37,1,2,1,1,2,2,2,2,2,2,3,2,2,1,2,2,2,"North Carolina",0
"20160",370358,37,17239,35.85808889,-81.41330833,1,1,5,3,17,3,0,32,0,1,1,0,4,1,1,1,37,1,2,1,1,1,2,1,2,1,2,1,2,2,2,2,2,2,"North Carolina",1
"20161",370359,37,17079,35.93793056,-81.58471944,2,2,5,1,20,3,0,12,0,4,1,0,1,5,1,1,37,1,2,2,2,2,1,1,2,2,2,1,2,2,2,2,2,2,"North Carolina",1
"20162",370360,37,15923,36.39777778,-79.15465,2,2,5,7,18,3,0,34,0,1,1,0,4,1,2,1,37,1,2,2,2,1,2,2,2,1,2,3,2,2,1,2,2,2,"North Carolina",0
"20163",370361,37,17445,35.74144722,-81.31780833,1,1,5,5,13,6,0,35,0,1,1,0,4,1,1,1,37,2,2,1,1,1,2,1,2,1,2,1,2,2,2,2,2,2,"North Carolina",1
"20164",370362,37,17579,35.65935,-79.31410833,4,4,5,5,20,3,0,12,0,1,1,0,1,2,1,1,37,1,2,2,1,2,2,2,2,2,2,3,2,2,2,2,2,2,"North Carolina",0
"20165",370364,37,18695,35.17185833,-81.44494167,1,1,5,6,20,2,0,42,0,1,1,0,4,1,1,1,37,1,2,2,2,1,2,1,2,2,2,1,2,2,2,2,2,2,"North Carolina",1
"20166",370365,37,20521,34.29511944,-78.70735,1,1,5,7,12,3,0,42,0,1,1,0,4,1,1,1,37,1,2,1,2,1,2,2,2,2,2,2,2,2,2,2,2,2,"North Carolina",0
"20167",370366,37,15751,36.51987778,-76.13537222,1,1,5,2,21,3,0,34,0,1,1,0,4,2,1,1,37,1,2,2,1,1,2,2,2,2,2,3,2,2,2,2,2,2,"North Carolina",0
"20168",370367,37,17347,35.80120278,-80.26298611,2,2,5,7,19,3,0,1,0,1,1,0,4,1,1,2,37,1,2,2,2,1,1,1,2,2,2,1,2,2,2,2,2,2,"North Carolina",1
"20169",370368,37,17144,35.90641667,-80.09689722,2,2,5,3,22,3,0,12,0,1,1,0,1,1,1,1,37,1,2,2,1,2,2,2,2,2,2,3,2,2,2,2,2,2,"North Carolina",0
"20170",370369,37,16904,36.02501667,-80.44177778,1,1,5,1,17,3,0,34,0,1,1,0,4,1,1,1,37,1,2,1,2,1,2,1,2,2,2,1,2,1,2,2,2,2,"North Carolina",1
"20171",370370,37,17300,35.82865278,-80.53124722,6,6,5,5,15,6,0,7,0,1,1,0,1,1,1,1,37,1,2,1,1,1,2,2,2,2,2,3,2,2,2,2,2,2,"North Carolina",0
"20172",370371,37,19300,34.92610556,-77.773275,2,2,5,1,4,3,0,34,0,1,1,0,4,2,1,2,37,1,2,2,2,1,2,2,2,1,2,2,2,2,2,2,2,2,"North Carolina",0
"20173",370372,37,19720,34.73544167,-77.99413333,1,1,5,1,23,3,0,30,0,1,1,0,4,2,1,1,37,1,2,2,2,1,2,2,2,2,2,1,2,2,2,2,1,2,"North Carolina",1
"20174",370373,37,19632,34.77996944,-78.07119167,1,1,5,1,6,3,0,34,0,1,1,0,4,2,1,1,37,1,2,1,2,1,2,2,2,1,2,1,2,2,2,2,2,2,"North Carolina",1
"20175",370374,37,16840,36.04961389,-78.87171667,1,1,5,7,23,3,0,30,0,1,1,0,4,2,1,1,37,1,2,2,2,1,2,1,2,2,2,1,2,2,1,2,2,2,"North Carolina",1
"20176",370375,37,16907,36.02284722,-78.80568889,2,2,5,5,3,3,0,1,0,1,1,0,4,2,1,1,37,1,2,2,1,1,2,1,2,1,2,3,2,2,2,2,2,2,"North Carolina",1
"20177",370376,37,17005,35.97323333,-78.86719444,1,1,5,1,1,6,0,9,0,1,1,0,1,2,1,1,37,2,2,2,2,1,2,2,2,2,2,3,2,2,2,1,2,2,"North Carolina",0
"20178",370377,37,17086,35.93625833,-77.74612778,5,5,5,2,15,2,0,1,0,1,1,0,1,1,1,2,37,1,2,1,1,2,2,1,2,1,2,3,2,2,1,2,2,2,"North Carolina",0
"20179",370378,37,16490,36.15371944,-80.26651389,3,3,5,1,15,6,0,12,0,1,1,0,1,1,1,1,37,2,2,1,2,2,2,2,2,2,2,3,2,2,2,2,1,2,"North Carolina",0
"20180",370379,37,16624,36.11418889,-80.05467222,3,3,5,1,17,6,0,12,0,2,3,0,1,1,1,2,37,2,2,1,2,2,1,1,2,2,2,1,2,2,2,2,2,2,"North Carolina",1
"20181",370380,37,16448,36.16321389,-80.27768611,1,1,5,6,17,6,0,8,0,1,1,0,1,1,10,1,37,2,2,1,1,1,2,2,1,2,2,3,1,2,2,2,2,2,"North Carolina",0
"20182",370381,37,16781,36.06544722,-80.20614167,4,4,5,1,1,6,0,30,0,1,1,0,4,3,1,1,37,2,2,2,2,1,2,2,2,1,2,3,2,2,2,2,2,2,"North Carolina",1
"20183",370382,37,18421,35.26243333,-81.16328611,6,6,5,4,13,6,0,12,0,2,3,0,1,1,1,1,37,2,2,1,1,3,2,2,2,2,2,3,2,1,1,2,1,2,"North Carolina",0