"","ST_CASE","OBJECT_ID","FID","LATITUDE","LONGITUD","PERMVIT","PERSONS","MONTH","DAY_WEEK","HOUR","ROUTE","SP_JUR","HARM_EV","RELJCT1","RELJCT2","TYP_INT","WRK_ZONE","REL_ROAD","LGT_COND","WEATHER","FATALS","STATE","A_RU","A_INTER","A_TOD","A_DOW","A_CT","A_MC","A_SPCRA","A_PED","A_ROLL","A_POLPUR","A_POSBAC","A_D15_20","A_D65PLS","A_D21_24","A_HR","A_DIST","A_DROWSY","STATE_NAME","drunkDr"
"20313",370513,37,17016,35.96916944,-79.97469167,1,2,6,6,16,1,0,18,0,1,1,0,2,1,1,1,37,2,1,1,1,1,2,2,2,2,2,2,2,2,2,2,2,2,"North Carolina",0
"20314",370514,37,18383,35.27838611,-79.09398056,3,3,6,7,0,4,0,34,0,1,1,0,4,2,1,1,37,1,2,2,2,1,2,2,2,1,2,3,2,2,2,2,2,2,"North Carolina",1
"20315",370515,37,18055,35.42454167,-78.86473611,2,2,6,4,18,4,0,12,0,2,2,0,1,1,1,1,37,1,2,2,1,2,2,2,2,2,2,1,2,2,2,2,2,2,"North Carolina",1
"20316",370516,37,17845,35.52443611,-83.02889722,4,4,6,7,10,2,0,12,0,8,1,0,1,1,1,2,37,2,2,1,2,2,1,2,2,2,2,3,2,2,2,2,2,2,"North Carolina",0
"20317",370517,37,16208,36.252725,-76.98814444,3,3,6,4,14,4,0,12,0,1,1,0,1,1,10,1,37,1,2,1,1,2,2,2,2,2,2,3,2,1,2,2,2,2,"North Carolina",0
"20318",370518,37,17862,35.51565278,-78.56563611,3,3,6,5,21,3,0,12,0,1,1,0,1,2,1,1,37,2,2,2,1,2,1,2,2,2,1,3,2,2,2,2,2,2,"North Carolina",0
"20319",370519,37,17573,35.66216111,-78.27980556,3,3,6,7,14,3,0,12,0,2,2,0,1,1,1,1,37,1,2,1,2,2,2,2,2,1,2,3,2,2,2,2,2,2,"North Carolina",0
"20320",370520,37,17933,35.47950278,-79.28295278,3,3,6,1,0,4,0,53,0,1,1,0,4,2,1,2,37,1,2,2,2,1,2,1,2,1,2,1,2,2,2,2,2,2,"North Carolina",1
"20321",370521,37,17864,35.51466111,-79.32351389,9,9,6,1,16,3,0,12,0,1,1,0,1,1,1,1,37,1,2,1,2,3,2,2,2,1,2,3,2,2,2,2,2,2,"North Carolina",0
"20322",370522,37,18021,35.44490833,-79.17346667,3,3,6,2,11,3,0,12,0,1,1,0,1,1,1,1,37,1,2,1,1,2,2,2,2,2,2,3,2,2,2,2,2,2,"North Carolina",0
"20323",370523,37,18678,35.17681389,-77.81256944,2,2,6,6,22,3,0,34,0,1,1,0,4,2,1,1,37,1,2,2,2,1,2,1,2,1,2,3,2,2,2,2,2,2,"North Carolina",1
"20324",370524,37,17995,35.45926667,-81.25010833,3,3,6,7,22,2,0,12,0,1,1,0,1,2,10,1,37,1,2,2,2,2,2,1,2,1,2,1,2,2,2,2,1,2,"North Carolina",1
"20325",370525,37,18707,35.16628889,-80.87613056,6,6,6,5,16,6,0,12,0,1,1,0,1,1,1,1,37,2,2,1,1,3,1,1,2,2,2,3,2,2,2,2,2,2,"North Carolina",0
"20326",370526,37,18345,35.29685278,-80.97759444,2,2,6,1,23,6,0,12,0,1,1,0,1,3,1,1,37,2,2,2,2,2,2,2,2,1,2,3,2,2,1,2,1,2,"North Carolina",0
"20327",370527,37,18497,35.23531667,-80.82056111,2,2,6,4,21,6,0,12,0,2,2,0,1,3,1,1,37,2,2,2,1,2,1,1,2,2,2,3,1,2,2,2,2,2,"North Carolina",0
"20328",370528,37,18999,35.06512222,-80.84610278,1,1,6,7,4,1,0,18,1,3,3,1,4,3,1,1,37,2,1,2,2,1,1,1,2,2,2,1,2,2,2,2,2,2,"North Carolina",1
"20329",370529,37,18558,35.21453056,-80.92324722,4,4,6,1,0,6,0,24,0,1,1,0,3,2,1,1,37,2,2,2,2,2,2,2,2,2,2,1,2,2,2,2,2,2,"North Carolina",1
"20330",370530,37,18528,35.22596944,-80.839275,1,1,6,6,2,6,0,42,0,1,1,0,4,3,1,1,37,2,2,2,1,1,2,1,2,2,2,1,2,2,2,2,2,2,"North Carolina",1
"20331",370531,37,18556,35.21467222,-80.92320556,1,1,6,6,3,6,0,42,0,1,1,0,4,3,1,1,37,2,2,2,1,1,2,2,2,2,2,1,2,2,1,2,1,2,"North Carolina",1
"20332",370532,37,17221,35.86634167,-82.04700833,2,2,6,2,13,3,0,8,0,8,1,0,1,1,1,1,37,1,2,1,1,1,2,2,1,2,2,3,2,2,2,2,2,2,"North Carolina",0
"20333",370533,37,17640,35.62491389,-77.26410556,3,3,6,6,9,2,0,12,0,5,1,0,1,1,10,2,37,1,2,1,1,2,2,2,2,2,2,3,2,2,2,2,2,2,"North Carolina",0
"20334",370534,37,17619,35.63962778,-79.71364722,2,2,6,6,14,3,0,53,0,1,1,0,4,1,1,1,37,1,2,1,1,1,2,1,2,1,2,3,2,1,2,2,2,2,"North Carolina",0
"20335",370535,37,19549,34.81830833,-79.18171944,1,1,6,1,13,3,0,59,0,1,1,0,4,1,1,1,37,1,2,1,2,1,2,1,2,1,2,1,2,1,2,2,2,2,"North Carolina",1
"20336",370536,37,19563,34.81193333,-78.98610556,1,1,6,2,13,1,0,1,0,1,1,0,1,1,1,1,37,1,1,1,1,1,1,2,2,2,2,3,2,1,2,2,2,2,"North Carolina",0
"20337",370537,37,19953,34.61805556,-79.01063889,2,2,6,3,15,3,0,12,0,1,1,0,1,1,1,1,37,1,2,1,1,2,2,2,2,2,2,3,2,2,2,2,2,2,"North Carolina",0
"20338",370538,37,17865,35.51367778,-80.61386944,2,2,6,3,16,6,0,1,0,3,3,0,4,1,1,1,37,2,2,1,1,1,2,2,2,1,2,2,2,2,2,2,1,2,"North Carolina",0
"20339",370539,37,17575,35.66194444,-80.50035556,5,5,6,3,16,2,0,12,0,2,2,0,1,1,1,1,37,2,2,1,1,3,2,2,2,2,2,3,2,1,1,2,2,2,"North Carolina",0
"20340",370540,37,17574,35.66202222,-80.46403889,1,1,6,3,0,6,0,8,0,1,1,0,1,3,1,1,37,2,2,2,1,1,2,2,1,2,2,3,2,2,1,2,2,2,"North Carolina",0
"20341",370541,37,18223,35.35352778,-81.92063611,1,1,6,2,16,3,0,42,0,1,1,0,4,1,1,1,37,1,2,1,1,1,2,2,2,2,2,3,2,2,2,2,2,2,"North Carolina",0
"20342",370542,37,19674,34.75689167,-79.47863611,4,4,6,4,12,2,0,1,0,1,1,0,1,1,10,1,37,1,2,1,1,1,2,1,2,1,2,3,2,1,2,2,2,2,"North Carolina",0
"20343",370543,37,16122,36.29559167,-80.13899444,2,2,6,5,14,3,0,32,0,1,1,0,4,1,10,1,37,1,2,1,1,1,2,2,2,2,2,3,2,2,2,2,2,2,"North Carolina",0
"20344",370544,37,15739,36.53588056,-80.69623889,1,1,6,4,16,3,0,38,0,1,1,0,4,1,1,1,37,1,2,1,1,1,2,1,2,1,2,1,2,2,2,2,2,2,"North Carolina",1
"20345",370545,37,19308,34.92306667,-80.73901111,3,3,6,2,11,3,0,12,0,1,1,0,1,1,1,1,37,1,2,1,1,2,2,1,2,2,2,3,2,2,2,2,2,2,"North Carolina",0
"20346",370546,37,17359,35.792225,-78.48586389,3,3,6,1,2,3,0,12,0,1,1,0,1,2,1,1,37,1,2,2,2,2,2,2,2,2,2,1,2,2,1,2,2,2,"North Carolina",2
"20347",370547,37,17001,35.97525278,-78.68971389,3,3,6,6,2,3,0,42,0,1,1,0,4,2,5,1,37,1,2,2,1,1,2,1,2,2,2,1,1,2,2,2,2,2,"North Carolina",1
"20348",370548,37,18048,35.42826944,-78.06391944,1,1,6,4,20,3,0,32,0,1,1,0,4,2,2,1,37,1,2,2,1,1,2,1,2,1,2,1,2,2,2,2,2,2,"North Carolina",1
"20349",370549,37,18604,35.20330278,-77.91491944,1,1,6,1,6,3,0,35,0,1,1,0,4,4,1,1,37,1,2,1,2,1,2,2,2,1,2,1,2,2,2,2,2,2,"North Carolina",1
"20350",370550,37,18198,35.36333333,-78.01078611,1,1,6,7,2,2,0,8,0,1,1,0,1,2,1,1,37,1,2,2,2,1,2,2,1,2,2,3,2,2,2,2,2,2,"North Carolina",0
"20351",370551,37,16558,36.13623889,-81.10336389,3,3,6,4,7,3,0,12,0,1,1,0,1,1,2,1,37,1,2,1,1,2,2,2,2,2,2,3,2,1,1,2,1,2,"North Carolina",0
"20352",370552,37,16179,36.26909444,-80.85674722,3,3,5,6,15,6,0,12,0,1,1,0,1,1,1,1,37,2,2,1,1,3,2,1,2,2,2,3,1,1,2,2,2,2,"North Carolina",1
"20353",370553,37,16709,36.08774722,-79.52624722,5,5,6,7,20,6,0,12,0,1,1,0,1,5,10,1,37,2,2,2,2,2,2,2,2,2,2,3,2,2,2,2,2,2,"North Carolina",1
"20354",370554,37,16359,36.19015,-79.39759722,2,2,6,1,21,3,0,42,0,1,1,0,4,2,1,1,37,1,2,2,2,1,2,1,2,2,2,1,2,2,1,2,2,2,"North Carolina",1
"20355",370555,37,16330,36.20176389,-76.76884167,1,1,6,3,1,3,0,8,0,1,1,0,1,2,1,1,37,1,2,2,1,1,2,2,1,2,2,3,2,2,2,1,2,2,"North Carolina",0
"20356",370556,37,16929,36.01290556,-76.95451389,4,4,6,6,19,2,0,43,0,1,1,0,4,1,1,1,37,1,2,2,2,1,2,2,2,1,2,3,2,2,2,2,2,2,"North Carolina",1
"20357",370557,37,18358,35.29455556,-80.43440556,2,2,6,6,14,3,0,12,0,1,1,0,1,1,1,1,37,1,2,1,1,2,2,1,2,2,2,3,1,1,2,2,2,2,"North Carolina",0
"20358",370558,37,17354,35.79696111,-81.5279,7,7,6,3,17,3,0,12,0,1,1,0,1,1,1,1,37,1,2,1,1,3,2,1,2,2,2,3,2,1,2,2,1,2,"North Carolina",1
"20359",370559,37,17148,35.90502778,-81.3819,1,1,6,2,10,3,0,42,0,1,1,0,4,1,1,1,37,1,2,1,1,1,2,2,2,2,2,2,2,2,2,2,2,2,"North Carolina",0
"20360",370560,37,17587,35.65505833,-81.21160278,3,3,6,1,6,3,0,12,0,1,1,0,1,2,1,2,37,2,2,1,2,2,2,2,2,2,2,3,2,2,2,2,2,2,"North Carolina",0
"20361",370561,37,18281,35.32393889,-77.20466944,2,2,6,3,5,3,0,12,0,1,1,0,1,4,1,1,37,1,2,2,1,2,2,1,2,2,2,3,2,2,2,2,2,2,"North Carolina",0
"20362",370562,37,19089,35.02555833,-78.89572222,3,3,6,6,2,6,0,12,0,2,2,0,1,3,1,1,37,2,2,2,1,2,2,2,2,2,2,3,2,2,2,2,2,2,"North Carolina",1
"20363",370563,37,16219,36.24818333,-80.35289444,2,2,6,5,12,6,0,12,0,2,3,0,1,1,1,1,37,2,2,1,1,2,2,2,2,2,2,3,2,1,2,2,1,2,"North Carolina",0
"20364",370564,37,16707,36.08844444,-80.25786111,1,1,6,6,1,6,0,15,0,1,1,0,1,2,10,1,37,2,2,2,1,1,2,2,2,2,2,3,2,2,2,2,2,2,"North Carolina",0
"20365",370565,37,16374,36.18711389,-78.74056944,4,4,6,5,12,3,0,12,1,2,2,0,1,1,10,1,37,1,2,1,1,2,2,1,2,1,2,3,2,2,2,2,2,2,"North Carolina",0
"20366",370566,37,17999,35.45823333,-77.57891389,2,2,6,6,23,3,0,34,0,1,1,0,4,2,1,1,37,1,2,2,2,1,2,2,2,1,2,3,2,2,2,2,2,2,"North Carolina",1
"20367",370567,37,18179,35.37102778,-83.20519444,1,1,6,4,3,3,0,8,0,2,3,0,1,2,1,1,37,1,2,2,1,1,2,2,1,2,2,3,2,2,2,1,2,2,"North Carolina",0
"20368",370568,37,17872,35.51083889,-79.19529444,1,1,6,1,7,6,0,42,0,1,1,0,4,2,10,1,37,2,2,1,2,1,2,1,2,2,2,1,2,2,2,2,2,2,"North Carolina",1
"20369",370569,37,18517,35.2301,-80.85991667,2,2,6,2,4,1,0,59,1,5,1,0,4,3,1,1,37,2,1,2,2,1,2,2,2,1,2,2,1,2,2,2,2,1,"North Carolina",0
"20370",370570,37,18384,35.27675,-80.80062222,2,2,6,2,19,1,0,12,0,1,1,0,1,1,1,1,37,2,1,2,1,2,2,2,2,1,2,3,2,2,2,2,2,2,"North Carolina",0
"20371",370571,37,18736,35.15796667,-79.41292778,2,2,6,1,1,2,0,8,0,1,1,0,1,3,1,2,37,2,2,2,2,1,2,2,1,2,2,3,2,2,2,2,2,2,"North Carolina",1
"20372",370572,37,16886,36.03296944,-77.90202778,2,2,6,3,8,3,0,12,0,8,1,0,1,1,1,1,37,1,2,1,1,2,1,2,2,2,2,3,2,1,2,2,2,2,"North Carolina",0
"20373",370573,37,19493,34.84430278,-77.47553333,2,2,6,7,23,4,0,53,0,1,1,0,4,2,2,1,37,1,2,2,2,1,2,1,2,2,2,3,2,2,2,2,2,2,"North Carolina",1
"20374",370574,37,19658,34.76845278,-77.3499,1,1,6,1,1,4,0,8,0,1,1,0,1,2,2,1,37,2,2,2,2,1,2,2,1,2,2,3,2,2,2,1,2,2,"North Carolina",0
"20375",370575,37,20347,34.40423889,-77.64016944,1,1,6,3,12,4,0,34,0,1,1,0,4,1,10,1,37,1,2,1,1,1,2,2,2,2,2,3,2,1,2,2,2,2,"North Carolina",0
"20376",370576,37,19812,34.69296667,-79.26918889,5,5,6,1,21,2,0,12,0,1,1,0,1,5,1,1,37,1,2,2,2,3,1,2,2,1,2,3,2,2,1,2,2,2,"North Carolina",0
"20377",370577,37,19593,34.7986,-78.94135278,2,2,6,1,22,3,0,12,0,1,1,0,1,1,1,1,37,1,2,2,2,2,2,1,2,2,2,1,2,2,2,1,2,2,"North Carolina",1
"20378",370578,37,19483,34.85031389,-79.11225,1,1,6,3,12,4,0,38,0,1,1,0,5,1,1,1,37,1,2,1,1,1,2,2,2,2,2,2,2,1,2,2,2,2,"North Carolina",0
"20379",370579,37,18331,35.305825,-81.985425,4,4,6,2,17,4,0,42,0,1,1,0,4,1,1,2,37,1,2,1,1,1,2,1,2,1,2,3,2,2,2,2,2,2,"North Carolina",0
"20380",370580,37,17594,35.65148056,-78.70682778,2,2,6,5,18,2,0,12,0,3,2,0,1,1,1,1,37,2,2,2,1,2,2,2,2,1,2,3,1,2,2,2,2,2,"North Carolina",0
"20381",370582,37,17128,35.91501389,-78.78535556,2,2,6,6,21,6,0,12,0,1,1,0,1,2,10,1,37,2,2,2,2,2,2,2,1,2,2,3,2,2,2,1,1,2,"North Carolina",1
"20382",370583,37,18267,35.32809167,-78.03581389,7,7,6,5,20,2,0,12,0,3,2,0,1,5,10,1,37,2,2,2,1,3,2,2,2,2,2,3,2,2,2,2,2,2,"North Carolina",0
"20383",370584,37,18162,35.37936111,-77.94528056,1,1,6,5,19,5,0,33,0,1,1,0,4,1,1,1,37,1,2,2,1,1,1,2,2,2,2,2,2,2,1,2,1,2,"North Carolina",0
"20384",370585,37,17563,35.66864444,-77.87357222,1,1,6,1,3,2,0,52,0,1,1,0,3,2,1,1,37,1,2,2,2,1,2,2,2,1,2,1,2,2,2,2,2,2,"North Carolina",1
"20385",370586,37,16601,36.12086389,-80.68681111,1,1,6,2,18,4,0,35,0,1,1,0,4,1,1,1,37,1,2,2,1,1,2,2,2,1,2,2,2,2,2,2,2,2,"North Carolina",0
"20386",370587,37,16650,36.10421944,-78.68884444,1,1,4,3,21,3,0,8,0,1,1,0,1,2,1,1,37,1,2,2,1,1,2,2,1,2,2,3,2,2,2,1,2,2,"North Carolina",0
"20387",370588,37,18207,35.36133611,-80.20452222,4,4,4,4,12,2,0,12,0,2,2,0,1,1,1,1,37,2,2,1,1,2,2,2,2,2,2,3,2,2,2,2,2,2,"North Carolina",0
"20388",370589,37,17203,35.87253056,-81.28382222,5,5,7,5,19,4,0,12,0,1,1,0,1,1,1,1,37,1,2,2,1,2,2,2,2,2,2,3,2,2,2,2,2,2,"North Carolina",0
"20389",370590,37,16260,36.22875278,-76.939275,3,3,7,3,19,2,0,12,0,8,1,0,1,1,1,1,37,1,2,2,1,2,2,2,2,1,2,3,2,2,2,2,2,2,"North Carolina",0
"20390",370591,37,19830,34.68088056,-78.43192778,1,1,7,2,23,3,0,34,0,1,1,0,4,2,1,1,37,1,2,2,1,1,2,2,2,2,2,3,2,2,2,2,1,2,"North Carolina",0
"20391",370592,37,17807,35.54428889,-82.68528056,4,4,7,2,20,2,0,12,0,8,1,0,1,5,1,2,37,1,2,2,1,2,2,2,2,2,2,3,2,1,1,2,2,1,"North Carolina",0
"20392",370593,37,17678,35.60486667,-82.47469722,4,4,7,3,21,4,0,12,0,2,2,0,1,2,1,1,37,1,2,2,1,2,1,2,2,2,2,1,2,2,2,2,2,2,"North Carolina",1
"20393",370594,37,17483,35.72383889,-82.59954722,1,1,7,1,9,4,0,1,0,1,1,0,4,1,1,1,37,1,2,1,2,1,2,1,2,1,2,2,2,1,2,2,2,2,"North Carolina",0
"20394",370595,37,18409,35.26856944,-80.64648333,1,1,7,2,23,4,0,42,0,1,1,0,4,2,10,1,37,1,2,2,1,1,2,1,2,2,2,3,2,2,2,2,2,2,"North Carolina",0
"20395",370596,37,17440,35.74493056,-81.34798333,1,1,7,4,3,4,0,30,0,1,1,0,4,2,1,1,37,1,2,2,1,1,2,1,2,1,2,1,2,2,2,2,2,2,"North Carolina",1
"20396",370597,37,17582,35.65791389,-81.21880833,1,1,7,4,20,3,0,30,0,1,1,0,4,1,1,1,37,2,2,2,1,1,1,2,2,2,2,1,2,2,2,2,2,2,"North Carolina",1
"20397",370598,37,18402,35.27114444,-81.43426389,3,3,7,2,19,4,0,12,0,1,1,0,1,1,1,1,37,2,2,2,1,2,1,2,2,2,2,1,2,2,2,2,2,2,"North Carolina",1
"20398",370599,37,20623,34.25558611,-78.748675,3,3,7,5,10,2,0,12,0,2,3,0,1,1,1,1,37,1,2,1,1,2,2,2,2,2,2,3,2,2,2,2,2,2,"North Carolina",0
"20399",370600,37,17460,35.73378889,-80.23346667,4,4,7,6,13,4,0,12,0,1,1,0,1,1,1,1,37,1,2,1,1,2,2,2,2,2,2,3,1,2,2,2,1,2,"North Carolina",0
"20400",370601,37,17274,35.84063056,-80.15828333,1,1,7,1,20,4,0,35,0,1,1,0,4,1,1,1,37,1,2,2,2,1,2,2,2,1,2,1,2,2,2,2,2,2,"North Carolina",1
"20401",370602,37,17032,35.95946111,-80.19290556,1,1,7,1,22,4,0,32,0,1,1,0,4,2,1,1,37,1,2,2,2,1,1,2,2,2,2,3,2,2,2,2,2,2,"North Carolina",0
"20402",370603,37,17286,35.83545556,-80.25338611,4,4,7,5,21,2,0,12,0,1,1,0,1,2,1,2,37,2,2,2,1,2,2,2,2,2,2,3,2,2,2,2,2,2,"North Carolina",0
"20403",370604,37,16961,35.99442222,-78.87999444,1,1,7,7,8,6,0,15,0,2,2,0,1,1,1,1,37,2,2,1,2,1,2,2,2,2,2,3,2,2,2,2,2,2,"North Carolina",0
"20404",370605,37,16427,36.17236389,-80.25648333,1,1,7,1,2,6,0,43,0,1,1,0,5,2,1,1,37,2,2,2,2,1,2,2,2,2,2,3,2,2,2,2,2,2,"North Carolina",1
"20405",370606,37,16789,36.06285278,-80.23229444,4,4,7,1,3,1,0,12,0,1,1,0,1,2,1,2,37,2,1,2,2,2,2,1,2,2,2,3,2,2,2,2,2,2,"North Carolina",1
"20406",370607,37,16629,36.11224444,-80.19055556,2,2,7,5,5,6,0,8,0,1,1,0,1,2,1,1,37,2,2,2,1,1,2,2,1,2,2,3,2,2,2,2,2,2,"North Carolina",0
"20407",370608,37,18343,35.29798056,-81.18804722,2,2,7,7,17,2,0,24,0,1,1,0,4,1,2,1,37,1,2,1,2,2,1,1,2,2,2,3,2,2,2,2,2,2,"North Carolina",0
"20408",370609,37,15727,36.54222778,-76.69231111,1,1,7,4,16,3,0,1,0,1,1,0,1,1,1,1,37,1,2,1,1,1,1,2,2,2,2,1,2,2,2,2,2,2,"North Carolina",1
"20409",370610,37,15831,36.46883333,-76.84652778,2,2,7,1,2,2,0,42,0,1,1,0,4,2,1,1,37,1,2,2,2,1,2,1,2,2,2,1,2,2,2,2,2,2,"North Carolina",1
"20410",370611,37,17656,35.61450278,-77.65941944,2,2,7,7,4,2,0,34,0,1,1,0,4,2,1,1,37,1,2,2,2,1,2,1,2,1,2,1,2,2,2,2,2,2,"North Carolina",1
"20411",370612,37,16766,36.06905556,-79.79500556,1,1,7,7,4,1,0,1,0,1,1,0,4,2,10,1,37,1,1,2,2,1,2,2,2,1,2,2,2,2,2,2,2,2,"North Carolina",0
"20412",370613,37,16512,36.14683611,-79.74209444,1,1,7,2,10,6,0,8,0,1,1,0,1,1,1,1,37,2,2,1,1,1,2,1,1,2,2,3,2,2,2,2,2,2,"North Carolina",0
"20413",370614,37,17082,35.93656389,-79.94664167,1,1,7,7,0,1,0,57,0,1,1,0,3,2,1,1,37,2,1,2,2,1,1,1,2,2,2,1,2,2,2,2,2,2,"North Carolina",1
"20414",370615,37,16996,35.97816944,-79.90726667,2,2,7,5,16,1,0,12,0,1,1,0,4,1,10,1,37,2,1,1,1,2,2,1,2,2,2,3,2,2,2,2,2,2,"North Carolina",0
"20415",370616,37,16163,36.27904444,-77.85793611,1,1,7,6,18,3,0,34,0,1,1,0,4,1,2,1,37,1,2,2,2,1,2,2,2,2,2,1,2,2,2,2,2,2,"North Carolina",1
"20416",370617,37,18067,35.4175,-78.80397778,1,1,7,5,1,3,0,8,0,1,1,0,1,2,1,1,37,1,2,2,1,1,2,2,1,2,2,3,2,2,2,1,2,2,"North Carolina",0
"20417",370618,37,18369,35.28945833,-79.04034444,5,5,7,3,21,6,0,34,0,1,1,0,4,2,1,1,37,1,2,2,1,1,2,1,2,2,2,3,2,2,2,1,2,2,"North Carolina",1
"20418",370619,37,18271,35.32600833,-79.0487,1,1,7,3,10,3,0,38,0,1,1,0,4,1,1,1,37,1,2,1,1,1,2,2,2,1,2,3,2,2,1,2,2,2,"North Carolina",1
"20419",370620,37,17948,35.47295278,-78.66995278,2,2,7,4,19,3,0,12,0,2,2,0,1,1,1,1,37,1,2,2,1,2,2,2,2,1,2,3,2,2,2,2,2,2,"North Carolina",0
"20420",370622,37,17831,35.53284444,-82.9086,4,4,7,3,21,2,0,12,0,1,1,0,1,2,10,1,37,1,2,2,1,2,2,1,2,2,2,3,2,2,1,2,2,2,"North Carolina",0
"20421",370623,37,18244,35.34419167,-82.44355278,2,2,7,4,18,2,0,12,0,4,1,0,1,1,10,1,37,2,2,2,1,2,2,2,2,2,2,3,2,1,2,2,2,2,"North Carolina",0
"20422",370624,37,19095,35.02091389,-79.11447778,1,1,7,7,15,3,0,30,0,1,1,0,4,1,1,1,37,1,2,1,2,1,2,1,2,2,2,2,2,2,2,2,2,2,"North Carolina",0
"20423",370625,37,17714,35.58769444,-80.88151944,4,4,7,3,18,6,0,12,0,1,1,0,1,1,10,1,37,2,2,2,1,2,1,2,2,2,2,3,2,2,1,2,2,2,"North Carolina",0
"20424",370626,37,17756,35.56533889,-78.53421667,2,2,7,5,22,3,0,34,0,1,1,0,4,2,1,1,37,1,2,2,1,1,1,1,2,2,2,2,2,2,1,2,2,2,"North Carolina",0
"20425",370627,37,17437,35.747475,-78.23871111,1,1,7,1,22,3,0,8,0,1,1,0,4,2,1,4,37,1,2,2,2,1,2,1,1,2,2,2,2,2,2,2,2,2,"North Carolina",0
"20426",370628,37,19043,35.04393056,-77.33716111,1,1,7,1,9,3,0,18,0,1,1,0,4,9,10,1,37,1,2,1,2,1,1,2,2,2,2,2,2,2,2,2,1,2,"North Carolina",0
"20427",370629,37,17932,35.47983333,-79.19920833,2,2,7,7,16,2,0,8,0,1,1,0,1,1,1,1,37,1,2,1,2,1,2,2,1,2,2,3,2,2,2,2,2,2,"North Carolina",0
"20428",370630,37,18432,35.25863611,-77.59215833,2,2,7,6,13,3,0,12,0,1,1,0,1,1,1,1,37,1,2,1,1,2,2,2,2,2,2,3,2,1,1,2,2,2,"North Carolina",0
"20429",370631,37,17815,35.53959167,-81.20134167,2,2,7,7,5,3,0,8,0,1,1,0,1,2,1,1,37,1,2,2,2,1,2,2,1,2,2,3,2,1,2,2,2,2,"North Carolina",0
"20430",370632,37,18293,35.320175,-80.94281389,2,2,7,1,2,1,0,24,0,1,1,0,3,2,1,1,37,2,1,2,2,2,2,1,2,2,2,1,2,2,2,2,2,2,"North Carolina",1
"20431",370633,37,18292,35.32024444,-80.94268333,3,3,7,1,0,1,0,12,1,18,1,0,1,2,1,1,37,2,1,2,2,2,2,1,2,2,2,3,2,2,2,2,2,2,"North Carolina",0
"20432",370634,37,20782,34.20195556,-77.88813611,1,1,7,6,21,6,0,8,0,1,1,0,1,3,1,1,37,2,2,2,2,1,2,2,1,2,2,3,1,2,2,1,2,2,"North Carolina",0
"20433",370635,37,16038,36.33278333,-77.21515,1,1,7,2,11,6,0,42,0,1,1,0,4,1,1,1,37,2,2,1,1,1,2,2,2,1,2,2,2,1,2,2,2,2,"North Carolina",0
"20434",370636,37,19802,34.69730278,-77.560425,1,1,7,3,21,3,0,8,0,1,1,0,1,2,1,1,37,1,2,2,1,1,2,2,1,2,2,3,2,2,2,1,2,2,"North Carolina",0
"20435",370637,37,20126,34.52625833,-77.43876111,2,2,7,4,17,3,0,12,0,1,1,0,1,1,1,1,37,1,2,1,1,2,2,1,1,2,2,3,2,2,2,1,2,2,"North Carolina",0
"20436",370638,37,16715,36.08614444,-79.09893056,5,5,7,4,22,2,0,12,0,4,1,0,1,2,1,1,37,1,2,2,1,2,1,2,2,2,2,1,2,2,2,2,2,2,"North Carolina",1
"20437",370639,37,16803,36.05934444,-79.11700278,5,5,7,1,3,1,0,12,0,1,1,0,1,2,1,3,37,1,1,2,2,2,2,1,2,2,2,1,1,2,2,2,2,2,"North Carolina",1
"20438",370640,37,20113,34.53390833,-78.15896944,3,3,7,1,16,3,0,12,0,1,1,0,1,1,1,2,37,1,2,1,2,2,2,2,2,1,2,1,2,1,2,2,2,2,"North Carolina",1
"20439",370641,37,20125,34.52686111,-78.06896111,1,1,7,4,19,2,0,42,0,1,1,0,4,1,1,1,37,1,2,2,1,1,2,1,2,1,2,1,2,2,2,2,2,2,"North Carolina",1
"20440",370642,37,17963,35.46766667,-77.66340556,4,4,7,3,21,2,0,12,0,1,1,0,1,2,10,1,37,1,2,2,1,2,2,2,2,2,2,3,2,2,1,2,2,2,"North Carolina",1
"20441",370643,37,17787,35.55347222,-77.29048889,3,3,7,2,12,3,0,12,0,3,3,0,1,1,1,1,37,1,2,1,1,2,2,2,2,2,2,3,2,2,2,2,2,2,"North Carolina",0