"","ST_CASE","OBJECT_ID","FID","LATITUDE","LONGITUD","PERMVIT","PERSONS","MONTH","DAY_WEEK","HOUR","ROUTE","SP_JUR","HARM_EV","RELJCT1","RELJCT2","TYP_INT","WRK_ZONE","REL_ROAD","LGT_COND","WEATHER","FATALS","STATE","A_RU","A_INTER","A_TOD","A_DOW","A_CT","A_MC","A_SPCRA","A_PED","A_ROLL","A_POLPUR","A_POSBAC","A_D15_20","A_D65PLS","A_D21_24","A_HR","A_DIST","A_DROWSY","STATE_NAME","drunkDr"
"20442",370644,37,17553,35.67742222,-77.3646,2,2,7,7,1,3,0,8,0,1,1,0,1,2,1,1,37,2,2,2,2,1,2,2,1,2,2,3,2,2,2,2,2,2,"North Carolina",0
"20443",370645,37,17455,35.73500278,-79.98481944,1,1,7,3,10,3,0,1,0,1,1,0,4,1,1,1,37,1,2,1,1,1,1,1,2,2,2,2,2,2,2,2,2,2,"North Carolina",0
"20444",370646,37,17316,35.819125,-79.79709444,1,1,7,1,16,3,0,59,0,1,1,0,4,9,1,1,37,1,2,1,2,1,2,1,2,1,2,1,1,2,2,2,2,2,"North Carolina",1
"20445",370647,37,19949,34.61866667,-79.01329722,2,2,7,1,12,3,0,8,0,1,1,0,1,1,1,1,37,1,2,1,2,1,2,2,1,2,2,3,2,1,2,2,2,2,"North Carolina",0
"20446",370648,37,20285,34.43835278,-79.19870833,1,1,7,1,1,3,0,1,0,1,1,0,4,2,1,1,37,1,2,2,2,1,2,1,2,1,2,1,2,2,2,2,2,2,"North Carolina",1
"20447",370649,37,15992,36.357825,-79.68905556,4,4,7,7,19,3,9,1,0,8,1,0,1,1,1,1,37,1,2,2,2,2,1,1,2,2,2,3,1,2,2,2,2,2,"North Carolina",0
"20448",370650,37,15983,36.36127778,-79.63326389,5,5,7,1,0,3,0,8,0,1,1,0,1,2,10,1,37,1,2,2,2,1,2,2,1,2,2,3,2,2,2,2,2,2,"North Carolina",0
"20449",370651,37,16234,36.24224444,-79.66903889,1,1,7,7,0,2,0,24,0,1,1,0,3,2,1,1,37,1,2,2,2,1,2,1,2,1,2,1,2,2,2,2,2,2,"North Carolina",1
"20450",370652,37,16005,36.35152778,-79.97144444,1,1,7,4,8,3,0,12,0,1,1,0,1,1,1,1,37,1,2,1,1,2,2,2,2,2,2,3,2,1,2,2,1,2,"North Carolina",0
"20451",370653,37,18152,35.38324444,-81.95538333,1,1,7,4,15,2,0,18,0,1,1,0,1,1,2,1,37,1,2,1,1,1,2,2,2,1,2,3,2,2,2,2,2,2,"North Carolina",0
"20452",370654,37,18340,35.30095833,-78.60045,4,4,7,1,21,3,0,12,0,1,1,0,1,2,1,1,37,1,2,2,2,2,2,2,2,1,2,3,2,2,2,2,2,2,"North Carolina",1
"20453",370655,37,18472,35.24631944,-78.39183333,6,6,7,7,10,3,0,12,0,1,1,0,1,1,1,1,37,1,2,1,2,3,2,2,2,2,2,3,2,2,1,2,1,2,"North Carolina",0
"20454",370656,37,19243,34.95386667,-78.29455833,3,3,7,6,7,2,0,12,0,2,3,0,1,1,1,2,37,1,2,1,1,2,2,2,2,2,2,3,2,2,2,2,1,2,"North Carolina",0
"20455",370657,37,18654,35.18774722,-78.32883056,1,1,7,6,5,2,0,34,0,1,1,0,4,2,1,1,37,1,2,2,1,1,2,2,2,1,2,3,2,2,2,2,2,2,"North Carolina",0
"20456",370658,37,18269,35.32718333,-80.19878889,3,3,7,4,22,2,0,12,0,3,2,0,1,2,1,1,37,1,2,2,1,2,2,1,2,2,2,1,1,2,2,2,2,2,"North Carolina",1
"20457",370659,37,15759,36.51827222,-80.55246389,2,2,7,7,16,3,0,1,0,1,1,0,4,1,10,1,37,1,2,1,2,1,2,2,2,1,2,3,2,2,2,2,2,2,"North Carolina",1
"20458",370660,37,18125,35.39308889,-83.47641667,1,1,7,7,5,2,0,24,0,1,1,0,3,2,2,1,37,1,2,2,2,1,2,2,2,2,2,3,2,2,2,2,2,1,"North Carolina",0
"20459",370661,37,19069,35.03348333,-80.62199722,3,3,7,5,15,6,0,12,0,2,2,0,1,1,1,1,37,2,2,1,1,3,2,2,2,2,2,3,1,2,2,2,2,2,"North Carolina",0
"20460",370662,37,19484,34.85013611,-80.71834167,7,7,7,7,22,3,0,42,0,1,1,0,4,2,1,1,37,1,2,2,2,1,2,1,2,2,2,3,1,2,2,2,2,2,"North Carolina",1
"20461",370663,37,15908,36.40728333,-78.417775,3,3,7,7,2,3,0,12,0,1,1,0,1,2,1,1,37,1,2,2,2,3,2,2,2,2,2,3,1,1,2,2,2,2,"North Carolina",1
"20462",370664,37,17192,35.87735833,-78.57483333,2,2,7,2,11,2,0,12,1,2,2,0,1,1,1,1,37,2,2,1,1,2,2,2,2,2,2,3,1,2,1,2,2,2,"North Carolina",0
"20463",370665,37,17242,35.85665833,-78.84281667,1,1,7,6,22,3,0,9,0,2,3,0,1,2,1,1,37,2,2,2,2,1,2,2,2,2,2,3,2,1,2,2,2,2,"North Carolina",0
"20464",370666,37,17134,35.91178611,-78.6159,2,2,7,2,22,6,0,12,0,2,3,0,1,2,1,1,37,2,2,2,1,2,1,1,2,2,2,3,1,2,1,2,2,2,"North Carolina",0
"20465",370667,37,15871,36.43274167,-77.94642778,3,3,7,6,21,2,0,12,0,1,1,0,1,2,10,2,37,1,2,2,2,2,2,2,2,1,2,3,1,2,1,2,2,2,"North Carolina",0
"20466",370668,37,15886,36.42178333,-78.28361389,2,2,7,4,7,2,0,12,0,1,1,0,2,1,1,1,37,1,2,1,1,2,2,2,2,2,2,3,2,2,1,2,2,2,"North Carolina",0
"20467",370670,37,16486,36.15452222,-81.17204444,8,8,7,4,11,6,0,12,0,3,3,0,1,1,1,1,37,2,2,1,1,3,2,2,2,2,2,3,2,1,2,2,1,2,"North Carolina",0
"20468",370671,37,16513,36.14673889,-80.67187778,1,1,7,7,14,2,0,1,0,1,1,0,4,1,1,1,37,1,2,1,2,1,1,2,2,2,2,3,2,2,2,2,2,2,"North Carolina",0
"20469",370672,37,17208,35.87048611,-81.35813333,1,1,5,2,6,4,0,34,0,1,1,0,4,1,1,1,37,1,2,1,1,1,1,1,2,2,2,3,2,2,2,2,2,2,"North Carolina",0
"20470",370673,37,16025,36.34084722,-80.05168056,2,2,5,1,18,2,0,12,0,2,2,0,1,1,1,1,37,1,2,2,2,2,2,2,2,2,2,3,1,2,2,2,2,2,"North Carolina",1
"20471",370674,37,16557,36.13677222,-80.29361667,2,2,5,4,21,6,0,12,0,2,2,0,1,3,1,1,37,2,2,2,1,2,2,2,2,2,2,3,2,1,2,2,2,2,"North Carolina",0
"20472",370675,37,16358,36.19031111,-79.27871389,1,1,6,6,14,3,0,42,0,1,1,0,4,1,1,1,37,1,2,1,1,1,2,2,2,2,2,3,2,2,2,2,2,1,"North Carolina",0
"20473",370676,37,18416,35.26584167,-81.47899167,6,6,6,7,16,6,0,59,0,3,2,0,4,1,1,1,37,2,2,1,2,3,2,1,2,2,2,3,2,2,2,2,2,2,"North Carolina",0
"20474",370677,37,19650,34.77234722,-77.92155,3,3,6,7,18,3,0,42,0,1,1,0,4,1,1,1,37,1,2,2,2,1,2,2,2,1,2,3,2,2,1,2,2,2,"North Carolina",1
"20475",370678,37,17111,35.92211667,-78.26229722,2,2,6,2,14,3,0,34,0,1,1,0,4,1,1,1,37,1,2,1,1,1,2,2,2,1,2,3,2,2,2,2,2,2,"North Carolina",0
"20476",370679,37,16745,36.07565556,-79.35009167,1,1,7,3,0,6,0,8,0,1,1,0,1,2,1,1,37,2,2,2,1,1,2,2,1,2,2,3,2,2,2,2,2,2,"North Carolina",0
"20477",370680,37,15942,36.38799722,-80.99623333,2,2,7,2,15,4,0,34,0,1,1,0,4,1,1,1,37,1,2,1,1,1,2,1,2,1,2,3,2,2,2,2,2,2,"North Carolina",0
"20478",370681,37,17236,35.85860278,-81.63290278,3,3,7,6,14,4,0,12,0,2,3,0,1,1,10,1,37,1,2,1,1,2,2,2,2,1,2,3,1,2,2,2,2,2,"North Carolina",0
"20479",370682,37,17717,35.58666389,-81.08545,1,1,7,4,10,3,0,42,0,1,1,0,4,1,1,1,37,1,2,1,1,1,2,2,2,2,2,3,1,2,2,2,2,2,"North Carolina",0
"20480",370683,37,18616,35.20030556,-77.0803,2,2,7,1,20,4,0,11,0,1,1,0,1,1,1,1,37,1,2,2,2,1,2,2,2,1,2,2,2,2,2,2,2,2,"North Carolina",0
"20481",370684,37,19010,35.05965,-79.01063611,4,4,7,2,18,6,0,12,0,2,2,0,1,1,1,1,37,2,2,2,1,2,1,2,2,2,2,3,1,2,2,2,2,2,"North Carolina",0
"20482",370685,37,18815,35.12663611,-78.87944167,1,1,7,6,21,6,0,8,0,1,1,0,1,3,1,1,37,2,2,2,2,1,2,2,1,2,2,1,2,2,2,1,2,2,"North Carolina",1
"20483",370686,37,17173,35.88813611,-80.10515,1,1,7,7,5,6,0,30,0,1,1,0,4,3,1,1,37,2,2,2,2,1,2,1,2,2,2,3,2,2,2,2,2,2,"North Carolina",0
"20484",370687,37,16721,36.08535,-80.15915,5,5,7,6,15,4,0,12,0,1,1,0,1,1,1,1,37,1,2,1,1,3,2,2,2,1,2,3,2,1,2,2,2,2,"North Carolina",0
"20485",370688,37,16633,36.11091944,-78.53032222,4,4,7,3,16,3,0,42,0,1,1,0,4,1,1,1,37,1,2,1,1,1,2,2,2,2,2,3,2,2,2,2,1,2,"North Carolina",0
"20486",370689,37,16765,36.06916667,-79.62790278,4,4,7,1,21,2,0,1,0,1,1,0,1,2,1,1,37,1,2,2,2,2,1,2,2,2,2,3,2,2,2,2,2,2,"North Carolina",0
"20487",370690,37,15990,36.35879722,-77.66048333,2,2,7,2,16,3,0,12,0,2,2,0,1,1,1,1,37,1,2,1,1,2,2,1,2,1,2,3,2,2,1,2,2,2,"North Carolina",1
"20488",370691,37,16453,36.16250556,-77.70623889,2,2,7,3,21,3,0,1,0,1,1,0,4,2,1,1,37,1,2,2,1,1,2,1,2,1,2,3,2,2,2,2,2,2,"North Carolina",0
"20489",370692,37,17775,35.55689444,-76.59395556,1,1,7,1,0,2,0,34,0,1,1,0,4,2,1,1,37,1,2,2,2,1,2,1,2,2,2,1,2,2,2,2,2,2,"North Carolina",1
"20490",370693,37,18126,35.39200278,-78.46810833,3,3,8,7,23,3,0,34,0,1,1,0,4,2,1,2,37,1,2,2,2,1,2,1,2,1,2,2,2,2,1,2,2,2,"North Carolina",1
"20491",370694,37,18130,35.39117222,-77.53268611,3,3,7,4,16,3,0,12,0,2,2,0,1,1,1,1,37,1,2,1,1,2,2,2,2,2,2,3,2,2,2,2,2,2,"North Carolina",0
"20492",370695,37,18008,35.45386389,-81.24488611,1,1,7,6,8,2,0,52,0,1,1,0,4,1,1,1,37,1,2,1,1,1,2,1,2,1,2,1,2,2,2,2,2,2,"North Carolina",1
"20493",370696,37,17905,35.49385278,-81.11429167,1,1,7,6,18,3,0,30,0,1,1,0,4,1,1,1,37,1,2,2,2,1,1,1,2,2,2,1,2,2,2,2,2,2,"North Carolina",1
"20494",370697,37,18688,35.17285833,-80.88704722,1,1,7,5,5,1,0,42,0,1,1,0,4,2,1,1,37,2,1,2,1,1,2,1,2,2,2,2,2,2,1,2,2,2,"North Carolina",0
"20495",370698,37,20694,34.22868611,-77.93581667,3,3,7,7,20,6,0,12,1,2,2,0,1,3,1,1,37,2,2,2,2,3,1,1,2,2,2,3,2,1,2,2,2,2,"North Carolina",0
"20496",370699,37,19688,34.75216944,-77.31306389,3,3,7,6,5,3,0,18,0,1,1,2,4,2,1,1,37,1,2,2,1,1,2,1,1,2,2,1,2,2,2,1,2,2,"North Carolina",1
"20497",370700,37,20776,34.20293333,-77.94087778,2,2,7,6,0,2,0,34,0,1,1,0,3,2,1,1,37,1,2,2,1,1,2,1,2,2,2,1,2,2,2,2,2,2,"North Carolina",1
"20498",370701,37,15897,36.41410278,-78.95171111,1,1,7,2,12,3,0,43,0,1,1,0,5,1,1,1,37,1,2,1,1,1,2,2,2,2,2,2,2,1,2,2,2,2,"North Carolina",0
"20499",370702,37,19479,34.85223611,-79.09043333,2,2,8,3,18,3,0,9,0,1,1,0,2,1,1,1,37,1,2,2,1,1,2,1,2,1,2,3,2,2,2,2,2,2,"North Carolina",1
"20500",370703,37,18546,35.21853056,-80.11276111,3,3,7,1,13,3,0,12,0,1,1,0,1,1,1,1,37,1,2,1,2,2,2,2,2,2,2,3,2,1,2,2,2,2,"North Carolina",0
"20501",370704,37,18570,35.21241944,-80.11228333,1,1,7,6,22,2,0,8,0,1,1,0,1,3,10,1,37,1,2,2,2,1,2,2,1,2,2,3,2,2,1,2,2,2,"North Carolina",0
"20502",370705,37,17174,35.88771667,-78.69275833,2,2,7,6,17,6,0,12,0,2,2,0,1,1,1,1,37,2,2,1,1,2,2,2,2,2,2,3,2,1,2,2,2,2,"North Carolina",0
"20503",370706,37,18241,35.34466389,-77.91844167,1,1,7,6,13,3,0,8,0,8,1,0,1,1,1,1,37,1,2,1,1,1,2,2,1,2,2,3,2,2,2,2,2,2,"North Carolina",0
"20504",370707,37,17501,35.7134,-77.94550278,1,1,7,7,2,6,0,8,0,1,1,0,1,3,1,1,37,2,2,2,2,1,2,2,1,2,2,3,2,2,1,1,2,2,"North Carolina",0
"20505",370708,37,16610,36.11686944,-80.70428056,1,1,7,4,6,3,0,1,0,1,1,0,1,4,5,1,37,1,2,1,1,1,2,2,2,1,2,3,2,2,2,2,2,2,"North Carolina",0
"20506",370709,37,16810,36.05833611,-79.64216944,3,3,7,6,6,1,0,14,0,1,1,0,4,1,1,2,37,1,1,1,1,2,1,1,1,2,2,3,2,2,2,1,2,2,"North Carolina",0
"20507",370710,37,17529,35.69528889,-82.02388889,5,5,7,5,10,6,0,12,0,1,1,0,1,1,2,1,37,2,2,1,1,3,2,1,2,2,2,3,2,1,2,2,2,2,"North Carolina",0
"20508",370711,37,16703,36.08943056,-79.44766111,3,3,8,3,17,2,0,12,0,2,2,0,1,1,1,1,37,2,2,1,1,2,2,2,2,2,2,3,2,1,1,2,2,2,"North Carolina",0
"20509",370712,37,16463,36.15977222,-76.8953,1,1,8,6,13,3,0,34,0,1,1,0,4,1,1,1,37,1,2,1,1,1,2,1,2,1,2,2,2,1,2,2,2,2,"North Carolina",0
"20510",370713,37,21307,34.04105833,-78.24505,3,3,8,5,6,2,0,12,0,2,3,0,1,2,1,1,37,1,2,1,1,2,2,2,2,2,2,3,2,2,2,2,2,2,"North Carolina",0
"20511",370714,37,18455,35.25218333,-80.46931111,1,1,8,6,10,3,0,59,0,1,1,0,4,1,1,1,37,1,2,1,1,1,2,2,2,1,2,2,2,1,2,2,1,2,"North Carolina",0
"20512",370715,37,18306,35.31532222,-80.63746944,1,1,8,6,3,3,0,35,0,1,1,0,4,2,1,1,37,1,2,2,1,1,2,1,2,1,2,1,1,2,2,2,2,2,"North Carolina",1
"20513",370716,37,16108,36.30243333,-79.38751111,2,2,8,1,2,3,0,43,0,1,1,0,4,2,1,1,37,1,2,2,2,1,2,1,2,1,2,3,1,2,2,2,2,2,"North Carolina",1
"20514",370717,37,17435,35.74811389,-81.33491944,2,2,8,2,7,3,0,9,0,1,1,0,1,1,1,1,37,2,2,1,1,1,2,2,2,2,2,3,2,2,1,2,2,2,"North Carolina",1
"20515",370718,37,17450,35.73994722,-81.36745833,2,2,8,1,4,6,0,30,0,1,1,0,4,2,1,1,37,2,2,2,2,1,2,2,2,2,2,3,2,2,2,1,2,2,"North Carolina",0
"20516",370719,37,18408,35.26912222,-81.55301389,1,1,8,6,22,6,0,8,0,1,1,0,1,3,1,1,37,2,2,2,2,1,2,2,1,2,2,3,2,2,2,2,2,2,"North Carolina",0
"20517",370720,37,20398,34.37238889,-78.66200833,6,6,8,7,11,3,0,12,0,2,4,0,1,1,1,1,37,1,2,1,2,2,2,2,2,2,2,3,1,1,2,2,2,2,"North Carolina",0
"20518",370721,37,20488,34.31744167,-78.70936667,3,3,8,4,17,6,0,12,0,1,1,0,1,1,10,1,37,2,2,1,1,2,2,1,2,2,2,3,1,1,2,2,2,2,"North Carolina",0
"20519",370722,37,19126,35.00891667,-78.96681389,1,1,8,4,9,6,0,43,0,1,1,0,4,1,1,1,37,2,2,1,1,1,1,1,2,2,2,2,2,2,2,2,2,2,"North Carolina",0
"20520",370723,37,16683,36.09378889,-75.73985,5,5,8,7,1,2,0,12,0,1,1,0,1,2,1,1,37,1,2,2,2,2,2,2,2,2,2,3,2,2,2,2,2,2,"North Carolina",0
"20521",370724,37,17214,35.86878056,-80.11321389,1,1,8,1,1,6,0,7,0,1,1,0,1,2,1,1,37,2,2,2,2,1,1,1,2,2,2,1,2,2,2,2,2,2,"North Carolina",1
"20522",370725,37,17188,35.88003889,-78.82478889,3,3,8,2,16,1,0,57,0,1,1,0,3,1,1,1,37,1,1,1,1,2,1,2,2,2,2,3,2,2,2,2,2,2,"North Carolina",0
"20523",370726,37,16762,36.06996944,-80.24546944,5,5,8,1,21,6,0,12,0,1,1,0,1,5,1,1,37,2,2,2,2,2,2,1,2,2,2,3,2,2,1,2,2,2,"North Carolina",0
"20524",370727,37,16442,36.16754722,-77.81121111,2,2,8,7,11,3,0,12,0,2,2,0,1,1,1,1,37,1,2,1,2,2,2,2,2,2,2,3,2,2,1,2,2,2,"North Carolina",0
"20525",370728,37,18297,35.31914167,-78.99432222,2,2,8,4,20,3,0,42,0,1,1,0,4,5,1,1,37,1,2,2,1,1,2,1,2,2,2,3,2,2,1,2,2,2,"North Carolina",1
"20526",370729,37,18522,35.22896111,-78.93299722,2,2,8,7,3,3,0,53,0,1,1,0,4,2,1,1,37,1,2,2,2,1,2,1,2,2,2,1,2,2,1,2,2,2,"North Carolina",1
"20527",370730,37,17895,35.50076944,-78.719475,1,1,8,7,15,3,0,34,0,1,1,0,4,1,1,1,37,1,2,1,2,1,1,1,2,2,2,1,2,2,2,2,2,2,"North Carolina",1
"20528",370731,37,19137,35.00486389,-79.29923611,5,5,8,2,11,3,0,12,0,1,1,0,1,1,1,3,37,1,2,1,1,2,2,1,2,2,2,3,2,2,2,2,2,2,"North Carolina",1
"20529",370732,37,17670,35.6083,-80.79867222,1,1,8,3,23,3,0,43,0,1,1,0,4,2,1,1,37,2,2,2,1,1,2,1,2,1,2,1,2,2,2,2,2,2,"North Carolina",1
"20530",370733,37,18164,35.37781944,-83.25569722,2,2,8,4,9,2,0,12,0,1,1,0,1,1,1,1,37,1,2,1,1,2,1,2,2,2,2,3,2,2,2,2,2,2,"North Carolina",0
"20531",370734,37,17914,35.492575,-83.18523333,1,1,8,4,21,2,3,42,0,1,1,0,4,1,1,1,37,2,2,2,1,1,1,2,2,2,2,2,2,2,2,2,2,2,"North Carolina",0
"20532",370735,37,18146,35.38403889,-78.527875,10,10,8,1,4,1,0,24,0,1,1,0,4,2,1,1,37,1,1,2,2,2,2,1,2,2,2,3,2,1,1,2,2,2,"North Carolina",0
"20533",370737,37,18782,35.14494167,-83.30558611,5,5,8,4,14,2,0,1,0,1,1,0,1,1,1,2,37,1,2,1,1,2,2,1,2,1,2,3,1,1,2,2,2,2,"North Carolina",0
"20534",370738,37,17946,35.4738,-80.93752778,2,2,8,1,1,6,0,42,0,1,1,0,4,3,1,2,37,2,2,2,2,1,2,1,2,2,1,3,2,2,1,2,2,2,"North Carolina",0
"20535",370739,37,18717,35.16348333,-80.9556,1,1,8,2,6,1,0,1,0,1,1,0,4,4,1,1,37,2,1,1,1,1,2,2,2,1,2,3,2,2,2,2,2,2,"North Carolina",0
"20536",370740,37,19566,34.81085,-77.36969444,1,1,8,7,0,4,0,8,0,1,1,0,1,2,10,1,37,1,2,2,2,1,2,1,1,2,2,1,2,2,1,2,2,2,"North Carolina",1
"20537",370741,37,17280,35.83806389,-79.98480833,1,1,8,5,1,4,0,8,0,1,1,0,1,2,1,1,37,1,2,2,1,1,2,2,1,2,2,3,2,2,1,2,2,2,"North Carolina",0
"20538",370742,37,17599,35.64987222,-79.76761667,1,1,8,6,14,4,0,34,0,1,1,0,4,1,10,1,37,1,2,1,1,1,1,1,2,2,2,2,2,1,2,2,2,2,"North Carolina",0
"20539",370743,37,20211,34.48194167,-79.08771389,2,2,8,4,17,3,0,12,0,1,1,0,1,1,1,1,37,1,2,1,1,2,2,2,2,2,2,3,2,1,2,2,2,2,"North Carolina",0
"20540",370744,37,19813,34.692425,-79.12121389,1,1,8,7,22,4,0,8,0,1,1,0,1,2,1,1,37,1,2,2,2,1,2,2,1,2,2,3,2,2,2,2,2,2,"North Carolina",1
"20541",370745,37,17870,35.51143889,-80.30113611,1,1,8,1,23,4,0,18,0,1,1,0,4,2,10,1,37,1,2,2,2,1,2,1,2,2,2,2,2,2,2,2,2,2,"North Carolina",0
"20542",370746,37,17589,35.65485556,-80.37372778,1,1,8,7,14,4,0,34,0,1,1,0,4,1,1,1,37,1,2,1,2,1,2,2,2,1,2,2,2,1,2,2,2,2,"North Carolina",0
"20543",370747,37,17595,35.65127222,-80.49844722,1,1,8,2,13,6,0,12,0,1,1,0,1,1,1,1,37,2,2,1,1,2,2,2,2,2,2,3,2,2,2,2,1,2,"North Carolina",0
"20544",370748,37,18655,35.18766389,-78.25809722,1,1,8,4,16,4,0,34,0,1,1,0,4,1,1,1,37,1,2,1,1,1,2,1,2,1,2,1,2,2,2,2,2,2,"North Carolina",1
"20545",370749,37,18739,35.15711944,-78.61536111,3,3,8,5,11,2,0,12,0,2,2,0,1,1,1,1,37,1,2,1,1,2,2,2,2,1,2,3,1,2,2,2,2,2,"North Carolina",0
"20546",370751,37,15851,36.44638333,-80.54560556,6,6,8,7,10,1,0,52,0,1,1,0,4,1,1,1,37,1,1,1,2,1,2,2,2,2,2,3,2,2,2,2,2,1,"North Carolina",0
"20547",370752,37,16045,36.32843611,-78.38403333,1,1,8,7,23,4,0,42,0,1,1,0,4,2,1,1,37,1,2,2,2,1,2,2,2,2,2,1,2,2,2,2,2,2,"North Carolina",1
"20548",370753,37,17517,35.70243333,-78.58216944,1,1,8,7,11,1,0,52,0,1,1,0,4,1,1,1,37,2,1,1,2,1,2,2,2,2,2,3,2,2,2,2,2,2,"North Carolina",0
"20549",370754,37,17534,35.69126667,-78.56133056,6,6,8,2,8,2,0,12,0,1,1,0,1,1,1,1,37,2,2,1,1,3,2,2,2,2,2,3,2,1,1,2,1,2,"North Carolina",0
"20550",370755,37,17081,35.93666111,-81.53698889,1,1,7,6,23,6,0,14,0,8,1,0,5,3,1,1,37,2,2,2,2,1,2,2,2,2,2,2,2,2,2,2,2,2,"North Carolina",0
"20551",370756,37,17943,35.475575,-77.43507222,3,3,7,3,13,3,0,12,0,2,2,0,1,1,1,1,37,2,2,1,1,2,2,2,2,2,2,3,2,2,2,2,1,2,"North Carolina",0
"20552",370757,37,15787,36.50209444,-79.77575556,4,4,7,1,17,6,0,12,0,2,2,0,1,1,10,1,37,2,2,1,2,2,1,1,2,2,2,3,2,2,2,2,2,2,"North Carolina",0
"20553",370758,37,17138,35.90836111,-78.77617778,1,1,7,2,22,6,0,8,0,1,1,0,1,2,10,1,37,2,2,2,1,1,2,2,1,2,2,3,2,2,2,2,2,2,"North Carolina",0
"20554",370759,37,16501,36.15012778,-81.20396111,2,2,7,4,8,2,0,12,0,4,1,0,1,1,10,1,37,2,2,1,1,2,2,2,2,2,2,3,2,1,2,2,2,2,"North Carolina",0
"20555",370760,37,19121,35.01058889,-80.12352222,2,2,8,4,18,3,0,42,0,1,1,0,4,1,1,1,37,1,2,2,1,1,2,2,2,2,2,3,2,1,2,2,1,2,"North Carolina",0
"20556",370761,37,15857,36.44401111,-81.37856667,1,1,8,5,14,3,0,1,0,1,1,0,4,1,1,1,37,1,2,1,1,1,2,2,2,1,2,3,2,2,2,2,2,2,"North Carolina",0
"20557",370762,37,16468,36.15907778,-81.88595833,1,1,8,1,15,3,0,9,0,1,1,0,1,1,2,1,37,1,2,1,2,1,2,2,2,2,2,3,2,2,2,2,2,2,"North Carolina",0
"20558",370763,37,16546,36.13891944,-81.80981389,2,2,8,6,14,3,0,12,0,1,1,0,1,1,1,1,37,1,2,1,1,2,2,2,2,2,2,3,1,2,2,2,1,2,"North Carolina",0
"20559",370764,37,21839,33.90504167,-78.55784722,2,2,8,5,22,3,0,32,0,1,1,0,4,2,1,2,37,1,2,2,1,1,2,1,2,2,2,1,2,2,2,2,2,2,"North Carolina",1
"20560",370765,37,17431,35.75187778,-81.82763056,3,3,8,5,0,3,0,35,0,1,1,0,4,2,10,1,37,1,2,2,1,1,2,2,2,2,2,2,2,2,2,2,1,2,"North Carolina",0
"20561",370766,37,17729,35.58022222,-80.99020556,3,3,8,1,15,3,0,12,0,1,1,0,1,1,1,1,37,1,2,1,2,2,1,2,2,2,2,1,1,2,2,2,2,2,"North Carolina",1
"20562",370767,37,18467,35.24984722,-81.33663611,1,1,8,6,7,2,0,8,0,1,1,0,1,2,1,1,37,2,2,1,1,1,2,2,1,2,2,3,2,2,2,1,1,2,"North Carolina",0
"20563",370768,37,18973,35.07473056,-77.05193889,1,1,8,3,13,3,0,32,0,1,1,0,4,1,1,1,37,1,2,1,1,1,2,2,2,1,2,2,2,1,2,2,2,2,"North Carolina",0
"20564",370769,37,19276,34.93868889,-78.92308333,5,5,8,4,14,3,0,12,0,1,1,0,1,1,1,1,37,1,2,1,1,2,2,2,2,2,2,3,2,2,2,2,2,2,"North Carolina",1
"20565",370770,37,16863,36.04035278,-78.81838333,2,2,8,5,16,3,0,12,0,2,3,0,1,1,1,1,37,1,2,1,1,2,1,2,2,2,2,3,2,2,1,2,2,2,"North Carolina",0
"20566",370771,37,16839,36.05013611,-80.06533056,2,2,8,7,21,3,0,12,0,2,2,0,1,3,1,1,37,1,2,2,2,2,2,2,2,2,2,3,2,1,2,2,2,2,"North Carolina",0
"20567",370772,37,16708,36.08833889,-80.257775,1,1,8,1,21,6,0,8,0,1,1,0,1,3,1,1,37,2,2,2,2,1,2,2,1,2,2,3,2,1,2,2,2,2,"North Carolina",0
"20568",370773,37,16706,36.08847778,-80.25781944,1,1,8,6,11,6,0,26,0,1,1,0,3,1,1,1,37,2,2,1,1,1,1,2,2,2,2,1,2,2,2,2,2,2,"North Carolina",1
"20569",370774,37,16397,36.17745833,-80.18548333,4,4,8,1,15,3,0,1,0,1,1,0,1,1,10,1,37,2,2,1,2,1,2,2,2,1,2,3,2,2,2,2,2,2,"North Carolina",0
"20570",370775,37,18440,35.25702222,-81.20224722,4,4,8,2,13,6,0,12,0,2,2,0,1,1,1,2,37,2,2,1,1,2,2,2,2,2,2,3,2,1,2,2,2,2,"North Carolina",0