"","ST_CASE","OBJECT_ID","FID","LATITUDE","LONGITUD","PERMVIT","PERSONS","MONTH","DAY_WEEK","HOUR","ROUTE","SP_JUR","HARM_EV","RELJCT1","RELJCT2","TYP_INT","WRK_ZONE","REL_ROAD","LGT_COND","WEATHER","FATALS","STATE","A_RU","A_INTER","A_TOD","A_DOW","A_CT","A_MC","A_SPCRA","A_PED","A_ROLL","A_POLPUR","A_POSBAC","A_D15_20","A_D65PLS","A_D21_24","A_HR","A_DIST","A_DROWSY","STATE_NAME","drunkDr"
"20700",370910,37,16190,36.26135556,-80.20132222,1,1,9,3,13,3,0,38,0,1,1,0,4,1,1,1,37,1,2,1,1,1,2,2,2,1,2,2,2,2,2,2,2,2,"North Carolina",0
"20701",370911,37,18393,35.27400833,-82.70437778,1,1,9,7,21,2,0,1,0,1,1,0,1,2,1,1,37,1,2,2,2,1,2,2,2,1,2,2,2,2,2,2,2,2,"North Carolina",0
"20702",370912,37,18823,35.12445556,-80.59803333,1,1,9,4,1,5,0,59,0,1,1,0,4,2,1,1,37,2,2,2,1,1,2,1,2,2,2,2,2,2,2,2,2,2,"North Carolina",0
"20703",370913,37,16425,36.17256111,-78.44809444,2,2,9,3,8,2,0,12,0,2,3,0,1,1,1,1,37,1,2,1,1,2,2,1,2,2,2,3,1,2,2,2,2,2,"North Carolina",1
"20704",370914,37,16086,36.31345278,-78.39260278,2,2,9,7,17,6,0,8,0,1,1,0,1,9,1,1,37,2,2,1,2,1,2,2,1,2,2,3,1,2,2,1,2,2,"North Carolina",0
"20705",370915,37,16049,36.32711944,-78.39362222,1,1,9,1,13,3,0,34,0,1,1,0,4,1,1,1,37,1,2,1,2,1,2,2,2,2,2,1,2,2,2,2,2,2,"North Carolina",1
"20706",370916,37,17292,35.83315833,-78.67511389,3,3,9,4,17,1,0,12,0,1,1,0,1,1,1,1,37,2,1,1,1,3,1,1,2,2,2,3,1,2,2,2,2,2,"North Carolina",0
"20707",370917,37,17389,35.77621944,-78.60996389,1,1,9,7,1,6,0,32,0,1,1,0,4,3,1,1,37,2,2,2,2,1,1,1,2,2,1,1,2,2,2,2,2,2,"North Carolina",1
"20708",370918,37,17285,35.83551944,-78.595975,1,1,9,1,6,6,0,8,0,1,1,0,1,4,10,1,37,2,2,1,2,1,2,2,1,2,2,3,2,2,2,2,2,2,"North Carolina",0
"20709",370919,37,17538,35.68931111,-78.58203611,4,4,9,4,18,6,0,12,0,2,2,0,1,1,1,1,37,2,2,2,1,2,2,1,2,1,2,1,2,1,1,2,2,2,"North Carolina",1
"20710",370920,37,17700,35.59178333,-78.78175833,7,7,9,5,20,3,0,12,0,1,1,0,1,2,1,1,37,1,2,2,1,3,1,1,2,2,2,3,1,1,2,2,1,2,"North Carolina",0
"20711",370921,37,17436,35.74758889,-78.59045556,1,1,9,7,23,6,0,8,0,1,1,0,1,2,2,1,37,2,2,2,2,1,2,2,1,2,2,3,2,2,2,2,2,2,"North Carolina",0
"20712",370922,37,15906,36.40806389,-78.17620833,1,1,9,7,3,3,0,8,0,1,1,0,1,2,1,1,37,1,2,2,2,1,2,2,1,2,2,3,2,2,2,2,2,2,"North Carolina",0
"20713",370923,37,16296,36.21400556,-81.67170833,1,1,9,4,15,5,0,35,0,1,1,0,4,1,1,1,37,2,2,1,1,1,2,2,2,1,2,2,2,1,2,2,2,2,"North Carolina",0
"20714",370924,37,18200,35.36308889,-78.01048611,3,3,9,3,9,2,0,12,0,2,2,0,1,1,10,1,37,1,2,1,1,2,2,2,2,2,2,3,2,1,2,2,2,2,"North Carolina",0
"20715",370925,37,18234,35.34893889,-77.982675,3,3,9,6,19,3,0,8,0,1,1,0,1,1,1,1,37,1,2,2,2,1,2,2,1,2,2,3,2,2,2,2,2,2,"North Carolina",0
"20716",370926,37,17491,35.71971389,-77.948775,5,5,9,2,15,6,0,12,0,2,2,0,1,1,2,1,37,2,2,1,1,2,2,2,2,2,2,3,2,2,2,2,2,2,"North Carolina",0
"20717",370927,37,16294,36.21485278,-80.51453889,4,4,9,1,2,3,0,12,0,1,1,0,1,2,2,1,37,1,2,2,2,2,2,2,2,2,2,1,2,2,2,2,2,2,"North Carolina",1
"20718",370928,37,16095,36.30911944,-78.59016389,1,1,7,1,21,6,0,8,0,3,2,0,1,3,2,1,37,2,2,2,2,1,2,2,1,2,2,3,2,1,2,2,2,2,"North Carolina",0
"20719",370929,37,16757,36.07189444,-79.42756944,2,2,9,5,21,3,0,12,0,2,3,0,1,3,1,1,37,2,2,2,1,2,1,2,2,2,2,3,1,2,1,2,1,2,"North Carolina",0
"20720",370930,37,18231,35.34985833,-80.69051667,2,2,9,1,17,6,0,53,0,1,1,0,4,1,2,2,37,2,2,1,2,1,2,1,2,2,2,1,2,2,2,2,2,2,"North Carolina",1
"20721",370931,37,18893,35.10185556,-78.90094444,1,1,9,4,0,6,0,42,0,1,1,0,4,3,10,1,37,2,2,2,1,1,2,1,2,2,2,1,2,2,2,2,2,2,"North Carolina",1
"20722",370932,37,17446,35.74126389,-81.081225,4,4,9,5,10,1,0,12,0,1,1,0,1,1,10,1,37,1,1,1,1,3,1,1,2,2,2,3,2,1,2,2,1,2,"North Carolina",0
"20723",370933,37,19225,34.96028056,-78.81693056,1,1,9,2,17,3,0,5,0,1,1,0,2,1,1,1,37,1,2,1,1,1,1,2,2,2,2,2,2,1,2,2,2,2,"North Carolina",0
"20724",370934,37,18977,35.0743,-78.76553056,3,3,9,3,18,3,0,12,0,2,2,0,1,1,1,1,37,1,2,2,1,2,2,2,2,1,2,3,2,2,2,2,1,2,"North Carolina",0
"20725",370935,37,18160,35.37977222,-81.23101389,1,1,9,4,3,3,0,34,0,1,1,0,4,2,1,1,37,1,2,2,1,1,2,2,2,1,2,1,2,2,2,2,2,2,"North Carolina",1
"20726",370936,37,15804,36.49155278,-78.53859722,1,1,9,7,13,3,0,1,0,1,1,0,1,1,1,1,37,1,2,1,2,1,2,1,2,1,2,1,2,2,2,2,2,2,"North Carolina",1
"20727",370937,37,16794,36.061925,-79.58055556,2,2,9,5,0,1,0,12,0,1,1,0,1,3,1,1,37,1,1,2,1,2,2,1,2,2,2,3,2,1,2,2,1,2,"North Carolina",0
"20728",370938,37,16521,36.14427222,-79.76224167,1,1,9,3,20,6,0,8,0,1,1,0,1,3,10,1,37,2,2,2,1,1,2,2,1,2,2,3,2,2,2,2,2,2,"North Carolina",0
"20729",370939,37,18334,35.304825,-82.44430833,3,3,9,5,16,2,0,12,0,2,3,0,1,1,1,1,37,1,2,1,1,2,2,2,2,1,2,3,2,1,1,2,2,2,"North Carolina",0
"20730",370940,37,18006,35.45400278,-81.24480278,3,3,9,7,9,2,0,1,0,1,1,0,3,1,2,1,37,1,2,1,2,1,2,2,2,1,2,3,2,2,2,2,1,2,"North Carolina",0
"20731",370941,37,18687,35.17328056,-80.88715556,3,3,9,2,2,1,0,12,1,17,1,0,1,3,1,1,37,2,1,2,2,2,2,1,2,2,2,1,1,2,2,2,2,2,"North Carolina",1
"20732",370942,37,18550,35.21687778,-80.83526111,23,23,9,2,16,6,0,12,0,2,2,0,1,1,10,1,37,2,2,1,1,3,2,2,2,2,2,3,2,2,2,2,2,2,"North Carolina",0
"20733",370943,37,18721,35.162475,-80.73962222,2,2,9,3,0,2,0,12,0,2,2,0,1,3,2,1,37,2,2,2,1,2,2,2,2,2,2,3,2,1,2,2,2,2,"North Carolina",0
"20734",370944,37,19946,34.62145833,-78.01895,3,3,9,1,8,5,0,12,0,2,2,0,1,1,10,1,37,1,2,1,2,2,2,2,2,2,2,3,1,2,2,2,2,2,"North Carolina",0
"20735",370945,37,17073,35.94158056,-79.47452778,2,2,10,6,18,3,0,12,0,1,1,0,1,1,1,1,37,1,2,2,2,2,1,2,2,2,2,3,2,2,2,2,2,2,"North Carolina",0
"20736",370946,37,17143,35.90683611,-81.187225,2,2,10,6,19,2,0,12,0,1,1,0,1,2,2,1,37,1,2,2,2,2,2,2,2,1,2,3,2,2,1,2,2,2,"North Carolina",1
"20737",370947,37,17876,35.50891111,-82.3906,3,3,10,1,19,2,0,42,0,1,1,0,4,2,1,1,37,1,2,2,2,1,2,1,2,1,2,1,2,2,2,2,2,2,"North Carolina",1
"20738",370948,37,17625,35.63636944,-82.56813056,1,1,10,3,18,2,0,42,0,1,1,0,4,5,1,1,37,2,2,2,1,1,2,1,2,2,2,3,2,2,2,2,2,2,"North Carolina",0
"20739",370949,37,18261,35.32975278,-80.51324167,1,1,10,4,14,3,0,18,0,1,1,0,5,1,1,1,37,1,2,1,1,1,2,2,1,2,2,3,2,2,2,2,2,1,"North Carolina",0
"20740",370950,37,18407,35.26987778,-80.59226111,1,1,10,6,0,5,0,32,0,1,1,0,4,3,1,1,37,1,2,2,1,1,2,1,2,1,2,1,2,2,2,2,2,2,"North Carolina",1
"20741",370951,37,18073,35.41560833,-80.5567,1,1,10,5,13,3,0,23,0,1,1,0,4,1,1,1,37,2,2,1,1,1,2,2,2,1,2,2,2,1,2,2,2,2,"North Carolina",0
"20742",370952,37,17245,35.85534444,-81.64835278,3,3,10,6,18,5,0,35,0,1,1,0,4,1,1,1,37,1,2,2,2,1,2,1,2,1,2,1,2,2,2,2,2,2,"North Carolina",1
"20743",370953,37,17848,35.52376667,-79.45208889,1,1,10,2,6,3,0,1,0,1,1,0,4,2,1,1,37,1,2,1,1,1,2,1,2,1,2,1,2,2,1,2,2,2,"North Carolina",1
"20744",370954,37,18519,35.22994722,-78.64059167,3,3,10,5,13,1,0,16,0,1,1,0,1,1,2,1,37,1,1,1,1,2,2,2,2,2,2,3,2,2,2,2,2,2,"North Carolina",0
"20745",370955,37,18648,35.18940278,-78.71218611,1,1,10,1,21,5,0,32,0,1,1,0,4,3,2,1,37,1,2,2,2,1,2,2,2,2,2,2,2,2,2,2,2,2,"North Carolina",0
"20746",370956,37,19008,35.06071389,-78.89185833,1,1,10,5,1,6,0,8,0,1,1,0,1,2,1,1,37,2,2,2,1,1,2,2,1,2,2,3,2,2,1,2,2,2,"North Carolina",0
"20747",370957,37,17232,35.86111944,-80.07975833,2,2,10,3,20,1,0,12,0,1,1,0,1,2,1,1,37,2,1,2,1,2,2,1,2,2,2,3,2,2,1,2,2,2,"North Carolina",0
"20748",370958,37,19013,35.05901111,-77.78755278,1,1,10,7,14,3,0,53,0,1,1,0,4,1,1,1,37,1,2,1,2,1,2,2,2,1,2,2,2,1,2,2,1,2,"North Carolina",0
"20749",370959,37,16971,35.99019722,-78.85825,1,1,10,1,3,3,0,8,0,1,1,0,1,2,1,1,37,2,2,2,2,1,2,1,1,2,2,3,2,2,2,2,2,2,"North Carolina",0
"20750",370960,37,16955,35.99625278,-78.95825,2,2,10,3,3,2,0,8,0,1,1,0,1,2,1,1,37,2,2,2,1,1,2,2,1,2,2,3,2,2,2,2,2,2,"North Carolina",0
"20751",370961,37,16637,36.10990278,-80.27609167,3,3,10,6,14,6,0,16,0,1,1,0,1,1,2,1,37,2,2,1,1,2,2,2,2,2,2,3,2,1,2,2,2,2,"North Carolina",0
"20752",370962,37,16906,36.02371111,-80.35233611,2,2,10,3,21,2,0,12,0,1,1,0,1,2,1,1,37,1,2,2,1,2,1,2,2,2,2,3,2,2,2,2,2,2,"North Carolina",0
"20753",370963,37,16598,36.12229722,-78.35594444,2,2,10,7,1,4,0,42,0,1,1,0,4,2,1,1,37,1,2,2,2,1,2,1,2,1,2,1,1,2,2,2,2,2,"North Carolina",1
"20754",370964,37,18464,35.25065,-81.052575,3,3,10,6,10,2,0,54,0,3,3,0,1,1,10,1,37,2,2,1,1,2,2,2,2,2,2,3,2,2,1,2,1,2,"North Carolina",0
"20755",370965,37,15866,36.43480278,-76.61096667,1,1,10,2,11,3,0,9,0,1,1,0,1,1,10,1,37,1,2,1,1,1,2,1,2,2,2,3,2,1,2,2,2,2,"North Carolina",0
"20756",370966,37,17654,35.61568889,-77.6694,4,4,10,4,7,2,0,12,0,1,1,0,1,1,1,2,37,1,2,1,1,3,1,1,2,2,2,3,2,2,1,2,2,2,"North Carolina",0
"20757",370967,37,17031,35.9598,-79.97838889,2,2,10,6,12,6,0,12,0,2,3,0,1,1,1,1,37,2,2,1,1,2,1,2,2,2,2,3,1,1,2,2,2,2,"North Carolina",0
"20758",370968,37,16922,36.01676944,-79.97845833,2,2,10,2,2,6,0,12,0,1,1,0,1,3,10,1,37,2,2,2,2,2,2,2,2,2,2,3,1,2,2,2,2,2,"North Carolina",1
"20759",370969,37,16821,36.05426944,-79.89416111,2,2,10,3,7,6,0,8,0,1,1,0,1,1,1,1,37,2,2,1,1,2,2,2,1,2,2,3,2,2,2,2,2,2,"North Carolina",0
"20760",370970,37,15848,36.45102222,-77.65966667,3,3,10,7,0,6,0,8,0,2,2,0,1,3,2,1,37,2,2,2,2,1,2,2,1,2,2,3,1,2,2,2,2,2,"North Carolina",0
"20761",370971,37,16589,36.12412778,-77.40374444,3,3,10,7,19,3,0,42,0,1,1,0,4,5,10,3,37,1,2,2,2,1,2,1,2,2,2,1,2,2,2,2,2,2,"North Carolina",1
"20762",370972,37,18263,35.32898611,-78.94424444,3,3,10,5,7,4,0,34,0,1,1,0,4,1,1,1,37,1,2,1,1,1,2,1,2,1,2,3,2,2,2,2,2,2,"North Carolina",0
"20763",370973,37,17441,35.74386111,-80.89553333,8,8,10,7,12,2,0,12,0,2,3,0,1,1,2,1,37,1,2,1,2,3,2,2,2,2,2,3,2,2,2,2,2,2,"North Carolina",0
"20764",370974,37,18406,35.27,-83.29340556,3,3,10,7,16,2,0,12,0,1,1,0,1,1,2,1,37,1,2,1,2,2,2,1,2,2,2,3,2,1,2,2,2,2,"North Carolina",0
"20765",370975,37,17686,35.60098611,-78.59723056,1,1,10,7,1,4,0,32,0,1,1,0,4,2,1,1,37,1,2,2,2,1,2,1,2,1,2,3,2,2,2,2,2,2,"North Carolina",0
"20766",370976,37,18161,35.37970278,-79.12736944,1,1,10,1,13,5,0,42,0,1,1,0,4,1,1,1,37,1,2,1,2,1,2,2,2,1,2,2,2,1,2,2,1,2,"North Carolina",0
"20767",370977,37,17920,35.48732222,-81.01907222,1,1,10,7,13,5,0,1,0,1,1,0,4,1,2,1,37,1,2,1,2,1,2,1,2,1,2,1,2,2,2,2,2,2,"North Carolina",1
"20768",370978,37,17443,35.74335278,-82.86981389,1,1,10,5,16,3,0,35,0,1,1,0,4,1,1,1,37,1,2,1,1,1,2,1,2,1,2,2,2,2,2,2,2,2,"North Carolina",0
"20769",370979,37,18689,35.17283333,-80.86445278,3,3,10,2,15,6,0,12,0,1,1,0,1,1,1,1,37,2,2,1,1,3,2,1,2,2,2,3,2,2,2,2,2,2,"North Carolina",0
"20770",370980,37,18323,35.30783333,-80.84498056,1,1,10,7,20,6,0,8,0,1,1,0,1,2,1,1,37,2,2,2,2,1,2,2,1,2,2,3,1,2,2,2,2,2,"North Carolina",0
"20771",370981,37,18793,35.139775,-80.81906111,3,3,10,1,0,6,0,33,0,1,1,0,4,3,1,1,37,2,2,2,2,1,2,1,2,2,2,3,1,2,2,2,2,2,"North Carolina",0
"20772",370982,37,18448,35.25364167,-80.903625,5,5,10,2,17,6,0,12,0,2,2,0,1,5,10,1,37,2,2,1,1,2,2,2,2,1,2,3,2,1,2,2,2,2,"North Carolina",0
"20773",370983,37,18642,35.19151944,-79.61672778,2,2,10,2,10,5,0,12,0,1,1,0,1,1,1,2,37,1,2,1,1,2,2,2,2,1,2,2,2,1,2,2,2,2,"North Carolina",0
"20774",370984,37,16890,36.030775,-77.81241944,2,2,10,2,6,3,0,12,0,1,1,0,1,1,1,1,37,1,2,1,1,2,2,2,2,2,2,3,2,2,2,2,2,2,"North Carolina",0
"20775",370985,37,20546,34.28114444,-77.87880833,2,2,10,1,6,5,0,53,0,1,1,0,4,2,1,1,37,1,2,1,2,1,2,1,2,1,2,1,2,2,2,2,2,2,"North Carolina",1
"20776",370986,37,17739,35.57103333,-77.13177222,2,2,10,4,19,5,0,8,0,1,1,0,1,5,1,1,37,1,2,2,1,1,2,2,1,2,2,3,1,2,2,2,2,2,"North Carolina",0
"20777",370987,37,17744,35.567825,-77.40275833,1,1,10,4,20,3,0,8,0,1,1,0,1,3,1,1,37,2,2,2,1,1,2,2,1,2,2,3,2,2,2,2,2,2,"North Carolina",0
"20778",370988,37,17693,35.59839167,-77.32862778,4,4,10,1,0,3,0,8,0,2,2,0,1,3,1,1,37,2,2,2,2,1,2,2,1,2,2,3,2,2,1,2,2,2,"North Carolina",0
"20779",370989,37,17380,35.78155833,-79.78377778,11,11,10,4,15,5,0,12,0,1,1,0,1,1,1,1,37,1,2,1,1,2,2,1,2,2,2,1,2,2,2,2,2,2,"North Carolina",1
"20780",370990,37,17648,35.61975556,-79.66402222,2,2,10,6,7,3,0,32,0,1,1,0,4,1,1,1,37,1,2,1,1,1,2,1,2,1,2,3,2,2,2,2,2,2,"North Carolina",0
"20781",370991,37,18876,35.10706667,-79.79789444,1,1,10,7,1,5,0,11,0,1,1,0,1,2,1,1,37,1,2,2,2,1,1,2,2,2,2,2,2,2,2,2,2,2,"North Carolina",0
"20782",370992,37,19457,34.86029444,-79.02361111,3,3,10,1,3,5,0,42,0,1,1,0,4,2,10,1,37,1,2,2,2,1,2,1,2,1,2,1,2,2,1,2,2,2,"North Carolina",1
"20783",370993,37,19369,34.899125,-79.08276389,1,1,10,3,5,3,0,12,0,1,1,0,1,2,1,1,37,1,2,2,1,2,2,1,2,2,2,2,2,2,2,2,2,2,"North Carolina",0
"20784",370994,37,19784,34.70652778,-79.11584167,1,1,10,2,10,5,0,34,0,1,1,0,4,1,1,1,37,1,2,1,1,1,2,1,2,1,2,2,2,2,2,2,2,2,"North Carolina",0
"20785",370995,37,20004,34.58785278,-78.90018056,2,2,10,7,22,3,0,12,0,1,1,0,1,2,1,1,37,1,2,2,2,2,2,1,2,1,2,1,2,2,2,1,2,2,"North Carolina",1
"20786",370996,37,15941,36.38810278,-79.66839167,2,2,10,4,6,3,0,12,0,2,3,0,1,2,10,1,37,1,2,1,1,2,2,2,2,2,2,3,2,1,2,2,2,2,"North Carolina",0
"20787",370997,37,17732,35.57636111,-80.55590833,2,2,10,7,20,1,0,12,0,1,1,0,1,2,1,1,37,1,1,2,2,2,2,1,2,2,2,3,1,2,2,2,2,2,"North Carolina",0
"20788",370998,37,15894,36.41585278,-80.60285556,1,1,10,5,23,5,0,38,0,1,1,0,4,2,1,1,37,1,2,2,1,1,2,1,2,1,2,1,2,2,2,2,2,2,"North Carolina",1
"20789",370999,37,19399,34.88736667,-80.619075,6,6,10,1,1,5,0,12,0,1,1,0,1,2,1,1,37,1,2,2,2,2,2,1,2,2,2,1,2,2,1,2,2,2,"North Carolina",2
"20790",371000,37,17544,35.68392778,-78.53876389,2,2,10,2,5,2,0,12,0,1,1,0,1,3,1,1,37,1,2,2,2,2,1,2,2,2,2,3,2,2,1,2,2,2,"North Carolina",0
"20791",371001,37,17063,35.94565833,-78.54848056,3,3,10,6,11,6,0,12,0,2,2,0,1,1,1,1,37,2,2,1,1,3,2,2,2,1,2,3,2,2,2,2,2,2,"North Carolina",0
"20792",371002,37,17282,35.83594167,-78.56976389,1,1,10,1,0,6,0,41,0,1,1,0,4,3,10,1,37,2,2,2,2,1,2,1,2,2,2,1,2,2,1,2,2,2,"North Carolina",1
"20793",371003,37,17171,35.88956667,-78.52714722,1,1,10,6,21,5,0,34,0,1,1,0,4,2,1,1,37,1,2,2,2,1,2,1,2,1,2,1,2,2,2,2,2,2,"North Carolina",1
"20794",371004,37,16035,36.33340278,-78.14223333,1,1,10,6,20,5,0,1,0,1,1,0,1,2,1,1,37,1,2,2,2,1,2,2,2,1,2,1,2,2,2,2,2,2,"North Carolina",1
"20795",371005,37,16395,36.17887778,-81.64754167,3,3,10,6,19,2,0,12,0,1,1,0,1,2,1,1,37,1,2,2,2,2,2,2,2,2,2,3,2,2,2,2,2,2,"North Carolina",0
"20796",371006,37,17527,35.69645833,-78.05063889,2,2,10,7,2,1,0,42,0,1,1,0,4,2,1,2,37,1,1,2,2,1,2,2,2,2,2,1,1,2,2,2,2,2,"North Carolina",1
"20797",371007,37,16681,36.09432778,-80.65464167,1,1,10,3,15,2,0,1,0,2,3,0,1,1,1,1,37,1,2,1,1,1,1,1,2,2,2,2,2,2,1,2,2,2,"North Carolina",0
"20798",371008,37,17743,35.56825556,-81.41086111,1,1,8,3,8,3,0,35,0,1,1,0,4,1,10,1,37,1,2,1,1,1,2,2,2,1,2,2,2,2,2,2,2,2,"North Carolina",0
"20799",371009,37,17578,35.65995,-82.58363611,3,3,10,3,14,2,0,12,0,1,1,0,1,1,2,1,37,2,2,1,1,2,2,1,2,2,2,3,1,1,2,2,2,2,"North Carolina",0
"20800",371010,37,18397,35.27299167,-81.42456944,2,2,10,6,8,3,0,12,0,2,2,0,1,1,1,1,37,1,2,1,1,2,2,2,2,2,2,3,2,1,2,2,2,2,"North Carolina",0
"20801",371011,37,19149,34.99502778,-78.8314,7,7,10,6,14,1,0,42,0,1,1,0,3,1,1,4,37,1,1,1,1,1,2,2,2,1,2,1,2,2,2,2,1,2,"North Carolina",1
"20802",371012,37,18935,35.08647222,-78.93221111,1,1,10,7,12,6,0,43,0,1,1,0,4,1,1,1,37,2,2,1,2,1,1,2,2,2,2,2,2,2,2,2,2,2,"North Carolina",0
"20803",371013,37,19150,34.99492222,-78.83135833,5,5,10,6,19,1,0,1,1,5,1,0,4,2,1,1,37,1,1,2,2,1,2,1,2,1,2,3,2,2,1,2,1,2,"North Carolina",0
"20804",371014,37,15943,36.38782778,-76.00525,4,4,10,6,14,2,0,12,0,4,1,0,1,1,1,1,37,1,2,1,1,2,2,2,2,2,2,3,2,1,2,2,2,2,"North Carolina",0
"20805",371015,37,17408,35.76418611,-80.21515556,1,1,10,7,1,3,0,1,0,1,1,0,4,2,1,1,37,1,2,2,2,1,2,1,2,1,2,1,1,2,2,2,2,2,"North Carolina",1
"20806",371016,37,19528,34.82541389,-77.80676389,1,1,10,4,22,3,0,11,0,1,1,0,1,3,2,1,37,1,2,2,1,1,2,2,2,2,2,3,2,2,2,2,2,2,"North Carolina",1
"20807",371017,37,16892,36.02794722,-78.86495556,1,1,10,7,3,3,0,8,0,1,1,0,1,2,1,1,37,1,2,2,2,1,2,2,1,2,2,3,2,2,1,2,2,2,"North Carolina",1
"20808",371018,37,17955,35.47036667,-79.16799444,3,3,10,6,18,3,0,12,0,1,1,0,1,1,1,1,37,1,2,2,2,2,2,2,2,2,2,3,2,2,2,2,2,2,"North Carolina",0
"20809",371019,37,18591,35.20649722,-83.35939722,3,3,10,6,10,2,0,12,0,2,3,0,1,1,1,1,37,1,2,1,1,2,2,2,2,2,2,3,1,1,2,2,2,2,"North Carolina",0
"20810",371020,37,18412,35.26730833,-80.87261944,1,1,10,6,1,1,0,8,0,1,1,0,1,3,1,1,37,2,1,2,1,1,2,2,1,2,2,3,2,2,2,2,2,2,"North Carolina",0
"20811",371021,37,18069,35.41663889,-80.84050833,3,3,10,5,15,6,0,12,0,1,1,0,1,1,1,2,37,2,2,1,1,2,2,1,2,2,2,1,2,1,2,2,2,2,"North Carolina",1
"20812",371022,37,17004,35.973975,-77.85200833,1,1,10,5,19,6,0,8,0,1,1,0,1,2,2,1,37,2,2,2,1,1,2,2,1,2,2,3,2,2,2,2,2,2,"North Carolina",0
"20813",371023,37,17062,35.94789444,-79.08303611,1,1,10,5,12,6,0,8,0,1,1,0,1,1,1,1,37,2,2,1,1,1,2,2,1,2,2,3,2,2,2,1,2,2,"North Carolina",0
"20814",371024,37,17762,35.56285833,-77.46011389,2,2,10,1,16,2,0,24,0,1,1,0,3,1,1,2,37,2,2,1,2,1,2,1,2,1,2,1,2,2,2,2,2,2,"North Carolina",1
"20815",371025,37,18020,35.44618889,-77.263575,1,1,10,2,0,3,0,59,0,1,1,0,4,2,1,1,37,1,2,2,2,1,2,2,2,1,2,3,2,2,2,2,1,2,"North Carolina",0
"20816",371026,37,19412,34.88204722,-79.19519722,8,8,10,6,19,3,0,12,0,1,1,0,1,2,1,1,37,1,2,2,2,3,2,2,2,2,2,3,1,2,2,2,2,2,"North Carolina",0
"20817",371027,37,19332,34.91438333,-79.20040833,4,4,10,5,7,3,0,12,0,1,1,0,1,1,1,1,37,1,2,1,1,2,2,2,2,2,2,1,2,2,2,2,2,2,"North Carolina",1
"20818",371028,37,19727,34.73363333,-78.20725,2,2,10,1,19,3,0,12,0,1,1,0,1,2,1,1,37,1,2,2,2,2,1,2,2,2,2,3,2,2,1,2,2,2,"North Carolina",0
"20819",371029,37,16012,36.34723889,-78.38718333,1,1,10,1,0,2,0,42,0,1,1,0,4,2,2,1,37,2,2,2,2,1,2,2,2,2,2,1,2,2,2,2,2,2,"North Carolina",1
"20820",371030,37,16078,36.31681944,-78.40163056,7,7,10,7,4,6,0,12,0,2,2,0,1,3,1,1,37,2,2,2,2,2,2,1,2,2,2,1,2,2,1,2,1,2,"North Carolina",1
"20821",371031,37,17421,35.75676944,-78.54356944,1,1,10,5,23,3,0,8,0,1,1,0,1,2,10,1,37,1,2,2,1,1,2,2,1,2,2,3,2,2,2,1,1,2,"North Carolina",1
"20822",371032,37,18602,35.20393889,-78.02030833,2,2,10,2,13,3,0,12,0,2,2,0,1,1,1,1,37,1,2,1,1,2,2,2,2,1,2,3,2,2,2,2,2,2,"North Carolina",0
"20823",371033,37,17140,35.90729444,-81.10781389,1,1,11,6,20,3,0,8,0,1,1,0,1,2,10,1,37,1,2,2,2,1,2,2,1,2,2,3,1,2,2,2,2,2,"North Carolina",0
"20824",371034,37,17704,35.59036944,-82.60286111,1,1,11,2,13,3,0,32,0,1,1,0,4,1,2,1,37,1,2,1,1,1,2,1,2,1,2,2,2,2,2,2,2,2,"North Carolina",0
"20825",371035,37,17800,35.54775833,-82.60664444,5,5,11,5,18,1,0,12,0,1,1,0,1,5,1,1,37,1,1,2,1,3,2,1,2,2,2,3,2,2,2,2,2,2,"North Carolina",0
"20826",371036,37,18101,35.40202222,-80.55906389,2,2,11,2,7,6,0,12,0,1,1,0,1,1,2,2,37,2,2,1,1,2,2,2,2,2,2,2,2,2,2,2,2,2,"North Carolina",0
"20827",371037,37,15741,36.53451667,-79.21257222,1,1,11,1,1,3,0,53,0,1,1,0,4,2,10,1,37,1,2,2,2,1,2,1,2,1,2,1,2,2,2,2,2,2,"North Carolina",1
"20828",371038,37,17505,35.71076111,-79.54281944,1,1,11,3,15,3,0,1,0,1,1,0,4,1,1,1,37,1,2,1,1,1,1,1,2,2,2,1,2,2,2,2,2,2,"North Carolina",1