"","ST_CASE","OBJECT_ID","FID","LATITUDE","LONGITUD","PERMVIT","PERSONS","MONTH","DAY_WEEK","HOUR","ROUTE","SP_JUR","HARM_EV","RELJCT1","RELJCT2","TYP_INT","WRK_ZONE","REL_ROAD","LGT_COND","WEATHER","FATALS","STATE","A_RU","A_INTER","A_TOD","A_DOW","A_CT","A_MC","A_SPCRA","A_PED","A_ROLL","A_POLPUR","A_POSBAC","A_D15_20","A_D65PLS","A_D21_24","A_HR","A_DIST","A_DROWSY","STATE_NAME","drunkDr"
"20957",371168,37,20367,34.39471111,-78.26857222,3,3,12,6,11,3,0,12,0,1,1,0,1,1,1,1,37,1,2,1,1,3,2,2,2,1,2,3,2,1,2,2,2,2,"North Carolina",0
"20958",371169,37,20686,34.23112778,-78.01988611,2,2,12,2,10,2,0,12,0,1,1,0,1,1,10,1,37,1,2,1,1,2,2,1,2,2,2,3,2,2,2,2,2,2,"North Carolina",1
"20959",371170,37,17738,35.57468056,-82.541675,1,1,12,6,2,6,0,3,0,1,1,0,5,2,1,1,37,1,2,2,1,1,2,2,2,2,2,3,2,1,2,2,2,2,"North Carolina",1
"20960",371171,37,17644,35.62414722,-82.67474722,2,2,12,4,17,3,0,1,0,1,1,0,4,5,1,1,37,1,2,1,1,1,2,1,2,1,2,3,1,2,2,2,2,2,"North Carolina",0
"20961",371172,37,17707,35.5901,-82.45281667,1,1,12,1,5,2,0,8,0,1,1,0,1,2,1,1,37,1,2,2,2,1,2,2,1,2,2,3,2,2,2,2,2,2,"North Carolina",0
"20962",371173,37,17331,35.80933889,-81.66166389,2,2,12,5,19,2,0,12,0,2,3,0,1,2,1,1,37,1,2,2,1,2,2,2,2,2,2,1,2,2,2,2,2,2,"North Carolina",1
"20963",371174,37,17295,35.83046944,-81.37584444,1,1,12,6,10,3,0,42,0,1,1,0,4,1,1,1,37,1,2,1,1,1,2,2,2,2,2,3,2,1,2,2,2,2,"North Carolina",0
"20964",371175,37,15873,36.43158889,-79.35917222,2,2,12,4,8,3,0,12,0,1,1,0,1,1,5,1,37,1,2,1,1,2,2,1,2,2,2,1,2,2,1,2,2,2,"North Carolina",1
"20965",371176,37,17422,35.75638611,-81.17559722,2,2,12,6,6,3,0,12,0,2,3,0,1,4,1,1,37,1,2,1,1,2,2,2,2,2,2,3,1,1,2,2,2,2,"North Carolina",0
"20966",371177,37,17532,35.69350833,-79.41982778,1,1,12,5,11,3,0,42,0,1,1,0,4,1,1,1,37,1,2,1,1,1,2,2,2,2,2,2,2,2,2,2,2,2,"North Carolina",0
"20967",371178,37,18866,35.11049444,-84.00721111,3,3,12,6,6,2,0,43,0,1,1,0,4,4,5,1,37,1,2,1,1,1,2,1,2,1,2,3,2,2,1,2,2,2,"North Carolina",0
"20968",371179,37,18552,35.21659722,-81.37323889,4,4,12,6,15,3,0,12,0,1,1,0,1,1,1,1,37,1,2,1,1,2,2,1,2,2,2,3,2,2,2,2,2,2,"North Carolina",2
"20969",371180,37,18494,35.23626111,-81.345325,3,3,12,5,10,3,0,12,0,1,1,0,1,1,2,2,37,2,2,1,1,2,2,1,2,2,2,3,2,2,2,2,2,2,"North Carolina",1
"20970",371181,37,20226,34.47365833,-78.66793889,3,3,12,3,18,2,0,12,0,1,1,0,1,5,10,1,37,1,2,2,1,2,2,2,2,2,2,3,1,2,2,2,2,2,"North Carolina",0
"20971",371182,37,20464,34.33068889,-78.40438333,2,2,12,5,9,2,0,12,0,2,3,0,1,1,10,1,37,1,2,1,1,2,2,2,2,2,2,3,2,2,1,2,2,2,"North Carolina",0
"20972",371183,37,20950,34.13839444,-78.78357778,1,1,12,6,7,3,0,34,0,3,2,0,4,1,1,1,37,1,2,1,1,1,1,2,2,2,2,1,2,2,2,2,2,2,"North Carolina",1
"20973",371184,37,18632,35.19500833,-77.05423611,2,2,12,7,17,2,0,12,0,1,1,0,1,1,1,2,37,1,2,1,2,2,2,1,2,2,2,1,2,2,1,2,2,2,"North Carolina",2
"20974",371185,37,19403,34.88536667,-76.74423056,1,1,12,3,15,3,0,35,0,1,1,0,4,1,2,1,37,1,2,1,1,1,2,2,2,1,2,3,2,2,2,2,2,2,"North Carolina",0
"20975",371186,37,19143,34.99843333,-78.92444444,1,1,12,4,0,3,0,53,0,1,1,0,4,3,5,1,37,1,2,2,1,1,2,1,2,2,2,2,2,2,2,2,2,2,"North Carolina",1
"20976",371187,37,19271,34.94104444,-78.92448056,2,2,12,5,22,3,0,12,0,7,1,0,1,1,1,1,37,1,2,2,1,2,1,2,2,2,2,3,2,2,2,1,2,2,"North Carolina",0
"20977",371188,37,17131,35.91387222,-80.23372222,1,1,12,4,21,3,0,42,0,1,1,0,4,2,1,1,37,1,2,2,1,1,2,1,2,2,2,3,2,2,2,2,2,2,"North Carolina",1
"20978",371189,37,17405,35.76586667,-80.31099722,2,2,12,5,14,6,0,12,0,2,3,0,1,1,1,1,37,2,2,1,1,2,2,2,2,2,2,3,2,2,2,2,2,2,"North Carolina",0
"20979",371190,37,17581,35.65791667,-80.48471667,2,2,12,7,19,3,0,8,0,1,1,0,1,2,1,1,37,1,2,2,2,1,2,2,1,2,2,3,2,2,2,2,2,2,"North Carolina",0
"20980",371191,37,18908,35.09545,-77.7945,1,1,12,3,20,3,0,30,0,1,1,0,4,2,5,1,37,1,2,2,1,1,2,1,2,1,2,3,1,2,2,2,2,2,"North Carolina",0
"20981",371192,37,16990,35.9796,-78.90559444,2,2,12,6,7,6,0,12,0,2,2,0,1,1,1,1,37,2,2,1,1,2,2,2,2,2,2,3,2,1,2,2,2,2,"North Carolina",0
"20982",371193,37,17083,35.93645556,-77.74554167,1,1,12,1,15,2,0,1,0,1,1,0,3,1,10,1,37,2,2,1,2,1,1,1,2,2,2,3,2,2,2,2,2,2,"North Carolina",0
"20983",371194,37,16894,36.02717778,-80.39651944,1,1,12,4,9,1,0,42,0,1,1,0,4,1,2,1,37,2,1,1,1,1,2,2,2,2,2,2,2,2,2,2,2,2,"North Carolina",0
"20984",371195,37,16611,36.11682778,-80.18561111,2,2,12,5,11,6,0,12,0,1,1,0,1,1,1,1,37,2,2,1,1,2,2,2,2,2,2,3,2,2,2,2,1,2,"North Carolina",0
"20985",371196,37,16251,36.23291944,-80.31753889,3,3,12,4,13,3,0,12,0,1,1,0,1,1,1,1,37,1,2,1,1,2,2,2,2,1,2,3,2,2,2,2,2,2,"North Carolina",0
"20986",371197,37,16838,36.05028889,-80.30655833,2,2,12,2,11,3,0,12,0,2,2,0,1,1,10,1,37,1,2,1,1,2,2,2,2,2,2,3,2,1,2,2,2,2,"North Carolina",0
"20987",371198,37,16402,36.17655,-78.38455278,1,1,12,5,10,3,0,42,0,1,1,0,4,1,2,1,37,1,2,1,1,1,2,2,2,2,2,2,2,2,2,2,2,2,"North Carolina",0
"20988",371199,37,18221,35.35430278,-81.08097222,1,1,12,4,8,3,0,42,0,1,1,0,4,1,1,1,37,1,2,1,1,1,2,2,2,2,2,2,2,1,2,2,2,2,"North Carolina",0
"20989",371200,37,18282,35.32393889,-81.18788056,3,3,12,4,15,2,0,12,0,1,1,0,1,1,1,1,37,1,2,1,1,2,2,1,2,2,2,3,2,2,2,2,2,2,"North Carolina",0
"20990",371201,37,18422,35.26213889,-81.18701667,3,3,12,3,4,6,0,12,0,2,2,0,1,3,2,1,37,2,2,2,1,2,2,2,2,2,2,1,2,2,2,2,2,2,"North Carolina",1
"20991",371202,37,18477,35.24317222,-81.20555278,2,2,12,4,10,6,0,8,0,1,1,0,1,1,2,1,37,2,2,1,1,1,2,2,1,2,2,3,2,2,2,2,2,2,"North Carolina",0
"20992",371203,37,18423,35.26210556,-81.18821944,2,2,12,4,8,3,0,12,0,1,1,0,1,1,2,1,37,1,2,1,1,2,1,2,2,2,2,3,2,2,2,2,2,2,"North Carolina",0
"20993",371204,37,18499,35.23478611,-81.21066111,5,5,12,2,9,6,0,12,0,2,2,0,1,1,10,2,37,2,2,1,1,2,2,2,2,2,2,3,2,1,2,2,2,2,"North Carolina",0
"20994",371205,37,16587,36.12565833,-78.69474167,1,1,12,5,23,3,0,34,0,1,1,0,4,2,1,1,37,1,2,2,1,1,2,2,2,1,2,1,2,2,2,2,2,2,"North Carolina",1
"20995",371206,37,16002,36.35339722,-78.63099722,3,3,12,6,12,3,0,12,0,2,2,0,1,1,1,1,37,1,2,1,1,2,2,2,2,2,2,3,2,1,2,2,2,2,"North Carolina",0
"20996",371207,37,16729,36.08398611,-79.97080556,3,3,12,4,18,1,0,8,0,1,1,0,1,3,10,1,37,2,1,2,1,2,2,2,1,2,2,3,2,1,2,2,2,2,"North Carolina",0
"20997",371208,37,16511,36.14688611,-79.97175,2,2,12,2,13,3,0,12,0,1,1,0,1,1,1,1,37,2,2,1,1,2,2,2,2,2,2,1,2,2,2,2,2,2,"North Carolina",1
"20998",371209,37,16699,36.08989722,-79.69545278,3,3,12,3,2,2,0,42,0,1,1,0,4,2,1,1,37,2,2,2,1,1,2,1,2,2,2,3,2,2,2,2,2,2,"North Carolina",1
"20999",371210,37,16752,36.073675,-79.79608333,3,3,12,4,9,6,0,12,0,2,2,0,1,1,1,1,37,2,2,1,1,2,2,2,2,2,2,3,2,1,2,2,2,2,"North Carolina",0
"21000",371211,37,15824,36.47753611,-77.88292778,1,1,12,3,10,3,0,42,0,1,1,0,4,1,1,1,37,1,2,1,1,1,2,2,2,1,2,2,2,1,2,2,2,2,"North Carolina",0
"21001",371212,37,17966,35.46606667,-78.64438056,2,2,12,7,18,3,0,12,0,2,3,0,1,2,1,1,37,1,2,2,2,2,2,2,2,2,2,3,2,2,2,2,2,2,"North Carolina",0
"21002",371213,37,18070,35.41638333,-78.80478889,1,1,12,4,23,3,0,1,0,1,1,0,4,2,2,1,37,1,2,2,1,1,2,1,2,1,2,3,2,2,2,2,2,2,"North Carolina",0
"21003",371214,37,18229,35.35118333,-82.43529722,5,5,12,3,15,5,0,30,0,1,1,0,4,1,1,1,37,2,2,1,1,1,2,1,2,2,2,3,1,2,2,2,1,2,"North Carolina",0
"21004",371215,37,16099,36.30685,-76.94415,1,1,12,3,3,5,0,53,0,1,1,0,4,2,1,1,37,1,2,2,1,1,2,1,2,1,2,1,1,2,2,2,1,2,"North Carolina",1
"21005",371216,37,17253,35.85063333,-80.85753056,2,2,12,6,11,2,0,12,0,1,1,0,1,1,1,1,37,1,2,1,1,2,2,1,2,2,2,3,2,1,2,2,2,2,"North Carolina",0
"21006",371217,37,17519,35.70015556,-80.820675,2,2,12,3,8,5,0,12,0,1,1,0,4,1,1,1,37,1,2,1,1,2,2,1,2,1,2,3,1,2,2,2,2,2,"North Carolina",0
"21007",371218,37,17378,35.78182778,-80.87701944,1,1,12,1,11,6,0,33,0,1,1,0,4,1,1,1,37,2,2,1,2,1,1,2,2,2,2,1,2,2,2,2,2,2,"North Carolina",1
"21008",371219,37,18033,35.43966389,-79.07464167,1,1,12,7,19,2,0,11,0,1,1,0,1,2,1,1,37,1,2,2,2,1,2,2,2,2,2,2,2,2,2,2,2,2,"North Carolina",0
"21009",371220,37,18296,35.319175,-77.73314167,1,1,12,5,20,5,0,8,0,1,1,0,1,2,1,1,37,1,2,2,1,1,2,2,1,2,2,3,2,1,2,2,2,2,"North Carolina",0
"21010",371221,37,18012,35.45025,-81.25234444,1,1,12,4,8,5,0,35,0,1,1,0,4,1,1,1,37,1,2,1,1,1,2,2,2,2,2,2,2,2,2,2,2,2,"North Carolina",0
"21011",371222,37,17906,35.49366389,-81.01476944,1,1,12,6,22,3,0,57,0,1,1,0,3,2,1,1,37,1,2,2,2,1,2,2,2,2,2,2,2,2,2,2,2,2,"North Carolina",0
"21012",371223,37,18919,35.09212778,-80.80161667,1,1,12,4,1,3,0,8,0,1,1,0,1,3,5,1,37,2,2,2,1,1,2,1,1,2,2,3,2,2,2,1,2,2,"North Carolina",0
"21013",371224,37,17927,35.48165,-80.87519444,2,2,12,7,3,1,0,12,0,1,1,0,1,3,1,1,37,2,1,2,2,2,2,1,2,2,2,1,2,2,2,2,2,2,"North Carolina",1
"21014",371225,37,19012,35.05929444,-80.87633611,1,1,12,2,1,6,0,42,0,1,1,0,4,2,1,1,37,2,2,2,2,1,2,1,2,2,2,3,2,2,2,2,2,2,"North Carolina",1
"21015",371226,37,18614,35.20143056,-80.57576944,2,2,12,5,14,6,0,34,0,1,1,0,4,1,1,1,37,2,2,1,1,1,2,1,2,2,2,3,2,2,2,2,2,2,"North Carolina",0
"21016",371227,37,18357,35.29504167,-80.74238611,4,4,12,7,14,6,0,12,0,1,1,0,1,1,1,1,37,2,2,1,2,2,2,1,2,1,2,3,1,2,2,2,2,2,"North Carolina",0
"21017",371228,37,18136,35.38880278,-80.85460278,2,2,12,2,6,5,0,12,0,4,1,0,1,2,1,1,37,2,2,1,1,2,2,1,2,2,2,3,2,2,2,2,2,2,"North Carolina",0
"21018",371229,37,19015,35.05821111,-80.81247222,6,6,12,3,12,6,0,12,0,2,2,0,1,1,10,1,37,2,2,1,1,3,2,1,2,2,2,3,2,1,2,2,1,2,"North Carolina",0
"21019",371230,37,18513,35.23168056,-80.84818056,1,1,12,4,3,6,0,30,0,8,1,0,4,3,2,1,37,2,2,2,1,1,2,2,1,2,2,3,2,2,2,1,2,2,"North Carolina",0
"21020",371231,37,18122,35.39333611,-80.77368056,2,2,12,4,15,6,0,12,0,1,1,0,1,1,2,1,37,2,2,1,1,2,2,1,2,2,2,1,2,1,1,2,2,2,"North Carolina",1
"21021",371232,37,18905,35.09674722,-79.45484722,1,1,12,5,6,5,0,10,0,6,1,0,1,4,10,1,37,1,2,1,1,1,2,2,2,2,2,3,2,2,2,2,2,2,"North Carolina",0
"21022",371233,37,18610,35.20223611,-79.28467222,2,2,12,1,99,5,0,35,0,1,1,0,4,6,1,2,37,1,2,3,2,1,2,2,2,1,2,1,2,2,2,2,2,2,"North Carolina",1
"21023",371234,37,17104,35.92492222,-78.14736667,1,1,12,7,19,2,0,34,0,1,1,0,4,2,1,1,37,1,2,2,2,1,2,1,2,2,2,3,2,2,2,2,2,2,"North Carolina",1
"21024",371235,37,17018,35.96851389,-77.80205278,1,1,12,3,18,6,0,1,0,1,1,0,1,3,10,1,37,2,2,2,1,1,1,1,2,2,2,1,2,2,1,2,2,2,"North Carolina",1
"21025",371236,37,16773,36.06689722,-78.04320833,1,1,12,6,13,3,0,34,0,1,1,0,4,1,1,1,37,1,2,1,1,1,2,2,2,2,2,3,2,2,2,2,2,2,"North Carolina",0
"21026",371237,37,17343,35.804025,-78.0254,1,1,12,6,18,5,0,18,0,1,1,0,4,2,1,1,37,1,2,2,2,1,2,1,2,2,2,2,2,2,1,2,1,2,"North Carolina",0
"21027",371238,37,15887,36.42050556,-76.37476944,4,4,12,1,13,2,0,34,0,1,1,0,4,1,1,1,37,1,2,1,2,2,2,2,2,2,2,3,2,1,1,2,2,2,"North Carolina",0
"21028",371239,37,20279,34.44064722,-77.875425,1,1,12,2,18,1,0,8,1,20,1,0,1,2,1,1,37,1,1,2,1,1,2,2,1,2,2,3,2,1,2,2,2,2,"North Carolina",0
"21029",371240,37,16203,36.25542222,-78.99233333,1,1,12,6,20,5,0,32,0,1,1,0,4,2,1,1,37,1,2,2,2,1,2,1,2,1,2,1,2,2,2,2,2,2,"North Carolina",1
"21030",371241,37,15757,36.51878889,-78.81852778,2,2,12,7,18,3,0,42,0,1,1,0,4,2,5,1,37,1,2,2,2,1,2,2,2,2,2,3,2,2,1,2,2,2,"North Carolina",0
"21031",371242,37,17705,35.59026944,-77.36270556,1,1,12,4,23,2,0,42,0,1,1,0,4,3,10,1,37,2,2,2,1,1,2,2,2,2,2,1,2,2,1,2,2,2,"North Carolina",1
"21032",371243,37,17740,35.57046944,-77.572925,2,2,12,1,17,2,0,8,0,8,1,0,1,5,1,1,37,1,2,1,2,1,2,2,1,2,2,3,2,2,2,2,2,2,"North Carolina",0
"21033",371244,37,17781,35.55537778,-77.19983889,4,4,12,4,21,5,0,30,0,1,1,0,4,2,2,1,37,1,2,2,1,1,2,1,2,1,2,1,2,2,2,2,2,2,"North Carolina",1
"21034",371245,37,17774,35.55746389,-79.80192778,3,3,12,7,12,5,0,42,0,1,1,0,4,1,1,1,37,1,2,1,2,1,2,1,2,2,2,2,2,2,2,2,2,2,"North Carolina",0
"21035",371246,37,17487,35.72096111,-79.75597778,7,7,12,7,12,5,0,12,0,4,1,0,1,1,10,1,37,3,3,1,2,2,2,2,2,2,2,3,2,2,2,2,2,2,"North Carolina",0
"21036",371247,37,20065,34.55406389,-79.16547222,3,3,12,5,16,5,0,12,0,2,2,0,1,1,1,2,37,1,2,1,1,2,2,2,2,2,2,3,2,2,1,2,2,2,"North Carolina",0
"21037",371248,37,19758,34.71949722,-79.04834722,1,1,12,2,17,5,0,9,0,1,1,0,1,2,1,1,37,1,2,1,1,1,2,2,2,2,2,3,2,1,2,2,2,2,"North Carolina",0
"21038",371249,37,19893,34.64362222,-78.94370833,3,3,12,1,20,5,0,12,0,1,1,0,1,2,1,1,37,1,2,2,2,2,2,2,2,1,2,1,2,2,1,2,2,2,"North Carolina",1
"21039",371250,37,19781,34.70865556,-78.92908889,1,1,12,3,8,5,0,43,0,1,1,0,4,1,1,1,37,1,2,1,1,1,2,2,2,1,2,2,1,2,2,2,2,2,"North Carolina",0
"21040",371251,37,15837,36.4632,-79.92661111,1,1,12,7,23,2,0,8,0,1,1,0,1,2,1,1,37,1,2,2,2,2,2,2,1,2,2,3,2,2,2,2,2,2,"North Carolina",0
"21041",371252,37,17596,35.65039444,-80.45628611,2,2,12,5,15,6,0,12,0,2,2,0,1,1,1,1,37,2,2,1,1,2,1,2,2,2,2,3,2,1,2,2,2,2,"North Carolina",0
"21042",371253,37,19555,34.81540833,-79.54361389,4,4,12,7,21,3,0,12,0,2,4,0,1,2,1,1,37,1,2,2,2,2,2,1,2,2,2,3,2,2,1,2,2,2,"North Carolina",0
"21043",371254,37,19441,34.86688611,-80.68267222,3,3,12,4,19,3,0,12,0,2,2,0,1,2,2,1,37,1,2,2,1,3,2,2,2,2,2,3,2,2,1,2,1,2,"North Carolina",0
"21044",371255,37,17513,35.704025,-78.65622222,3,3,12,7,11,5,0,1,0,1,1,0,1,1,1,1,37,1,2,1,2,2,1,1,2,2,1,3,1,2,2,2,2,2,"North Carolina",0
"21045",371256,37,17321,35.81534444,-78.62627222,3,3,12,1,2,6,0,12,0,2,2,0,1,3,1,1,37,2,2,2,2,2,2,1,2,2,2,3,2,2,2,2,2,2,"North Carolina",0
"21046",371257,37,16988,35.98144722,-78.61493889,3,3,12,4,8,3,0,12,0,1,1,0,1,1,1,1,37,1,2,1,1,3,2,2,2,1,2,3,2,2,2,2,2,2,"North Carolina",0
"21047",371258,37,17353,35.797025,-78.58622222,2,2,12,3,1,1,0,12,0,1,1,0,1,2,10,2,37,2,1,2,1,2,2,2,2,2,2,1,2,2,1,2,2,2,"North Carolina",1
"21048",371259,37,18247,35.34245556,-77.84830833,3,3,12,3,4,4,0,42,0,1,1,0,4,2,10,3,37,1,2,2,1,1,2,1,2,1,2,3,2,2,1,2,2,2,"North Carolina",1
"21049",371260,37,15840,36.46002778,-79.37165,3,3,2,6,16,3,0,12,0,1,1,0,1,1,1,1,37,1,2,1,1,3,2,2,2,2,2,3,2,2,2,2,2,2,"North Carolina",0
"21050",371261,37,19085,35.02703611,-78.92705556,1,1,10,5,5,6,0,8,0,1,1,0,3,2,2,1,37,2,2,2,1,1,2,2,1,2,2,3,1,2,2,2,1,2,"North Carolina",0
"21051",371262,37,18005,35.45535833,-77.67056944,1,1,10,6,11,6,0,14,0,3,3,0,4,1,1,1,37,2,2,1,1,1,2,1,2,2,2,2,2,1,2,2,2,2,"North Carolina",0
"21052",371263,37,20736,34.21674444,-77.84927222,1,1,11,5,1,6,0,8,0,2,3,0,1,3,1,1,37,2,2,2,1,1,2,2,1,2,2,3,2,2,2,2,2,2,"North Carolina",0
"21053",371264,37,18531,35.22503611,-81.57528611,3,3,12,5,23,4,0,53,0,1,1,0,4,2,1,1,37,1,2,2,1,1,2,1,2,2,2,3,2,2,2,2,2,2,"North Carolina",1
"21054",371265,37,18916,35.09256111,-78.91942778,2,2,12,2,13,6,0,12,0,1,1,0,1,1,1,1,37,2,2,1,1,2,2,1,2,2,2,3,2,2,2,2,2,2,"North Carolina",0
"21055",371266,37,19238,34.95505,-78.83704722,2,2,12,1,19,4,0,9,0,1,1,0,1,2,1,1,37,1,2,2,2,1,2,1,2,2,2,1,2,2,2,2,2,2,"North Carolina",1
"21056",371267,37,16336,36.19907222,-78.82487778,1,1,12,4,6,4,0,35,0,1,1,0,4,4,2,1,37,1,2,1,1,1,2,1,2,1,2,2,2,2,2,2,2,2,"North Carolina",0
"21057",371268,37,18787,35.142775,-76.83298611,2,2,12,4,16,3,0,12,0,1,1,0,1,1,2,1,37,1,2,1,1,2,2,1,2,2,2,3,2,2,2,2,2,2,"North Carolina",1
"21058",371269,37,20070,34.5513,-77.91275556,3,3,12,3,19,2,0,12,0,1,1,0,1,2,1,1,37,1,2,2,1,2,2,2,2,2,2,3,2,2,2,2,2,2,"North Carolina",1
"21059",371270,37,19425,34.87561944,-79.74255,4,4,12,6,8,3,0,12,0,2,2,0,1,1,10,1,37,1,2,1,1,2,2,1,2,1,2,3,1,2,2,2,2,2,"North Carolina",0
"21060",371271,37,18233,35.34971667,-80.16801389,1,1,12,4,20,6,0,8,0,1,1,0,1,3,1,1,37,2,2,2,1,1,2,2,1,2,2,3,2,2,2,2,2,2,"North Carolina",0
"21061",371272,37,19024,35.05503333,-77.74368611,1,1,6,6,22,6,0,8,0,3,4,0,1,2,1,1,37,2,2,2,2,1,2,2,1,2,2,3,2,2,1,2,2,2,"North Carolina",0
"21062",371273,37,17540,35.68901389,-78.67831667,1,1,8,4,16,2,0,32,0,1,1,0,4,1,1,1,37,1,2,1,1,1,2,2,2,2,2,1,2,1,2,2,2,2,"North Carolina",1
"21063",371274,37,18356,35.29509444,-81.57445278,6,6,10,2,18,2,0,59,0,3,2,0,4,1,2,1,37,2,2,2,1,3,2,2,2,1,2,1,2,2,2,2,1,2,"North Carolina",1
"21064",371275,37,17205,35.87091944,-80.31809167,2,2,11,4,13,3,0,12,0,2,3,0,1,1,1,1,37,1,2,1,1,2,2,2,2,2,2,3,2,1,2,2,2,2,"North Carolina",0
"21065",371276,37,16279,36.221775,-81.69968611,1,1,11,4,17,2,0,1,0,1,1,0,4,2,1,1,37,1,2,1,1,1,2,2,2,1,2,3,2,1,2,2,1,2,"North Carolina",0
"21066",371277,37,17379,35.78181667,-81.26228611,4,4,12,3,17,3,0,12,0,2,3,0,1,1,1,1,37,1,2,1,1,2,2,2,2,2,2,3,1,2,2,2,2,2,"North Carolina",0
"21067",371278,37,17615,35.64265278,-78.46898611,1,1,12,2,16,6,0,8,0,1,1,0,1,1,10,1,37,2,2,1,1,1,2,2,1,2,2,3,2,1,2,2,2,2,"North Carolina",0
"21068",371279,37,20692,34.22935833,-77.87778333,1,1,12,3,16,2,0,32,0,1,1,0,4,1,1,1,37,1,2,1,1,1,2,2,2,2,2,3,2,2,2,2,2,2,"North Carolina",0
"21069",371280,37,18457,35.25155278,-80.81913889,1,1,11,5,14,6,0,38,0,1,1,0,5,1,1,1,37,2,2,1,1,1,2,2,2,2,2,3,2,1,2,2,1,1,"North Carolina",0
"21070",371281,37,19330,34.91520556,-78.02856667,3,3,12,7,12,3,0,12,0,2,2,0,1,1,1,1,37,1,2,1,2,2,2,2,2,2,2,3,1,2,2,2,2,2,"North Carolina",0
"21071",371282,37,18564,35.21395833,-80.83725556,1,1,12,7,13,6,0,30,0,3,2,0,10,1,1,1,37,2,2,1,2,1,2,1,2,2,2,3,2,1,2,2,2,2,"North Carolina",0
"21072",371283,37,17247,35.85531667,-78.01280833,6,6,12,6,19,3,0,12,0,2,2,0,1,2,1,1,37,1,2,2,2,2,2,2,2,2,2,3,2,2,2,2,1,1,"North Carolina",0
"21073",380001,38,175,48.1822,-101.55535,2,2,1,2,8,4,0,12,0,2,2,0,1,1,10,1,38,1,2,1,1,2,2,2,2,2,2,3,1,2,2,2,2,2,"North Dakota",0
"21074",380002,38,267,47.9037,-97.60825,14,14,1,2,15,4,0,10,0,6,1,0,1,1,1,2,38,1,2,1,1,1,2,2,2,2,2,2,2,2,2,2,2,2,"North Dakota",0
"21075",380003,38,720,46.87671111,-96.89133889,6,6,1,4,7,3,0,33,0,1,1,0,3,3,10,1,38,2,2,1,1,3,2,1,2,1,2,3,2,2,2,2,2,2,"North Dakota",0
"21076",380005,38,591,47.18281111,-98.04611944,2,2,1,7,20,3,0,31,0,1,1,0,4,2,4,1,38,1,2,2,2,1,2,1,2,1,2,1,2,2,2,2,2,2,"North Dakota",1
"21077",380006,38,166,48.21125,-102.6182,2,2,1,3,14,3,0,12,0,1,1,0,1,1,1,1,38,1,2,1,1,2,2,1,2,2,2,1,2,2,2,2,2,2,"North Dakota",1
"21078",380007,38,247,47.9761,-102.9405,3,3,1,4,20,3,0,12,0,1,1,0,1,2,3,2,38,1,2,2,1,2,2,1,2,2,2,1,1,2,2,2,2,2,"North Dakota",1
"21079",380008,38,710,46.89073056,-98.67233056,3,3,2,2,8,1,0,24,1,19,1,0,4,1,1,1,38,1,1,1,1,2,2,2,2,2,2,3,1,2,2,2,2,1,"North Dakota",0
"21080",380009,38,224,48.02976944,-102.57515,2,2,2,1,1,3,0,1,0,1,1,0,4,2,99,1,38,1,2,2,2,1,2,1,2,1,2,1,2,2,1,2,2,2,"North Dakota",1
"21081",380010,38,725,46.8636,-102.8015806,2,2,2,5,5,6,0,12,0,2,3,0,1,3,1,1,38,1,2,2,1,2,2,1,2,2,2,1,2,2,2,2,2,2,"North Dakota",1
"21082",380011,38,193,48.12135,-102.3535611,3,3,2,6,6,3,0,12,0,1,1,0,1,2,4,1,38,1,2,1,1,2,2,1,2,2,2,3,2,2,1,2,2,2,"North Dakota",1
"21083",380012,38,142,48.34236111,-103.0941889,4,4,2,2,20,2,0,12,0,1,1,0,1,2,10,3,38,1,2,2,1,2,2,1,2,2,2,3,1,2,2,2,2,2,"North Dakota",0
"21084",380013,38,189,48.1403,-103.8002611,3,3,3,4,16,2,0,32,0,1,1,0,4,1,1,1,38,1,2,1,1,1,2,1,2,1,2,1,2,2,2,2,2,2,"North Dakota",1
"21085",380014,38,279,47.86271944,-104.0118694,4,4,3,4,19,3,0,12,0,2,2,0,1,2,1,3,38,1,2,2,1,2,2,2,2,2,2,3,2,2,2,2,2,2,"North Dakota",0