"","ST_CASE","OBJECT_ID","FID","LATITUDE","LONGITUD","PERMVIT","PERSONS","MONTH","DAY_WEEK","HOUR","ROUTE","SP_JUR","HARM_EV","RELJCT1","RELJCT2","TYP_INT","WRK_ZONE","REL_ROAD","LGT_COND","WEATHER","FATALS","STATE","A_RU","A_INTER","A_TOD","A_DOW","A_CT","A_MC","A_SPCRA","A_PED","A_ROLL","A_POLPUR","A_POSBAC","A_D15_20","A_D65PLS","A_D21_24","A_HR","A_DIST","A_DROWSY","STATE_NAME","drunkDr"
"21086",380015,38,70,48.86003056,-99.76663889,1,1,3,6,19,4,3,1,0,1,1,0,4,2,98,1,38,1,2,2,2,1,2,2,2,1,2,3,1,2,2,2,2,2,"North Dakota",0
"21087",380016,38,632,47.09808889,-100.3474889,3,3,3,4,18,4,0,12,0,2,2,0,1,1,1,1,38,1,2,2,1,2,2,1,2,1,2,3,2,2,2,2,2,2,"North Dakota",0
"21088",380017,38,934,46.14796944,-103.8667111,1,1,3,6,6,4,0,35,0,1,1,0,4,2,1,1,38,1,2,1,1,1,2,2,2,1,2,2,2,2,2,2,2,2,"North Dakota",0
"21089",380018,38,281,47.86013889,-100.1889306,1,1,3,1,4,2,0,1,0,1,1,0,4,2,99,1,38,1,2,2,2,1,2,2,2,1,2,1,2,2,2,2,2,2,"North Dakota",1
"21090",380019,38,727,46.85893889,-102.18625,3,3,3,1,3,1,0,12,0,1,1,0,1,2,2,1,38,1,1,2,2,2,2,1,2,2,2,2,2,2,1,2,2,2,"North Dakota",0
"21091",380021,38,161,48.23231944,-101.3047389,3,3,3,5,15,2,0,12,0,2,2,0,1,1,1,1,38,1,2,1,1,2,2,2,2,2,2,3,1,2,2,2,2,2,"North Dakota",0
"21092",380022,38,726,46.86163889,-101.8820194,1,1,3,5,16,1,0,14,0,1,1,0,2,1,10,1,38,1,1,1,1,1,2,2,2,2,2,2,2,2,2,2,2,2,"North Dakota",0
"21093",380023,38,146,48.31638056,-101.7245389,2,2,3,6,16,2,0,12,0,1,1,0,1,1,10,1,38,1,2,1,1,2,2,1,2,2,2,3,2,2,2,2,2,2,"North Dakota",0
"21094",380024,38,170,48.1967,-101.3799389,2,2,4,5,16,4,0,12,0,2,4,0,1,1,1,1,38,1,2,1,1,2,1,2,2,2,2,3,1,2,2,2,2,2,"North Dakota",0
"21095",380025,38,509,47.35766111,-103.0070889,1,1,4,5,1,3,0,1,0,1,1,0,4,2,1,1,38,1,2,2,1,1,2,2,2,1,2,2,2,2,2,2,2,1,"North Dakota",0
"21096",380026,38,273,47.86773056,-102.1290389,2,2,4,7,5,3,3,1,0,1,1,0,4,2,1,1,38,1,2,2,2,1,2,1,2,1,2,1,1,2,2,2,2,2,"North Dakota",1
"21097",380027,38,143,48.34201944,-102.90175,2,2,4,6,13,2,0,12,0,1,1,0,1,1,1,1,38,1,2,1,1,2,2,2,2,2,2,3,2,2,2,2,2,2,"North Dakota",0
"21098",380028,38,646,47.06843056,-100.8856889,1,1,4,2,6,3,0,35,0,1,1,0,4,4,5,1,38,1,2,1,1,1,2,1,2,1,2,1,2,2,2,2,2,2,"North Dakota",1
"21099",380029,38,301,47.80371944,-102.1289806,3,3,4,2,18,3,3,1,0,1,1,0,4,1,1,1,38,1,2,2,1,1,2,1,2,1,2,3,1,2,2,2,2,2,"North Dakota",1
"21100",380030,38,232,48.00573056,-97.85065,1,1,5,2,17,2,0,1,0,1,1,0,3,1,1,1,38,1,2,1,1,1,2,2,2,1,2,2,2,2,2,2,2,2,"North Dakota",0
"21101",380031,38,709,46.89248889,-98.80031111,1,1,5,4,23,1,0,1,0,1,1,0,3,2,10,1,38,1,1,2,1,1,2,2,2,1,2,2,2,2,2,2,2,2,"North Dakota",0
"21102",380032,38,98,48.55511111,-99.14433889,4,4,5,5,0,4,0,34,0,1,1,0,4,2,2,1,38,1,2,2,1,1,2,2,2,1,2,3,1,2,2,2,2,2,"North Dakota",1
"21103",380033,38,702,46.90286111,-102.0406806,1,1,5,3,19,6,0,1,0,3,3,0,4,1,10,1,38,1,2,2,1,1,2,1,2,1,2,1,2,2,2,2,2,2,"North Dakota",1
"21104",380034,38,314,47.77446111,-102.1290111,1,1,5,1,6,3,3,35,0,1,1,0,4,4,10,1,38,1,2,1,2,1,2,1,2,1,2,1,2,2,1,2,2,2,"North Dakota",1
"21105",380035,38,734,46.82361111,-100.7307806,2,2,5,7,17,6,0,12,0,2,2,0,1,1,1,1,38,2,2,1,2,2,1,1,2,2,2,2,2,1,2,2,2,2,"North Dakota",0
"21106",380036,38,106,48.50136944,-99.84955,1,1,5,1,2,3,0,1,0,1,1,0,4,2,1,1,38,1,2,2,2,1,2,1,2,1,2,1,2,2,1,2,2,2,"North Dakota",1
"21107",380037,38,676,46.98896111,-98.67891111,1,1,5,3,10,3,0,1,0,1,1,0,4,1,1,1,38,1,2,1,1,1,2,2,2,1,2,2,2,2,2,2,2,2,"North Dakota",0
"21108",380038,38,263,47.92565,-102.7412194,1,1,5,5,20,3,3,1,0,1,1,0,4,5,99,1,38,1,2,2,1,1,2,1,2,1,1,1,2,2,2,2,2,2,"North Dakota",1
"21109",380039,38,968,45.99363889,-96.7218,2,2,5,1,0,4,0,1,0,1,1,0,4,2,1,2,38,1,2,2,2,1,2,1,2,1,2,1,2,2,2,2,2,2,"North Dakota",1
"21110",380040,38,699,46.91993056,-97.86441944,4,4,5,1,15,1,0,32,0,1,1,0,3,1,10,1,38,1,1,1,2,1,2,2,2,2,2,3,2,2,2,2,2,1,"North Dakota",0
"21111",380041,38,867,46.38581111,-100.7722389,1,1,4,4,7,3,3,1,0,1,1,0,4,1,1,1,38,1,2,1,1,1,2,1,2,1,2,1,2,2,1,2,2,2,"North Dakota",1
"21112",380044,38,190,48.1356,-98.9113,2,2,6,3,10,2,0,12,0,7,1,0,1,1,1,1,38,1,2,1,1,2,2,2,2,2,2,3,2,1,2,2,2,2,"North Dakota",0
"21113",380045,38,104,48.50891111,-103.9500306,3,3,6,7,10,4,0,1,0,1,1,0,4,1,1,2,38,1,2,1,2,1,2,2,2,1,2,3,2,2,1,2,2,1,"North Dakota",0
"21114",380046,38,209,48.08006111,-103.1516389,4,4,6,7,22,3,0,59,0,1,1,0,4,2,1,2,38,1,2,2,2,1,2,2,2,1,2,1,2,2,2,2,2,2,"North Dakota",1
"21115",380047,38,694,46.93153889,-102.7898306,4,4,6,1,18,3,0,12,0,1,1,0,1,1,1,1,38,1,2,2,2,2,2,2,2,2,2,3,2,2,2,2,2,2,"North Dakota",0
"21116",380048,38,730,46.83671944,-100.4468111,2,2,6,4,20,1,0,1,0,1,1,0,4,1,1,1,38,1,1,2,1,1,1,2,2,2,2,3,2,1,2,2,2,2,"North Dakota",0
"21117",380049,38,65,48.91571944,-97.90025,2,2,6,6,22,4,0,11,0,1,1,0,1,2,1,1,38,1,2,2,2,1,1,2,2,2,2,1,2,2,2,2,2,2,"North Dakota",1
"21118",380050,38,738,46.80513056,-100.7556694,1,1,6,6,22,6,0,8,0,3,2,0,1,3,1,1,38,2,2,2,2,1,2,2,1,2,2,2,2,2,1,2,2,2,"North Dakota",0
"21119",380051,38,260,47.93266944,-97.48068889,1,1,6,6,23,2,0,35,0,1,1,0,4,2,10,1,38,1,2,2,2,1,2,2,2,1,2,1,2,2,2,2,2,2,"North Dakota",1
"21120",380052,38,740,46.7981,-100.8244694,4,4,6,7,1,1,0,12,1,18,1,0,1,3,1,2,38,2,1,2,2,2,2,2,2,2,2,1,2,2,1,2,2,2,"North Dakota",1
"21121",380053,38,669,47.00068889,-98.94843889,2,2,7,6,3,2,0,12,0,1,1,0,1,2,10,1,38,1,2,2,1,2,2,2,2,2,2,1,2,2,1,2,2,2,"North Dakota",1
"21122",380054,38,177,48.17826111,-103.1817,3,3,7,5,1,3,0,12,0,1,1,0,1,2,1,2,38,1,2,2,1,2,2,2,2,2,2,1,2,2,2,2,2,2,"North Dakota",1
"21123",380055,38,78,48.80471111,-99.26418889,1,1,7,6,99,2,0,1,0,1,1,0,4,2,1,1,38,1,2,3,3,1,2,2,2,1,2,1,2,2,2,2,2,2,"North Dakota",1
"21124",380056,38,787,46.63068889,-98.89723889,1,1,7,6,18,3,0,9,0,1,1,0,1,1,1,1,38,1,2,2,2,1,2,2,2,2,2,3,2,2,2,2,1,2,"North Dakota",0
"21125",380057,38,717,46.8781,-102.7764694,3,3,7,7,14,6,0,12,0,2,3,0,1,1,1,1,38,1,2,1,2,2,1,1,2,2,2,3,1,2,2,2,2,2,"North Dakota",0
"21126",380058,38,129,48.39826111,-97.86193889,5,5,7,4,11,3,0,12,0,2,2,0,1,1,10,3,38,1,2,1,1,2,2,2,2,2,2,3,2,1,2,2,2,2,"North Dakota",0
"21127",380059,38,926,46.18411111,-103.2655889,1,1,7,5,13,4,0,10,0,6,1,0,1,1,10,1,38,1,2,1,1,1,2,2,2,2,2,3,2,1,2,2,2,2,"North Dakota",0
"21128",380061,38,157,48.26168056,-103.9500611,1,1,7,7,14,4,0,1,0,1,1,0,4,1,1,1,38,1,2,1,2,1,2,2,2,1,2,1,2,2,1,2,2,2,"North Dakota",1
"21129",380062,38,289,47.83278889,-100.1107694,2,2,7,7,17,4,0,1,0,1,1,0,1,1,1,1,38,1,2,1,2,1,2,2,2,1,2,1,2,2,2,2,2,2,"North Dakota",1
"21130",380063,38,133,48.37081111,-103.3448889,1,1,7,2,9,4,0,59,0,1,1,0,4,1,1,1,38,1,2,1,1,1,2,2,2,1,2,2,2,1,2,2,2,2,"North Dakota",0
"21131",380064,38,245,47.97765,-102.9700306,7,7,7,5,18,4,0,12,0,1,1,0,1,1,1,3,38,1,2,2,1,3,2,2,2,1,2,3,1,2,2,2,2,2,"North Dakota",0
"21132",380065,38,508,47.35773889,-102.87645,2,2,8,7,3,3,0,12,0,1,1,0,1,2,1,1,38,1,2,2,2,2,2,2,2,2,2,3,2,2,2,2,2,2,"North Dakota",0
"21133",380066,38,693,46.93631944,-100.95155,1,1,8,7,4,3,0,59,0,1,1,0,4,2,1,1,38,1,2,2,2,1,2,2,2,1,2,1,2,2,1,2,2,2,"North Dakota",1
"21134",380067,38,713,46.88961111,-96.80843889,1,1,8,1,12,6,0,8,0,1,1,0,1,1,1,1,38,2,2,1,2,1,2,2,1,2,2,2,2,2,2,2,2,2,"North Dakota",0
"21135",380068,38,700,46.91346111,-98.04691111,2,2,8,3,10,1,0,1,0,1,1,0,3,1,1,1,38,1,1,1,1,1,2,1,2,1,2,2,2,2,2,2,2,2,"North Dakota",0
"21136",380069,38,858,46.41108056,-100.2735611,2,2,8,5,12,2,0,12,0,1,1,0,1,1,2,1,38,1,2,1,1,2,2,2,2,2,2,3,2,1,2,2,2,2,"North Dakota",0
"21137",380070,38,731,46.83156944,-100.7237111,1,1,8,6,5,1,0,38,0,1,1,0,4,3,5,1,38,2,1,2,1,1,2,2,2,1,2,2,2,2,2,2,2,2,"North Dakota",0
"21138",380071,38,149,48.30905,-101.5284889,2,2,8,7,17,2,0,12,0,1,1,0,1,1,1,1,38,1,2,1,2,2,1,2,2,2,2,3,2,1,2,2,2,1,"North Dakota",0
"21139",380072,38,770,46.69295,-100.5476389,1,1,8,2,19,3,0,1,0,1,1,0,4,1,1,1,38,1,2,2,1,1,2,1,2,1,2,1,2,2,2,2,2,2,"North Dakota",1
"21140",380073,38,470,47.44388056,-101.1951389,3,3,8,3,19,4,0,1,0,1,1,0,4,1,1,1,38,1,2,2,1,1,2,1,2,1,2,3,2,2,2,2,2,2,"North Dakota",1
"21141",380074,38,185,48.15471111,-97.19068056,4,4,8,7,0,1,0,12,0,1,1,0,1,2,1,1,38,1,1,2,2,3,2,2,2,1,2,1,2,2,1,2,2,2,"North Dakota",1
"21142",380075,38,419,47.54226111,-102.84375,1,1,8,7,15,3,0,1,0,1,1,0,4,1,1,1,38,1,2,1,2,1,2,1,2,1,2,1,2,2,2,2,2,2,"North Dakota",1
"21143",380076,38,136,48.35628889,-100.0424111,2,2,8,7,21,4,0,12,0,1,1,0,1,1,1,1,38,1,2,2,2,2,2,2,2,2,2,3,2,2,2,2,2,2,"North Dakota",0
"21144",380077,38,763,46.72368056,-97.556,1,1,8,3,10,4,0,1,0,1,1,0,4,1,10,1,38,1,2,1,1,1,2,2,2,1,2,2,2,2,2,2,2,2,"North Dakota",0
"21145",380078,38,719,46.87726111,-97.03263056,4,4,8,5,21,1,0,12,0,1,1,0,1,2,1,1,38,1,1,2,1,3,1,2,2,2,2,3,2,2,2,2,2,2,"North Dakota",0
"21146",380079,38,259,47.93308056,-97.36393889,1,1,8,6,22,2,0,8,0,1,1,0,1,3,10,1,38,1,2,2,2,1,2,2,1,2,2,3,2,2,2,2,2,2,"North Dakota",0
"21147",380080,38,93,48.58985,-102.9294,2,2,8,3,15,3,0,12,0,2,2,0,1,1,1,1,38,1,2,1,1,2,2,2,2,2,2,3,2,1,2,2,2,2,"North Dakota",0
"21148",380081,38,227,48.02318056,-101.8394194,2,2,8,4,16,4,0,12,0,1,1,0,1,1,1,1,38,1,2,1,1,2,2,1,2,2,2,3,2,2,2,2,2,2,"North Dakota",0
"21149",380082,38,939,46.12515,-97.67498056,1,1,8,1,2,4,0,53,0,1,1,0,4,2,1,1,38,1,2,2,2,1,2,2,2,1,2,1,2,2,2,2,2,2,"North Dakota",1
"21150",380083,38,141,48.34276111,-103.8877,1,1,9,3,18,4,0,1,0,1,1,1,4,1,1,1,38,1,2,2,1,1,2,2,2,1,2,2,2,2,2,2,2,2,"North Dakota",0
"21151",380084,38,724,46.87113056,-96.84153056,2,2,9,6,18,1,0,12,1,5,1,1,1,1,10,1,38,2,1,2,2,2,1,2,2,2,2,1,2,2,2,2,2,2,"North Dakota",1
"21152",380085,38,86,48.63123056,-98.91446111,1,1,9,7,18,3,0,1,0,1,1,0,4,1,2,1,38,1,2,2,2,1,2,2,2,1,2,1,2,2,2,2,2,2,"North Dakota",1
"21153",380086,38,81,48.76308889,-101.3257806,2,2,9,7,20,3,0,12,0,1,1,0,1,2,10,1,38,1,2,2,2,2,2,2,2,2,2,1,2,1,2,2,2,2,"North Dakota",2
"21154",380087,38,864,46.39843056,-100.5057694,1,1,9,5,0,3,0,1,0,1,1,0,1,2,1,1,38,1,2,2,1,1,2,2,2,1,2,1,2,2,2,2,2,2,"North Dakota",1
"21155",380088,38,733,46.82958056,-100.8658389,3,3,9,6,13,6,0,12,0,3,2,0,1,1,1,1,38,2,2,1,1,2,2,1,2,2,2,1,2,2,2,2,2,2,"North Dakota",1
"21156",380089,38,292,47.82408889,-103.6490417,5,5,9,1,21,2,0,12,0,2,3,0,1,2,1,2,38,1,2,2,2,2,2,2,2,1,2,1,2,2,2,2,2,2,"North Dakota",1
"21157",380090,38,961,46.01403056,-100.9807306,1,1,9,2,1,4,3,1,0,1,1,0,4,2,1,1,38,1,2,2,2,1,2,1,2,1,2,3,2,2,1,2,2,2,"North Dakota",1
"21158",380091,38,788,46.63025,-96.88723889,24,24,9,6,8,3,0,12,0,2,3,0,1,1,5,1,38,1,2,1,1,3,2,2,2,2,2,3,2,1,2,2,2,2,"North Dakota",0
"21159",380092,38,236,47.99559167,-98.92708333,5,5,9,6,18,3,3,12,0,2,3,0,1,9,99,1,38,1,2,2,2,2,2,1,2,2,2,1,2,2,2,2,2,2,"North Dakota",1
"21160",380093,38,711,46.89068056,-102.9595806,1,1,10,7,11,1,0,1,0,1,1,0,4,1,1,1,38,1,1,1,2,1,2,2,2,1,2,2,2,1,2,2,2,2,"North Dakota",0
"21161",380094,38,235,47.99886944,-98.89265,2,2,10,4,19,8,3,8,0,1,1,0,1,2,1,1,38,1,2,2,1,1,2,2,1,2,2,2,2,2,2,2,2,2,"North Dakota",0
"21162",380095,38,114,48.48013056,-97.62268889,3,3,10,5,6,3,0,12,0,1,1,0,1,2,1,1,38,1,2,1,1,2,2,2,2,2,2,3,2,1,2,2,2,2,"North Dakota",0
"21163",380096,38,571,47.22005,-101.2984,2,2,10,7,22,3,0,1,0,1,1,0,4,2,1,1,38,1,2,2,2,1,2,1,2,1,2,1,2,2,2,2,2,2,"North Dakota",1
"21164",380097,38,204,48.09606944,-101.29615,7,7,10,2,8,2,0,12,0,1,1,0,1,2,5,1,38,1,2,1,1,3,2,2,2,2,2,3,2,2,2,2,2,2,"North Dakota",0
"21165",380098,38,300,47.80451944,-103.0323694,1,1,10,3,13,3,0,8,0,1,1,0,1,1,10,1,38,1,2,1,1,1,2,2,1,2,2,3,2,2,2,2,2,2,"North Dakota",0
"21166",380099,38,945,46.0884,-100.65575,4,4,10,5,21,4,3,8,0,1,1,0,1,3,1,1,38,1,2,2,1,1,2,2,1,2,2,3,2,2,2,2,2,2,"North Dakota",0
"21167",380100,38,670,46.99756111,-100.7915694,2,2,10,6,13,2,0,35,0,1,1,0,3,1,1,1,38,1,2,1,1,1,2,2,2,1,2,2,2,2,1,2,2,2,"North Dakota",0
"21168",380101,38,187,48.14706111,-103.5832889,2,2,11,7,8,3,0,12,0,1,1,0,1,1,1,1,38,1,2,1,2,2,2,2,2,2,2,3,2,2,2,2,2,2,"North Dakota",0
"21169",380102,38,687,46.95398889,-100.7820389,3,3,11,3,18,2,0,12,0,1,1,0,1,2,1,2,38,1,2,2,1,2,2,2,2,1,2,2,2,2,2,2,2,2,"North Dakota",0
"21170",380103,38,588,47.18908889,-100.8795694,3,3,11,4,3,2,0,1,0,1,1,0,4,2,1,3,38,1,2,2,1,1,2,1,2,1,2,2,2,2,2,2,2,2,"North Dakota",0
"21171",380104,38,107,48.49145,-103.6243583,2,2,11,4,20,2,0,1,0,1,1,0,4,2,1,2,38,1,2,2,1,1,2,2,2,1,2,1,2,2,2,2,2,2,"North Dakota",1
"21172",380105,38,242,47.98236944,-102.6292111,3,3,11,1,21,3,3,12,0,3,3,0,1,2,1,1,38,1,2,2,2,2,2,1,2,2,2,1,2,2,2,2,2,2,"North Dakota",1
"21173",380106,38,675,46.98903889,-98.67891111,2,2,11,3,7,3,0,34,0,1,1,0,4,4,10,1,38,1,2,1,1,1,2,2,2,1,2,2,1,2,2,2,2,2,"North Dakota",0
"21174",380107,38,312,47.77888889,-102.7177694,4,4,12,3,7,3,3,12,0,2,3,0,1,2,10,1,38,1,2,1,1,3,2,2,2,1,2,3,2,2,2,2,2,2,"North Dakota",0
"21175",380108,38,244,47.97780556,-102.2442139,2,2,12,1,3,3,3,12,0,1,1,0,1,2,98,1,38,1,2,2,2,2,2,2,2,1,2,1,1,2,2,2,2,2,"North Dakota",1
"21176",380109,38,712,46.89068056,-103.0508389,1,1,12,4,0,1,0,1,0,1,1,0,4,2,1,1,38,1,1,2,1,1,2,2,2,1,2,1,2,2,2,2,2,2,"North Dakota",1
"21177",380110,38,178,48.1768,-103.8846806,1,1,12,7,8,4,0,35,0,1,1,0,4,1,1,1,38,1,2,1,2,1,2,2,2,1,2,1,2,2,2,2,2,2,"North Dakota",1
"21178",380111,38,981,45.95371111,-102.6511389,1,1,12,2,9,3,0,1,0,1,1,0,4,1,5,1,38,1,2,1,1,1,2,2,2,1,2,2,2,1,2,2,2,2,"North Dakota",0
"21179",380112,38,708,46.89258889,-98.45746944,4,4,12,2,6,1,0,1,0,1,1,0,4,4,12,1,38,1,1,1,1,1,2,2,2,1,2,3,2,2,2,2,2,2,"North Dakota",0
"21180",380113,38,293,47.82386111,-103.6487889,2,2,12,6,15,2,0,12,0,3,3,0,1,1,1,1,38,1,2,1,1,2,2,1,2,2,2,3,2,2,2,2,2,2,"North Dakota",0
"21181",380114,38,230,48.01106944,-103.2551111,1,1,12,3,99,4,0,31,0,1,1,0,4,2,1,1,38,1,2,3,1,1,2,1,2,1,2,1,2,2,2,2,2,2,"North Dakota",1
"21182",380115,38,188,48.14553889,-103.6216611,3,3,12,3,14,2,0,8,0,2,2,0,1,1,1,1,38,1,2,1,1,1,2,2,1,2,2,1,2,2,1,2,2,2,"North Dakota",1
"21183",380116,38,154,48.27675278,-101.4209111,1,1,12,5,18,5,0,14,0,1,1,0,5,3,4,1,38,1,2,2,1,1,2,1,2,2,2,1,2,2,2,2,2,2,"North Dakota",1
"21184",390001,39,11897,38.80890278,-83.10251389,2,2,1,2,6,3,0,12,0,1,1,0,1,2,1,1,39,1,2,1,1,2,2,2,2,2,2,3,2,2,2,2,2,2,"Ohio",1
"21185",390002,39,9870,39.76360833,-84.21509444,2,2,1,5,15,6,0,30,0,3,2,0,4,1,1,2,39,2,2,1,1,1,2,1,2,1,2,1,2,2,2,2,2,2,"Ohio",1
"21186",390003,39,7286,40.779575,-82.42028611,1,1,1,7,7,2,0,14,0,5,1,0,5,2,3,1,39,2,2,1,2,1,2,1,1,2,2,2,2,2,2,2,2,2,"Ohio",0
"21187",390004,39,8167,40.50534444,-83.07980278,2,2,1,4,7,2,0,12,0,1,1,0,1,2,10,1,39,1,2,1,1,2,2,2,2,2,2,2,2,1,2,2,1,2,"Ohio",0
"21188",390005,39,8447,40.36752778,-81.24140556,3,3,1,1,19,2,0,12,0,1,1,0,1,2,10,1,39,1,2,2,2,2,2,2,2,2,2,1,2,1,2,2,2,2,"Ohio",1
"21189",390006,39,6265,41.24920833,-84.39959167,1,1,1,7,13,3,0,42,0,1,1,0,4,1,2,1,39,2,2,1,2,1,2,1,2,2,2,2,2,1,2,2,2,2,"Ohio",0
"21190",390007,39,9621,39.86236944,-82.11183056,2,2,1,5,15,2,0,31,0,1,1,0,4,1,1,2,39,2,2,1,1,1,2,2,2,2,2,2,2,2,2,2,2,2,"Ohio",0
"21191",390008,39,6875,40.91507222,-81.98177222,4,4,1,3,17,3,0,12,0,1,1,0,1,1,1,1,39,1,2,1,1,3,2,2,2,2,2,3,2,2,2,2,2,2,"Ohio",0
"21192",390009,39,6705,41.005525,-80.98607778,1,1,1,6,21,4,0,32,0,1,1,0,4,2,10,1,39,1,2,2,2,1,2,2,2,1,2,1,2,2,2,2,2,2,"Ohio",1
"21193",390010,39,7156,40.81323611,-82.85569167,2,2,1,6,17,3,0,12,0,2,2,0,1,5,10,1,39,1,2,1,1,2,2,2,2,2,2,3,2,1,2,2,2,2,"Ohio",0
"21194",390011,39,9982,39.73640278,-83.98141111,1,1,1,1,20,4,0,35,0,1,1,0,4,2,3,1,39,2,2,2,2,1,2,2,2,1,2,1,2,2,2,2,2,2,"Ohio",1
"21195",390012,39,11091,39.17330278,-84.46751111,1,1,1,1,22,6,0,8,0,1,1,0,1,3,1,1,39,2,2,2,2,1,2,1,1,2,2,3,2,2,2,1,2,2,"Ohio",0
"21196",390013,39,6340,41.21139722,-80.95687778,4,4,1,7,23,3,0,12,1,18,1,0,1,2,1,1,39,2,2,2,2,3,2,2,2,2,2,1,1,2,2,2,2,2,"Ohio",1
"21197",390014,39,9378,39.95360278,-82.95894444,3,3,1,6,18,1,0,12,1,18,1,0,1,5,1,1,39,2,1,2,2,2,2,2,2,2,2,3,2,2,2,2,2,2,"Ohio",0
"21198",390015,39,8516,40.33455556,-84.57116667,2,2,1,3,10,2,0,12,0,1,1,0,1,1,1,1,39,1,2,1,1,2,2,2,2,2,2,3,2,2,2,2,2,2,"Ohio",0
"21199",390016,39,6078,41.33418889,-81.22152222,6,6,1,7,9,3,0,12,0,1,1,0,1,1,3,1,39,1,2,1,2,2,2,1,2,2,2,3,2,1,2,2,2,2,"Ohio",0
"21200",390017,39,6686,41.01765278,-81.41390278,2,2,1,2,16,6,0,12,0,1,1,0,1,1,1,1,39,2,2,1,1,2,2,2,2,2,2,3,2,1,2,2,2,2,"Ohio",0
"21201",390018,39,8527,40.33112778,-83.68136389,1,1,1,1,7,2,0,52,0,1,1,0,3,2,1,1,39,1,2,1,2,1,2,2,2,2,2,2,2,2,2,2,2,2,"Ohio",0
"21202",390019,39,9355,39.960125,-81.17520278,3,3,1,3,13,3,0,12,0,1,1,0,1,1,1,1,39,1,2,1,1,2,2,2,2,2,2,2,2,2,2,2,2,1,"Ohio",0
"21203",390020,39,7133,40.82243056,-84.07099444,1,1,1,4,21,4,0,8,0,1,1,0,1,2,10,1,39,1,2,2,1,1,2,2,1,2,2,3,2,2,1,2,2,2,"Ohio",0
"21204",390021,39,6158,41.29708889,-81.68446389,1,1,1,1,4,3,0,48,0,1,1,0,4,2,1,1,39,2,2,2,2,1,2,2,2,2,2,1,2,2,2,2,2,2,"Ohio",1
"21205",390022,39,9520,39.90816389,-84.049275,1,1,1,4,22,2,0,31,0,1,1,0,4,2,10,1,39,1,2,2,1,1,2,2,2,2,2,2,2,2,1,2,2,2,"Ohio",1
"21206",390023,39,8387,40.39877222,-82.53266389,1,1,1,6,13,3,0,34,0,1,1,0,4,1,10,1,39,1,2,1,1,1,2,2,2,2,2,2,2,1,2,2,2,2,"Ohio",0
"21207",390024,39,10461,39.50761667,-83.55196944,2,2,1,6,7,2,0,12,0,1,1,0,1,4,6,1,39,1,2,1,1,2,2,2,2,2,2,3,2,1,2,2,2,2,"Ohio",0
"21208",390025,39,6543,41.10367222,-80.58561667,2,2,1,2,13,4,0,34,0,1,1,0,4,1,4,1,39,2,2,1,1,1,2,2,2,2,2,2,2,1,2,2,2,2,"Ohio",0
"21209",390026,39,11005,39.2147,-84.09759444,1,1,1,4,19,5,0,34,0,1,1,0,4,2,1,1,39,1,2,2,1,1,1,2,2,2,2,1,2,2,2,2,2,2,"Ohio",1
"21210",390027,39,12646,38.46048056,-82.59466667,1,1,1,5,21,2,0,8,0,1,1,0,1,2,10,1,39,2,2,2,1,1,2,2,1,2,2,2,2,2,2,2,2,2,"Ohio",0
"21211",390028,39,10673,39.38277778,-84.24966389,2,2,1,4,18,4,0,12,0,1,1,0,1,2,10,1,39,2,2,2,1,2,2,2,2,2,2,3,2,2,2,2,2,2,"Ohio",0
"21212",390029,39,8820,40.17274722,-82.32369167,1,1,1,7,3,5,0,31,0,1,1,0,4,2,10,1,39,1,2,2,2,1,2,2,2,1,2,1,2,2,1,2,2,2,"Ohio",1
"21213",390030,39,9161,40.03253889,-82.97790556,1,1,1,7,1,6,0,30,0,1,1,0,4,3,1,1,39,2,2,2,2,1,2,2,2,2,2,1,2,2,2,2,2,2,"Ohio",1
"21214",390031,39,8304,40.43390833,-83.07259167,3,3,1,1,18,2,0,12,0,2,2,0,1,2,10,1,39,1,2,2,2,2,2,2,2,2,2,3,2,2,1,2,2,2,"Ohio",0
"21215",390032,39,5308,41.67703056,-83.57249167,4,4,1,5,4,1,0,52,1,5,1,0,4,3,1,1,39,2,1,2,1,1,2,2,2,2,2,3,2,2,1,2,2,2,"Ohio",1
"21216",390033,39,9954,39.7407,-84.1747,2,2,1,7,22,6,0,33,0,1,1,0,4,3,1,1,39,2,2,2,2,1,2,2,2,2,2,1,2,2,2,2,2,2,"Ohio",1
"21217",390034,39,5150,41.73857778,-81.04796389,2,2,1,2,13,3,0,12,0,1,1,0,1,1,10,1,39,1,2,1,1,2,2,2,2,2,2,3,1,2,2,2,2,2,"Ohio",0
"21218",390035,39,7108,40.82780556,-83.88034722,2,2,1,2,8,2,0,12,0,2,2,0,1,1,1,1,39,1,2,1,1,2,2,2,2,2,2,3,2,1,1,2,2,2,"Ohio",0
"21219",390036,39,5783,41.48523889,-81.81746111,2,2,1,2,22,2,0,33,0,1,1,0,4,3,10,1,39,2,2,2,1,2,2,1,2,2,2,3,2,2,2,2,2,2,"Ohio",0
"21220",390037,39,8347,40.41624167,-81.50006111,1,1,1,3,14,4,0,52,0,1,1,0,4,1,10,1,39,2,2,1,1,1,2,1,2,1,2,2,2,2,1,2,2,2,"Ohio",0