"","ST_CASE","OBJECT_ID","FID","LATITUDE","LONGITUD","PERMVIT","PERSONS","MONTH","DAY_WEEK","HOUR","ROUTE","SP_JUR","HARM_EV","RELJCT1","RELJCT2","TYP_INT","WRK_ZONE","REL_ROAD","LGT_COND","WEATHER","FATALS","STATE","A_RU","A_INTER","A_TOD","A_DOW","A_CT","A_MC","A_SPCRA","A_PED","A_ROLL","A_POLPUR","A_POSBAC","A_D15_20","A_D65PLS","A_D21_24","A_HR","A_DIST","A_DROWSY","STATE_NAME","drunkDr"
"21221",390038,39,5910,41.42445,-82.04006111,1,1,1,3,22,6,0,53,0,1,1,0,4,2,10,1,39,2,2,2,1,1,2,1,2,1,2,1,2,2,2,2,2,2,"Ohio",1
"21222",390039,39,9806,39.781,-84.2077,1,1,1,3,20,3,0,33,0,3,3,0,4,3,1,1,39,2,2,2,1,1,2,2,2,2,2,2,2,2,2,2,2,2,"Ohio",0
"21223",390040,39,11130,39.15345833,-83.65884444,2,2,1,4,6,2,0,12,0,1,1,0,1,2,10,1,39,1,2,1,1,2,2,2,2,2,2,3,2,2,2,2,2,2,"Ohio",0
"21224",390041,39,5847,41.45818333,-81.69638333,5,5,1,7,5,1,0,42,1,5,1,0,4,3,10,1,39,2,1,2,2,1,2,2,2,2,2,1,2,2,2,2,2,2,"Ohio",1
"21225",390042,39,11158,39.13900833,-84.63283333,1,1,1,3,10,6,0,43,0,1,1,0,4,1,10,1,39,2,2,1,1,1,2,2,2,2,2,2,2,1,2,2,2,2,"Ohio",0
"21226",390043,39,9497,39.91628056,-82.89398889,5,5,1,6,23,6,0,12,0,1,1,0,1,3,1,2,39,2,2,2,2,2,2,2,2,2,2,2,2,2,1,2,1,2,"Ohio",0
"21227",390044,39,8437,40.37344444,-80.61370833,2,2,1,1,3,6,0,30,1,3,2,0,4,3,10,1,39,2,2,2,2,1,2,2,2,2,2,1,2,2,1,2,2,1,"Ohio",1
"21228",390045,39,9565,39.8882,-84.02268333,2,2,1,6,16,6,0,12,0,1,1,0,1,1,1,1,39,2,2,1,1,2,2,2,2,2,2,3,1,1,2,2,2,2,"Ohio",0
"21229",390046,39,11136,39.15003333,-84.59960833,1,1,1,4,10,6,0,8,0,2,2,0,1,1,1,1,39,2,2,1,1,1,2,2,1,2,2,3,1,2,2,2,2,2,"Ohio",0
"21230",390047,39,6583,41.08118889,-82.96823889,2,2,1,6,2,2,0,12,0,1,1,0,1,2,10,1,39,1,2,2,1,2,2,2,2,1,2,3,2,2,2,2,2,2,"Ohio",0
"21231",390048,39,5563,41.57364167,-83.72218889,3,3,1,1,11,2,0,12,0,1,1,0,1,1,4,1,39,2,2,1,2,2,2,1,2,2,2,2,2,2,1,2,2,2,"Ohio",0
"21232",390049,39,6553,41.09957778,-80.79355833,3,3,1,5,11,4,0,12,0,1,1,0,1,1,3,2,39,1,2,1,1,2,2,2,2,2,2,1,2,1,2,2,2,2,"Ohio",1
"21233",390050,39,5827,41.46743333,-81.51509722,1,1,1,3,1,6,0,33,0,1,1,0,4,3,4,1,39,2,2,2,1,1,2,1,2,2,2,1,2,2,1,2,2,2,"Ohio",1
"21234",390051,39,5317,41.67359167,-83.73445278,2,2,1,1,5,2,0,8,0,1,1,0,1,3,10,1,39,2,2,2,2,1,2,2,1,2,2,2,2,2,2,1,2,2,"Ohio",1
"21235",390052,39,9451,39.93411389,-82.85140833,4,4,2,1,2,1,0,31,1,19,1,0,3,3,1,2,39,2,1,2,2,1,2,2,2,2,2,3,2,2,2,2,2,2,"Ohio",0
"21236",390053,39,5809,41.47478056,-81.69004722,1,1,1,3,12,1,0,8,1,5,1,0,4,1,10,1,39,2,1,1,1,1,2,2,1,2,2,3,2,2,1,2,2,2,"Ohio",1
"21237",390054,39,7089,40.83338611,-83.58664167,1,1,1,1,21,4,0,42,0,1,1,0,4,2,10,1,39,1,2,2,2,1,2,1,2,1,2,2,2,1,2,2,2,2,"Ohio",0
"21238",390055,39,8874,40.14740278,-84.29381944,1,1,2,1,17,6,0,42,0,1,1,0,4,5,2,1,39,2,2,1,2,1,2,2,2,2,2,1,2,2,2,2,2,2,"Ohio",1
"21239",390056,39,6291,41.23764722,-81.90048611,1,1,1,7,1,3,0,53,0,1,1,0,4,2,10,1,39,1,2,2,2,1,2,1,2,2,2,1,2,2,2,2,2,2,"Ohio",1
"21240",390057,39,8733,40.22689167,-82.51957778,4,4,1,6,20,2,0,12,0,2,2,0,1,2,1,1,39,1,2,2,2,3,2,2,2,2,2,3,2,1,2,2,2,2,"Ohio",0
"21241",390059,39,6134,41.30832778,-83.1685,3,3,2,5,8,3,0,12,0,1,1,0,1,1,1,1,39,1,2,1,1,2,2,1,2,2,2,3,2,2,2,2,2,2,"Ohio",0
"21242",390060,39,5403,41.63986667,-83.51844444,3,3,1,7,2,6,0,8,0,3,3,0,1,3,10,1,39,2,2,2,2,1,2,2,1,2,2,3,2,2,2,2,1,2,"Ohio",0
"21243",390061,39,9325,39.97611111,-82.9951,5,5,2,3,20,1,0,12,0,1,1,0,1,3,1,1,39,2,1,2,1,3,2,2,2,2,2,3,2,1,1,2,2,2,"Ohio",0
"21244",390062,39,9316,39.97918611,-82.98539722,1,1,2,5,1,1,0,23,1,5,1,0,8,2,4,1,39,2,1,2,1,1,2,2,2,2,2,2,2,2,1,2,2,2,"Ohio",1
"21245",390063,39,6492,41.12501389,-80.7489,1,1,2,4,17,1,0,59,0,1,1,0,8,1,4,1,39,2,1,1,1,1,2,2,2,1,2,1,2,2,2,2,2,2,"Ohio",1
"21246",390064,39,5654,41.54134444,-81.59748889,1,1,1,3,2,6,0,30,0,3,2,0,4,3,1,1,39,2,2,2,1,1,2,2,2,2,2,3,2,2,2,2,2,2,"Ohio",0
"21247",390066,39,11228,39.10861111,-83.78638889,1,1,2,6,2,3,0,34,0,1,1,0,4,2,1,1,39,1,2,2,1,1,2,2,2,1,2,2,2,2,2,2,2,2,"Ohio",0
"21248",390067,39,9844,39.77074722,-81.37835,2,2,2,5,5,3,0,12,0,1,1,0,1,6,4,1,39,1,2,2,1,2,2,2,2,2,2,3,2,2,2,2,2,2,"Ohio",0
"21249",390068,39,10693,39.37302778,-84.44173611,1,1,1,3,10,5,0,34,0,1,1,0,4,1,1,1,39,2,2,1,1,1,2,2,2,1,2,2,2,2,1,2,2,2,"Ohio",0
"21250",390069,39,10859,39.292375,-84.39376389,2,2,1,1,12,2,0,12,0,3,2,0,1,1,10,1,39,2,2,1,2,2,2,2,2,2,2,3,2,1,2,2,2,2,"Ohio",0
"21251",390072,39,6167,41.29401111,-82.02095,2,2,2,5,17,3,0,18,0,6,1,0,1,1,1,2,39,2,2,1,1,1,2,2,2,2,2,2,2,2,2,2,2,2,"Ohio",0
"21252",390073,39,10309,39.60069722,-84.1612,1,1,1,6,6,3,0,42,0,1,1,0,4,2,10,1,39,2,2,1,1,1,2,2,2,2,2,2,2,1,2,2,2,2,"Ohio",0
"21253",390074,39,10884,39.27887778,-84.57395278,1,1,2,1,3,1,0,43,0,1,1,0,4,2,1,1,39,2,1,2,2,1,2,2,2,2,2,1,2,2,2,2,2,2,"Ohio",1
"21254",390075,39,6041,41.35469444,-81.81866944,3,3,2,5,9,1,0,12,1,18,1,0,1,1,10,1,39,2,1,1,1,3,2,2,2,2,2,3,2,2,2,2,1,2,"Ohio",0
"21255",390076,39,9244,40.00256944,-83.1184,1,1,2,1,6,1,0,26,0,1,1,0,3,3,10,1,39,2,1,1,2,1,2,2,2,2,2,1,2,2,2,2,2,2,"Ohio",1
"21256",390077,39,8872,40.14870833,-84.71739167,2,3,2,1,21,3,0,8,0,1,1,0,1,2,10,2,39,1,2,2,2,2,2,2,1,2,2,3,2,2,2,2,2,2,"Ohio",1
"21257",390078,39,6373,41.19633611,-80.66410556,1,1,1,4,22,3,0,8,0,1,1,0,1,2,10,1,39,2,2,2,1,1,2,2,1,2,2,2,2,2,2,2,2,2,"Ohio",0
"21258",390079,39,6251,41.25499167,-82.36635,1,1,2,4,20,2,0,9,0,1,1,0,1,2,10,1,39,1,2,2,1,1,2,2,2,2,2,2,2,2,2,2,2,2,"Ohio",0
"21259",390080,39,5840,41.45995556,-81.49593056,1,1,2,6,19,1,0,25,0,1,1,0,3,3,10,1,39,2,1,2,2,1,2,2,2,1,2,1,2,2,2,2,2,2,"Ohio",1
"21260",390081,39,9553,39.89383333,-82.74546389,2,2,2,7,0,4,0,12,0,1,1,0,1,2,1,2,39,1,2,2,2,2,2,2,2,2,2,1,2,2,1,2,2,2,"Ohio",1
"21261",390082,39,7273,40.78361111,-82.41083333,1,3,2,7,21,1,0,14,0,1,1,0,4,3,4,1,39,2,1,2,2,1,2,1,1,2,2,3,2,2,2,2,2,2,"Ohio",1
"21262",390083,39,11823,38.84366667,-82.15197222,3,3,2,2,19,3,0,12,0,2,2,0,1,2,1,1,39,2,2,2,1,2,2,2,2,2,2,3,2,1,2,2,1,2,"Ohio",0
"21263",390084,39,6101,41.32416667,-82.59472222,10,10,2,7,14,1,0,24,0,1,1,0,4,1,4,1,39,1,1,1,2,3,2,1,2,2,2,3,2,2,1,2,2,2,"Ohio",0
"21264",390085,39,9070,40.06512778,-80.78617222,1,1,2,5,2,1,0,8,0,1,1,0,1,2,4,1,39,2,1,2,1,1,2,2,1,2,2,2,2,2,2,2,2,2,"Ohio",0
"21265",390086,39,5328,41.66922222,-84.36030556,5,5,2,4,13,2,0,12,0,1,1,0,1,1,1,2,39,1,2,1,1,2,2,2,2,2,2,1,2,1,2,2,2,2,"Ohio",1
"21266",390087,39,9436,39.93847222,-82.83021944,2,2,2,6,6,6,0,8,0,3,2,0,1,3,1,1,39,2,2,1,1,1,2,2,1,2,2,3,2,2,2,2,2,2,"Ohio",0
"21267",390088,39,6093,41.32906111,-82.49277778,13,13,2,7,11,1,0,12,0,1,1,0,1,1,7,1,39,1,1,1,2,3,2,1,2,2,2,3,2,2,2,2,2,2,"Ohio",0
"21268",390089,39,10744,39.34691944,-84.52017222,3,3,1,6,7,6,0,12,0,2,2,0,1,3,10,1,39,2,2,1,1,2,2,2,2,2,2,3,2,2,2,2,2,2,"Ohio",0
"21269",390090,39,10766,39.33889722,-84.53321389,1,1,1,5,20,3,0,8,0,1,1,0,1,3,1,1,39,2,2,2,1,1,2,2,1,2,2,2,1,2,2,2,2,2,"Ohio",0
"21270",390091,39,8001,40.58121944,-84.59983056,1,1,1,5,19,4,0,30,0,1,1,0,4,2,2,1,39,1,2,2,1,1,2,2,2,1,2,2,2,2,2,2,2,2,"Ohio",0
"21271",390092,39,10776,39.33449167,-81.74977222,1,1,2,3,6,4,0,34,0,1,1,0,4,2,1,1,39,1,2,1,1,1,2,1,2,2,2,1,2,1,2,2,2,2,"Ohio",1
"21272",390093,39,9574,39.88231111,-83.95345833,1,1,2,3,2,1,0,38,0,1,1,0,4,2,1,1,39,1,1,2,1,1,2,2,2,1,2,1,1,2,2,2,2,2,"Ohio",1
"21273",390094,39,8159,40.50888889,-82.69833333,3,3,2,7,15,1,0,12,0,1,1,0,1,1,6,1,39,1,1,1,2,2,2,1,2,2,2,3,2,2,1,2,2,2,"Ohio",0
"21274",390095,39,9491,39.91878889,-82.82431111,2,2,2,1,2,6,0,12,0,3,3,0,1,2,1,1,39,2,2,2,2,2,2,2,2,2,2,1,2,2,2,1,2,2,"Ohio",2
"21275",390096,39,8439,40.37308056,-82.83103889,49,49,2,7,14,1,0,12,1,5,1,0,1,1,11,1,39,1,1,1,2,3,2,1,2,2,2,3,1,1,1,2,2,2,"Ohio",0
"21276",390097,39,5786,41.483925,-81.76738889,4,4,1,4,9,6,0,12,0,8,1,0,1,1,10,1,39,2,2,1,1,2,2,2,2,2,2,3,2,2,2,2,2,2,"Ohio",0
"21277",390098,39,7810,40.64608056,-80.58875556,2,2,2,3,8,2,0,42,0,1,1,0,4,1,1,2,39,2,2,1,1,1,2,2,2,2,2,2,2,2,2,2,2,2,"Ohio",0
"21278",390099,39,5481,41.60843056,-84.50735278,15,15,2,7,11,1,0,12,0,1,1,0,1,1,7,1,39,1,1,1,2,3,2,2,2,2,2,3,2,1,2,2,2,2,"Ohio",0
"21279",390100,39,5960,41.40238889,-83.65065556,6,6,2,5,16,3,0,12,0,1,1,0,1,1,1,4,39,2,2,1,1,3,2,2,2,2,2,3,1,1,2,2,2,2,"Ohio",0
"21280",390101,39,6271,41.24871944,-84.12931389,1,1,1,4,14,3,0,10,0,6,1,0,1,1,1,1,39,1,2,1,1,1,2,2,2,2,2,2,2,2,2,2,2,2,"Ohio",0
"21281",390102,39,5238,41.70715278,-83.61462222,1,1,2,6,21,6,0,14,0,1,1,0,7,3,1,1,39,2,2,2,2,1,1,2,2,2,2,1,2,2,1,2,2,2,"Ohio",1
"21282",390103,39,10914,39.26595833,-83.49376944,2,2,2,5,7,3,0,31,0,1,1,0,4,1,1,1,39,1,2,1,1,1,2,1,2,1,2,2,2,2,2,2,2,2,"Ohio",1
"21283",390104,39,5421,41.6331,-83.5295,2,2,2,2,9,6,0,12,0,1,1,0,1,1,10,1,39,2,2,1,1,2,2,2,2,2,2,3,2,2,2,2,2,2,"Ohio",0
"21284",390105,39,10507,39.48449444,-84.51243889,4,4,2,6,14,3,0,12,0,2,2,0,1,1,1,1,39,1,2,1,1,3,2,2,2,2,2,3,2,2,1,2,2,2,"Ohio",0
"21285",390106,39,10602,39.42755556,-82.19123056,1,1,2,5,10,5,0,42,0,1,1,0,4,1,10,1,39,2,2,1,1,1,2,2,2,2,2,2,2,1,2,2,2,2,"Ohio",0
"21286",390107,39,10458,39.50968333,-83.94204167,1,1,2,2,8,3,0,42,0,1,1,0,4,1,4,1,39,1,2,1,1,1,2,1,2,2,2,3,1,2,2,2,2,2,"Ohio",0
"21287",390108,39,4998,41.80859444,-81.07404722,2,2,2,4,15,4,0,12,0,1,1,0,1,1,4,1,39,2,2,1,1,2,2,1,2,2,2,2,2,2,2,2,2,2,"Ohio",0
"21288",390109,39,6428,41.16838333,-82.09834167,3,3,2,6,14,3,0,12,0,1,1,0,1,1,1,3,39,1,2,1,1,2,2,2,2,2,2,1,2,2,2,2,2,2,"Ohio",1
"21289",390110,39,9425,39.94169444,-83.68605556,2,2,2,2,10,4,0,35,0,1,1,0,4,1,10,1,39,1,2,1,1,1,2,1,2,2,2,3,2,2,2,2,2,2,"Ohio",0
"21290",390111,39,9084,40.05953889,-82.95303056,1,1,2,6,17,6,0,8,0,3,2,0,1,1,1,1,39,2,2,1,1,1,2,2,1,2,2,3,1,2,2,2,2,2,"Ohio",0
"21291",390113,39,10639,39.40197778,-84.53978611,3,3,2,6,11,3,0,43,0,1,1,0,4,1,1,1,39,2,2,1,1,2,2,2,2,2,2,2,2,1,2,2,2,2,"Ohio",0
"21292",390114,39,6058,41.34520278,-82.28383889,3,3,2,7,2,3,0,8,0,1,1,0,1,2,4,1,39,2,2,2,2,2,2,2,1,2,2,3,1,2,2,2,2,2,"Ohio",0
"21293",390115,39,5911,41.42416667,-81.05972222,4,4,3,6,20,3,0,12,0,1,1,0,1,2,1,1,39,1,2,2,2,2,2,2,2,2,2,3,2,1,2,2,2,2,"Ohio",0
"21294",390116,39,6682,41.02291944,-81.05042222,2,2,2,3,11,3,0,12,0,1,1,0,1,1,1,1,39,1,2,1,1,2,2,2,2,2,2,3,2,2,2,2,2,2,"Ohio",0
"21295",390117,39,9092,40.05726944,-82.90346944,4,4,3,6,17,1,0,52,1,5,1,0,4,1,1,1,39,2,1,1,1,3,2,2,2,2,2,1,2,1,2,2,2,2,"Ohio",1
"21296",390118,39,11004,39.21499444,-82.17305,1,1,2,6,7,3,0,8,0,1,1,0,4,1,10,1,39,1,2,1,1,1,2,2,1,2,2,2,2,2,2,2,2,2,"Ohio",0
"21297",390119,39,6019,41.37395278,-83.57151944,3,3,3,6,6,6,0,24,0,3,3,0,8,2,1,2,39,1,2,1,1,1,2,1,2,1,2,1,2,2,1,2,2,2,"Ohio",1
"21298",390120,39,5647,41.54589722,-81.61347222,2,2,3,7,4,1,0,25,0,1,1,0,3,3,1,1,39,2,1,2,2,1,2,2,2,2,2,1,2,2,2,2,2,2,"Ohio",1
"21299",390121,39,9377,39.95364722,-82.95991389,1,2,2,7,2,1,0,8,0,1,1,0,1,3,10,1,39,2,1,2,2,1,2,1,1,2,2,1,2,2,2,2,2,2,"Ohio",1
"21300",390122,39,9330,39.9731,-83.08123889,7,7,3,6,21,1,0,8,0,1,1,0,1,2,1,1,39,2,1,2,2,3,2,2,1,2,2,3,2,2,2,1,2,2,"Ohio",0
"21301",390123,39,9315,39.979275,-82.98190278,2,2,3,6,19,1,0,24,1,5,1,0,4,3,1,2,39,2,1,2,2,1,2,2,2,2,2,2,2,2,2,2,1,2,"Ohio",0
"21302",390124,39,6998,40.86724167,-82.51333889,3,3,2,6,17,3,0,12,0,2,2,0,1,1,1,2,39,1,2,1,1,2,2,2,2,1,2,1,2,2,2,2,2,2,"Ohio",1
"21303",390125,39,6939,40.88900556,-81.19820278,3,3,2,4,15,2,0,12,0,3,2,0,1,1,1,1,39,1,2,1,1,2,2,2,2,2,2,3,1,1,2,2,2,2,"Ohio",0
"21304",390126,39,9346,39.96629167,-83.29733889,50,50,2,7,14,1,0,12,0,1,1,0,1,1,11,1,39,2,1,1,2,3,2,1,2,2,2,3,2,1,1,2,2,2,"Ohio",0
"21305",390127,39,6678,41.02472222,-80.61527778,1,1,1,6,12,3,0,19,0,1,1,0,4,1,1,1,39,2,2,1,1,1,2,2,2,2,2,3,2,1,2,2,2,2,"Ohio",0
"21306",390129,39,9701,39.83309167,-84.29202222,1,1,2,7,17,4,0,8,0,1,1,0,98,1,10,1,39,2,2,1,2,1,2,2,1,2,2,3,2,2,2,2,2,2,"Ohio",0
"21307",390130,39,5503,41.5988,-83.82528333,1,1,2,7,3,3,0,8,0,1,1,0,1,2,1,1,39,1,2,2,2,1,2,2,1,2,2,3,2,2,2,1,2,2,"Ohio",0
"21308",390131,39,5316,41.673675,-83.74626944,2,2,2,7,6,2,0,12,0,1,1,0,1,4,1,1,39,2,2,1,2,2,2,2,2,2,2,1,1,2,2,2,2,2,"Ohio",1
"21309",390132,39,9367,39.95614444,-83.37196667,1,1,3,3,3,1,0,8,1,18,1,0,1,2,1,1,39,1,1,2,1,1,2,2,1,2,2,3,2,2,2,1,2,2,"Ohio",0
"21310",390133,39,6066,41.34140556,-83.4169,2,2,3,4,9,2,0,12,0,3,2,0,1,1,5,1,39,1,2,1,1,2,2,2,2,2,2,3,2,2,1,2,2,2,"Ohio",0
"21311",390134,39,9225,40.01096111,-84.23018889,3,3,3,2,20,1,0,25,0,1,1,0,3,2,1,1,39,2,1,2,1,1,2,2,2,1,2,2,2,2,2,2,1,1,"Ohio",0
"21312",390135,39,10605,39.42478889,-84.11108056,1,1,3,4,9,5,0,35,0,1,1,0,5,1,10,1,39,1,2,1,1,1,2,2,2,2,2,2,2,1,2,2,2,2,"Ohio",0
"21313",390136,39,6780,40.96245833,-81.5259,1,1,2,7,17,6,0,42,0,1,1,0,4,2,4,1,39,2,2,1,2,1,2,1,2,2,2,2,1,2,2,2,2,2,"Ohio",0
"21314",390137,39,11129,39.15391667,-84.53855,1,3,3,6,18,1,0,14,1,17,1,0,1,3,2,1,39,2,1,2,2,1,2,2,2,2,2,2,2,2,1,2,2,2,"Ohio",0
"21315",390138,39,9255,39.99881667,-83.04913611,1,1,2,7,2,6,0,33,0,3,6,0,4,3,1,1,39,2,2,2,2,1,2,2,2,1,2,1,2,2,1,2,2,2,"Ohio",1
"21316",390139,39,6857,40.92333333,-84.54146667,1,1,3,6,13,2,0,34,0,1,1,0,4,1,2,1,39,1,2,1,1,1,2,2,2,1,2,2,2,2,2,2,2,2,"Ohio",0
"21317",390140,39,6856,40.92357222,-81.15378056,3,3,1,5,18,4,0,12,0,2,2,0,1,2,10,1,39,1,2,2,1,2,2,2,2,2,2,3,2,1,2,2,2,2,"Ohio",0
"21318",390141,39,9880,39.761025,-84.53025833,1,1,2,7,8,5,0,23,0,1,1,0,4,1,10,1,39,1,2,1,2,1,2,2,2,2,2,3,2,2,2,2,2,2,"Ohio",0
"21319",390142,39,11452,39.01246667,-82.82086667,2,2,1,7,20,3,0,12,0,1,1,0,1,2,1,1,39,1,2,2,2,2,2,2,2,2,2,3,2,1,2,2,1,2,"Ohio",0
"21320",390143,39,10477,39.49666667,-84.39695556,3,3,3,1,18,6,0,12,0,2,2,0,1,1,1,1,39,2,2,2,2,2,2,2,2,2,2,2,2,2,1,2,2,2,"Ohio",0
"21321",390144,39,10217,39.64649444,-83.53716389,3,3,3,7,2,3,0,12,0,1,1,0,1,3,2,1,39,1,2,2,2,2,2,2,2,2,2,3,2,2,2,2,2,2,"Ohio",1
"21322",390145,39,10237,39.63948056,-84.49670278,4,4,2,2,9,3,0,12,0,1,1,0,1,1,4,1,39,1,2,1,1,2,2,2,2,2,2,3,2,2,2,2,2,2,"Ohio",0
"21323",390146,39,10016,39.72469167,-84.26642778,1,1,2,2,21,3,0,8,0,2,99,0,1,3,1,1,39,2,2,2,1,1,2,2,1,2,2,3,2,2,2,1,2,2,"Ohio",0
"21324",390147,39,6756,40.97908056,-81.09903333,2,2,3,7,10,3,0,12,0,1,1,0,1,1,1,1,39,1,2,1,2,2,2,2,2,2,2,2,2,2,1,2,2,2,"Ohio",0
"21325",390148,39,12026,38.75233889,-82.63308333,1,1,3,6,12,3,0,42,0,1,1,0,4,1,1,1,39,1,2,1,1,1,2,2,2,2,2,2,1,2,2,2,2,2,"Ohio",0
"21326",390149,39,6246,41.256125,-81.36501389,1,1,3,6,3,1,0,20,1,5,1,0,8,3,10,1,39,2,1,2,1,1,2,2,2,1,2,2,2,2,1,2,2,2,"Ohio",0
"21327",390150,39,7998,40.58157778,-84.17216111,2,2,3,2,6,3,0,12,0,1,1,0,1,2,10,1,39,2,2,1,1,2,2,2,2,2,2,3,1,2,2,2,2,2,"Ohio",0
"21328",390151,39,7594,40.70238333,-82.84933056,2,2,3,7,8,5,0,10,0,6,1,0,1,1,10,1,39,1,2,1,2,1,2,2,2,2,2,3,2,2,2,2,2,2,"Ohio",0
"21329",390152,39,5296,41.68160556,-83.69494722,3,3,3,4,12,1,0,12,0,1,1,2,1,1,1,1,39,2,1,1,1,2,2,2,2,2,2,3,2,1,2,2,1,2,"Ohio",0
"21330",390153,39,7315,40.77223611,-83.63865556,5,5,3,6,7,2,0,12,0,1,1,0,1,4,2,4,39,1,2,1,1,2,2,2,2,1,2,3,2,2,2,2,2,2,"Ohio",0
"21331",390154,39,10503,39.485925,-81.63376944,1,1,2,6,6,3,0,34,0,1,1,0,4,2,1,1,39,1,2,1,1,1,2,1,2,1,2,1,2,2,2,2,2,2,"Ohio",1
"21332",390155,39,10322,39.59541389,-84.27064444,2,2,3,7,23,5,0,42,0,1,1,0,4,2,1,1,39,2,2,2,2,1,2,1,2,2,2,2,2,2,1,2,2,2,"Ohio",1
"21333",390156,39,6613,41.06318333,-81.637825,1,1,3,4,15,4,0,42,0,1,1,0,4,1,1,1,39,2,2,1,1,1,2,2,2,2,2,2,2,1,2,2,2,2,"Ohio",0
"21334",390157,39,11102,39.16561111,-82.73879167,2,2,3,5,5,2,0,12,0,2,3,0,1,2,5,1,39,1,2,2,1,2,2,2,2,2,2,2,2,2,1,1,2,2,"Ohio",0
"21335",390158,39,6645,41.04543889,-84.57295556,3,3,3,5,15,2,0,12,0,1,1,0,1,1,1,1,39,1,2,1,1,2,2,2,2,2,2,3,2,1,2,2,2,2,"Ohio",0
"21336",390160,39,7167,40.81070556,-81.91418333,3,3,2,4,16,3,0,12,0,2,3,0,1,5,1,1,39,2,2,1,1,2,2,2,2,2,2,3,2,1,2,2,2,2,"Ohio",0
"21337",390161,39,9532,39.90308056,-83.02780278,2,2,3,6,11,1,0,12,0,1,1,0,1,1,1,1,39,2,1,1,1,2,2,2,2,2,2,3,2,2,2,2,1,2,"Ohio",0
"21338",390162,39,6591,41.07900278,-80.64289167,2,2,1,3,18,4,0,8,0,3,2,0,1,3,10,1,39,2,2,2,1,2,2,2,1,2,2,1,2,2,2,1,1,2,"Ohio",1
"21339",390163,39,5620,41.55559444,-81.59550556,2,2,3,1,5,1,0,25,0,1,1,0,4,3,1,1,39,2,1,2,2,1,2,2,2,2,2,2,2,2,1,2,2,2,"Ohio",1
"21340",390164,39,6655,41.03973611,-84.30175556,1,1,3,6,23,3,0,34,0,1,1,0,4,2,1,1,39,1,2,2,2,1,2,2,2,2,2,1,2,2,2,2,2,2,"Ohio",1
"21341",390165,39,6560,41.09565556,-84.72681389,1,1,3,7,7,3,0,30,0,1,1,0,4,4,10,1,39,1,2,1,2,1,2,2,2,1,2,2,2,2,2,2,2,2,"Ohio",0
"21342",390166,39,9361,39.95810556,-83.34464722,7,7,3,3,1,1,0,12,0,1,1,0,1,2,10,1,39,1,1,2,1,2,2,2,2,1,2,1,2,2,1,2,2,2,"Ohio",1
"21343",390168,39,10335,39.58846944,-84.65663889,1,1,3,1,18,2,0,24,0,1,1,0,4,1,1,1,39,1,2,2,2,1,1,2,2,2,2,1,2,2,2,2,2,2,"Ohio",1
"21344",390169,39,10740,39.35035,-83.05113889,3,3,4,4,18,2,0,12,0,2,2,0,1,1,1,1,39,2,2,2,1,3,1,2,2,2,2,3,1,2,2,2,2,2,"Ohio",0
"21345",390170,39,11854,38.82918056,-82.851125,6,6,3,6,22,3,0,12,0,1,1,0,1,2,10,2,39,2,2,2,2,2,2,2,2,2,2,1,1,2,2,2,1,2,"Ohio",1
"21346",390171,39,11221,39.11379722,-84.52988889,2,2,3,7,13,6,0,12,0,2,3,0,1,1,1,1,39,2,2,1,2,2,1,2,2,2,2,3,2,2,2,2,2,2,"Ohio",0
"21347",390172,39,9477,39.92511111,-83.07985,2,2,1,5,12,4,0,12,0,2,3,0,1,1,1,1,39,2,2,1,1,2,2,2,2,2,2,3,2,1,1,2,2,2,"Ohio",0
"21348",390173,39,8361,40.40931111,-83.74557778,3,3,3,2,16,2,0,12,0,1,1,0,1,1,4,1,39,1,2,1,1,2,2,2,2,2,2,2,2,2,2,2,2,2,"Ohio",0
"21349",390174,39,9598,39.87435556,-83.84408889,3,3,3,5,11,2,0,12,0,2,3,0,1,1,10,1,39,2,2,1,1,2,2,2,2,2,2,2,2,2,1,2,2,2,"Ohio",0
"21350",390175,39,6934,40.89148056,-83.13164722,4,4,3,6,15,3,0,12,0,2,2,0,1,1,4,1,39,1,2,1,1,2,2,2,2,2,2,3,1,1,2,2,2,2,"Ohio",0
"21351",390176,39,6753,40.97985556,-83.38210556,2,2,3,3,8,2,0,12,0,1,1,0,1,1,1,1,39,1,2,1,1,2,2,2,2,2,2,3,2,2,2,2,2,1,"Ohio",0
"21352",390177,39,5650,41.54358333,-81.337775,2,2,3,7,21,4,0,12,0,2,2,0,1,3,1,1,39,2,2,2,2,2,2,2,2,2,2,3,2,1,2,2,2,2,"Ohio",0
"21353",390178,39,6086,41.33102222,-82.19614722,1,1,4,7,4,4,0,35,0,1,1,0,4,2,1,1,39,2,2,2,2,1,2,2,2,2,2,1,2,2,2,2,1,2,"Ohio",1
"21354",390179,39,8032,40.57027778,-82.88583333,2,2,4,2,14,3,0,34,0,1,1,0,4,1,1,1,39,1,2,1,1,1,2,2,2,2,2,3,2,1,2,2,1,2,"Ohio",0
"21355",390180,39,6943,40.88806667,-82.42583889,3,3,4,5,13,3,0,12,0,2,7,0,1,1,10,1,39,1,2,1,1,2,2,2,2,2,2,2,2,2,2,2,2,2,"Ohio",0
"21356",390181,39,5562,41.57375556,-83.76684444,3,3,3,2,19,2,0,12,0,2,2,0,1,5,10,1,39,2,2,2,1,2,2,2,2,2,2,3,2,2,1,2,2,2,"Ohio",0
"21357",390182,39,6401,41.181125,-83.4517,2,2,4,6,11,5,0,12,0,1,1,0,1,1,10,1,39,1,2,1,1,2,2,2,2,2,2,3,2,1,2,2,2,2,"Ohio",0
"21358",390183,39,8463,40.358,-80.77336389,2,2,4,7,13,2,0,12,1,5,1,1,1,1,1,1,39,2,2,1,2,2,1,2,2,2,2,2,2,2,2,2,1,2,"Ohio",0
"21359",390184,39,10660,39.39116667,-84.63176389,1,1,1,4,20,5,0,30,0,1,1,0,4,2,1,1,39,2,2,2,1,1,2,1,2,1,2,1,2,2,1,2,2,2,"Ohio",1
"21360",390185,39,10400,39.54691111,-84.77032222,3,3,2,5,13,5,0,34,0,1,1,0,4,1,1,2,39,2,2,1,1,1,2,1,2,2,2,2,1,2,2,2,2,2,"Ohio",0