"","ST_CASE","OBJECT_ID","FID","LATITUDE","LONGITUD","PERMVIT","PERSONS","MONTH","DAY_WEEK","HOUR","ROUTE","SP_JUR","HARM_EV","RELJCT1","RELJCT2","TYP_INT","WRK_ZONE","REL_ROAD","LGT_COND","WEATHER","FATALS","STATE","A_RU","A_INTER","A_TOD","A_DOW","A_CT","A_MC","A_SPCRA","A_PED","A_ROLL","A_POLPUR","A_POSBAC","A_D15_20","A_D65PLS","A_D21_24","A_HR","A_DIST","A_DROWSY","STATE_NAME","drunkDr"
"21361",390186,39,5816,41.47148333,-81.88245833,3,3,3,5,14,6,0,12,0,2,2,0,1,1,10,1,39,2,2,1,1,2,2,2,2,2,2,2,2,1,1,2,1,2,"Ohio",0
"21362",390187,39,9634,39.85761389,-83.463625,2,2,4,5,11,3,0,1,0,1,1,0,5,1,2,1,39,1,2,1,1,1,2,1,2,1,2,1,2,2,2,2,2,2,"Ohio",1
"21363",390188,39,6474,41.13805556,-81.87097778,1,1,4,2,23,6,0,43,0,3,3,0,5,3,1,1,39,1,2,2,1,1,2,2,2,2,1,1,2,2,2,2,2,2,"Ohio",1
"21364",390189,39,11088,39.17400833,-84.46730278,1,1,4,1,15,2,0,16,0,3,3,0,1,1,2,1,39,2,2,1,2,1,2,2,2,2,2,2,2,1,2,2,2,2,"Ohio",0
"21365",390190,39,11065,39.18237222,-84.45424167,1,1,4,5,20,6,0,33,0,1,1,0,3,3,2,1,39,2,2,2,1,1,2,2,2,2,2,2,2,1,2,2,2,2,"Ohio",0
"21366",390191,39,11124,39.15564722,-83.84241667,1,1,4,5,3,3,0,34,0,1,1,0,4,2,10,1,39,1,2,2,1,1,2,2,2,2,2,1,2,2,2,2,2,2,"Ohio",1
"21367",390192,39,9434,39.93859444,-83.75541389,5,5,4,3,1,5,0,53,0,1,1,0,4,2,1,2,39,2,2,2,1,1,2,2,2,2,2,3,1,2,2,2,2,2,"Ohio",1
"21368",390194,39,10318,39.59718611,-82.18262778,1,1,4,1,11,3,0,42,0,1,1,0,4,1,1,1,39,1,2,1,2,1,2,2,2,2,2,2,2,2,2,2,2,2,"Ohio",0
"21369",390195,39,7125,40.82464167,-84.01357222,8,8,4,6,14,2,0,12,0,2,2,0,1,1,1,1,39,1,2,1,1,2,2,2,2,2,2,3,2,1,2,2,2,2,"Ohio",0
"21370",390196,39,5678,41.53421667,-81.57337778,2,2,4,1,15,6,0,38,0,1,1,0,4,1,1,1,39,2,2,1,2,1,2,2,2,2,2,2,2,2,2,2,2,2,"Ohio",0
"21371",390197,39,10627,39.40706389,-81.48993056,4,4,3,1,11,3,0,12,0,1,1,0,1,1,1,1,39,2,2,1,2,2,2,2,2,2,2,3,2,1,2,2,2,2,"Ohio",0
"21372",390199,39,6674,41.02704444,-81.32584444,4,4,4,3,7,2,0,12,0,1,1,0,1,1,10,2,39,2,2,1,1,2,2,2,2,2,2,2,1,2,2,2,2,2,"Ohio",0
"21373",390200,39,5872,41.44419722,-81.79491111,1,1,4,3,22,6,0,8,0,2,2,0,1,3,2,1,39,2,2,2,1,1,2,2,1,2,2,2,2,2,2,2,2,2,"Ohio",0
"21374",390201,39,5313,41.67435278,-83.41795278,3,3,4,4,8,4,0,12,0,8,1,0,1,1,1,1,39,2,2,1,1,2,2,2,2,2,2,1,2,2,2,2,2,2,"Ohio",1
"21375",390202,39,5842,41.45928333,-81.03418889,1,1,4,4,15,3,0,8,0,1,1,0,1,1,10,1,39,1,2,1,1,1,2,2,1,2,2,3,2,2,2,2,2,2,"Ohio",0
"21376",390203,39,6738,40.98880278,-81.66362778,2,2,4,2,13,3,0,12,1,3,2,0,1,1,10,1,39,2,2,1,1,2,2,2,2,2,2,3,2,2,2,2,2,1,"Ohio",0
"21377",390204,39,5684,41.531525,-81.58786389,1,1,4,6,15,4,0,8,0,3,2,0,1,1,1,1,39,2,2,1,1,1,2,2,1,2,2,3,2,1,2,2,2,2,"Ohio",0
"21378",390205,39,10511,39.48264722,-84.50808056,2,2,4,2,20,2,0,12,0,1,1,0,1,2,10,1,39,1,2,2,1,2,2,2,2,2,2,1,2,1,2,2,2,2,"Ohio",1
"21379",390206,39,5622,41.55486389,-83.06763889,2,2,4,1,12,3,0,12,0,2,3,0,1,1,1,1,39,1,2,1,2,2,1,2,2,2,2,2,2,1,2,2,2,2,"Ohio",0
"21380",390207,39,11497,38.993775,-84.179675,1,1,4,4,18,4,0,35,0,1,1,0,4,1,10,1,39,2,2,2,1,1,2,1,2,1,2,2,2,2,2,2,1,2,"Ohio",0
"21381",390208,39,8520,40.3338,-83.67156389,1,1,4,5,16,4,0,35,0,1,1,0,4,1,10,1,39,1,2,1,1,1,2,1,2,1,2,2,1,2,2,2,2,2,"Ohio",0
"21382",390209,39,5987,41.38907778,-80.72439444,1,1,4,5,11,4,0,30,0,3,2,0,4,1,10,1,39,1,2,1,1,1,2,2,2,2,2,2,2,1,2,2,2,2,"Ohio",0
"21383",390210,39,5882,41.43969167,-83.74687222,2,2,4,4,15,5,0,16,0,1,1,0,1,1,10,1,39,1,2,1,1,1,2,2,2,2,2,3,2,2,2,2,2,2,"Ohio",0
"21384",390211,39,5202,41.72088611,-83.60256389,1,1,3,3,3,6,0,33,0,1,1,0,4,3,2,1,39,2,2,2,1,1,2,1,2,2,2,2,2,2,2,2,2,2,"Ohio",0
"21385",390212,39,9583,39.879675,-81.97565556,1,1,4,5,17,3,0,9,0,1,1,0,2,1,1,1,39,1,2,1,1,1,2,2,2,2,2,2,2,1,2,2,2,2,"Ohio",0
"21386",390213,39,12383,38.60006944,-82.24625,1,1,4,7,19,3,0,32,0,1,1,0,4,1,1,1,39,1,2,2,2,1,2,2,2,1,2,3,2,2,2,2,2,2,"Ohio",1
"21387",390214,39,6595,41.07508333,-81.49068333,2,2,1,3,16,6,0,8,0,1,1,0,1,1,10,1,39,2,2,1,1,2,2,2,1,2,2,3,1,2,2,2,2,2,"Ohio",0
"21388",390215,39,10506,39.48451944,-84.51243889,5,5,4,3,19,3,0,12,0,2,2,0,1,5,10,1,39,1,2,2,1,3,2,2,2,2,2,3,2,2,2,2,2,2,"Ohio",0
"21389",390216,39,6013,41.37702222,-83.18466667,2,2,4,5,7,2,0,12,0,7,1,0,1,1,1,1,39,1,2,1,1,2,2,2,2,2,2,3,2,2,1,2,2,2,"Ohio",0
"21390",390217,39,6345,41.20866944,-81.83786944,3,3,4,6,23,5,0,53,0,1,1,0,4,2,1,1,39,1,2,2,2,1,2,1,2,2,2,1,2,2,1,2,2,2,"Ohio",1
"21391",390218,39,9991,39.73147778,-84.25027778,5,5,4,1,1,6,0,30,0,1,1,0,4,3,10,1,39,2,2,2,2,2,2,1,2,2,2,1,1,2,2,2,1,2,"Ohio",1
"21392",390219,39,5687,41.53074722,-83.12587222,3,3,4,7,13,4,0,12,0,2,2,0,1,1,10,1,39,1,2,1,2,2,2,2,2,1,2,1,2,1,2,2,2,2,"Ohio",1
"21393",390220,39,9749,39.81147778,-84.18898333,1,1,4,4,14,1,0,34,0,1,1,0,4,1,1,1,39,2,1,1,1,1,2,2,2,1,2,2,2,2,2,2,2,2,"Ohio",0
"21394",390221,39,5677,41.53432222,-81.59902778,2,2,3,2,0,6,0,12,0,3,2,0,1,3,2,1,39,2,2,2,2,2,2,1,2,2,2,3,2,2,2,2,2,2,"Ohio",0
"21395",390223,39,9741,39.816425,-82.7055,2,2,4,6,16,4,0,12,0,1,1,0,1,1,1,1,39,1,2,1,1,2,1,2,2,2,2,2,1,1,2,2,2,2,"Ohio",0
"21396",390224,39,9326,39.97586667,-81.12900556,1,1,4,3,22,4,0,35,0,1,1,0,4,2,1,1,39,1,2,2,1,1,2,1,2,1,2,1,2,2,2,2,2,2,"Ohio",1
"21397",390225,39,5794,41.48029167,-81.74593611,1,1,4,1,8,2,0,33,0,3,3,0,4,1,1,1,39,2,2,1,2,1,2,1,2,2,2,3,2,2,1,2,2,2,"Ohio",0
"21398",390227,39,5293,41.68348889,-83.69547778,1,1,4,1,22,2,0,26,0,1,1,4,4,3,1,1,39,2,2,2,2,1,2,2,2,2,2,2,2,1,2,2,2,2,"Ohio",0
"21399",390228,39,10979,39.22642778,-84.44996389,1,1,4,3,22,6,0,33,0,1,1,0,4,3,1,1,39,2,2,2,1,1,2,1,2,2,2,1,2,2,2,2,2,2,"Ohio",1
"21400",390229,39,9939,39.74258889,-80.85634167,2,2,4,4,14,3,0,12,0,1,1,0,4,1,1,1,39,1,2,1,1,2,2,2,2,2,2,3,2,1,2,2,2,1,"Ohio",0
"21401",390230,39,5537,41.58570556,-83.65523056,2,2,3,6,23,6,0,12,0,2,2,0,1,3,10,2,39,2,2,2,2,2,2,1,2,2,2,1,2,2,2,2,2,2,"Ohio",1
"21402",390232,39,6700,41.00783333,-82.48426111,2,2,4,6,12,3,0,12,0,1,1,0,1,1,1,1,39,1,2,1,1,2,2,2,2,1,2,3,2,2,2,2,2,2,"Ohio",0
"21403",390233,39,9975,39.7381,-83.34748056,2,2,5,1,6,1,0,32,0,1,1,0,3,1,10,1,39,1,1,1,2,2,2,2,2,1,2,3,2,2,2,2,2,2,"Ohio",0
"21404",390234,39,6266,41.2491,-81.06660833,1,1,4,1,12,5,0,8,0,1,1,0,1,1,10,1,39,1,2,1,2,1,2,2,1,2,2,2,2,2,1,1,1,2,"Ohio",0
"21405",390235,39,6671,41.0285,-81.29217778,1,1,4,6,10,4,0,42,0,1,1,0,4,1,1,1,39,1,2,1,1,1,2,2,2,2,2,2,2,2,2,2,2,2,"Ohio",0
"21406",390236,39,5787,41.48361111,-81.8425,1,1,5,6,3,6,0,33,0,3,3,0,4,3,10,1,39,2,2,2,1,1,2,2,2,1,2,1,2,2,2,2,2,2,"Ohio",1
"21407",390237,39,6755,40.9792,-82.04288056,2,2,5,6,13,1,0,12,0,1,1,0,1,1,1,1,39,1,1,1,1,2,2,2,2,2,2,3,2,2,1,2,2,2,"Ohio",0
"21408",390238,39,9577,39.88163889,-82.82618889,4,4,5,1,4,6,0,12,0,1,1,0,1,2,1,1,39,2,2,2,2,2,2,2,2,2,2,3,2,2,2,2,2,2,"Ohio",0
"21409",390239,39,8691,40.2451,-81.7286,2,2,3,7,17,4,0,34,0,1,1,0,4,1,1,1,39,1,2,1,2,1,2,2,2,2,2,2,2,2,2,2,2,2,"Ohio",1
"21410",390240,39,6252,41.25450833,-81.92711667,1,1,5,7,16,3,0,52,0,1,1,0,4,1,1,1,39,1,2,1,2,1,1,1,2,2,2,1,2,2,2,2,2,2,"Ohio",1
"21411",390241,39,5936,41.41373889,-82.22591667,1,1,4,1,9,4,0,53,0,1,1,0,4,1,1,1,39,2,2,1,2,1,2,1,2,2,2,2,2,2,1,2,2,2,"Ohio",0
"21412",390242,39,5612,41.5575,-84.3618,3,3,4,5,15,5,0,12,0,2,2,0,1,1,2,1,39,1,2,1,1,2,2,2,2,1,2,2,2,1,2,2,2,2,"Ohio",0
"21413",390243,39,6477,41.13608056,-82.02367222,4,4,4,1,21,3,0,12,0,2,2,0,1,2,2,2,39,1,2,2,2,2,2,2,2,1,2,3,2,1,2,2,2,2,"Ohio",0
"21414",390244,39,9712,39.82796944,-84.78168889,1,1,5,7,0,1,0,1,1,5,1,0,8,2,1,1,39,1,1,2,2,1,1,2,2,2,2,3,2,2,2,2,2,2,"Ohio",0
"21415",390245,39,10166,39.66473889,-84.22273611,1,1,5,3,22,3,0,8,0,1,1,0,1,2,1,1,39,2,2,2,1,1,2,2,1,2,2,2,2,2,2,2,2,2,"Ohio",0
"21416",390246,39,9548,39.89520556,-83.04399722,2,2,5,2,10,1,0,12,0,1,1,4,1,1,1,1,39,2,1,1,1,2,2,2,2,2,2,3,2,1,2,2,2,2,"Ohio",0
"21417",390247,39,11003,39.21510833,-84.13036944,1,1,4,2,13,4,0,1,0,1,1,0,4,1,1,1,39,2,2,1,1,1,1,2,2,2,2,2,2,2,2,2,2,2,"Ohio",0
"21418",390248,39,8259,40.45076111,-81.50715278,1,1,5,6,5,4,0,19,0,1,1,0,4,2,1,1,39,1,2,2,1,1,2,1,2,2,2,2,1,2,2,2,2,2,"Ohio",0
"21419",390249,39,6868,40.91651389,-81.64342222,1,1,5,6,18,6,0,24,0,1,1,0,4,1,1,1,39,2,2,2,2,1,1,2,2,2,2,2,2,2,2,2,2,2,"Ohio",0
"21420",390250,39,6045,41.35292778,-80.736725,1,1,5,1,17,3,0,1,0,1,1,0,4,1,10,1,39,1,2,1,2,1,1,1,2,2,2,1,2,2,2,2,2,2,"Ohio",1
"21421",390251,39,9592,39.876775,-81.15062222,3,3,5,1,16,3,0,12,0,1,1,0,1,1,10,1,39,1,2,1,2,2,1,2,2,2,2,3,2,2,1,2,2,2,"Ohio",0
"21422",390252,39,7746,40.66475833,-83.11008611,3,3,4,7,15,3,0,12,1,2,2,0,1,1,1,1,39,2,2,1,2,2,1,2,2,2,2,2,1,2,2,2,2,2,"Ohio",0
"21423",390253,39,5299,41.680325,-80.72233056,2,2,5,5,11,4,0,12,0,2,2,0,1,1,1,1,39,1,2,1,1,2,2,2,2,2,2,2,2,1,2,2,2,2,"Ohio",0
"21424",390254,39,10336,39.58777222,-84.30782778,4,4,5,6,16,6,0,43,0,1,1,0,4,1,10,1,39,2,2,1,1,1,2,1,2,1,2,3,1,2,2,2,2,2,"Ohio",0
"21425",390255,39,9005,40.09332778,-82.9469,2,2,5,3,11,6,0,38,0,3,3,0,4,1,1,1,39,2,2,1,1,1,2,2,2,2,2,2,2,2,1,2,2,2,"Ohio",0
"21426",390256,39,5845,41.45863611,-81.72980833,3,3,1,7,22,6,0,8,0,1,1,0,1,3,2,1,39,2,2,2,2,2,2,2,1,2,2,3,2,2,2,1,2,2,"Ohio",0
"21427",390257,39,9555,39.89307222,-84.01136667,2,2,5,5,17,4,0,12,0,2,3,0,1,1,1,1,39,2,2,1,1,2,2,2,2,1,2,2,2,1,2,2,2,2,"Ohio",0
"21428",390258,39,7444,40.74277778,-80.63888889,1,1,5,1,16,3,0,24,0,1,1,0,4,1,1,1,39,1,2,1,2,1,2,2,2,2,2,1,2,2,2,2,2,2,"Ohio",1
"21429",390259,39,11988,38.76973611,-82.79529167,7,7,4,1,20,3,0,12,0,1,1,0,1,2,10,1,39,2,2,2,2,2,2,2,2,2,2,3,2,2,2,2,2,2,"Ohio",0
"21430",390260,39,8861,40.15289722,-82.21810278,3,3,5,2,16,3,0,12,0,3,2,0,1,1,10,1,39,1,2,1,1,3,2,2,2,2,2,3,1,2,2,2,2,2,"Ohio",0
"21431",390261,39,11245,39.10413889,-84.29223333,4,4,5,4,10,3,0,12,0,2,2,1,1,1,1,1,39,2,2,1,1,3,2,2,2,2,2,3,2,1,2,2,2,2,"Ohio",0
"21432",390262,39,11013,39.21114167,-83.02505833,1,1,5,7,20,4,0,59,0,1,1,0,4,2,1,1,39,1,2,2,2,1,2,2,2,2,2,1,2,2,2,2,2,2,"Ohio",1
"21433",390263,39,11697,38.903875,-83.45035833,1,1,5,7,5,4,0,43,0,1,1,0,4,2,99,1,39,1,2,2,2,1,1,2,2,2,2,1,2,2,2,2,2,2,"Ohio",1
"21434",390264,39,5457,41.61762778,-83.58683889,4,4,3,2,18,3,0,12,0,2,2,0,1,1,1,1,39,2,2,2,1,2,2,2,2,1,2,3,1,2,2,2,2,2,"Ohio",0
"21435",390265,39,6292,41.23753889,-82.30440833,3,3,5,1,20,3,0,12,0,2,2,0,1,5,1,1,39,1,2,2,2,2,2,2,2,2,2,3,1,2,2,2,2,2,"Ohio",0
"21436",390266,39,9877,39.76128889,-84.18085,2,2,4,5,2,6,0,21,0,1,1,0,1,3,1,1,39,2,2,2,1,1,2,2,2,2,2,1,2,2,2,2,2,2,"Ohio",1
"21437",390267,39,7761,40.65887778,-82.10942778,1,1,5,1,5,4,0,8,0,1,1,0,1,6,99,1,39,1,2,2,2,1,2,2,1,2,2,3,2,2,2,1,2,2,"Ohio",0
"21438",390268,39,8139,40.52103611,-82.54858889,2,2,5,7,18,3,0,1,0,1,1,0,4,1,1,1,39,1,2,2,2,1,2,1,2,1,2,3,2,2,2,2,2,2,"Ohio",0
"21439",390269,39,10366,39.5709,-84.2513,1,1,1,6,14,6,0,53,0,3,3,0,4,1,1,1,39,2,2,1,1,1,2,2,2,2,2,2,1,2,2,2,2,2,"Ohio",0
"21440",390270,39,9646,39.85403889,-84.17053889,2,2,5,4,22,4,0,1,0,1,1,0,8,2,1,1,39,2,2,2,1,1,1,2,2,2,2,1,2,2,2,2,2,2,"Ohio",1
"21441",390271,39,5278,41.68829167,-83.59586111,1,1,1,5,3,6,0,42,0,1,1,0,4,3,1,1,39,2,2,2,1,1,2,2,2,2,2,1,2,2,2,2,2,2,"Ohio",1
"21442",390272,39,5406,41.63787222,-83.64573889,1,1,2,2,18,6,0,8,0,1,1,0,1,3,10,1,39,2,2,2,1,1,2,2,1,2,2,3,2,2,2,1,2,2,"Ohio",0
"21443",390273,39,6493,41.12457778,-84.727,3,3,5,5,19,3,0,30,0,1,1,0,4,1,1,1,39,1,2,2,1,1,2,1,2,2,2,3,1,2,2,2,1,2,"Ohio",0
"21444",390274,39,7349,40.764575,-82.53811667,1,1,3,2,9,6,0,8,0,1,1,0,1,1,1,1,39,2,2,1,1,1,2,2,1,2,2,2,2,2,2,2,2,2,"Ohio",0
"21445",390275,39,4778,41.93634167,-80.56394167,8,8,4,4,11,3,0,12,0,1,1,0,1,1,1,1,39,2,2,1,1,3,2,2,2,2,2,3,2,1,2,2,2,2,"Ohio",0
"21446",390276,39,8066,40.55585556,-81.91474444,1,1,5,3,8,6,0,1,0,1,1,0,1,1,10,1,39,1,2,1,1,1,2,2,2,1,2,2,2,2,2,2,2,2,"Ohio",0
"21447",390277,39,5934,41.41443333,-82.76361111,2,2,5,6,5,3,0,12,0,2,3,0,1,2,1,1,39,2,2,2,1,2,1,2,2,2,2,2,2,1,2,2,2,2,"Ohio",0
"21448",390278,39,5341,41.66428056,-83.53804167,1,1,4,1,14,3,0,8,0,3,2,0,1,1,10,1,39,2,2,1,2,1,2,2,1,2,2,2,2,2,2,1,2,2,"Ohio",0
"21449",390279,39,9089,40.05790556,-82.54548056,2,2,5,6,15,3,0,12,0,1,1,0,1,1,1,1,39,2,2,1,1,2,2,2,2,2,2,2,2,2,2,2,2,2,"Ohio",0
"21450",390280,39,9476,39.92538056,-83.80028611,2,2,5,7,1,6,0,33,0,3,7,0,4,3,1,1,39,2,2,2,2,2,1,2,2,2,2,1,2,2,2,2,2,2,"Ohio",2
"21451",390282,39,5990,41.38723333,-82.95449444,3,3,5,1,18,4,0,12,0,2,2,0,1,1,1,1,39,1,2,2,2,2,2,2,2,1,2,1,2,2,2,2,2,2,"Ohio",1
"21452",390283,39,11063,39.18310278,-84.45633056,1,1,5,4,0,6,0,31,0,1,1,0,4,3,1,1,39,2,2,2,1,1,1,2,2,2,2,1,2,2,2,2,2,2,"Ohio",1
"21453",390285,39,5890,41.43606111,-82.18545278,6,6,4,7,12,4,0,12,0,2,3,0,1,1,1,1,39,2,2,1,2,2,2,2,2,2,2,3,2,1,2,2,2,2,"Ohio",0
"21454",390286,39,6616,41.06206111,-81.50511667,1,1,2,6,11,1,0,31,1,5,1,0,8,1,1,1,39,2,1,1,1,1,2,2,2,2,2,2,2,1,2,2,2,2,"Ohio",0
"21455",390287,39,6710,41.00339722,-81.34129722,1,1,5,2,13,5,0,8,0,1,1,0,1,1,1,1,39,1,2,1,1,1,2,2,1,2,2,2,1,2,2,2,2,2,"Ohio",0
"21456",390288,39,5975,41.39447222,-82.05830278,3,3,5,7,2,6,0,24,0,1,1,0,4,3,1,1,39,2,2,2,2,1,2,2,2,1,2,1,2,2,1,2,2,2,"Ohio",1
"21457",390289,39,11292,39.08778056,-81.98783889,1,1,5,3,23,4,0,38,0,1,1,0,4,2,1,1,39,1,2,2,1,1,2,1,2,2,2,2,1,2,2,2,2,2,"Ohio",0
"21458",390290,39,5969,41.39640556,-82.14329167,2,2,5,4,16,1,0,12,0,1,1,1,1,1,10,1,39,2,1,1,1,2,2,2,2,2,2,2,2,2,2,2,2,2,"Ohio",0
"21459",390291,39,10704,39.36722222,-84.36277778,1,1,4,4,15,5,0,14,0,1,1,1,4,1,10,1,39,2,2,1,1,1,2,2,1,2,2,2,2,2,1,2,2,2,"Ohio",0
"21460",390292,39,10921,39.26208056,-84.57395278,2,2,5,1,12,6,0,8,0,1,1,0,1,1,1,1,39,2,2,1,2,1,2,2,1,2,2,3,1,2,2,2,2,2,"Ohio",0
"21461",390293,39,6496,41.12373333,-80.75706944,2,2,4,6,18,1,0,12,1,18,1,0,1,1,1,1,39,2,1,2,2,2,2,2,2,2,2,1,2,2,2,2,2,2,"Ohio",1
"21462",390294,39,9854,39.76860278,-82.73924444,1,1,5,5,22,4,0,42,0,1,1,0,4,2,1,1,39,2,2,2,1,1,2,2,2,2,2,2,1,2,2,2,2,2,"Ohio",0
"21463",390295,39,10567,39.44966389,-84.0226,4,4,4,3,9,1,0,12,0,1,1,1,1,1,1,1,39,1,1,1,1,3,2,2,2,2,2,3,2,2,2,2,1,2,"Ohio",0
"21464",390296,39,9904,39.75326389,-84.21627778,1,1,5,2,16,6,0,9,0,2,2,0,1,1,10,1,39,2,2,1,1,1,2,2,2,2,2,2,2,2,2,2,2,2,"Ohio",0
"21465",390297,39,6250,41.255,-81.47361111,1,1,5,2,8,1,0,8,0,1,1,0,2,1,1,1,39,2,1,1,1,2,2,2,1,2,2,2,2,2,2,2,2,2,"Ohio",0
"21466",390298,39,9007,40.09061667,-83.76365,2,2,5,5,1,3,0,1,0,1,1,0,4,3,1,1,39,2,2,2,1,1,2,2,2,1,2,1,1,2,2,2,2,2,"Ohio",1
"21467",390299,39,6895,40.90755,-81.30656111,3,3,5,7,1,5,0,34,0,1,1,0,4,2,10,2,39,2,2,2,2,1,2,1,2,1,2,2,2,2,2,2,2,2,"Ohio",0
"21468",390300,39,5984,41.39031667,-82.01813889,2,2,2,6,18,2,0,8,0,1,1,0,1,3,1,1,39,2,2,2,2,1,2,2,1,2,2,3,2,1,2,2,2,2,"Ohio",0
"21469",390301,39,5665,41.53888333,-81.539,1,1,5,4,0,9,0,33,0,1,1,0,4,3,2,1,39,3,3,2,1,1,2,2,2,2,2,1,2,2,1,2,2,2,"Ohio",1
"21470",390302,39,6017,41.37443056,-82.03199167,1,1,5,4,3,4,0,52,0,1,1,0,4,2,1,1,39,2,2,2,1,1,2,2,2,2,2,1,2,1,2,2,2,1,"Ohio",1
"21471",390303,39,8689,40.24601667,-83.39560556,2,2,2,2,4,2,0,12,0,1,1,0,1,3,1,1,39,2,2,2,2,2,2,2,2,2,2,3,2,1,2,2,2,2,"Ohio",0
"21472",390304,39,7039,40.84795556,-83.37190278,1,1,5,4,4,5,0,42,0,1,1,0,4,2,1,1,39,1,2,2,1,1,2,2,2,1,2,1,2,2,2,2,2,2,"Ohio",1
"21473",390305,39,9572,39.88466667,-84.01199167,1,1,5,7,21,4,0,42,0,1,1,0,4,2,1,1,39,2,2,2,2,1,1,1,2,2,2,1,2,2,2,2,2,2,"Ohio",1
"21474",390306,39,8724,40.23039444,-83.34877778,2,2,5,3,15,6,0,12,0,8,1,0,1,1,1,1,39,2,2,1,1,2,1,2,2,2,2,1,2,2,2,2,2,2,"Ohio",1
"21475",390307,39,7673,40.68124167,-81.00195278,1,1,2,2,19,4,0,30,0,1,1,0,4,2,1,1,39,1,2,2,1,1,2,2,2,1,2,2,2,2,2,2,2,2,"Ohio",0
"21476",390308,39,10413,39.53859167,-84.48666389,1,1,5,5,0,3,0,34,0,1,1,0,4,2,2,1,39,1,2,2,1,1,2,2,2,1,2,1,1,2,2,2,2,2,"Ohio",1
"21477",390309,39,9918,39.7492,-84.1369,1,1,5,1,12,2,0,1,0,5,1,0,1,1,1,1,39,2,2,1,2,1,1,2,2,2,2,2,2,2,2,2,2,2,"Ohio",0
"21478",390310,39,7828,40.64115278,-84.40898889,2,2,5,4,8,3,0,1,0,8,1,0,1,1,1,1,39,1,2,1,1,2,1,2,2,2,2,2,2,2,2,2,2,2,"Ohio",0
"21479",390311,39,8375,40.40599444,-82.85544167,2,2,5,2,12,3,0,12,0,1,1,0,1,1,1,1,39,1,2,1,1,2,2,2,2,2,2,3,2,2,1,2,2,2,"Ohio",0
"21480",390312,39,10354,39.57856667,-83.68401111,2,2,5,4,4,1,0,12,0,1,1,0,1,2,1,1,39,1,1,2,1,2,2,2,2,2,2,1,2,2,2,2,2,2,"Ohio",1
"21481",390313,39,10827,39.31106667,-81.89483611,1,1,5,1,19,3,0,1,0,1,1,0,4,1,1,1,39,1,2,2,2,1,1,2,2,2,2,1,2,2,2,2,2,2,"Ohio",1
"21482",390314,39,5844,41.45898889,-83.67461944,2,2,5,4,7,3,0,12,0,2,2,0,1,1,1,1,39,1,2,1,1,2,2,2,2,1,2,2,2,2,2,2,2,2,"Ohio",0
"21483",390315,39,8918,40.13186667,-82.73518056,4,4,5,4,16,2,0,12,0,2,3,0,1,1,1,1,39,1,2,1,1,2,2,2,2,1,2,3,2,2,2,2,2,2,"Ohio",0
"21484",390316,39,9279,39.99111111,-81.92416667,2,2,5,6,17,3,0,12,0,1,1,0,1,1,1,1,39,1,2,1,1,2,2,2,2,2,2,1,1,2,2,2,2,2,"Ohio",1
"21485",390317,39,7408,40.75222778,-82.66126111,2,2,5,2,17,3,0,12,0,1,1,0,1,1,1,2,39,2,2,1,1,2,2,2,2,2,2,2,2,1,2,2,2,2,"Ohio",0
"21486",390318,39,7441,40.74384167,-84.12933611,2,2,5,1,0,3,0,12,1,2,2,0,1,3,2,1,39,1,2,2,2,2,1,2,2,2,2,3,2,2,2,1,2,2,"Ohio",0
"21487",390319,39,8117,40.52933889,-81.323225,2,2,5,7,10,4,0,12,0,1,1,0,1,1,1,1,39,1,2,1,2,2,2,2,2,2,2,3,2,2,2,2,1,2,"Ohio",0
"21488",390320,39,5524,41.58933056,-84.14891944,2,2,5,7,20,3,0,12,0,4,1,0,1,5,1,1,39,1,2,2,2,2,2,2,2,2,2,3,1,2,2,2,2,2,"Ohio",0
"21489",390321,39,5782,41.4859,-84.526175,2,2,5,3,17,2,0,12,1,2,2,0,1,1,2,1,39,2,2,1,1,2,2,2,2,2,2,3,2,2,2,2,2,2,"Ohio",0
"21490",390322,39,7103,40.82860278,-81.93881389,2,2,2,7,19,4,0,12,0,2,2,0,1,3,1,1,39,2,2,2,2,2,2,2,2,2,2,3,2,2,2,2,2,2,"Ohio",0
"21491",390323,39,8688,40.2461,-81.8708,3,3,1,3,12,4,0,42,0,1,1,0,4,1,1,1,39,1,2,1,1,1,2,2,2,2,2,3,2,2,2,2,2,2,"Ohio",0
"21492",390324,39,10121,39.68789167,-84.63111111,2,2,5,2,9,2,0,59,0,1,1,0,4,1,10,1,39,1,2,1,1,1,2,2,2,1,2,2,1,2,2,2,2,2,"Ohio",1
"21493",390325,39,10488,39.49242778,-84.27751667,3,3,5,3,12,3,0,12,0,2,3,0,1,1,1,1,39,2,2,1,1,2,2,2,2,2,2,3,2,1,2,2,2,2,"Ohio",0
"21494",390326,39,5446,41.62472778,-81.45802778,1,2,1,4,3,3,0,14,1,20,1,0,1,3,1,1,39,2,2,2,1,1,2,2,2,2,2,1,2,2,2,2,2,2,"Ohio",1
"21495",390327,39,6767,40.970725,-83.48515556,3,3,5,2,17,3,0,12,0,1,1,0,1,1,1,1,39,1,2,1,1,2,2,2,2,1,2,2,1,2,2,2,2,2,"Ohio",0
"21496",390328,39,10646,39.39943056,-83.81185,2,2,5,4,15,3,0,12,0,2,2,0,1,1,1,1,39,1,2,1,1,2,2,2,2,2,2,3,2,1,2,2,2,2,"Ohio",0
"21497",390329,39,9697,39.83511111,-82.27659722,1,1,6,3,12,3,0,35,0,1,1,0,4,1,10,1,39,1,2,1,1,1,2,2,2,1,2,1,2,1,2,2,2,2,"Ohio",1
"21498",390330,39,11167,39.13514167,-84.24563611,1,1,6,1,14,4,0,24,0,1,1,0,4,1,1,1,39,2,2,1,2,1,1,1,2,2,2,2,2,1,2,2,2,2,"Ohio",0
"21499",390331,39,6669,41.03011111,-81.40630556,4,4,5,7,17,2,0,12,0,2,2,0,1,1,1,1,39,2,2,1,2,2,1,2,2,2,2,3,1,2,2,2,2,2,"Ohio",0
"21500",390332,39,12074,38.72716111,-82.83015278,2,2,5,4,15,4,0,59,0,1,1,0,4,1,1,1,39,1,2,1,1,1,2,2,2,2,2,2,1,2,2,2,2,2,"Ohio",0
"21501",390333,39,6810,40.94621944,-84.50622778,1,1,5,6,3,4,0,11,0,1,1,0,1,2,1,1,39,1,2,2,1,1,1,2,2,2,2,3,2,2,2,2,2,2,"Ohio",0