"","ST_CASE","OBJECT_ID","FID","LATITUDE","LONGITUD","PERMVIT","PERSONS","MONTH","DAY_WEEK","HOUR","ROUTE","SP_JUR","HARM_EV","RELJCT1","RELJCT2","TYP_INT","WRK_ZONE","REL_ROAD","LGT_COND","WEATHER","FATALS","STATE","A_RU","A_INTER","A_TOD","A_DOW","A_CT","A_MC","A_SPCRA","A_PED","A_ROLL","A_POLPUR","A_POSBAC","A_D15_20","A_D65PLS","A_D21_24","A_HR","A_DIST","A_DROWSY","STATE_NAME","drunkDr"
"21502",390334,39,6561,41.09491944,-80.67116111,1,1,4,1,1,6,0,8,0,1,1,0,1,3,10,1,39,2,2,2,2,1,2,2,1,2,2,3,2,2,1,2,2,2,"Ohio",1
"21503",390335,39,11748,38.883625,-82.92472778,2,2,5,7,1,4,0,32,0,1,1,0,4,2,1,1,39,1,2,2,2,1,2,1,2,1,2,3,1,2,2,2,2,2,"Ohio",0
"21504",390336,39,6178,41.28965278,-84.33958889,2,2,5,1,18,4,0,35,0,1,1,0,4,1,10,2,39,2,2,2,2,1,1,1,2,2,2,1,2,2,2,2,2,2,"Ohio",1
"21505",390337,39,10655,39.39221667,-84.52993056,1,1,5,3,21,6,0,9,0,1,1,0,1,2,1,1,39,2,2,2,1,1,2,2,2,2,2,3,2,2,2,2,2,2,"Ohio",0
"21506",390338,39,6940,40.88874722,-82.84875833,1,1,6,5,11,3,0,1,0,1,1,0,4,1,1,1,39,1,2,1,1,1,2,2,2,1,2,3,2,2,2,2,2,2,"Ohio",0
"21507",390339,39,7212,40.80001667,-81.71618333,2,2,5,6,11,2,0,12,1,2,3,0,1,1,10,1,39,2,2,1,1,2,2,2,2,2,2,3,2,1,2,2,2,2,"Ohio",0
"21508",390340,39,5923,41.41919167,-82.18292778,3,3,6,2,0,4,0,42,0,1,1,0,4,2,1,1,39,2,2,2,2,1,2,2,2,1,1,1,2,2,1,2,2,2,"Ohio",1
"21509",390341,39,9294,39.98724444,-82.77157222,3,3,4,2,20,6,0,12,0,1,1,0,1,3,2,3,39,2,2,2,1,2,2,2,2,2,2,3,2,1,2,2,2,2,"Ohio",0
"21510",390342,39,12065,38.73113056,-83.46453333,2,2,5,7,23,4,0,42,0,1,1,0,4,2,10,1,39,1,2,2,2,1,2,2,2,2,2,1,2,2,1,2,2,2,"Ohio",1
"21511",390343,39,11686,38.90726389,-84.20020278,1,1,5,4,6,3,0,34,0,1,1,0,4,1,10,1,39,1,2,1,1,1,2,1,2,2,2,2,2,2,1,2,2,2,"Ohio",0
"21512",390344,39,5322,41.6718,-83.5792,1,1,5,2,8,6,0,33,0,1,1,0,4,1,1,1,39,2,2,1,1,1,2,2,2,2,2,2,2,2,2,2,2,2,"Ohio",0
"21513",390345,39,5670,41.53694444,-83.49138889,1,1,6,4,4,1,0,8,0,1,1,0,1,2,1,1,39,1,1,2,1,1,2,2,1,2,2,3,2,2,2,1,2,2,"Ohio",0
"21514",390346,39,5871,41.44515556,-81.60391111,2,2,5,7,21,3,0,12,0,2,2,0,1,3,10,1,39,2,2,2,2,2,1,2,2,2,2,1,2,2,2,1,2,2,"Ohio",1
"21515",390347,39,5824,41.46786111,-81.60151389,8,8,5,7,3,2,0,33,0,3,2,0,4,3,10,3,39,2,2,2,2,1,2,1,2,2,2,3,1,2,2,2,2,2,"Ohio",0
"21516",390348,39,5747,41.50104722,-81.657225,1,1,5,2,0,6,0,8,0,3,2,0,1,3,10,1,39,2,2,2,2,1,2,2,1,2,2,3,2,2,2,1,2,2,"Ohio",0
"21517",390349,39,6097,41.32754444,-82.916825,1,1,6,3,23,5,0,42,0,1,1,0,4,2,1,1,39,1,2,2,1,1,2,2,2,2,2,3,1,2,2,2,2,2,"Ohio",1
"21518",390350,39,11089,39.17397222,-84.49050833,2,2,6,6,21,1,0,20,1,5,1,4,8,3,10,1,39,2,1,2,2,2,2,2,2,2,2,1,2,2,2,2,2,2,"Ohio",1
"21519",390351,39,8780,40.19888889,-84.20670278,3,3,6,5,22,1,0,31,0,1,1,0,4,2,1,1,39,1,1,2,1,1,2,2,2,1,2,3,1,2,2,2,2,2,"Ohio",0
"21520",390352,39,11232,39.107225,-81.80861389,1,1,6,6,21,5,0,35,0,1,1,0,4,2,10,1,39,1,2,2,2,1,2,2,2,1,2,1,2,2,2,2,2,2,"Ohio",1
"21521",390353,39,6623,41.05856944,-83.66933889,3,3,3,7,11,6,0,12,0,2,2,0,1,1,10,1,39,2,2,1,2,2,2,2,2,2,2,3,2,2,2,2,2,2,"Ohio",0
"21522",390354,39,8603,40.29376944,-80.6525,2,2,5,6,13,3,0,32,0,1,1,0,4,1,1,1,39,1,2,1,1,1,2,1,2,1,2,3,2,2,1,2,2,2,"Ohio",1
"21523",390355,39,10239,39.63925556,-83.66411111,7,7,6,3,16,8,0,12,0,2,2,0,1,1,1,1,39,2,2,1,1,2,2,1,2,2,2,2,2,2,1,2,2,2,"Ohio",0
"21524",390356,39,5055,41.78160556,-80.97696111,2,2,6,5,1,5,0,12,0,2,2,0,1,2,1,1,39,1,2,2,1,2,2,2,2,1,2,1,1,2,2,2,2,2,"Ohio",2
"21525",390357,39,9093,40.05631944,-82.13993611,1,1,6,6,23,3,0,42,0,1,1,0,4,2,10,1,39,1,2,2,2,1,2,2,2,2,2,2,2,1,2,2,2,2,"Ohio",0
"21526",390358,39,4861,41.87708611,-80.79167222,1,1,6,7,3,4,0,33,0,3,3,0,10,3,1,1,39,2,2,2,2,1,2,2,2,2,2,1,2,1,2,2,2,2,"Ohio",1
"21527",390359,39,6879,40.91178889,-82.49930556,5,5,6,7,20,3,0,12,0,2,2,0,1,1,1,1,39,1,2,2,2,2,2,2,2,2,2,2,2,1,2,2,1,2,"Ohio",0
"21528",390360,39,8540,40.32464722,-82.84111944,1,1,6,4,23,3,0,34,0,1,1,0,4,2,10,1,39,1,2,2,1,1,2,2,2,1,2,1,2,2,2,2,2,2,"Ohio",1
"21529",390361,39,9590,39.87711944,-83.14304444,1,1,6,6,16,4,0,42,0,1,1,0,4,1,10,1,39,2,2,1,1,1,2,2,2,2,2,1,2,2,2,2,2,2,"Ohio",1
"21530",390362,39,11984,38.77113333,-82.84319722,3,3,6,3,17,4,0,12,0,8,1,0,1,1,10,1,39,2,2,1,1,2,2,2,2,2,2,3,2,1,1,2,2,2,"Ohio",0
"21531",390363,39,10522,39.47540556,-81.30640556,2,2,5,1,23,3,0,53,0,1,1,0,4,2,1,1,39,1,2,2,2,1,2,1,2,1,2,1,2,2,2,2,2,2,"Ohio",1
"21532",390364,39,8761,40.20842222,-84.79085,1,1,6,4,16,6,0,9,0,8,1,0,1,1,1,1,39,2,2,1,1,1,2,2,2,2,2,3,2,2,2,2,2,2,"Ohio",0
"21533",390365,39,10628,39.40663056,-84.01080556,3,3,6,3,10,2,0,12,0,2,2,0,1,1,1,2,39,1,2,1,1,2,2,2,2,1,2,2,2,1,2,2,2,2,"Ohio",0
"21534",390366,39,9839,39.7714,-84.2813,2,3,5,5,18,3,0,14,0,1,1,0,4,1,1,1,39,2,2,2,1,1,2,2,2,2,2,1,2,2,2,2,2,2,"Ohio",1
"21535",390367,39,11059,39.18638889,-84.54505833,2,2,5,3,5,2,0,12,0,1,1,0,1,3,1,1,39,2,2,2,1,2,2,2,2,2,2,3,2,1,2,2,2,2,"Ohio",0
"21536",390368,39,6301,41.23480833,-81.08843333,2,2,6,4,2,3,0,34,0,1,1,0,4,2,1,1,39,1,2,2,1,1,2,1,2,1,2,1,2,2,2,2,2,2,"Ohio",1
"21537",390369,39,6578,41.08406111,-81.56370833,4,4,5,4,8,3,0,12,0,2,3,0,1,1,1,1,39,2,2,1,1,3,2,2,2,2,2,3,1,2,2,2,2,2,"Ohio",0
"21538",390370,39,9624,39.86136944,-84.26865278,2,2,6,1,3,1,0,12,0,1,1,1,1,2,1,1,39,2,1,2,2,2,2,2,1,2,2,1,2,2,2,2,2,2,"Ohio",1
"21539",390371,39,6196,41.28230278,-84.24220833,1,1,6,1,16,3,0,1,0,8,1,0,4,1,10,1,39,1,2,1,2,1,1,2,2,2,2,2,2,2,2,2,2,2,"Ohio",0
"21540",390372,39,9737,39.81720833,-82.70409722,3,3,6,5,15,4,0,12,0,1,1,0,1,1,10,1,39,1,2,1,1,2,2,2,2,2,2,3,2,1,2,2,2,2,"Ohio",0
"21541",390373,39,9721,39.82490278,-84.18925,5,5,6,1,4,1,0,42,0,1,1,0,4,3,10,2,39,2,1,2,2,1,2,2,2,2,2,3,2,2,2,2,2,1,"Ohio",0
"21542",390374,39,7004,40.865825,-82.250125,1,1,6,2,4,5,0,34,0,1,1,0,4,2,2,1,39,1,2,2,2,1,2,2,2,1,2,1,2,2,1,2,2,2,"Ohio",1
"21543",390375,39,9037,40.07938611,-82.66643333,1,1,6,2,18,3,0,21,0,1,1,0,3,1,1,1,39,1,2,2,1,1,2,2,2,2,2,2,2,2,2,2,2,2,"Ohio",0
"21544",390376,39,6380,41.19203611,-84.58331944,1,1,6,3,7,2,0,30,0,1,1,0,4,1,10,1,39,1,2,1,1,1,2,2,2,2,2,2,1,2,2,2,2,1,"Ohio",0
"21545",390377,39,9933,39.74500278,-82.64750278,4,4,5,7,22,4,0,12,0,8,1,0,1,2,1,1,39,1,2,2,2,2,2,2,2,2,2,2,1,2,2,2,2,2,"Ohio",0
"21546",390378,39,6341,41.21047778,-82.39711389,1,1,6,6,23,3,0,41,0,1,1,0,4,2,2,1,39,1,2,2,2,1,2,2,2,1,2,1,2,2,2,2,2,2,"Ohio",1
"21547",390379,39,5780,41.48656944,-81.55606667,1,1,5,3,11,4,0,33,0,3,3,0,4,1,10,1,39,2,2,1,1,1,2,2,2,2,2,3,2,1,2,2,2,2,"Ohio",0
"21548",390380,39,10047,39.71236667,-84.07710278,1,1,3,7,17,6,0,7,0,1,1,0,4,1,1,1,39,2,2,1,2,1,1,1,2,2,2,1,2,2,2,2,2,2,"Ohio",1
"21549",390381,39,8329,40.42331667,-81.3594,2,2,6,2,11,2,0,12,0,1,1,0,1,1,10,1,39,2,2,1,1,2,2,2,2,2,2,3,2,1,2,2,2,2,"Ohio",0
"21550",390382,39,11007,39.21389167,-84.14006111,1,1,6,5,16,4,0,42,0,1,1,0,4,1,1,1,39,2,2,1,1,1,2,2,2,2,2,1,2,2,2,2,2,2,"Ohio",1
"21551",390383,39,9379,39.95355833,-82.6826,3,3,6,3,21,3,0,12,0,8,1,0,1,5,1,1,39,2,2,2,1,2,1,2,2,2,2,3,2,2,2,2,2,2,"Ohio",0
"21552",390384,39,9535,39.90126111,-83.83055833,1,1,6,4,20,6,0,8,0,1,1,0,4,1,1,1,39,2,2,2,1,1,2,2,1,2,2,1,2,1,2,2,2,2,"Ohio",1
"21553",390385,39,10728,39.35522222,-82.09514722,1,1,6,6,21,2,0,35,0,1,1,0,4,2,10,1,39,2,2,2,2,1,2,1,2,1,2,1,2,2,2,2,2,2,"Ohio",1
"21554",390386,39,8434,40.3743,-80.73680278,2,2,6,6,10,2,0,24,0,1,1,0,4,1,1,1,39,2,2,1,1,1,1,2,2,2,2,2,2,2,2,2,2,1,"Ohio",0
"21555",390387,39,11453,39.01166667,-82.57194444,2,2,6,7,12,2,0,12,0,2,2,0,1,1,1,1,39,1,2,1,2,2,1,2,2,2,2,2,2,1,2,2,2,2,"Ohio",0
"21556",390388,39,8382,40.4025,-82.59694444,3,3,6,6,14,3,0,12,0,1,1,0,1,1,2,1,39,1,2,1,1,2,2,2,2,2,2,3,2,1,2,2,2,2,"Ohio",0
"21557",390389,39,8555,40.31520556,-81.409825,1,1,6,6,20,4,0,42,0,3,4,0,4,1,10,1,39,1,2,2,2,1,2,1,2,1,2,2,2,2,2,2,2,2,"Ohio",0
"21558",390390,39,6096,41.3276,-83.9221,2,2,5,3,10,4,0,12,0,2,2,0,1,1,10,1,39,1,2,1,1,2,2,2,2,2,2,3,2,2,2,2,2,2,"Ohio",0
"21559",390391,39,8359,40.40952778,-80.61510556,1,1,6,7,21,3,0,25,0,1,1,0,3,2,1,1,39,2,2,2,2,1,2,1,2,1,2,1,2,2,2,2,2,2,"Ohio",1
"21560",390392,39,6179,41.28963333,-84.36102778,1,1,5,4,21,6,0,9,0,1,1,0,1,3,1,1,39,1,2,2,1,1,2,2,2,2,2,3,1,2,2,2,2,2,"Ohio",0
"21561",390393,39,10794,39.32488333,-84.35038333,4,4,6,7,22,6,0,8,0,1,1,0,1,2,1,1,39,2,2,2,2,1,2,2,1,2,2,3,1,2,2,2,2,2,"Ohio",0
"21562",390394,39,10342,39.58610278,-82.36442222,2,2,6,1,22,3,0,8,0,1,1,0,1,2,1,1,39,1,2,2,2,1,2,2,1,2,2,3,1,2,2,2,2,2,"Ohio",0
"21563",390395,39,8227,40.47063611,-81.441725,2,2,5,5,16,3,0,12,0,8,1,0,1,1,1,1,39,2,2,1,1,2,2,2,2,2,2,2,2,1,2,2,2,2,"Ohio",0
"21564",390396,39,9301,39.98606111,-82.97976111,3,3,6,5,5,6,0,12,0,2,2,0,1,4,10,1,39,2,2,2,1,2,2,2,2,2,2,1,2,2,2,2,2,2,"Ohio",1
"21565",390397,39,9429,39.94111389,-82.93963333,1,1,6,2,3,1,0,25,0,1,1,0,3,3,2,1,39,2,1,2,2,1,2,2,2,2,2,1,2,2,2,2,2,2,"Ohio",1
"21566",390399,39,8311,40.43135833,-83.17819167,4,4,6,7,0,3,0,42,0,1,1,0,4,2,10,3,39,1,2,2,2,1,2,1,2,2,2,1,2,2,2,2,2,2,"Ohio",1
"21567",390400,39,9668,39.84599167,-84.65240556,1,1,5,7,12,2,0,1,0,1,1,0,4,1,1,1,39,1,2,1,2,1,2,1,2,1,2,1,2,2,2,2,2,2,"Ohio",1
"21568",390401,39,9514,39.9102,-83.80766111,2,2,6,1,2,6,0,14,0,1,1,0,1,2,1,1,39,2,2,2,2,1,2,1,2,2,2,3,2,2,1,2,2,2,"Ohio",1
"21569",390402,39,9660,39.84964444,-84.32981667,2,2,6,7,19,3,0,12,0,8,1,0,1,1,1,1,39,2,2,2,2,2,1,2,2,2,2,3,2,2,2,2,2,2,"Ohio",0
"21570",390403,39,8470,40.35500278,-83.26363611,1,1,6,6,23,6,0,3,0,1,1,0,4,3,1,1,39,3,2,2,2,1,2,2,2,2,2,1,2,2,2,2,2,2,"Ohio",1
"21571",390404,39,10320,39.59708889,-84.24809167,2,2,6,7,23,5,0,8,0,2,2,0,1,3,1,1,39,2,2,2,2,1,2,2,1,2,2,3,2,2,1,2,2,2,"Ohio",0
"21572",390405,39,9948,39.741475,-81.53361389,1,1,6,2,6,1,0,24,0,1,1,0,4,1,1,1,39,2,1,1,1,1,2,2,2,1,2,3,2,2,2,2,2,2,"Ohio",0
"21573",390406,39,12430,38.57888889,-82.54444444,1,1,6,3,6,5,0,35,0,1,1,0,4,9,99,1,39,1,2,1,1,1,2,2,2,1,2,1,2,2,2,2,2,2,"Ohio",1
"21574",390407,39,9363,39.95801944,-82.98286944,6,6,6,1,18,4,0,12,0,3,2,0,1,1,10,1,39,2,2,2,2,3,2,2,2,1,2,3,2,2,1,2,2,2,"Ohio",0
"21575",390408,39,6299,41.23512222,-80.84053611,3,3,3,5,17,4,0,31,0,3,3,0,4,1,10,1,39,2,2,1,1,1,2,2,2,1,2,3,2,2,2,2,1,2,"Ohio",0
"21576",390409,39,7248,40.79069444,-82.44471111,1,1,5,4,16,6,0,34,0,3,3,0,4,1,1,1,39,2,2,1,1,1,2,2,2,2,2,2,2,1,2,2,2,2,"Ohio",0
"21577",390411,39,8977,40.10561111,-83.111625,2,2,6,6,18,3,0,12,0,1,1,1,1,1,1,1,39,2,2,2,2,2,1,2,2,2,2,2,2,2,2,2,2,2,"Ohio",0
"21578",390412,39,10813,39.31686667,-83.17518611,1,1,5,5,20,4,0,5,0,1,1,0,1,5,1,1,39,1,2,2,1,1,2,2,2,1,2,2,2,2,2,2,2,2,"Ohio",1
"21579",390413,39,4933,41.83847222,-80.75663889,3,3,6,1,0,4,0,12,0,2,3,0,1,2,1,2,39,1,2,2,2,2,1,2,2,1,2,1,2,2,2,2,2,2,"Ohio",1
"21580",390414,39,7144,40.81606389,-84.33499444,2,2,6,4,18,3,0,12,0,2,2,0,1,1,10,1,39,1,2,2,1,2,1,2,2,2,2,3,1,2,2,2,2,2,"Ohio",1
"21581",390415,39,7111,40.8274,-83.85788333,2,2,6,5,17,2,0,12,0,1,1,0,1,1,10,1,39,1,2,1,1,2,2,2,2,2,2,2,2,2,2,2,1,2,"Ohio",0
"21582",390417,39,6387,41.18886667,-82.10735556,1,1,6,5,23,4,0,34,0,1,1,0,4,6,10,1,39,1,2,2,1,1,2,1,2,1,2,1,2,2,2,2,2,2,"Ohio",1
"21583",390418,39,5349,41.66121667,-81.30452778,2,2,6,5,6,3,0,12,0,3,2,0,1,4,1,2,39,2,2,1,1,2,2,2,2,2,2,3,2,1,2,2,2,2,"Ohio",0
"21584",390419,39,10523,39.47533056,-84.3682,2,2,6,6,1,5,0,42,0,1,1,0,4,2,10,1,39,2,2,2,1,1,2,1,2,2,2,3,2,2,1,2,2,2,"Ohio",1
"21585",390420,39,9156,40.03343333,-82.91483056,1,1,5,1,3,6,0,34,0,1,1,0,4,2,2,1,39,2,2,2,2,1,2,2,2,1,2,1,2,2,2,2,2,2,"Ohio",1
"21586",390421,39,5472,41.61041389,-83.73870556,3,3,6,3,14,3,0,12,0,8,1,0,1,1,10,1,39,2,2,1,1,2,2,2,2,1,2,3,2,1,2,2,2,2,"Ohio",0
"21587",390422,39,8853,40.15755556,-81.94355556,5,5,6,7,18,3,0,12,0,8,1,0,1,1,10,1,39,1,2,2,2,3,1,2,2,2,2,1,2,2,2,2,2,2,"Ohio",1
"21588",390423,39,6764,40.97132778,-81.66096389,2,2,6,4,18,3,0,12,0,2,2,0,1,1,1,1,39,2,2,2,1,2,1,2,2,2,2,3,2,2,2,2,2,2,"Ohio",0
"21589",390424,39,9771,39.79966667,-84.12964167,1,1,6,6,16,6,0,8,0,1,1,0,1,1,2,1,39,2,2,1,1,1,2,2,1,2,2,3,2,2,2,2,2,2,"Ohio",0
"21590",390425,39,9391,39.95035833,-82.20808611,1,1,6,6,16,1,0,24,0,1,1,4,4,1,10,1,39,1,1,1,1,1,1,2,2,2,2,2,2,2,2,2,2,2,"Ohio",0
"21591",390426,39,8147,40.51484722,-84.42422222,2,2,7,1,22,3,0,30,0,1,1,0,4,2,1,2,39,1,2,2,2,1,1,1,2,2,2,2,2,2,1,2,2,2,"Ohio",0
"21592",390427,39,7995,40.58225833,-83.14337222,4,4,7,3,14,6,0,12,0,1,1,0,1,1,2,1,39,2,2,1,1,2,2,2,2,2,2,2,2,2,2,2,1,2,"Ohio",0
"21593",390428,39,9347,39.96555278,-82.98338333,3,3,7,4,23,1,0,12,0,1,1,0,1,3,10,1,39,2,1,2,1,2,2,2,2,1,2,3,2,2,2,1,2,2,"Ohio",0
"21594",390429,39,7025,40.85491667,-80.73722222,2,2,6,5,17,3,0,12,0,1,1,0,1,1,10,1,39,1,2,1,1,2,2,2,2,2,2,2,1,2,2,2,2,2,"Ohio",0
"21595",390430,39,9166,40.03049722,-83.15324722,3,3,7,4,11,6,0,12,0,2,2,0,1,1,1,1,39,2,2,1,1,2,2,2,2,2,2,3,2,1,2,2,1,2,"Ohio",0
"21596",390432,39,10713,39.36294167,-84.28150833,1,1,7,5,7,3,0,32,0,1,1,0,4,1,10,1,39,2,2,1,1,1,2,2,2,1,2,2,2,2,2,2,2,2,"Ohio",0
"21597",390433,39,9422,39.94206111,-83.64161111,2,2,6,3,8,4,0,12,0,1,1,0,1,1,2,1,39,1,2,1,1,2,2,2,2,2,2,3,2,1,1,2,2,2,"Ohio",0
"21598",390434,39,8161,40.50840556,-80.83366667,1,1,6,3,16,4,0,15,0,1,1,0,1,1,1,1,39,1,2,1,1,1,2,2,2,2,2,2,2,1,2,2,2,2,"Ohio",0
"21599",390435,39,7240,40.79287222,-81.98255556,3,3,6,7,16,2,0,12,0,2,2,0,1,1,10,1,39,1,2,1,2,2,1,2,2,1,2,3,2,1,1,2,2,2,"Ohio",0
"21600",390436,39,10751,39.34498333,-82.45402222,2,2,7,4,18,3,0,12,0,1,1,0,1,1,2,1,39,1,2,2,1,2,2,2,2,2,2,3,2,2,2,2,2,2,"Ohio",0
"21601",390437,39,11808,38.85246111,-84.14173056,3,3,6,6,6,3,0,12,0,1,1,0,1,4,10,2,39,1,2,1,1,2,2,2,2,2,2,1,2,2,2,2,2,2,"Ohio",2
"21602",390438,39,11127,39.15468889,-84.56335278,3,3,7,5,13,4,0,1,0,1,1,0,1,1,10,1,39,2,2,1,1,2,1,2,2,2,2,3,2,2,2,2,2,2,"Ohio",0
"21603",390439,39,6080,41.33324444,-80.95501389,1,1,6,7,21,4,0,24,0,3,3,0,4,2,10,1,39,1,2,2,2,1,2,1,2,2,2,1,2,2,2,2,2,2,"Ohio",1
"21604",390440,39,9411,39.94591389,-82.79623333,4,4,7,4,20,6,0,12,0,2,7,0,1,5,10,1,39,2,2,2,1,3,1,2,2,2,2,1,1,1,2,2,2,2,"Ohio",2
"21605",390441,39,7015,40.8587,-81.4319,1,1,6,7,0,4,0,8,0,1,1,0,1,2,2,1,39,2,2,2,2,1,2,2,1,2,2,3,2,2,2,2,2,2,"Ohio",0
"21606",390442,39,9889,39.75786944,-84.25328611,4,4,6,1,4,4,0,12,0,2,2,0,1,3,1,2,39,2,2,2,2,2,2,1,2,2,2,1,2,2,2,2,2,2,"Ohio",1
"21607",390443,39,10006,39.72556667,-81.95668333,2,2,7,7,16,5,0,42,0,1,1,0,4,1,1,2,39,1,2,1,2,1,2,2,2,1,2,3,2,2,2,2,2,2,"Ohio",0
"21608",390444,39,10561,39.45388889,-81.45472222,4,4,6,5,21,3,0,8,0,1,1,0,1,2,2,1,39,2,2,2,1,1,2,2,1,2,2,3,2,2,1,2,2,2,"Ohio",0
"21609",390445,39,9412,39.94573889,-82.8945,2,2,7,7,2,4,0,8,0,1,1,0,1,3,1,1,39,2,2,2,2,2,2,2,1,2,2,3,2,2,2,1,2,2,"Ohio",0
"21610",390446,39,10247,39.63355556,-82.01537222,1,1,7,2,18,4,0,38,0,1,1,0,4,1,10,1,39,1,2,2,1,1,1,1,2,2,2,1,2,2,2,2,2,2,"Ohio",1
"21611",390447,39,10091,39.69649167,-84.22953889,5,5,5,1,18,1,0,7,0,1,1,0,1,1,1,1,39,2,1,2,2,2,2,2,2,1,2,3,2,2,2,1,2,2,"Ohio",0
"21612",390448,39,7603,40.69925,-84.09031389,2,2,6,5,9,1,0,1,0,1,1,1,1,1,10,1,39,2,1,1,1,1,1,1,2,2,2,3,2,1,2,2,2,2,"Ohio",0
"21613",390449,39,8141,40.51973611,-83.07458611,1,1,7,7,11,2,0,52,0,1,1,0,4,1,1,1,39,2,2,1,2,1,1,2,2,2,2,2,2,2,1,2,2,2,"Ohio",0
"21614",390450,39,7870,40.62720278,-81.91868333,1,1,7,2,7,4,0,8,0,1,1,0,2,1,1,1,39,1,2,1,1,1,2,2,1,2,2,3,2,2,2,2,1,2,"Ohio",0
"21615",390451,39,5451,41.62091667,-83.49318611,3,3,7,5,7,3,0,12,0,3,2,0,1,1,1,1,39,2,2,1,1,3,2,2,2,2,2,3,2,2,1,2,2,2,"Ohio",0
"21616",390452,39,5748,41.50096667,-81.39095833,4,4,5,5,13,6,0,43,0,1,1,0,4,1,1,2,39,1,2,1,1,1,2,2,2,2,2,3,1,2,2,2,1,2,"Ohio",0
"21617",390453,39,6911,40.90095278,-80.85725833,1,1,7,4,16,2,0,8,0,1,1,0,1,1,10,1,39,2,2,1,1,1,2,2,1,2,2,3,2,2,2,2,2,2,"Ohio",0
"21618",390454,39,9923,39.7483,-84.2023,1,1,7,1,2,2,0,1,0,20,1,0,1,3,1,1,39,2,2,2,2,1,1,1,2,2,2,1,2,2,2,2,2,2,"Ohio",1
"21619",390455,39,10460,39.50819722,-82.77899722,3,3,7,1,14,3,0,12,0,1,1,0,1,1,1,1,39,1,2,1,2,2,1,2,2,2,2,3,1,2,2,2,1,2,"Ohio",0
"21620",390456,39,9308,39.98401667,-82.80258889,4,4,7,3,18,3,0,12,0,2,2,0,1,1,10,1,39,2,2,2,1,3,2,2,2,1,2,3,2,2,1,2,2,2,"Ohio",1
"21621",390457,39,5907,41.42490833,-81.563475,1,1,5,6,22,1,0,35,0,5,1,0,4,3,10,1,39,2,1,2,2,1,2,2,2,1,2,3,1,2,2,2,2,2,"Ohio",0
"21622",390458,39,6333,41.21618333,-82.79038611,2,2,7,5,9,3,0,12,0,1,1,0,1,1,1,1,39,1,2,1,1,2,2,2,2,1,2,3,2,2,2,2,2,1,"Ohio",0
"21623",390459,39,12710,38.42209167,-82.48932222,2,2,6,1,8,2,0,35,0,5,1,0,4,1,1,2,39,2,2,1,2,1,2,1,2,1,1,2,1,2,2,2,2,2,"Ohio",0
"21624",390460,39,6621,41.060275,-81.26035278,1,1,7,7,23,4,0,9,0,1,1,0,1,2,1,1,39,1,2,2,2,1,2,2,2,2,2,2,2,1,2,2,2,2,"Ohio",0
"21625",390461,39,7073,40.83711667,-81.32725278,4,4,7,5,13,2,0,12,0,3,2,0,1,1,1,1,39,2,2,1,1,3,2,2,2,2,2,3,1,1,2,2,2,2,"Ohio",0
"21626",390463,39,10325,39.59303611,-84.02226111,1,1,7,5,8,6,0,24,0,1,1,0,4,1,10,1,39,1,2,1,1,1,1,1,2,2,2,3,2,2,2,2,2,2,"Ohio",0
"21627",390464,39,9403,39.94745556,-83.01453611,2,2,7,3,17,1,0,12,1,20,1,0,1,1,10,1,39,2,1,1,1,2,2,2,2,2,2,1,2,2,2,2,2,2,"Ohio",1
"21628",390465,39,5591,41.56404167,-83.19033056,1,1,6,5,19,4,0,34,0,1,1,0,4,1,1,1,39,1,2,2,1,1,1,2,2,2,2,2,2,1,2,2,2,2,"Ohio",1
"21629",390466,39,8930,40.12743056,-84.43046944,1,1,6,2,18,6,0,9,0,1,1,0,1,1,1,1,39,1,2,2,1,1,2,2,2,2,2,3,2,2,2,2,2,2,"Ohio",0
"21630",390467,39,10707,39.36568333,-84.42317778,3,3,7,1,17,6,0,12,0,1,1,0,1,1,10,1,39,2,2,1,2,2,2,2,2,2,2,3,2,2,1,2,2,2,"Ohio",0
"21631",390468,39,6032,41.36196389,-83.54406667,6,6,7,2,7,2,0,12,0,1,1,0,1,1,5,1,39,1,2,1,1,3,2,2,2,1,2,3,2,1,2,2,2,2,"Ohio",0
"21632",390469,39,5459,41.61730833,-83.84482222,5,5,7,1,12,6,0,12,0,2,3,0,1,1,1,1,39,1,2,1,2,2,1,2,2,2,2,3,2,2,2,2,2,2,"Ohio",0
"21633",390470,39,6053,41.34990833,-80.66441111,3,3,7,1,10,3,0,12,0,2,2,0,1,1,10,1,39,1,2,1,2,2,2,2,2,1,2,2,2,1,2,2,2,2,"Ohio",0
"21634",390471,39,12049,38.73940278,-83.029725,4,4,7,7,15,2,0,12,0,1,1,0,1,1,10,1,39,2,2,1,2,2,2,2,2,2,2,3,2,1,2,2,2,2,"Ohio",0
"21635",390472,39,9025,40.082575,-82.90879722,1,1,7,4,21,1,0,23,1,5,1,0,4,3,1,1,39,2,1,2,1,1,1,1,2,2,2,1,2,2,2,2,2,2,"Ohio",1
"21636",390473,39,7705,40.67201944,-81.347325,1,2,6,2,10,3,0,14,0,2,2,3,1,1,10,1,39,1,2,1,1,1,2,2,2,2,2,3,2,2,2,2,2,2,"Ohio",0
"21637",390474,39,11937,38.79450833,-83.01470556,1,1,7,3,14,3,0,24,0,1,1,0,4,1,1,1,39,2,2,1,1,1,1,2,2,2,2,2,2,2,2,2,2,2,"Ohio",0
"21638",390475,39,5983,41.39044444,-81.11389722,4,4,7,5,11,4,0,12,0,2,2,0,1,1,10,1,39,1,2,1,1,2,2,1,2,2,2,3,2,1,2,2,2,2,"Ohio",0
"21639",390476,39,11154,39.14244167,-84.45499444,2,2,7,1,12,6,0,42,0,1,1,0,4,1,1,1,39,2,2,1,2,1,2,2,2,2,2,2,2,2,2,2,2,2,"Ohio",0
"21640",390477,39,5965,41.39836389,-82.65409444,5,5,7,6,16,2,0,12,0,8,1,0,1,1,1,1,39,2,2,1,1,2,2,2,2,2,2,3,2,1,2,2,2,2,"Ohio",0
"21641",390478,39,6238,41.26120833,-81.07315278,5,5,7,3,13,3,0,12,0,1,1,0,1,1,1,1,39,2,2,1,1,3,2,1,2,2,2,3,2,1,2,2,2,2,"Ohio",0