"","ST_CASE","OBJECT_ID","FID","LATITUDE","LONGITUD","PERMVIT","PERSONS","MONTH","DAY_WEEK","HOUR","ROUTE","SP_JUR","HARM_EV","RELJCT1","RELJCT2","TYP_INT","WRK_ZONE","REL_ROAD","LGT_COND","WEATHER","FATALS","STATE","A_RU","A_INTER","A_TOD","A_DOW","A_CT","A_MC","A_SPCRA","A_PED","A_ROLL","A_POLPUR","A_POSBAC","A_D15_20","A_D65PLS","A_D21_24","A_HR","A_DIST","A_DROWSY","STATE_NAME","drunkDr"
"21642",390479,39,9370,39.95554444,-83.82492778,7,7,7,4,12,4,0,30,0,3,3,0,4,1,1,1,39,2,2,1,1,1,2,2,2,2,2,3,2,2,2,2,2,2,"Ohio",0
"21643",390480,39,6528,41.109425,-83.22234722,2,2,6,6,12,3,0,15,0,8,1,0,1,1,1,1,39,2,2,1,1,2,2,2,2,2,2,3,2,2,2,2,2,2,"Ohio",0
"21644",390481,39,8626,40.28403056,-84.16175,3,3,6,6,22,3,0,33,0,1,1,0,3,3,2,1,39,2,2,2,2,2,2,1,2,2,2,1,2,2,1,2,2,2,"Ohio",1
"21645",390482,39,9664,39.84709444,-83.98830556,5,5,7,1,20,6,0,12,0,1,1,0,1,1,2,1,39,2,2,2,2,3,2,2,2,2,2,3,2,1,1,2,2,2,"Ohio",0
"21646",390483,39,9530,39.90357222,-83.81059722,4,4,7,5,18,6,0,8,0,1,1,0,1,1,1,1,39,2,2,2,1,1,2,2,1,2,2,3,2,2,2,2,2,2,"Ohio",0
"21647",390484,39,9360,39.95816667,-82.37272778,2,2,7,4,14,2,0,12,0,2,3,0,1,1,10,1,39,1,2,1,1,2,1,2,2,2,2,3,1,2,2,2,2,2,"Ohio",0
"21648",390485,39,10828,39.31080556,-84.54198611,3,3,5,3,23,6,0,12,0,1,1,0,1,3,1,1,39,2,2,2,1,3,2,1,2,2,2,1,1,2,2,2,2,2,"Ohio",1
"21649",390486,39,8062,40.55739167,-83.83419722,2,2,7,3,13,3,0,12,0,1,1,0,1,1,2,1,39,1,2,1,1,2,2,2,2,2,2,3,2,2,2,2,2,2,"Ohio",0
"21650",390488,39,8419,40.38132222,-80.65036389,1,1,7,3,2,2,0,35,1,5,1,0,4,2,10,1,39,2,2,2,1,1,2,2,2,1,2,1,2,2,1,2,2,2,"Ohio",1
"21651",390489,39,9418,39.94308056,-83.09290833,2,2,7,2,9,6,0,12,0,8,1,0,1,1,1,1,39,2,2,1,1,2,2,2,2,2,2,3,2,1,2,2,2,2,"Ohio",0
"21652",390490,39,6427,41.16908056,-82.24626389,2,2,7,3,15,3,0,12,0,1,1,0,1,1,10,1,39,1,2,1,1,2,2,2,2,1,2,1,1,1,2,2,2,2,"Ohio",1
"21653",390491,39,5851,41.45331944,-81.71593889,1,1,5,4,12,6,0,59,0,1,1,0,4,1,1,1,39,2,2,1,1,1,2,2,2,1,2,2,2,2,2,2,2,2,"Ohio",0
"21654",390492,39,11789,38.86010278,-83.87310556,4,4,6,6,6,2,0,12,0,2,2,0,1,1,10,1,39,1,2,1,1,2,2,1,2,2,2,2,1,2,2,2,2,2,"Ohio",0
"21655",390493,39,9893,39.756675,-80.91077778,4,4,7,7,16,3,0,12,0,2,3,0,1,1,1,1,39,1,2,1,2,2,1,2,2,2,2,1,2,2,2,2,2,2,"Ohio",1
"21656",390494,39,4961,41.82561389,-81.01656667,1,1,7,5,9,4,0,18,0,1,1,0,4,1,1,1,39,1,2,1,1,1,2,2,2,2,2,2,2,2,2,2,2,2,"Ohio",0
"21657",390495,39,9550,39.89470833,-82.46634167,2,2,7,4,21,3,0,12,0,2,2,0,1,5,1,1,39,1,2,2,1,2,1,2,2,2,2,2,2,2,2,2,2,2,"Ohio",0
"21658",390496,39,9334,39.97168056,-84.72305278,2,2,8,7,21,6,0,30,0,1,1,0,4,2,1,1,39,1,2,2,2,1,2,2,2,1,2,3,2,2,1,1,2,2,"Ohio",1
"21659",390497,39,10805,39.32083333,-83.56111111,1,1,7,4,18,4,0,53,0,1,1,0,4,1,1,1,39,1,2,2,1,1,1,1,2,2,2,2,2,2,2,2,2,2,"Ohio",0
"21660",390498,39,5198,41.72147222,-81.28263056,2,2,7,5,20,3,0,24,1,5,1,0,4,5,1,1,39,2,2,2,1,1,1,1,2,2,2,2,2,2,2,2,2,2,"Ohio",0
"21661",390499,39,5792,41.48056667,-81.22893611,2,2,7,7,21,5,0,12,0,1,1,0,1,2,1,1,39,1,2,2,2,2,2,2,2,2,2,1,1,2,2,2,2,2,"Ohio",1
"21662",390500,39,5587,41.5647,-81.58714444,1,2,7,1,2,1,0,18,0,1,1,0,4,3,1,1,39,2,1,2,2,1,2,2,2,2,2,2,2,2,2,2,2,1,"Ohio",1
"21663",390501,39,11360,39.05621389,-82.79246667,3,3,7,4,21,5,0,16,0,1,1,0,1,2,1,1,39,1,2,2,1,1,2,2,2,2,2,2,1,2,2,2,2,2,"Ohio",1
"21664",390503,39,9336,39.96995556,-82.93299444,3,3,7,5,18,3,0,12,0,2,2,0,1,1,10,1,39,2,2,2,1,3,2,1,2,2,2,3,2,1,1,2,2,2,"Ohio",0
"21665",390505,39,11064,39.18250556,-84.48400556,1,1,8,4,8,1,0,24,1,5,1,4,4,1,1,1,39,2,1,1,1,1,2,2,2,2,2,2,2,2,2,2,2,2,"Ohio",0
"21666",390506,39,8193,40.48744722,-83.74100278,3,3,7,6,21,3,0,9,0,1,1,0,1,2,1,1,39,1,2,2,2,2,2,2,2,2,2,3,2,2,1,2,2,2,"Ohio",0
"21667",390507,39,9925,39.74803889,-84.2529,1,1,7,7,16,4,0,33,0,3,3,0,4,1,1,1,39,2,2,1,2,1,2,2,2,2,2,2,2,2,2,2,2,2,"Ohio",0
"21668",390508,39,9888,39.75881667,-84.54688056,1,1,7,7,18,4,0,24,0,1,1,0,4,1,1,1,39,1,2,2,2,1,1,2,2,2,2,3,2,2,2,2,2,2,"Ohio",0
"21669",390509,39,8830,40.1684,-84.26192778,1,1,5,1,2,5,0,32,0,1,1,0,4,2,1,1,39,2,2,2,2,1,2,2,2,1,2,2,2,2,2,2,2,2,"Ohio",1
"21670",390510,39,9409,39.94616944,-82.9023,2,2,7,1,0,4,0,12,0,2,3,0,1,3,1,1,39,2,2,2,2,2,1,2,2,2,2,1,2,2,2,2,2,2,"Ohio",1
"21671",390511,39,11161,39.13771111,-84.54831667,4,4,8,1,0,4,0,12,0,2,2,0,1,3,1,1,39,2,2,2,2,2,2,2,2,2,2,3,2,2,2,1,2,2,"Ohio",1
"21672",390512,39,7451,40.74078056,-82.74556111,1,1,7,5,16,5,0,34,0,1,1,0,4,1,1,1,39,1,2,1,1,1,1,1,2,2,2,1,2,2,2,2,2,2,"Ohio",1
"21673",390513,39,10469,39.50177222,-84.39873333,11,11,7,3,18,6,0,31,0,6,1,0,1,1,1,1,39,2,2,2,1,1,2,2,2,2,2,2,2,2,2,2,2,2,"Ohio",0
"21674",390514,39,5660,41.53980278,-81.61316389,1,1,5,6,5,4,0,33,0,3,3,0,4,3,1,1,39,2,2,2,1,1,2,2,1,1,2,2,2,2,2,2,2,2,"Ohio",0
"21675",390515,39,6026,41.36909167,-82.36349722,2,2,8,1,18,3,0,12,0,2,2,0,1,1,1,1,39,1,2,2,2,2,2,2,2,2,2,3,2,1,2,2,2,2,"Ohio",0
"21676",390516,39,8514,40.33694444,-82.69055556,3,3,8,1,14,3,0,12,0,8,1,0,1,1,1,1,39,1,2,1,2,2,1,2,2,2,2,2,2,2,2,2,2,2,"Ohio",0
"21677",390517,39,6586,41.08035,-80.65691111,3,3,6,7,22,2,0,33,0,3,3,0,4,3,1,1,39,2,2,2,2,2,1,2,2,2,2,2,1,2,2,2,2,2,"Ohio",0
"21678",390518,39,5240,41.70664167,-83.60173889,3,3,6,6,1,4,0,12,0,2,2,0,1,3,1,1,39,2,2,2,1,2,1,2,2,2,2,1,2,2,2,2,1,2,"Ohio",1
"21679",390519,39,6090,41.32988056,-81.80694167,7,7,7,6,11,1,0,12,0,1,1,1,1,1,1,1,39,2,1,1,1,3,2,2,2,2,2,3,2,2,1,1,2,2,"Ohio",0
"21680",390520,39,7131,40.82251389,-81.31835833,1,1,7,7,0,3,0,33,0,1,1,0,4,3,1,1,39,2,2,2,2,1,1,2,2,2,2,1,2,2,2,2,2,2,"Ohio",1
"21681",390521,39,5703,41.52370833,-83.62205,7,7,7,4,22,1,0,8,0,1,1,4,1,2,1,1,39,2,1,2,1,1,2,2,1,2,2,3,2,2,2,2,2,2,"Ohio",0
"21682",390522,39,8899,40.13879722,-82.61395833,4,4,7,2,22,4,0,12,0,1,1,0,1,2,1,1,39,1,2,2,1,2,1,2,2,2,2,3,2,2,2,2,2,2,"Ohio",0
"21683",390523,39,8601,40.295125,-83.03845278,3,3,8,1,11,2,0,12,0,2,2,0,1,1,1,2,39,2,2,1,2,2,2,2,2,2,2,2,2,1,2,2,2,2,"Ohio",0
"21684",390524,39,10687,39.37795,-81.49806389,1,1,6,5,17,5,0,42,0,1,1,0,4,1,10,1,39,1,2,1,1,1,2,1,2,2,2,2,2,2,2,2,2,2,"Ohio",0
"21685",390525,39,9623,39.86198889,-84.31470833,1,1,7,3,9,5,0,42,0,3,3,0,4,1,10,1,39,2,2,1,1,1,2,2,2,2,2,3,2,2,2,2,1,2,"Ohio",0
"21686",390526,39,9398,39.94916111,-82.95928056,4,4,8,3,16,2,0,9,0,1,1,0,1,1,1,1,39,2,2,1,1,1,2,2,2,2,2,3,2,2,1,2,2,2,"Ohio",0
"21687",390527,39,5521,41.59069167,-84.10063056,1,1,7,4,0,1,0,12,0,1,1,0,1,2,1,1,39,1,1,2,1,2,2,2,2,2,2,1,2,2,2,2,2,2,"Ohio",1
"21688",390528,39,9524,39.90729167,-82.73005833,6,6,8,2,19,4,0,12,0,2,2,0,1,1,1,1,39,2,2,2,1,3,1,2,2,2,2,1,2,2,1,2,2,2,"Ohio",2
"21689",390529,39,10942,39.24948889,-83.78981111,1,1,8,2,5,3,0,34,0,1,1,0,4,2,2,1,39,1,2,2,2,1,2,1,2,1,2,1,2,2,2,2,2,2,"Ohio",1
"21690",390531,39,6552,41.10030556,-80.98641667,4,4,7,5,15,1,0,12,0,1,1,4,1,1,1,1,39,1,1,1,1,3,2,2,2,2,2,3,2,1,2,2,2,2,"Ohio",0
"21691",390532,39,6650,41.04264167,-80.74616389,1,1,8,2,6,2,0,30,0,8,1,0,4,1,1,1,39,2,2,1,1,1,2,2,2,1,2,2,2,2,1,2,2,2,"Ohio",0
"21692",390533,39,11660,38.92249444,-84.25351111,2,2,7,3,18,2,0,12,0,2,3,0,1,1,1,1,39,1,2,2,1,2,2,2,2,2,2,3,2,1,1,2,2,2,"Ohio",0
"21693",390534,39,5940,41.41120833,-82.18040278,2,2,7,3,13,3,0,34,0,1,1,0,4,1,1,1,39,2,2,1,1,1,2,2,2,1,2,2,2,1,2,2,2,2,"Ohio",0
"21694",390535,39,6030,41.36415278,-82.21043333,1,1,7,3,7,3,0,34,0,1,1,0,4,1,1,1,39,1,2,1,1,1,2,2,2,2,2,2,2,2,1,2,1,2,"Ohio",0
"21695",390536,39,11602,38.95036944,-83.12071111,1,1,8,7,6,4,0,34,0,1,1,0,4,4,1,1,39,1,2,1,2,1,2,1,2,2,2,2,2,2,2,2,2,2,"Ohio",0
"21696",390537,39,8616,40.29036111,-83.07147222,2,2,8,3,15,6,0,12,0,8,1,0,1,1,1,1,39,2,2,1,1,2,1,2,2,2,2,2,2,2,2,2,2,2,"Ohio",0
"21697",390538,39,6909,40.90150833,-80.98017778,2,2,8,4,15,2,0,12,0,8,1,0,1,1,10,1,39,1,2,1,1,2,1,2,2,2,2,2,1,2,2,2,1,2,"Ohio",0
"21698",390539,39,9408,39.94653611,-82.45736111,1,2,8,3,4,1,0,14,0,5,1,0,2,3,1,1,39,2,1,2,1,1,2,2,2,2,2,1,2,1,2,2,2,2,"Ohio",1
"21699",390540,39,6059,41.344325,-82.28866111,2,2,7,7,18,3,0,12,0,2,2,0,1,1,1,1,39,2,2,2,2,2,1,2,2,2,2,2,1,2,2,2,2,2,"Ohio",0
"21700",390541,39,9333,39.97216111,-82.91208056,2,2,8,3,15,6,0,12,0,1,1,0,1,1,1,1,39,2,2,1,1,2,2,2,1,2,2,3,1,2,2,2,2,2,"Ohio",0
"21701",390542,39,8986,40.10180278,-82.92960833,1,2,8,7,9,1,0,14,1,5,1,0,8,1,1,1,39,2,1,1,2,1,2,2,2,2,2,2,2,1,2,2,2,2,"Ohio",0
"21702",390543,39,9257,39.99790278,-82.98459722,2,2,8,5,0,1,0,9,1,18,1,0,1,3,1,1,39,2,1,2,1,2,2,2,2,2,2,3,2,2,2,2,2,2,"Ohio",0
"21703",390544,39,11489,38.99689722,-82.05461667,1,1,1,7,12,9,0,9,0,8,1,0,4,1,2,1,39,3,3,1,2,1,2,2,2,2,2,3,2,2,2,2,2,2,"Ohio",0
"21704",390545,39,5926,41.41709722,-84.08345556,5,5,7,2,11,2,0,12,0,1,1,0,1,1,1,1,39,2,2,1,1,3,2,2,2,2,2,2,2,1,2,2,2,2,"Ohio",0
"21705",390546,39,6254,41.25348333,-84.15461944,1,1,7,1,14,3,0,58,0,1,1,0,4,1,10,1,39,1,2,1,2,1,1,2,2,2,2,3,2,2,2,2,2,2,"Ohio",0
"21706",390547,39,11008,39.21319722,-84.60416111,1,1,8,4,20,4,0,8,0,1,1,0,1,1,1,1,39,2,2,2,1,2,2,2,1,2,2,2,2,2,2,2,2,2,"Ohio",0
"21707",390548,39,9549,39.89509167,-84.07580833,1,1,8,6,0,5,0,42,0,1,1,0,4,2,1,1,39,1,2,2,1,1,2,2,2,2,2,3,2,2,2,2,2,2,"Ohio",1
"21708",390549,39,11612,38.94544167,-82.12860833,1,1,8,1,10,4,0,33,0,1,1,0,4,1,1,1,39,1,2,1,2,1,1,2,2,2,2,2,2,1,2,2,2,2,"Ohio",0
"21709",390550,39,11049,39.19073333,-84.48561944,1,1,8,7,2,4,0,14,0,1,1,0,2,3,1,1,39,2,2,2,2,1,2,2,2,2,2,3,2,2,2,2,2,2,"Ohio",0
"21710",390551,39,11117,39.15868333,-84.54992222,2,2,8,2,2,1,0,12,1,18,1,0,1,3,1,1,39,2,1,2,2,2,2,2,2,2,2,1,2,2,2,2,2,2,"Ohio",1
"21711",390552,39,6607,41.06751389,-80.788625,14,14,7,6,14,1,0,12,0,1,1,2,1,1,10,1,39,2,1,1,1,3,2,2,2,2,2,3,2,2,1,2,2,2,"Ohio",0
"21712",390553,39,9499,39.91585,-81.37640278,1,1,6,4,20,3,0,1,0,2,3,0,1,1,1,1,39,1,2,2,1,1,2,2,2,1,2,2,2,2,2,2,2,2,"Ohio",1
"21713",390554,39,5220,41.71358333,-83.61221111,2,2,7,6,22,6,0,8,0,1,1,0,1,3,1,1,39,2,2,2,2,1,2,2,1,2,2,3,2,2,2,2,2,2,"Ohio",0
"21714",390555,39,5491,41.60570278,-80.94402222,2,2,8,1,16,2,0,12,0,1,1,0,1,1,1,2,39,1,2,1,2,2,2,2,2,2,2,2,2,1,2,2,2,2,"Ohio",0
"21715",390556,39,6138,41.30722222,-82.50893611,1,1,8,3,15,5,0,5,0,1,1,0,2,1,1,1,39,1,2,1,1,1,1,2,2,2,2,2,2,2,2,2,2,2,"Ohio",0
"21716",390557,39,11721,38.89530833,-82.554475,2,2,8,5,6,3,0,12,0,1,1,0,1,2,2,1,39,1,2,1,1,2,2,2,2,2,2,2,2,2,2,2,2,2,"Ohio",0
"21717",390558,39,7051,40.84482778,-82.27436389,2,2,8,7,6,1,0,12,0,1,1,0,1,2,10,1,39,2,1,1,2,2,2,2,2,1,2,3,2,1,2,2,2,2,"Ohio",0
"21718",390559,39,6083,41.33243611,-81.14316944,3,3,8,5,5,3,0,12,0,2,3,0,1,2,1,1,39,1,2,2,1,3,1,2,2,2,2,1,2,2,2,2,2,2,"Ohio",1
"21719",390560,39,10134,39.68111111,-82.68916667,4,4,8,1,13,3,0,12,0,1,1,0,1,1,10,1,39,1,2,1,2,3,1,2,2,1,2,3,2,2,1,2,2,2,"Ohio",0
"21720",390561,39,8282,40.44083333,-82.82333333,2,2,8,2,16,3,0,12,0,1,1,0,1,1,2,1,39,1,2,1,1,2,2,2,2,1,2,2,1,1,2,2,2,2,"Ohio",0
"21721",390562,39,8902,40.13723611,-81.55229444,1,1,8,4,13,1,0,1,0,1,1,0,3,1,1,1,39,1,1,1,1,1,1,2,2,2,2,2,2,2,2,2,2,2,"Ohio",0
"21722",390563,39,11073,39.17974444,-84.455325,2,2,8,4,22,6,0,30,0,1,1,0,4,3,1,1,39,2,2,2,1,1,2,2,2,2,2,3,2,2,2,2,2,2,"Ohio",1
"21723",390564,39,9587,39.87793056,-82.82613056,2,2,8,4,23,6,0,12,0,2,2,0,1,2,1,1,39,2,2,2,1,2,1,1,2,2,2,3,2,2,2,2,2,2,"Ohio",0
"21724",390565,39,9481,39.92237222,-82.87355833,1,1,8,5,17,1,0,35,0,1,1,0,4,1,1,1,39,2,1,1,1,1,2,2,2,1,2,2,2,2,2,2,2,2,"Ohio",0
"21725",390566,39,6055,41.34888056,-84.55446944,2,2,8,3,17,2,0,12,0,8,1,0,1,1,1,1,39,1,2,1,1,2,1,2,2,2,2,2,1,2,2,2,2,2,"Ohio",0
"21726",390567,39,10906,39.26794444,-84.52322222,3,3,8,7,2,6,0,12,0,2,2,0,1,3,1,1,39,2,2,2,2,2,2,2,2,2,2,1,2,2,1,2,2,2,"Ohio",1
"21727",390568,39,5877,41.44175833,-84.505325,1,1,8,1,0,2,0,8,0,1,1,0,1,2,1,1,39,1,2,2,2,1,2,2,1,2,2,2,2,2,2,2,2,2,"Ohio",0
"21728",390569,39,7939,40.60200278,-80.66905,2,2,5,4,18,3,0,12,0,1,1,0,1,1,1,1,39,2,2,2,1,2,2,2,2,2,2,2,2,2,2,2,2,2,"Ohio",0
"21729",390570,39,8542,40.3237,-83.47419444,1,1,7,2,19,6,0,34,0,1,1,0,4,1,1,1,39,1,2,2,1,1,2,2,2,1,2,1,2,2,2,2,2,2,"Ohio",1
"21730",390571,39,11054,39.188175,-82.97916389,5,5,8,2,17,2,0,12,0,1,1,0,1,1,2,2,39,1,2,1,1,3,2,2,2,2,2,2,2,2,2,2,2,2,"Ohio",0
"21731",390572,39,5600,41.56257778,-81.29626944,2,2,8,3,20,4,0,24,0,1,1,0,4,1,1,1,39,1,2,2,1,1,2,2,2,2,2,1,2,2,2,2,2,2,"Ohio",1
"21732",390573,39,6023,41.371875,-83.86295833,5,5,8,7,14,2,0,12,0,2,2,0,1,1,1,1,39,1,2,1,2,3,1,2,2,2,2,3,2,2,2,2,2,2,"Ohio",0
"21733",390574,39,6255,41.25281944,-84.59591111,3,3,8,2,19,5,0,5,0,1,1,0,4,1,10,1,39,1,2,2,1,1,2,2,2,2,2,3,2,2,2,1,2,2,"Ohio",1
"21734",390576,39,9448,39.93451389,-81.157075,2,2,8,6,13,3,0,12,0,2,3,0,1,1,1,1,39,1,2,1,1,2,1,2,2,2,2,3,2,1,2,2,2,2,"Ohio",0
"21735",390577,39,6531,41.10878611,-80.84896389,4,4,8,3,19,1,0,12,0,1,1,4,1,1,10,2,39,2,1,2,1,3,2,2,2,2,2,2,2,1,2,2,2,2,"Ohio",0
"21736",390578,39,10968,39.23509722,-84.62915,7,7,8,6,5,4,0,12,1,2,2,0,1,3,10,1,39,2,2,2,1,2,1,2,2,2,2,2,1,2,2,2,2,2,"Ohio",0
"21737",390579,39,9495,39.91693611,-82.92118889,1,1,8,7,16,3,0,24,1,5,1,0,4,1,1,1,39,2,2,1,2,1,1,2,2,2,2,1,2,2,2,2,2,2,"Ohio",1
"21738",390580,39,8742,40.223,-84.47919722,1,1,7,4,11,3,0,33,0,1,1,0,4,1,1,1,39,1,2,1,1,1,2,2,2,2,2,3,2,2,2,2,2,2,"Ohio",0
"21739",390581,39,5384,41.64469444,-83.44808889,2,2,7,6,15,6,0,12,0,2,2,0,1,1,1,1,39,2,2,1,1,2,1,2,2,2,2,3,2,2,2,2,2,2,"Ohio",0
"21740",390582,39,11075,39.17780833,-82.25371667,1,1,8,7,21,3,0,35,0,1,1,0,4,2,1,1,39,1,2,2,2,1,2,2,2,1,2,1,2,2,2,2,2,2,"Ohio",1
"21741",390583,39,9864,39.7656,-84.181,5,5,8,7,21,6,0,12,0,2,2,0,1,3,1,1,39,2,2,2,2,2,2,1,2,2,2,3,2,2,1,2,1,2,"Ohio",1
"21742",390584,39,9999,39.72779722,-82.42836389,1,1,8,1,12,3,0,24,0,1,1,0,4,1,1,1,39,1,2,1,2,1,1,2,2,2,2,3,2,2,2,2,2,2,"Ohio",0
"21743",390585,39,8759,40.21000278,-84.27740278,1,1,8,2,16,5,0,34,0,1,1,0,4,1,10,1,39,1,2,1,1,1,2,2,2,2,2,1,2,2,2,2,2,2,"Ohio",1
"21744",390586,39,9090,40.05789722,-82.92013056,5,5,8,2,15,6,0,12,0,1,1,0,1,1,2,1,39,2,2,1,1,2,2,1,2,2,2,3,2,2,2,2,2,2,"Ohio",0
"21745",390587,39,10990,39.22053889,-84.736525,2,2,6,1,0,1,0,30,1,5,1,0,3,3,10,1,39,2,1,2,2,1,2,2,2,2,2,3,2,2,2,2,2,1,"Ohio",1
"21746",390588,39,11099,39.16962222,-84.41988611,2,2,7,2,17,1,0,12,1,18,1,0,1,1,10,1,39,2,1,1,1,2,1,2,2,2,2,2,2,2,2,2,1,2,"Ohio",0
"21747",390589,39,10996,39.2186,-84.77177778,1,1,6,1,18,6,0,34,0,1,1,0,4,1,1,1,39,2,2,2,2,1,1,2,2,2,2,1,2,2,2,2,2,2,"Ohio",1
"21748",390590,39,5710,41.521225,-81.61875278,1,1,7,4,3,2,0,33,0,1,1,0,4,3,1,1,39,2,2,2,1,1,2,1,2,1,2,2,2,2,2,2,2,2,"Ohio",0
"21749",390591,39,6465,41.1473,-81.5296,2,2,7,6,15,6,0,42,0,1,1,0,4,1,1,1,39,2,2,1,1,1,2,2,2,2,2,3,2,2,1,2,2,2,"Ohio",1
"21750",390592,39,7350,40.76451667,-81.94423333,2,2,7,3,18,4,0,49,0,1,1,0,1,1,10,1,39,2,2,2,1,1,1,2,2,2,2,2,2,2,2,2,2,2,"Ohio",0
"21751",390593,39,10896,39.27171667,-82.56178333,2,2,8,7,16,2,0,12,0,1,1,0,1,1,1,1,39,1,2,1,2,2,2,2,2,2,2,3,1,2,2,2,2,2,"Ohio",0
"21752",390594,39,10068,39.70381111,-83.96953611,1,1,8,7,12,6,0,34,0,1,1,0,4,1,10,1,39,2,2,1,2,1,1,2,2,2,2,2,2,1,2,2,2,2,"Ohio",0
"21753",390596,39,11329,39.07049722,-83.00596111,3,3,8,4,5,2,0,12,0,3,2,2,1,2,5,1,39,2,2,2,1,2,2,2,2,2,2,3,2,1,2,2,2,2,"Ohio",0
"21754",390597,39,5732,41.507275,-83.64101667,2,2,8,4,15,3,0,12,0,2,2,0,1,1,1,1,39,2,2,1,1,2,1,2,2,2,2,2,1,2,2,2,2,2,"Ohio",0
"21755",390598,39,6763,40.97215278,-83.65062222,2,2,6,1,12,2,0,12,0,1,1,0,1,1,1,1,39,1,2,1,2,2,2,2,2,2,2,3,2,1,2,2,2,2,"Ohio",0
"21756",390599,39,6837,40.93115556,-81.97563889,1,1,7,7,22,5,0,34,0,1,1,0,4,2,10,1,39,1,2,2,2,1,2,1,2,1,2,1,2,2,2,2,2,2,"Ohio",1
"21757",390600,39,9611,39.86784444,-84.18906944,1,1,8,1,15,1,0,24,1,5,1,0,4,1,1,1,39,2,1,1,2,1,1,1,2,2,2,2,2,2,2,2,2,2,"Ohio",0
"21758",390601,39,8730,40.22815278,-83.52551111,2,2,7,4,19,3,0,34,0,3,3,0,4,1,1,1,39,1,2,2,1,1,2,1,2,2,2,2,2,2,1,2,2,2,"Ohio",0
"21759",390602,39,6556,41.09855,-83.58447222,3,3,5,5,18,5,0,12,0,1,1,0,1,1,1,2,39,1,2,2,1,2,1,2,2,2,2,1,2,2,2,2,2,2,"Ohio",1
"21760",390603,39,7264,40.78475833,-82.21708889,3,3,8,3,16,2,0,12,0,1,1,0,1,1,1,1,39,1,2,1,1,3,2,2,2,2,2,3,2,1,2,2,2,2,"Ohio",0
"21761",390604,39,6048,41.35175278,-80.73566944,5,5,8,4,13,3,0,12,0,8,1,0,1,1,1,1,39,1,2,1,1,2,2,2,2,2,2,2,2,1,2,2,2,2,"Ohio",0
"21762",390605,39,5681,41.532725,-83.21250833,2,2,8,7,0,4,0,17,0,1,1,0,4,2,1,1,39,1,2,2,2,1,2,1,2,1,2,1,2,2,2,2,2,2,"Ohio",1
"21763",390606,39,9042,40.07683056,-82.99478889,1,1,8,6,1,6,0,8,0,1,1,0,1,2,1,1,39,1,2,2,1,1,2,2,1,2,2,3,2,2,2,2,2,2,"Ohio",0
"21764",390607,39,6978,40.87395833,-81.79673333,4,4,8,7,2,4,0,34,0,1,1,0,4,2,1,1,39,2,2,2,2,1,2,1,2,1,2,2,1,2,2,2,2,2,"Ohio",0
"21765",390608,39,11098,39.16978889,-84.60263056,2,2,8,7,21,4,0,12,0,2,2,0,1,2,1,1,39,2,2,2,2,2,1,2,2,2,2,1,2,2,2,2,2,2,"Ohio",1
"21766",390610,39,7537,40.71752222,-81.28195556,2,2,7,6,21,3,0,12,0,1,1,0,1,2,10,1,39,1,2,2,2,2,2,2,2,2,2,1,2,2,2,2,2,2,"Ohio",1
"21767",390611,39,10369,39.57000556,-82.06861389,2,2,8,7,17,3,0,12,0,1,1,0,1,1,1,1,39,1,2,1,2,2,2,2,2,2,2,2,2,2,2,2,2,2,"Ohio",0
"21768",390612,39,8480,40.350425,-83.34730556,3,3,8,7,14,3,0,12,0,8,1,0,1,1,1,1,39,1,2,1,2,2,1,2,2,2,2,3,2,1,2,2,2,2,"Ohio",0
"21769",390613,39,8702,40.24018333,-83.03603056,4,4,8,6,11,4,0,12,0,2,3,0,1,1,1,1,39,2,2,1,1,2,2,2,2,2,2,3,2,2,2,2,1,2,"Ohio",0
"21770",390614,39,9538,39.90004444,-83.03065556,4,4,8,6,14,1,0,12,0,1,1,0,1,1,1,1,39,2,1,1,1,2,2,2,2,2,2,2,2,2,2,2,2,2,"Ohio",0
"21771",390615,39,10719,39.35846111,-84.15146944,1,1,8,5,4,2,0,30,0,8,1,0,4,2,1,1,39,2,2,2,1,1,2,2,2,2,2,2,1,2,2,2,2,2,"Ohio",0
"21772",390616,39,6399,41.1814,-83.35279444,1,1,8,1,2,4,0,8,0,1,1,0,1,2,1,1,39,1,2,2,2,1,2,2,1,2,2,1,2,2,2,2,2,2,"Ohio",1
"21773",390617,39,9015,40.08822222,-82.89493889,3,3,8,2,12,4,0,12,0,1,1,0,1,1,1,1,39,2,2,1,1,2,2,2,2,2,2,2,2,2,2,2,2,2,"Ohio",0
"21774",390618,39,5314,41.67408333,-84.30768889,2,2,8,4,5,2,0,12,0,2,2,0,1,2,1,1,39,1,2,2,1,2,2,2,2,1,2,2,2,2,2,2,2,2,"Ohio",0
"21775",390619,39,10183,39.65838333,-84.23568889,1,2,8,4,7,1,0,14,0,1,1,0,2,1,10,1,39,2,1,1,1,1,2,2,2,1,2,2,2,2,2,2,2,2,"Ohio",0
"21776",390620,39,10198,39.65196389,-84.28231667,1,1,8,3,20,6,0,9,0,1,1,0,1,3,1,1,39,2,2,2,1,1,2,2,2,2,2,3,2,2,2,2,2,2,"Ohio",0
"21777",390621,39,12048,38.73951111,-82.97535278,2,2,8,4,11,2,0,12,0,2,2,0,1,1,10,1,39,1,2,1,1,2,1,2,2,2,2,3,2,1,2,2,2,2,"Ohio",0
"21778",390622,39,9703,39.83162778,-81.897775,1,1,8,2,11,4,0,42,0,1,1,0,4,1,1,1,39,1,2,1,1,1,2,2,2,2,2,1,2,2,2,2,2,2,"Ohio",1
"21779",390623,39,9736,39.81745833,-84.13092222,2,2,8,6,1,4,0,12,0,1,1,0,1,3,1,1,39,2,2,2,1,2,2,1,2,2,2,1,1,2,2,2,2,2,"Ohio",1
"21780",390624,39,5719,41.51585,-81.61542778,3,3,8,7,2,4,0,8,0,2,2,0,1,3,10,1,39,2,2,2,2,2,2,1,1,2,2,3,2,2,2,2,2,2,"Ohio",1
"21781",390625,39,5832,41.46552222,-81.59096389,2,2,8,1,4,2,0,12,0,8,1,0,1,3,10,1,39,2,2,2,2,2,1,2,2,2,2,3,2,2,2,1,2,2,"Ohio",0