"","ST_CASE","OBJECT_ID","FID","LATITUDE","LONGITUD","PERMVIT","PERSONS","MONTH","DAY_WEEK","HOUR","ROUTE","SP_JUR","HARM_EV","RELJCT1","RELJCT2","TYP_INT","WRK_ZONE","REL_ROAD","LGT_COND","WEATHER","FATALS","STATE","A_RU","A_INTER","A_TOD","A_DOW","A_CT","A_MC","A_SPCRA","A_PED","A_ROLL","A_POLPUR","A_POSBAC","A_D15_20","A_D65PLS","A_D21_24","A_HR","A_DIST","A_DROWSY","STATE_NAME","drunkDr"
"21923",390777,39,5916,41.42223333,-81.68406389,1,1,9,3,20,1,0,1,1,5,1,0,4,3,1,1,39,2,1,2,1,1,1,1,2,2,2,1,2,2,2,2,2,2,"Ohio",1
"21924",390778,39,5865,41.44701389,-81.74263333,4,4,8,3,17,1,0,7,0,1,1,0,4,1,10,1,39,2,1,1,1,2,2,2,2,1,2,3,1,2,1,2,2,2,"Ohio",0
"21925",390779,39,5883,41.43926944,-81.8027,2,2,9,7,3,1,0,1,1,5,1,0,4,3,2,1,39,2,1,2,2,1,1,1,2,2,2,1,2,2,2,2,2,2,"Ohio",1
"21926",390780,39,5768,41.49148611,-81.72850278,2,2,9,1,21,3,0,35,0,1,1,1,4,3,1,2,39,2,2,2,2,1,2,1,2,1,2,1,2,2,2,2,2,2,"Ohio",1
"21927",390781,39,8223,40.47403889,-82.75142778,1,1,10,2,0,1,0,32,0,1,1,0,3,2,1,1,39,1,1,2,2,1,2,2,2,2,2,1,2,2,2,2,2,2,"Ohio",1
"21928",390782,39,10547,39.46243056,-83.782125,1,1,10,1,3,3,0,1,0,1,1,0,1,2,1,1,39,2,2,2,2,1,2,1,2,1,2,1,2,2,1,2,2,2,"Ohio",1
"21929",390783,39,11116,39.16029722,-84.52964722,1,1,10,6,14,6,0,33,0,1,1,0,4,1,1,1,39,2,2,1,1,1,1,1,2,2,2,1,2,2,2,2,2,2,"Ohio",1
"21930",390784,39,6532,41.10861667,-81.22660833,5,5,10,1,16,1,0,26,0,1,1,0,3,1,1,1,39,2,1,1,2,1,2,2,2,1,2,2,1,2,2,2,2,2,"Ohio",0
"21931",390785,39,6571,41.08897222,-83.55468889,8,8,9,1,12,3,0,12,0,2,2,0,1,1,1,1,39,1,2,1,2,3,2,2,2,2,2,2,1,2,2,2,2,2,"Ohio",0
"21932",390786,39,8650,40.26514167,-83.32144444,2,2,10,3,16,4,0,32,0,1,1,0,4,1,1,1,39,2,2,1,1,1,2,2,2,1,2,2,2,2,2,2,2,2,"Ohio",0
"21933",390787,39,11576,38.9639,-82.10841389,4,4,10,6,16,3,0,12,0,1,1,0,1,1,10,1,39,2,2,1,1,2,2,2,2,2,2,3,2,1,2,2,2,2,"Ohio",0
"21934",390788,39,8611,40.29152222,-82.87945833,2,2,10,1,23,5,0,1,0,1,1,0,4,2,1,1,39,1,2,2,2,1,1,2,2,2,2,1,2,2,2,2,2,2,"Ohio",1
"21935",390789,39,9734,39.81851111,-84.36147222,1,1,9,4,20,4,0,24,0,1,1,0,4,2,1,1,39,2,2,2,1,1,2,2,2,1,2,2,2,2,2,2,2,2,"Ohio",0
"21936",390790,39,8966,40.11156667,-82.77298611,2,2,10,5,21,2,0,12,0,1,1,0,1,2,10,1,39,2,2,2,1,2,2,1,2,1,2,1,2,1,2,2,2,2,"Ohio",1
"21937",390791,39,9401,39.94755,-83.05205,1,1,10,6,22,6,0,9,0,1,1,0,1,3,1,1,39,2,2,2,2,1,2,2,2,2,2,3,2,2,2,2,2,2,"Ohio",0
"21938",390792,39,6984,40.87236111,-82.80166667,1,1,10,1,19,5,0,42,0,1,1,0,4,2,1,1,39,1,2,2,2,1,2,1,2,1,2,1,2,2,2,2,2,2,"Ohio",1
"21939",390793,39,11252,39.1026,-84.49933611,1,1,10,6,12,1,0,25,1,5,1,0,4,1,1,1,39,2,2,1,1,1,1,2,2,2,2,2,2,2,1,2,2,2,"Ohio",0
"21940",390794,39,6618,41.06118611,-81.4563,2,2,7,2,13,3,0,12,1,2,7,0,1,1,10,1,39,2,2,1,1,2,2,2,2,2,2,3,2,1,2,2,2,2,"Ohio",0
"21941",390795,39,10969,39.23499167,-84.36703611,2,2,8,1,0,1,0,12,0,1,1,0,1,2,1,1,39,2,1,2,2,2,2,2,2,2,2,1,1,2,2,2,2,2,"Ohio",1
"21942",390796,39,6056,41.34806111,-83.72841667,2,2,10,2,7,6,0,12,0,1,1,0,1,4,5,1,39,1,2,1,1,2,2,2,2,2,2,3,2,2,1,2,1,2,"Ohio",0
"21943",390797,39,6375,41.19614444,-82.41283611,3,3,10,2,9,3,0,12,0,2,2,0,1,1,1,1,39,1,2,1,1,2,2,2,2,2,2,2,2,2,2,2,2,2,"Ohio",0
"21944",390798,39,7718,40.66971667,-84.58039444,2,2,8,2,0,2,0,12,0,2,3,0,1,2,1,1,39,1,2,2,2,2,2,2,2,2,2,1,2,2,2,2,2,2,"Ohio",1
"21945",390799,39,8657,40.262575,-80.76029167,1,1,10,4,17,4,0,42,0,1,1,0,4,1,10,1,39,1,2,1,1,1,2,2,2,1,2,3,2,2,2,2,2,2,"Ohio",0
"21946",390800,39,6121,41.31246667,-83.03263611,1,1,10,1,15,5,0,32,0,1,1,0,4,1,1,1,39,1,2,1,2,1,2,2,2,2,2,2,2,2,2,2,2,1,"Ohio",0
"21947",390801,39,7250,40.79021667,-81.93409167,1,1,9,4,0,2,0,35,1,5,1,0,4,3,1,1,39,2,2,2,1,1,2,2,2,2,2,1,2,2,2,2,2,2,"Ohio",1
"21948",390802,39,8429,40.37526389,-84.46507222,1,1,9,7,3,5,0,30,0,1,1,0,4,2,1,1,39,1,2,2,2,1,2,2,2,2,2,1,1,2,2,2,2,2,"Ohio",1
"21949",390803,39,10178,39.66013889,-81.91236111,5,5,10,6,15,3,0,12,0,1,1,0,1,1,2,2,39,1,2,1,1,2,2,2,2,2,2,2,1,2,1,2,2,2,"Ohio",0
"21950",390804,39,5597,41.56309722,-81.448,3,3,9,3,9,1,0,12,0,1,1,0,1,1,1,1,39,2,1,1,1,2,2,2,2,2,2,3,2,2,2,2,2,2,"Ohio",0
"21951",390805,39,11141,39.14681944,-83.12344167,1,1,10,1,22,3,0,11,0,1,1,0,1,2,1,1,39,1,2,2,2,1,1,2,2,2,2,3,2,2,2,2,2,2,"Ohio",0
"21952",390806,39,5954,41.40511667,-83.6507,4,4,10,6,23,3,0,8,0,1,1,0,1,2,1,1,39,2,2,2,2,1,2,2,1,2,2,2,2,2,2,2,2,2,"Ohio",0
"21953",390807,39,9502,39.91554722,-83.80480556,2,2,10,5,23,6,0,8,0,1,1,0,4,3,1,1,39,2,2,2,1,1,2,1,1,2,2,3,2,2,2,2,1,2,"Ohio",0
"21954",390809,39,8923,40.12995,-82.97595278,1,1,10,1,22,6,0,8,0,99,99,0,99,2,1,1,39,2,2,2,2,1,2,2,1,2,2,3,2,2,2,1,2,2,"Ohio",0
"21955",390810,39,11358,39.05782222,-84.336425,2,2,8,6,19,1,0,12,0,1,1,0,1,1,1,1,39,2,1,2,2,2,2,2,1,2,2,3,2,2,2,2,2,2,"Ohio",0
"21956",390811,39,8860,40.15345,-82.96681111,1,1,10,2,14,4,0,34,0,3,3,0,4,1,1,1,39,2,2,1,1,1,1,2,2,2,2,2,2,2,1,2,2,2,"Ohio",0
"21957",390812,39,6484,41.13126944,-83.68850556,2,2,9,3,16,3,0,12,0,2,2,0,1,1,1,1,39,1,2,1,1,2,1,2,2,2,2,2,2,1,2,2,2,2,"Ohio",0
"21958",390813,39,7245,40.7912,-81.80137222,2,2,10,7,15,2,0,18,0,1,1,0,3,1,2,2,39,1,2,1,2,1,2,2,2,1,2,2,2,2,1,2,2,2,"Ohio",0
"21959",390814,39,8781,40.19880556,-80.84183333,1,1,10,4,1,5,0,23,0,1,1,0,4,2,2,1,39,1,2,2,1,1,2,1,2,1,2,1,2,2,2,2,2,2,"Ohio",1
"21960",390815,39,6620,41.06065833,-80.62944722,1,1,10,3,13,3,0,9,1,5,1,0,1,1,1,1,39,2,2,1,1,1,2,2,2,2,2,2,2,1,2,2,2,2,"Ohio",0
"21961",390816,39,8173,40.502875,-82.81779167,3,3,10,5,16,3,0,12,0,1,1,0,1,1,1,1,39,1,2,1,1,2,2,2,2,2,2,3,2,1,2,2,1,2,"Ohio",0
"21962",390817,39,8409,40.38695556,-83.60563056,2,2,10,1,0,3,0,12,0,3,2,0,1,2,1,1,39,1,2,2,2,2,1,2,2,2,2,1,1,2,2,2,2,2,"Ohio",1
"21963",390818,39,6410,41.17891389,-83.42809444,1,1,10,5,13,3,0,31,0,1,1,0,4,1,10,1,39,2,2,1,1,1,2,2,2,1,2,2,2,2,2,2,2,2,"Ohio",0
"21964",390820,39,9988,39.73323889,-84.25529722,4,4,10,5,2,3,0,30,0,1,1,0,4,3,1,1,39,2,2,2,1,1,2,1,2,2,2,3,2,2,1,2,2,2,"Ohio",1
"21965",390821,39,7338,40.765825,-82.484225,4,4,10,1,4,5,0,42,0,1,1,0,4,2,1,3,39,2,2,2,2,1,2,1,2,2,2,1,2,2,1,2,2,2,"Ohio",1
"21966",390822,39,6809,40.94627778,-81.10106667,2,2,9,3,19,3,0,12,0,1,1,0,1,2,2,1,39,1,2,2,1,2,2,2,2,2,2,3,2,2,2,2,2,2,"Ohio",0
"21967",390823,39,6609,41.06614444,-82.83221389,1,1,10,4,5,4,0,35,0,1,1,0,4,2,5,1,39,2,2,2,1,1,2,1,2,2,2,3,2,1,2,2,2,2,"Ohio",0
"21968",390824,39,10259,39.62479444,-83.35498611,2,2,10,3,8,2,0,12,0,1,1,0,1,4,1,1,39,1,2,1,1,2,2,2,2,2,2,2,2,2,2,2,2,2,"Ohio",0
"21969",390825,39,11934,38.79463889,-83.95744444,1,1,10,6,16,3,0,1,0,1,1,0,4,1,1,1,39,1,2,1,1,1,2,2,2,1,2,1,2,2,2,2,2,2,"Ohio",1
"21970",390826,39,9747,39.81401111,-83.1855,3,3,10,4,7,1,0,12,0,1,1,0,1,4,2,1,39,1,1,1,1,2,2,2,2,2,2,2,2,2,2,2,2,2,"Ohio",0
"21971",390827,39,6133,41.30851944,-82.20420278,1,1,10,7,16,5,0,9,0,1,1,0,2,1,1,1,39,1,2,1,2,1,2,2,2,2,2,2,2,1,2,1,2,2,"Ohio",0
"21972",390828,39,10976,39.22973889,-83.90976944,3,3,10,2,8,2,0,12,0,2,2,0,1,1,1,1,39,1,2,1,1,2,2,2,2,1,2,3,2,2,1,2,2,2,"Ohio",0
"21973",390829,39,11142,39.14643889,-84.57397778,1,1,10,5,19,6,0,8,0,1,1,0,1,3,10,1,39,2,2,2,1,1,2,2,1,2,2,3,2,2,2,1,2,2,"Ohio",0
"21974",390830,39,5326,41.67042778,-84.06965556,4,4,10,1,16,2,0,12,0,2,2,0,1,1,1,2,39,1,2,1,2,2,2,2,2,2,2,3,2,1,2,2,2,2,"Ohio",0
"21975",390831,39,8009,40.57806111,-80.74546111,2,2,8,7,13,5,0,18,0,1,1,0,4,1,99,1,39,1,2,1,2,1,2,2,2,2,2,3,2,2,1,2,2,2,"Ohio",0
"21976",390832,39,5839,41.46239167,-80.54275278,1,1,10,4,17,3,0,52,0,1,1,0,4,1,1,1,39,1,2,1,1,1,2,2,2,1,2,2,2,2,2,2,2,2,"Ohio",0
"21977",390833,39,9384,39.95223611,-83.78425,5,5,10,6,10,6,0,12,0,2,3,0,1,1,10,1,39,2,2,1,1,2,2,2,2,2,2,3,2,1,1,2,2,2,"Ohio",0
"21978",390834,39,7336,40.76633056,-81.27275833,1,1,10,4,12,6,0,1,0,1,1,0,4,1,1,1,39,2,2,1,1,1,1,2,2,2,2,3,2,2,2,2,2,2,"Ohio",0
"21979",390835,39,9121,40.0443,-83.03393889,1,1,10,7,1,6,0,9,0,1,1,0,1,2,1,2,39,2,2,2,2,1,2,1,2,2,2,1,2,2,2,2,2,2,"Ohio",1
"21980",390836,39,9967,39.74001944,-84.19483889,5,5,10,2,13,6,0,12,0,2,2,0,1,1,1,1,39,2,2,1,1,2,2,2,2,2,2,3,2,2,1,2,2,2,"Ohio",0
"21981",390837,39,9175,40.02712778,-83.03574167,1,1,10,7,2,3,0,24,1,19,1,0,4,3,1,1,39,2,2,2,2,1,2,2,2,1,2,1,2,2,1,2,2,2,"Ohio",1
"21982",390838,39,10730,39.35444444,-83.45944722,1,1,9,7,22,3,0,53,0,1,1,0,4,2,2,1,39,1,2,2,2,1,2,2,2,1,2,3,2,2,2,2,2,2,"Ohio",0
"21983",390839,39,5853,41.45204722,-81.69114167,2,2,10,7,0,3,0,12,1,20,1,0,1,3,10,1,39,2,2,2,2,2,2,1,2,2,2,1,2,2,2,2,2,2,"Ohio",1
"21984",390840,39,5190,41.72402778,-81.19043889,2,2,9,1,20,3,0,12,0,2,2,0,1,5,1,1,39,2,2,2,2,2,1,2,2,2,2,3,2,2,2,2,2,2,"Ohio",0
"21985",390841,39,7372,40.76078333,-82.74591667,2,2,9,3,6,3,0,12,0,3,3,0,1,2,10,1,39,2,2,1,1,2,2,2,2,2,2,3,2,1,2,2,2,2,"Ohio",0
"21986",390842,39,5946,41.40777778,-83.66479167,3,3,10,6,14,4,0,12,0,2,2,0,1,1,1,1,39,2,2,1,1,2,2,2,2,1,2,3,1,2,2,2,2,2,"Ohio",0
"21987",390843,39,8449,40.36650833,-83.32690833,1,1,10,7,17,4,0,34,0,1,1,0,4,1,2,1,39,1,2,1,2,1,2,2,2,2,2,3,2,2,2,2,2,2,"Ohio",1
"21988",390844,39,11143,39.14626944,-84.81942222,2,2,10,3,6,1,0,12,0,1,1,0,1,2,2,1,39,2,1,1,1,2,2,2,2,2,2,2,2,2,2,2,2,2,"Ohio",0
"21989",390845,39,10765,39.33931667,-84.6235,2,2,10,7,14,3,0,30,0,1,1,0,4,1,10,1,39,2,2,1,2,1,2,2,2,2,2,3,2,1,2,2,1,1,"Ohio",0
"21990",390846,39,10692,39.37423333,-83.19453889,1,1,10,7,4,4,0,11,0,1,1,0,1,2,10,1,39,1,2,2,2,1,1,2,2,2,2,1,2,2,2,2,2,2,"Ohio",1
"21991",390847,39,9366,39.95693889,-80.82392222,1,1,10,2,15,4,0,9,0,1,1,0,1,1,1,1,39,1,2,1,1,1,2,2,2,2,2,3,2,1,2,2,2,2,"Ohio",0
"21992",390848,39,6619,41.06097222,-80.73285833,3,3,10,3,13,4,0,12,0,3,3,0,1,1,1,1,39,2,2,1,1,2,2,1,2,2,2,2,2,1,1,2,2,2,"Ohio",0
"21993",390849,39,11502,38.99166667,-84.21666667,1,1,10,3,15,3,0,38,0,1,1,0,4,1,1,1,39,2,2,1,1,1,2,2,2,2,2,2,2,2,2,2,2,2,"Ohio",0
"21994",390850,39,9707,39.82939167,-82.72466944,6,6,11,1,19,2,0,12,0,2,3,0,1,2,1,1,39,1,2,2,2,3,2,2,2,1,2,3,1,1,2,2,2,2,"Ohio",0
"21995",390851,39,5808,41.47491389,-81.48830556,1,1,10,5,1,1,0,1,0,1,1,0,1,3,1,1,39,2,1,2,1,1,2,1,2,1,2,1,2,2,2,2,2,2,"Ohio",1
"21996",390852,39,6343,41.20901389,-82.21918056,2,2,10,5,16,3,0,12,0,1,1,0,1,1,10,1,39,1,2,1,1,2,2,2,2,2,2,2,2,1,2,2,2,2,"Ohio",0
"21997",390853,39,10375,39.56701111,-82.954625,4,4,10,5,8,2,0,12,0,2,2,0,1,1,1,1,39,2,2,1,1,3,2,2,2,2,2,3,2,1,1,2,2,2,"Ohio",0
"21998",390854,39,9537,39.90062222,-83.85818056,1,1,11,3,3,4,0,24,0,1,1,0,4,2,1,1,39,2,2,2,1,1,2,2,2,1,2,1,2,2,2,2,2,2,"Ohio",1
"21999",390855,39,6539,41.10665,-82.66000833,1,1,10,2,12,3,0,34,0,1,1,0,4,1,10,1,39,1,2,1,1,1,2,2,2,2,2,3,1,2,2,2,2,2,"Ohio",0
"22000",390856,39,10268,39.62054167,-83.35891111,2,2,10,7,21,2,0,34,0,1,1,0,4,2,10,2,39,1,2,2,2,1,2,1,2,1,2,2,1,2,2,2,2,2,"Ohio",0
"22001",390857,39,7500,40.72606389,-81.07365833,1,1,10,7,3,5,0,35,0,1,1,0,4,2,10,1,39,1,2,2,2,1,2,2,2,2,2,1,2,2,2,2,2,2,"Ohio",1
"22002",390858,39,8339,40.42071111,-82.82523056,1,1,11,2,3,1,0,52,0,1,1,0,3,2,1,1,39,1,1,2,2,1,2,2,2,2,2,2,2,2,1,2,2,2,"Ohio",0
"22003",390859,39,8705,40.23820833,-83.15283889,2,2,10,7,4,3,0,1,0,1,1,0,4,2,1,1,39,1,2,2,2,1,2,1,2,1,2,1,1,2,2,2,2,2,"Ohio",1
"22004",390860,39,10472,39.49968056,-84.36378056,2,2,11,3,12,6,0,12,0,2,3,0,1,1,1,1,39,2,2,1,1,2,1,1,2,2,2,2,2,1,2,2,2,2,"Ohio",0
"22005",390861,39,6294,41.23662222,-80.78503333,1,1,10,7,5,6,0,31,0,3,2,0,4,3,10,1,39,2,2,2,2,1,2,2,2,2,2,2,2,1,2,2,2,2,"Ohio",0
"22006",390862,39,10445,39.52024722,-84.05844722,1,1,11,1,3,3,0,59,0,1,1,0,4,2,2,1,39,2,2,2,2,1,2,2,2,2,2,1,2,2,1,2,2,2,"Ohio",1
"22007",390863,39,9776,39.79677778,-84.36120278,1,1,10,4,16,4,0,32,0,1,1,0,4,1,10,1,39,2,2,1,1,1,2,2,2,2,2,2,2,1,2,2,2,2,"Ohio",0
"22008",390864,39,10550,39.46130833,-84.58946944,1,1,10,1,6,5,0,42,0,1,1,0,4,9,99,1,39,1,2,1,2,1,2,2,2,2,2,2,2,2,2,2,2,2,"Ohio",0
"22009",390865,39,9653,39.85270278,-83.18779722,1,1,11,1,19,3,0,8,0,8,1,0,1,3,1,1,39,1,2,2,2,1,2,2,1,2,2,3,2,1,2,2,2,2,"Ohio",0
"22010",390866,39,6289,41.23891944,-81.23759722,3,3,11,2,7,3,0,12,0,1,1,0,1,1,1,1,39,1,2,1,1,3,2,2,2,2,2,3,2,1,2,2,2,2,"Ohio",0
"22011",390867,39,9099,40.05427222,-82.97043333,1,1,11,7,3,9,9,33,0,1,1,0,4,3,1,1,39,3,3,2,2,1,2,2,2,2,2,1,2,2,2,2,2,2,"Ohio",1
"22012",390868,39,6677,41.02476111,-80.73220833,1,1,11,7,0,2,0,8,0,1,1,0,4,2,1,1,39,2,2,2,2,1,2,2,1,2,2,1,2,2,2,2,2,2,"Ohio",1
"22013",390869,39,5232,41.71036667,-80.70930278,1,1,10,5,5,3,0,1,0,1,1,0,4,2,10,1,39,1,2,2,1,1,2,2,2,1,2,3,2,2,2,2,2,1,"Ohio",0
"22014",390870,39,5582,41.56683333,-83.57559167,3,3,10,6,15,1,0,24,0,1,1,0,4,1,10,1,39,2,1,1,1,2,2,2,2,2,2,3,2,2,2,2,2,2,"Ohio",0
"22015",390871,39,5772,41.48825,-84.52085556,7,7,11,2,7,2,0,12,0,2,2,0,1,1,1,1,39,1,2,1,1,3,2,2,2,1,2,3,2,2,1,2,2,2,"Ohio",0
"22016",390872,39,9691,39.83753056,-84.53703056,5,5,11,1,13,1,0,12,0,1,1,0,1,1,10,1,39,1,1,1,2,2,2,2,2,2,2,2,2,2,2,2,2,2,"Ohio",0
"22017",390873,39,5866,41.44653889,-81.602925,1,1,10,7,21,6,0,30,0,1,1,0,4,3,2,1,39,2,2,2,2,1,2,1,2,2,2,1,2,2,2,2,2,2,"Ohio",1
"22018",390874,39,8985,40.101875,-83.09123333,1,1,8,4,0,9,0,33,0,3,2,0,4,3,1,1,39,2,2,2,1,1,1,2,2,2,2,3,2,2,2,2,2,2,"Ohio",0
"22019",390875,39,10058,39.70984167,-84.28114444,1,1,9,2,5,6,0,1,0,1,1,0,1,2,1,1,39,2,2,2,2,1,1,2,2,2,2,2,2,2,1,2,2,2,"Ohio",0
"22020",390876,39,9613,39.86638889,-83.95107222,1,1,11,1,18,5,0,8,0,1,1,0,1,2,10,1,39,2,2,2,2,1,2,2,1,2,2,2,1,2,2,2,2,2,"Ohio",0
"22021",390877,39,5609,41.55800833,-81.58526667,3,3,10,4,0,4,0,33,0,3,2,0,4,3,1,1,39,2,2,2,1,1,2,1,2,2,2,3,1,2,2,2,2,2,"Ohio",1
"22022",390878,39,10569,39.44833889,-82.35953611,2,2,11,7,23,3,0,35,0,1,1,0,4,2,1,2,39,1,2,2,2,1,2,1,2,1,2,1,2,2,1,2,2,2,"Ohio",1
"22023",390879,39,9074,40.06405,-81.0094,2,2,11,1,17,1,0,18,1,18,1,0,1,2,1,1,39,1,1,1,2,1,2,2,2,1,2,2,2,2,2,2,2,2,"Ohio",0
"22024",390880,39,6497,41.12361667,-80.772875,3,3,11,7,19,1,0,12,0,1,1,0,1,3,10,1,39,2,1,2,2,2,2,2,2,2,2,1,2,2,2,2,2,2,"Ohio",1
"22025",390881,39,5900,41.43063889,-83.29922222,3,3,11,3,7,3,0,12,0,1,1,0,1,1,2,1,39,1,2,1,1,2,2,2,2,1,2,2,1,1,2,2,1,2,"Ohio",0
"22026",390882,39,8002,40.58065833,-84.39658056,3,3,11,1,13,6,0,52,0,1,1,0,4,1,1,1,39,1,2,1,2,1,2,2,2,1,2,2,1,2,2,2,2,2,"Ohio",0
"22027",390883,39,5615,41.55685556,-80.82976667,3,3,11,6,15,4,0,12,0,2,2,0,1,1,3,1,39,1,2,1,1,2,2,2,2,1,2,3,1,2,2,2,2,2,"Ohio",0
"22028",390884,39,10404,39.54546111,-84.67337222,1,1,10,3,22,3,0,30,0,1,1,0,4,2,1,1,39,1,2,2,1,1,2,2,2,2,2,2,2,2,2,2,2,2,"Ohio",0
"22029",390885,39,11067,39.18140833,-84.74601111,1,1,11,2,18,6,0,8,0,1,1,0,1,2,1,1,39,1,2,2,1,1,2,2,1,2,2,2,2,2,2,2,2,2,"Ohio",0
"22030",390886,39,9169,40.02959444,-83.12319167,1,1,11,7,3,1,0,38,0,1,1,0,4,3,10,1,39,2,1,2,2,1,2,2,2,2,2,2,2,2,2,2,2,2,"Ohio",0
"22031",390887,39,5962,41.40196667,-82.26434444,1,1,8,2,21,3,0,14,0,1,1,0,3,2,1,1,39,2,2,2,1,1,2,2,2,1,2,1,2,2,2,2,2,2,"Ohio",1
"22032",390888,39,11763,38.87218889,-83.6162,1,1,10,2,17,3,0,1,0,1,1,0,1,1,1,1,39,1,2,1,1,1,2,2,2,1,2,2,2,1,2,2,2,2,"Ohio",0
"22033",390889,39,8146,40.51504444,-81.85311111,2,2,11,6,23,4,0,12,0,1,1,0,1,2,1,1,39,1,2,2,2,2,2,2,2,2,2,1,2,2,1,2,2,2,"Ohio",2
"22034",390890,39,7866,40.62864167,-84.14335556,3,3,11,5,21,4,0,12,0,2,2,0,1,2,10,1,39,1,2,2,1,2,2,2,2,2,2,3,1,2,2,2,2,2,"Ohio",0
"22035",390891,39,5834,41.46510833,-81.74777778,2,2,10,7,12,6,0,12,0,2,2,0,1,1,10,1,39,2,2,1,2,2,1,1,2,2,2,2,1,2,2,2,2,2,"Ohio",0
"22036",390893,39,6601,41.07063889,-81.45601111,2,2,7,7,3,6,0,43,0,3,3,0,4,3,10,1,39,2,2,2,2,1,1,2,2,2,2,1,2,2,1,2,2,2,"Ohio",1
"22037",390894,39,7072,40.83726389,-82.65654444,2,2,11,3,14,3,0,12,0,1,1,0,1,1,2,1,39,2,2,1,1,2,2,1,2,2,2,2,1,2,2,2,2,2,"Ohio",0
"22038",390895,39,10444,39.52090278,-83.45725833,3,3,9,3,10,2,0,12,0,1,1,0,1,1,1,1,39,2,2,1,1,2,2,2,2,1,2,2,2,2,2,2,2,2,"Ohio",0
"22039",390896,39,5675,41.53588056,-81.56126944,2,2,9,1,19,9,9,12,0,2,3,0,1,1,1,1,39,3,3,2,2,2,1,1,2,2,2,1,1,2,2,2,2,2,"Ohio",1
"22040",390897,39,5565,41.57346944,-81.55751111,1,2,10,7,10,4,0,33,0,1,1,0,4,1,10,1,39,2,2,1,2,1,2,1,2,2,2,2,1,2,2,2,2,2,"Ohio",0
"22041",390898,39,5215,41.71472222,-81.28495,1,1,9,5,23,6,0,33,0,1,1,0,4,3,1,1,39,2,2,2,1,1,1,1,2,2,2,1,2,2,2,2,2,2,"Ohio",1
"22042",390899,39,10772,39.33723611,-84.30436667,2,2,10,4,15,6,0,12,0,2,2,0,1,1,1,1,39,2,2,1,1,2,1,1,2,2,2,2,1,1,2,2,2,2,"Ohio",0
"22043",390901,39,5979,41.39259167,-80.66550833,1,1,10,2,11,3,0,32,0,1,1,0,4,1,1,1,39,1,2,1,1,1,2,2,2,2,2,2,2,2,2,2,2,2,"Ohio",0
"22044",390902,39,7733,40.66719444,-81.13708056,2,2,11,4,8,3,0,12,0,2,3,0,1,1,1,1,39,1,2,1,1,2,2,2,2,2,2,3,2,1,2,2,2,2,"Ohio",0
"22045",390903,39,5961,41.40224722,-81.56587778,1,1,8,5,6,6,0,7,0,2,2,0,1,3,10,1,39,2,2,1,1,1,2,1,1,2,2,2,2,2,2,2,2,2,"Ohio",0
"22046",390904,39,5801,41.47783889,-83.57410278,2,2,9,3,11,3,0,12,0,2,2,0,1,1,2,1,39,1,2,1,1,2,2,2,2,2,2,3,2,1,2,2,2,2,"Ohio",0
"22047",390905,39,10379,39.56506111,-82.90790278,1,1,11,2,21,4,0,59,0,1,1,0,4,2,1,1,39,2,2,2,1,1,2,2,2,2,2,2,2,2,1,2,2,2,"Ohio",0
"22048",390906,39,8206,40.47979444,-84.67576111,2,2,8,7,11,3,0,12,0,8,1,0,1,1,1,1,39,1,2,1,2,2,1,2,2,2,2,2,2,1,1,2,1,2,"Ohio",0
"22049",390907,39,7036,40.84878611,-81.44329444,3,3,9,1,9,3,0,12,0,2,2,0,1,1,10,1,39,2,2,1,2,2,1,2,2,2,2,2,1,2,1,2,2,2,"Ohio",0
"22050",390909,39,10283,39.6142,-84.360525,2,2,11,7,13,4,0,12,0,1,1,0,1,1,1,1,39,2,2,1,2,2,2,2,2,2,2,2,2,2,2,2,2,2,"Ohio",0
"22051",390910,39,8331,40.42235833,-81.35809444,7,7,11,4,19,2,0,18,0,1,1,0,1,2,10,1,39,2,2,2,1,3,2,2,2,1,2,3,1,2,2,2,2,2,"Ohio",0
"22052",390911,39,8399,40.39151667,-84.74758889,4,4,10,3,18,4,0,12,0,2,2,0,1,1,1,1,39,1,2,2,1,2,2,2,2,2,2,3,2,2,2,2,2,2,"Ohio",0
"22053",390912,39,5048,41.78338333,-81.03028889,1,1,10,6,16,4,0,30,0,1,1,0,4,1,1,1,39,1,2,1,1,1,1,2,2,2,2,2,2,2,2,2,2,2,"Ohio",0
"22054",390913,39,9505,39.91457778,-84.53208333,1,1,11,2,18,3,0,8,0,1,1,0,1,3,10,1,39,2,2,2,1,1,2,2,1,2,2,3,2,2,2,2,2,2,"Ohio",0
"22055",390914,39,6371,41.19686389,-80.66406944,2,2,11,1,14,3,0,12,0,8,1,0,1,1,1,1,39,2,2,1,2,2,1,2,2,2,2,1,2,2,2,2,2,2,"Ohio",1
"22056",390915,39,12354,38.61396111,-82.21308889,2,2,11,6,22,4,0,35,0,1,1,0,4,2,1,1,39,1,2,2,2,1,2,2,2,1,2,3,2,2,2,2,2,2,"Ohio",0
"22057",390916,39,8560,40.311075,-81.17279444,4,4,11,7,17,4,0,11,0,3,4,0,1,2,10,1,39,1,2,1,2,2,2,2,2,2,2,2,1,2,2,2,2,2,"Ohio",0
"22058",390917,39,9713,39.82764722,-83.11906389,1,1,11,5,16,1,0,1,0,1,1,0,3,1,1,1,39,2,1,1,1,1,2,2,2,1,2,1,2,2,2,2,2,2,"Ohio",1
"22059",390918,39,10754,39.34250278,-84.68263333,1,1,11,2,20,6,0,34,0,1,1,0,4,2,5,1,39,1,2,2,1,1,2,2,2,2,2,1,2,1,2,2,2,2,"Ohio",1
"22060",390919,39,11043,39.19388056,-84.46035,4,4,12,4,2,6,0,42,0,1,1,0,4,3,1,2,39,2,2,2,1,1,2,2,2,2,2,3,1,2,2,2,2,2,"Ohio",1
"22061",390920,39,9479,39.92316389,-83.75955556,2,2,10,4,12,2,0,12,0,3,2,0,1,1,1,1,39,2,2,1,1,2,2,2,2,2,2,3,2,1,2,2,2,2,"Ohio",0