"","ST_CASE","OBJECT_ID","FID","LATITUDE","LONGITUD","PERMVIT","PERSONS","MONTH","DAY_WEEK","HOUR","ROUTE","SP_JUR","HARM_EV","RELJCT1","RELJCT2","TYP_INT","WRK_ZONE","REL_ROAD","LGT_COND","WEATHER","FATALS","STATE","A_RU","A_INTER","A_TOD","A_DOW","A_CT","A_MC","A_SPCRA","A_PED","A_ROLL","A_POLPUR","A_POSBAC","A_D15_20","A_D65PLS","A_D21_24","A_HR","A_DIST","A_DROWSY","STATE_NAME","drunkDr"
"22201",391064,39,8828,40.16968333,-82.65191667,1,1,12,4,7,2,0,34,0,1,1,0,4,1,10,1,39,1,2,1,1,1,2,2,2,1,2,2,2,2,2,2,2,2,"Ohio",0
"22202",391065,39,9373,39.95488611,-82.82046389,2,2,12,5,16,2,0,7,0,2,3,0,1,1,1,1,39,2,2,1,1,2,1,2,2,2,2,3,1,2,2,2,2,2,"Ohio",0
"22203",391066,39,9191,40.02193611,-82.448875,3,3,12,5,8,3,0,18,0,1,1,0,1,1,5,1,39,2,2,1,1,3,2,1,2,2,2,2,2,1,2,2,2,2,"Ohio",0
"22204",391067,39,9981,39.73651667,-84.25046944,3,3,10,7,3,6,0,8,0,1,1,0,1,3,1,1,39,1,2,2,2,1,2,2,1,2,2,3,2,2,2,1,2,2,"Ohio",0
"22205",391068,39,10484,39.49413889,-84.18661111,1,1,12,4,3,6,0,43,0,1,1,0,4,2,1,1,39,2,2,2,1,1,2,2,2,2,2,2,1,2,2,2,2,2,"Ohio",0
"22206",391069,39,8683,40.2481,-81.8639,1,1,12,6,19,6,0,8,0,1,1,0,1,1,1,1,39,2,2,2,2,1,2,2,1,2,2,1,2,1,2,2,2,2,"Ohio",1
"22207",391070,39,11236,39.10616667,-84.57326389,2,2,12,2,15,6,0,12,0,1,1,2,1,1,10,1,39,2,2,1,1,2,2,2,2,2,2,3,2,1,2,2,2,2,"Ohio",0
"22208",391071,39,9371,39.95546111,-82.87629722,2,2,12,3,15,2,0,8,0,1,1,0,1,1,1,1,39,2,2,1,1,2,2,2,1,2,2,2,1,2,1,2,2,2,"Ohio",0
"22209",391072,39,5586,41.56488333,-83.58391944,2,2,12,3,21,3,0,12,1,2,3,0,1,3,1,1,39,2,2,2,1,2,2,2,2,2,2,3,2,1,2,2,2,2,"Ohio",0
"22210",391073,39,5456,41.61848889,-84.41760278,3,3,7,3,22,2,0,12,0,1,1,0,1,2,1,1,39,1,2,2,1,2,2,2,2,2,2,1,2,1,2,2,2,2,"Ohio",1
"22211",391074,39,5532,41.58717222,-81.26759167,2,2,9,4,13,2,0,34,0,1,1,0,4,1,10,1,39,2,2,1,1,1,2,2,2,2,2,3,2,1,2,2,2,2,"Ohio",0
"22212",391075,39,9067,40.06586944,-82.95253056,1,1,4,1,1,4,0,33,0,3,3,0,4,3,1,1,39,2,2,2,2,1,2,2,2,2,2,1,2,2,2,2,2,2,"Ohio",1
"22213",400001,40,18855,35.1162,-94.8853,2,2,1,5,2,4,0,1,0,1,1,0,1,2,1,1,40,1,2,2,1,1,2,2,2,1,2,1,2,2,1,2,2,2,"Oklahoma",1
"22214",400002,40,17643,35.6242,-95.8098,1,1,1,5,8,4,0,38,0,1,1,0,4,2,10,1,40,1,2,1,1,1,2,1,2,1,2,1,2,2,2,2,2,2,"Oklahoma",1
"22215",400003,40,18910,35.0948,-96.3887,2,2,1,6,10,2,0,12,0,2,2,0,1,1,2,1,40,2,2,1,1,2,2,2,2,2,2,2,2,2,2,2,2,2,"Oklahoma",0
"22216",400004,40,15326,36.8046,-99.6299,1,1,1,1,15,2,0,31,0,1,1,0,4,1,10,1,40,1,2,1,2,1,2,2,2,1,2,2,2,2,2,2,2,1,"Oklahoma",0
"22217",400005,40,15342,36.7975,-98.3759,1,1,1,1,16,2,0,1,0,1,1,0,4,1,2,1,40,1,2,1,2,1,2,2,2,1,2,1,2,1,2,2,2,2,"Oklahoma",1
"22218",400006,40,21628,33.95454167,-96.37323889,3,3,1,7,13,3,0,12,0,2,2,0,1,1,10,2,40,2,2,1,2,2,2,2,2,1,2,3,1,2,2,2,2,2,"Oklahoma",0
"22219",400007,40,16944,36.0029,-95.7339,3,3,1,2,15,4,0,34,0,1,1,0,4,1,1,1,40,2,2,1,1,1,2,1,2,1,2,2,1,2,2,2,2,2,"Oklahoma",0
"22220",400008,40,21671,33.94397778,-96.41786667,1,1,1,6,0,2,0,45,0,1,1,4,5,2,10,1,40,2,2,2,1,1,2,2,2,2,2,1,2,2,1,2,2,2,"Oklahoma",1
"22221",400009,40,15306,36.8179,-101.2714,6,6,1,5,15,2,0,12,0,1,1,0,1,1,1,1,40,1,2,1,1,2,2,2,2,2,2,1,2,2,2,2,2,2,"Oklahoma",1
"22222",400010,40,16267,36.2252,-97.3281,3,3,1,5,14,1,0,8,0,1,1,0,4,1,3,1,40,1,1,1,1,1,2,1,1,2,2,2,2,1,2,2,2,2,"Oklahoma",0
"22223",400011,40,18145,35.3844,-97.2141,2,2,1,5,23,1,0,57,0,1,1,0,3,2,5,1,40,2,1,2,1,1,2,1,2,1,2,2,1,2,2,2,2,2,"Oklahoma",0
"22224",400012,40,18911,35.0946,-97.7345,3,3,1,3,16,2,0,12,0,1,1,0,1,1,1,2,40,1,2,1,1,2,2,2,2,2,2,3,2,2,2,2,2,2,"Oklahoma",0
"22225",400013,40,16098,36.3072,-95.9758,1,1,1,1,20,4,0,30,0,1,1,0,4,2,1,1,40,1,2,2,2,1,2,2,2,2,2,1,2,2,2,2,2,2,"Oklahoma",1
"22226",400014,40,17959,35.469,-97.5025,1,1,1,2,13,1,0,1,0,1,1,0,1,1,1,1,40,2,1,1,1,1,1,1,2,2,2,2,2,2,1,2,2,2,"Oklahoma",0
"22227",400015,40,15350,36.7929,-101.3081,1,1,1,6,16,2,0,1,0,1,1,0,3,1,1,1,40,1,2,1,1,1,2,2,2,1,2,2,2,2,2,2,1,2,"Oklahoma",0
"22228",400016,40,15654,36.5968,-102.355,3,3,1,1,12,2,0,12,0,1,1,0,1,1,10,1,40,1,2,1,2,2,2,2,2,2,2,2,2,2,2,2,1,2,"Oklahoma",0
"22229",400017,40,18449,35.2536,-95.2131,4,4,1,2,7,3,0,12,0,1,1,0,1,4,1,1,40,1,2,1,1,3,2,2,2,1,2,3,1,2,1,2,2,2,"Oklahoma",0
"22230",400018,40,16541,36.14058333,-95.94041667,1,1,1,1,13,6,0,46,0,3,2,0,4,1,10,1,40,2,2,1,2,1,2,1,2,2,2,2,2,1,2,2,2,2,"Oklahoma",0
"22231",400019,40,18014,35.4483,-99.3731,2,2,1,1,8,3,0,38,0,1,1,0,5,1,1,1,40,1,2,1,2,1,2,2,2,1,2,2,2,2,1,2,2,2,"Oklahoma",0
"22232",400020,40,18946,35.0841,-98.0755,4,4,1,5,18,2,0,12,0,2,3,0,1,2,1,1,40,1,2,2,1,2,2,2,2,2,2,3,2,1,2,2,2,2,"Oklahoma",0
"22233",400021,40,18039,35.43526944,-97.50414722,3,3,1,3,6,6,0,12,0,1,1,0,1,2,10,1,40,2,2,1,1,2,2,1,2,1,2,3,2,2,2,2,2,2,"Oklahoma",0
"22234",400022,40,15158,36.9359,-101.096,2,2,1,7,6,2,0,12,0,1,1,0,1,2,1,1,40,1,2,1,2,2,2,2,2,2,2,3,2,2,2,2,2,2,"Oklahoma",0
"22235",400023,40,17909,35.49321389,-97.42412222,7,7,1,7,14,2,0,12,0,2,2,0,1,1,1,1,40,2,2,1,2,3,2,2,2,2,2,3,2,1,1,2,2,2,"Oklahoma",0
"22236",400024,40,15257,36.8559,-99.5458,1,1,1,1,0,2,0,31,0,1,1,0,4,2,10,1,40,2,2,2,2,1,1,2,2,2,2,2,1,2,2,2,2,2,"Oklahoma",1
"22237",400025,40,16384,36.1827,-96.0981,1,1,1,5,18,3,0,8,0,1,1,0,1,2,1,1,40,1,2,2,1,1,2,2,1,2,2,2,2,2,2,2,2,2,"Oklahoma",0
"22238",400026,40,19139,35.0039,-97.9351,1,1,1,4,22,6,0,1,0,1,1,0,1,2,1,1,40,2,2,2,1,1,1,2,2,2,2,2,2,2,2,2,2,2,"Oklahoma",0
"22239",400027,40,18881,35.1064,-97.3692,5,5,1,2,17,2,0,12,0,1,1,0,1,1,1,1,40,2,2,1,1,3,2,2,2,2,2,3,2,1,1,2,2,2,"Oklahoma",0
"22240",400028,40,16613,36.116525,-95.94023056,1,1,1,4,22,6,0,31,0,1,1,0,4,2,1,1,40,2,2,2,1,1,2,1,2,2,2,2,2,2,2,2,2,2,"Oklahoma",0
"22241",400029,40,18076,35.4139,-97.3163,2,2,1,3,18,1,0,12,0,1,1,0,1,2,10,1,40,2,1,2,1,2,2,1,2,2,2,1,2,2,2,2,2,2,"Oklahoma",1
"22242",400030,40,16732,36.08218889,-95.82143611,1,1,1,7,1,3,0,59,1,5,1,0,8,3,1,1,40,2,2,2,2,1,2,2,2,1,2,1,2,2,2,2,2,2,"Oklahoma",1
"22243",400031,40,20418,34.3602,-97.5976,4,4,1,3,16,4,0,12,0,1,1,0,1,1,1,3,40,1,2,1,1,2,2,2,2,2,2,1,2,2,2,2,2,2,"Oklahoma",1
"22244",400032,40,21135,34.0854,-96.6486,1,1,1,6,14,3,0,42,0,1,1,0,4,1,10,1,40,1,2,1,1,1,2,2,2,2,2,2,2,1,2,2,2,2,"Oklahoma",0
"22245",400033,40,16836,36.0508,-98.8122,1,1,1,4,21,2,0,1,0,1,1,0,4,2,10,1,40,1,2,2,1,1,2,2,2,1,2,2,2,2,2,2,2,1,"Oklahoma",0
"22246",400034,40,19733,34.7314,-95.2693,1,1,1,5,20,3,0,24,0,1,1,0,4,2,1,1,40,1,2,2,1,1,2,2,2,1,2,3,2,2,1,2,2,1,"Oklahoma",0
"22247",400035,40,16009,36.3484,-95.8426,2,2,1,7,11,4,0,12,0,2,3,0,1,1,2,1,40,2,2,1,2,2,2,2,2,1,2,1,2,1,1,2,2,2,"Oklahoma",1
"22248",400036,40,15400,36.7673,-96.9815,2,2,1,2,16,3,0,52,0,1,1,0,4,1,1,1,40,1,2,1,1,2,2,2,2,2,2,2,2,1,2,2,2,2,"Oklahoma",0
"22249",400037,40,19467,34.8556,-94.5428,1,1,2,6,7,4,0,21,0,1,1,0,4,1,1,1,40,1,2,1,1,1,2,1,2,1,2,1,2,2,2,2,2,2,"Oklahoma",1
"22250",400038,40,17269,35.8442,-95.0296,1,3,1,6,11,2,0,14,0,1,1,0,2,1,10,2,40,1,2,1,1,1,2,2,2,2,2,2,2,2,2,2,2,2,"Oklahoma",0
"22251",400039,40,17116,35.9203,-97.9339,1,1,1,5,23,2,0,1,0,1,1,0,3,2,1,1,40,1,2,2,1,1,2,2,2,1,2,1,2,2,2,2,2,2,"Oklahoma",1
"22252",400040,40,17988,35.4606,-97.6379,1,1,2,4,10,1,0,1,0,1,1,0,4,1,10,1,40,2,1,1,1,1,2,1,2,1,2,2,2,2,1,2,2,2,"Oklahoma",0
"22253",400041,40,20387,34.3816,-97.4926,3,3,1,7,2,3,0,12,0,1,1,0,1,2,1,2,40,1,2,2,2,2,2,2,2,2,2,1,2,2,1,2,2,2,"Oklahoma",2
"22254",400042,40,18615,35.2006,-97.741,2,2,1,2,19,1,0,12,0,1,1,0,1,3,1,1,40,1,1,2,1,2,2,1,2,2,2,1,2,2,2,2,2,2,"Oklahoma",1
"22255",400043,40,19997,34.594,-98.2823,4,4,1,5,3,3,0,12,0,2,3,0,1,2,1,1,40,1,2,2,1,2,2,2,2,2,2,1,2,2,1,2,2,2,"Oklahoma",1
"22256",400044,40,18168,35.3764,-96.9787,1,1,2,4,23,6,0,34,0,1,1,0,4,2,10,1,40,2,2,2,1,1,2,2,2,1,2,1,2,2,2,2,2,2,"Oklahoma",1
"22257",400045,40,15867,36.4344,-95.8483,1,1,2,6,2,4,0,38,0,1,1,0,5,2,1,1,40,1,2,2,1,1,2,2,2,1,2,1,2,2,1,2,2,2,"Oklahoma",1
"22258",400046,40,15534,36.6809,-97.183,4,4,1,5,19,6,0,12,0,8,1,0,1,2,1,1,40,1,2,2,1,2,1,2,2,2,2,3,2,2,1,2,2,2,"Oklahoma",0
"22259",400047,40,16871,36.0384,-98.8003,2,2,1,4,13,2,0,12,0,1,1,0,1,1,1,1,40,1,2,1,1,2,2,2,2,2,2,3,2,2,2,2,2,2,"Oklahoma",0
"22260",400048,40,17931,35.48,-99.1076,1,1,2,7,13,1,0,57,0,1,1,0,3,1,1,1,40,1,1,1,2,1,2,2,2,1,2,2,2,2,2,2,2,2,"Oklahoma",0
"22261",400049,40,17982,35.4625,-96.2646,1,1,2,1,22,3,0,38,0,1,1,0,5,2,2,1,40,1,2,2,2,1,2,2,2,2,2,2,1,2,2,2,2,2,"Oklahoma",0
"22262",400050,40,19941,34.62279722,-95.65250833,4,4,2,7,17,4,0,1,0,1,1,0,1,1,1,2,40,1,2,1,2,1,2,1,2,1,2,1,2,2,2,2,2,2,"Oklahoma",1
"22263",400051,40,18154,35.3829,-97.1611,1,1,2,3,16,1,0,1,1,5,1,0,8,1,1,1,40,2,1,1,1,1,2,2,2,1,2,2,2,2,2,2,2,2,"Oklahoma",0
"22264",400052,40,19596,34.7973,-97.563,2,2,1,6,22,4,0,1,0,1,1,0,4,2,1,1,40,1,2,2,2,1,2,2,2,1,2,1,2,2,2,2,2,2,"Oklahoma",1
"22265",400053,40,17986,35.461,-94.8673,1,1,1,5,12,4,0,42,0,1,1,0,4,1,10,1,40,1,2,1,1,1,2,2,2,2,2,2,2,1,2,2,2,2,"Oklahoma",0
"22266",400054,40,21402,34.0189,-94.7579,1,1,1,7,0,4,0,35,0,1,1,0,4,2,10,1,40,1,2,2,2,1,2,1,2,1,2,1,1,2,2,2,2,2,"Oklahoma",1
"22267",400055,40,17160,35.8976,-96.3176,7,7,2,1,2,1,0,12,0,1,1,0,1,2,1,1,40,1,1,2,2,3,2,2,2,2,2,1,1,2,1,2,2,2,"Oklahoma",1
"22268",400056,40,17442,35.7437,-97.8697,2,2,2,1,20,4,0,1,0,1,1,0,4,2,1,1,40,1,2,2,2,1,2,1,2,1,2,1,1,2,2,2,2,2,"Oklahoma",1
"22269",400057,40,18135,35.38922778,-97.44123056,2,2,1,2,18,6,0,12,0,8,1,0,1,3,1,1,40,2,2,2,1,2,2,2,2,2,2,2,2,1,2,2,2,2,"Oklahoma",0
"22270",400058,40,16112,36.3001,-95.2113,2,2,2,5,19,3,0,12,0,1,1,0,1,2,1,2,40,1,2,2,1,2,2,2,2,1,2,1,1,2,2,2,2,2,"Oklahoma",1
"22271",400059,40,15914,36.406,-96.8385,2,2,2,1,16,3,0,35,0,1,1,0,4,1,10,1,40,1,2,1,2,1,2,2,2,1,2,2,2,2,1,2,2,2,"Oklahoma",0
"22272",400060,40,18143,35.3846,-96.7594,2,2,1,7,22,1,0,8,0,1,1,0,1,2,2,1,40,1,1,2,2,1,2,1,1,2,2,2,2,2,2,2,1,2,"Oklahoma",0
"22273",400061,40,15314,36.8122,-99.1152,4,4,2,3,10,2,0,12,0,2,2,0,1,1,1,1,40,1,2,1,1,2,2,2,2,2,2,2,2,2,1,2,2,2,"Oklahoma",0
"22274",400062,40,18704,35.1674,-97.4899,6,6,2,7,22,1,0,12,0,1,1,0,1,2,3,1,40,1,1,2,2,2,2,1,2,2,2,3,2,2,2,2,2,2,"Oklahoma",0
"22275",400063,40,18015,35.4482,-94.7806,1,1,3,7,7,1,0,1,0,1,1,0,4,1,1,1,40,2,1,1,2,1,2,2,2,1,2,2,2,1,2,2,2,2,"Oklahoma",0
"22276",400064,40,21929,33.8813,-96.8344,3,3,2,6,14,2,0,12,0,1,1,0,1,1,4,1,40,1,2,1,1,2,2,1,2,1,2,3,2,2,2,2,2,2,"Oklahoma",0
"22277",400065,40,18465,35.2506,-97.1377,1,1,3,2,5,3,0,1,0,1,1,0,4,2,10,1,40,1,2,2,2,1,2,2,2,1,2,2,2,2,2,2,2,2,"Oklahoma",0
"22278",400066,40,18492,35.2369,-97.6805,1,1,2,2,13,1,0,1,0,1,1,0,4,1,3,1,40,1,1,1,1,1,2,2,2,1,2,2,2,1,2,2,2,1,"Oklahoma",0
"22279",400067,40,18062,35.4202,-98.2708,2,2,3,5,16,3,0,42,0,1,1,0,4,1,1,1,40,1,2,1,1,1,2,2,2,1,2,1,1,2,2,2,2,2,"Oklahoma",1
"22280",400068,40,19832,34.6804,-96.5828,2,2,3,3,8,3,0,12,0,2,2,0,1,1,5,1,40,1,2,1,1,2,2,2,2,2,2,2,2,2,2,2,2,2,"Oklahoma",0
"22281",400069,40,19976,34.60571111,-98.37661667,1,1,3,4,18,1,0,8,0,1,1,0,1,1,1,1,40,2,1,2,1,1,2,2,1,2,2,2,2,2,1,2,2,2,"Oklahoma",0
"22282",400070,40,15817,36.4813,-95.081,1,1,3,4,21,3,0,8,0,1,1,0,1,2,1,1,40,1,2,2,1,1,2,2,1,2,2,2,2,2,2,2,2,2,"Oklahoma",0
"22283",400071,40,18236,35.34818333,-97.58631944,4,4,2,5,19,1,0,12,0,1,1,0,1,2,1,2,40,2,1,2,1,2,2,1,2,1,2,1,2,2,1,2,1,2,"Oklahoma",1
"22284",400072,40,21494,33.99096389,-96.38616111,1,1,3,1,2,2,0,41,0,1,1,0,4,3,1,1,40,2,2,2,2,1,2,1,2,2,2,1,1,2,2,2,2,2,"Oklahoma",1
"22285",400073,40,16700,36.08988611,-95.89795833,6,6,3,7,20,6,0,12,0,1,1,0,1,2,10,1,40,2,2,2,2,2,1,1,2,2,2,3,2,2,2,2,2,2,"Oklahoma",0
"22286",400074,40,15410,36.7601,-102.5177,3,3,3,5,0,2,0,12,0,1,1,0,1,2,1,1,40,1,2,2,1,2,2,2,2,2,2,3,2,2,2,2,2,2,"Oklahoma",0
"22287",400075,40,17616,35.64181389,-97.53968611,2,2,3,4,23,6,0,33,0,1,1,0,4,3,10,1,40,2,2,2,1,1,1,2,2,2,2,3,2,2,2,2,2,2,"Oklahoma",0
"22288",400076,40,18365,35.2911,-99.1137,3,3,1,4,1,3,0,12,0,1,1,0,1,2,1,1,40,1,2,2,1,2,2,2,2,1,2,2,1,1,2,2,2,2,"Oklahoma",0
"22289",400077,40,18027,35.44279444,-97.56553333,2,2,2,7,23,6,0,33,0,1,1,0,4,3,1,1,40,2,2,2,2,1,2,1,2,1,2,1,2,2,1,2,2,2,"Oklahoma",1
"22290",400078,40,18577,35.2111,-95.5787,4,4,3,7,16,4,0,1,0,1,1,0,4,1,1,2,40,1,2,1,2,1,2,1,2,1,2,1,2,2,2,2,2,2,"Oklahoma",1
"22291",400079,40,18779,35.1458,-97.9613,5,5,2,6,3,2,0,12,0,2,2,0,1,2,1,2,40,1,2,2,1,2,2,2,2,2,2,3,2,2,2,2,2,2,"Oklahoma",1
"22292",400080,40,17642,35.6243,-95.4995,1,1,2,3,7,4,0,1,0,1,1,0,4,1,1,1,40,1,2,1,1,1,2,1,2,1,2,2,2,2,2,2,2,2,"Oklahoma",0
"22293",400081,40,16743,36.07648056,-95.95796389,1,1,3,1,1,6,0,8,0,1,1,0,1,2,1,1,40,2,2,2,2,1,2,2,1,2,2,2,2,2,2,2,2,2,"Oklahoma",0
"22294",400082,40,17244,35.8559,-95.7106,1,1,3,6,7,2,0,18,0,1,1,0,4,1,10,1,40,1,2,1,1,1,2,2,2,2,2,2,2,2,2,2,2,2,"Oklahoma",0
"22295",400083,40,18251,35.34005,-96.91208056,1,1,1,2,6,3,0,8,0,1,1,0,1,4,10,1,40,2,2,1,1,1,2,2,1,2,2,3,2,2,2,1,2,2,"Oklahoma",0
"22296",400084,40,17425,35.753975,-96.06861944,2,2,1,4,99,2,0,18,0,1,1,0,5,2,1,1,40,1,2,3,1,1,2,1,2,2,2,1,1,2,2,2,2,2,"Oklahoma",1
"22297",400085,40,17591,35.65272222,-97.44962778,5,5,1,2,20,2,0,12,0,8,1,0,1,3,1,1,40,2,2,2,1,3,1,2,2,2,2,3,2,2,2,2,2,2,"Oklahoma",0
"22298",400086,40,16832,36.05135556,-95.75497778,1,1,1,5,18,3,0,1,1,5,1,0,8,5,1,1,40,2,2,2,1,1,2,1,2,1,2,1,2,2,2,2,2,2,"Oklahoma",1
"22299",400087,40,20341,34.4079,-97.5098,4,4,3,3,16,3,0,12,0,8,1,0,1,1,10,2,40,1,2,1,1,2,2,2,2,2,2,3,2,1,2,2,1,2,"Oklahoma",0
"22300",400088,40,19247,34.95069167,-95.08347778,1,1,1,4,16,2,0,9,0,2,2,0,1,1,1,1,40,1,2,1,1,1,2,2,2,2,2,2,2,1,2,2,2,2,"Oklahoma",0
"22301",400089,40,15320,36.8106,-99.0136,5,5,3,2,9,2,0,12,0,1,1,0,2,1,1,1,40,1,2,1,1,2,2,2,2,2,2,3,2,2,1,2,2,2,"Oklahoma",0
"22302",400090,40,16539,36.14138333,-95.97558611,1,1,3,2,20,6,0,30,0,1,1,0,4,3,10,1,40,2,2,2,1,1,1,2,2,2,2,1,2,2,2,2,2,2,"Oklahoma",1
"22303",400091,40,16157,36.2816,-95.902,1,1,3,4,23,6,0,33,0,1,1,0,4,2,10,1,40,2,2,2,1,1,2,2,2,1,2,1,2,2,2,2,1,2,"Oklahoma",1
"22304",400092,40,19776,34.7128,-96.5826,1,1,3,1,10,4,0,30,0,1,1,0,4,1,1,1,40,1,2,1,2,1,2,1,2,2,2,2,2,2,2,2,2,2,"Oklahoma",0
"22305",400093,40,16554,36.1377,-96.1047,1,1,3,2,9,2,0,14,0,1,1,0,2,1,10,1,40,2,2,1,1,1,2,2,2,2,2,2,2,2,2,2,2,2,"Oklahoma",0
"22306",400094,40,16829,36.05168611,-95.87269167,2,2,3,3,19,6,0,8,0,3,3,0,1,1,1,1,40,2,2,2,1,1,2,2,1,2,2,2,2,2,2,2,2,2,"Oklahoma",0
"22307",400095,40,18337,35.30428611,-96.94349722,7,7,3,3,14,2,0,12,1,3,2,0,1,1,1,1,40,2,2,1,1,3,2,2,2,2,2,3,2,2,2,2,1,2,"Oklahoma",0
"22308",400096,40,17448,35.7403,-95.5135,4,4,4,7,16,2,0,12,0,1,1,0,1,1,10,3,40,1,2,1,2,2,2,2,2,2,2,3,2,1,2,2,2,2,"Oklahoma",0
"22309",400097,40,16272,36.22340833,-96.00028889,2,2,4,3,8,6,0,8,0,8,1,0,1,1,10,1,40,2,2,1,1,1,2,2,1,2,2,2,2,2,2,2,2,2,"Oklahoma",0
"22310",400098,40,17983,35.4619,-97.5485,1,1,4,4,5,1,0,8,0,1,1,0,1,2,1,1,40,2,1,2,1,1,2,2,1,2,2,3,2,2,2,2,2,2,"Oklahoma",0
"22311",400099,40,16649,36.1047,-96.1681,3,3,3,2,15,4,0,12,0,1,1,0,1,1,1,1,40,2,2,1,1,2,2,2,2,2,2,2,2,1,2,2,1,2,"Oklahoma",0
"22312",400100,40,19082,35.029,-98.8672,1,1,2,1,15,3,0,1,0,1,1,0,4,1,1,1,40,1,2,1,2,1,2,2,2,1,2,1,2,1,2,2,2,2,"Oklahoma",1
"22313",400101,40,16194,36.261,-95.5643,7,7,2,7,16,3,0,12,0,1,1,0,1,1,10,1,40,1,2,1,2,3,2,1,2,2,2,1,2,2,2,2,2,2,"Oklahoma",1
"22314",400102,40,16156,36.2821,-98.9248,1,1,3,5,7,2,0,1,0,1,1,0,4,1,1,1,40,1,2,1,1,1,2,2,2,1,2,2,1,2,2,2,2,2,"Oklahoma",0
"22315",400103,40,19945,34.6216,-97.216,2,2,3,7,12,1,0,12,0,1,1,4,1,1,1,1,40,2,1,1,2,2,2,1,2,2,2,3,2,1,2,2,2,2,"Oklahoma",0
"22316",400104,40,19435,34.8703,-94.8996,3,3,3,1,1,2,0,1,0,1,1,0,4,2,1,1,40,1,2,2,2,1,2,2,2,1,2,2,2,2,2,2,1,2,"Oklahoma",1
"22317",400105,40,16283,36.2198,-94.8039,1,1,4,5,3,4,0,34,0,1,1,0,4,2,10,1,40,1,2,2,1,1,2,2,2,1,2,1,1,2,2,2,2,2,"Oklahoma",1
"22318",400106,40,15714,36.5555,-96.3268,1,1,3,2,21,4,0,34,0,1,1,0,4,2,1,1,40,1,2,2,1,1,2,1,2,1,2,1,2,2,2,2,2,2,"Oklahoma",1
"22319",400107,40,16400,36.17704444,-95.80365278,1,1,1,3,12,6,0,30,0,1,1,0,4,1,1,1,40,2,2,1,1,1,2,2,2,2,2,2,2,1,2,2,2,2,"Oklahoma",0
"22320",400108,40,16844,36.04761667,-96.07776667,2,2,1,3,10,3,0,12,0,1,1,0,1,1,10,1,40,1,2,1,1,2,2,2,2,2,2,3,2,2,2,2,2,2,"Oklahoma",0
"22321",400109,40,17153,35.90111944,-96.01576944,3,3,1,1,0,2,0,12,0,2,2,0,1,2,10,1,40,2,2,2,2,2,2,2,2,2,2,1,2,2,2,2,1,2,"Oklahoma",1
"22322",400111,40,17679,35.6042,-97.5229,4,4,4,1,20,8,0,12,0,1,1,0,1,3,2,1,40,2,2,2,2,2,2,2,2,2,2,3,2,2,2,2,2,2,"Oklahoma",0
"22323",400112,40,19326,34.91750833,-95.76143056,1,1,4,4,18,6,0,8,0,1,1,0,1,1,10,1,40,2,2,2,1,1,2,2,1,2,2,2,2,1,2,2,2,2,"Oklahoma",0
"22324",400113,40,18056,35.4228,-94.7046,1,1,4,4,14,1,0,1,0,1,1,0,3,1,10,1,40,1,1,1,1,1,1,2,2,2,2,3,2,2,2,2,1,2,"Oklahoma",0
"22325",400114,40,16399,36.17708889,-95.92250833,5,5,4,4,19,6,0,12,0,2,2,0,1,1,1,1,40,2,2,2,1,2,2,2,2,2,2,1,2,2,1,2,2,2,"Oklahoma",1
"22326",400115,40,20024,34.5781,-97.0725,1,1,3,3,8,4,0,34,0,1,1,0,4,1,1,1,40,1,2,1,1,1,2,2,2,1,2,2,1,2,2,2,2,2,"Oklahoma",0
"22327",400116,40,17152,35.9018,-96.4655,1,1,3,3,20,3,0,1,0,1,1,0,4,2,1,1,40,1,2,2,1,1,2,2,2,1,2,1,2,2,2,2,2,2,"Oklahoma",1
"22328",400117,40,17974,35.46450833,-97.63667778,4,4,4,2,23,6,0,12,0,2,2,0,1,3,1,3,40,2,2,2,1,2,2,2,2,2,2,1,2,2,1,2,2,2,"Oklahoma",1
"22329",400118,40,18031,35.4414,-99.4526,3,3,4,1,18,4,0,1,0,1,1,0,4,1,10,1,40,1,2,2,2,1,2,1,2,1,2,2,1,2,2,2,1,2,"Oklahoma",0
"22330",400119,40,18863,35.11189167,-94.60340278,2,2,4,6,8,3,0,12,0,1,1,0,4,1,10,1,40,1,2,1,1,2,2,2,2,2,2,2,1,2,2,2,2,1,"Oklahoma",0
"22331",400120,40,19597,34.7965,-96.931,4,4,3,7,17,3,0,12,0,8,1,0,1,1,10,1,40,1,2,1,2,2,2,2,2,2,2,3,2,1,2,2,2,2,"Oklahoma",0
"22332",400121,40,18077,35.41349444,-99.41720556,1,1,3,3,0,6,0,33,0,1,1,0,4,3,10,1,40,2,2,2,1,1,2,1,2,1,1,2,1,2,2,2,1,2,"Oklahoma",0
"22333",400122,40,16705,36.089,-94.8534,3,3,4,4,19,3,0,12,0,1,1,0,1,1,1,1,40,1,2,2,1,2,1,2,2,2,2,3,2,1,2,2,2,2,"Oklahoma",0
"22334",400123,40,18128,35.3919,-97.508,2,2,4,5,7,1,0,12,0,1,1,0,1,1,10,1,40,2,1,1,1,2,2,2,2,2,2,3,2,2,2,2,2,2,"Oklahoma",0
"22335",400124,40,17077,35.9391,-94.924,1,1,4,7,3,3,0,1,0,1,1,0,4,2,10,1,40,1,2,2,2,1,2,2,2,1,2,2,2,2,2,2,1,2,"Oklahoma",0
"22336",400125,40,18140,35.385625,-96.91209444,1,1,1,7,18,3,0,8,0,1,1,0,1,3,2,1,40,2,2,2,2,1,2,2,1,2,2,3,2,2,2,1,2,2,"Oklahoma",0
"22337",400126,40,20020,34.57978056,-98.39067222,6,6,2,2,9,1,0,12,0,1,1,0,1,1,10,1,40,2,1,1,1,2,2,2,2,1,2,3,2,2,2,2,2,2,"Oklahoma",1
"22338",400127,40,17985,35.4612,-97.5785,2,2,3,3,11,1,0,1,1,20,1,0,1,1,10,1,40,2,1,1,1,1,2,1,2,1,2,3,2,2,2,2,2,2,"Oklahoma",0
"22339",400128,40,19203,34.9716,-97.38502778,5,5,3,1,17,3,0,12,0,2,2,0,1,1,1,1,40,2,2,1,2,2,2,2,2,2,2,1,1,2,2,2,2,2,"Oklahoma",1
"22340",400129,40,18220,35.35486389,-97.47685556,2,2,3,6,19,6,0,12,0,1,1,0,1,3,2,1,40,2,2,2,2,2,2,1,2,2,2,1,2,2,1,2,2,2,"Oklahoma",1
"22341",400130,40,18808,35.13132778,-97.33584167,7,7,4,1,17,6,0,12,0,2,2,0,1,1,10,1,40,2,2,1,2,2,2,2,2,1,2,3,1,1,2,2,2,2,"Oklahoma",0