"","ST_CASE","OBJECT_ID","FID","LATITUDE","LONGITUD","PERMVIT","PERSONS","MONTH","DAY_WEEK","HOUR","ROUTE","SP_JUR","HARM_EV","RELJCT1","RELJCT2","TYP_INT","WRK_ZONE","REL_ROAD","LGT_COND","WEATHER","FATALS","STATE","A_RU","A_INTER","A_TOD","A_DOW","A_CT","A_MC","A_SPCRA","A_PED","A_ROLL","A_POLPUR","A_POSBAC","A_D15_20","A_D65PLS","A_D21_24","A_HR","A_DIST","A_DROWSY","STATE_NAME","drunkDr"
"22342",400131,40,17641,35.62433056,-95.93262778,5,5,2,6,14,4,0,12,0,2,2,0,1,1,1,1,40,2,2,1,1,2,2,2,2,2,2,3,2,2,1,2,2,2,"Oklahoma",0
"22343",400132,40,17702,35.59134444,-97.585525,3,3,4,6,14,6,0,30,0,1,1,0,4,1,2,1,40,2,2,1,1,1,2,1,2,2,2,3,1,2,2,2,2,2,"Oklahoma",0
"22344",400133,40,16457,36.16073056,-95.90119722,1,1,5,6,21,6,0,8,0,2,3,0,1,3,1,1,40,2,2,2,2,1,2,2,1,2,2,2,2,2,2,1,2,2,"Oklahoma",0
"22345",400134,40,18849,35.117,-96.9242,1,1,5,6,7,4,0,53,0,1,1,0,4,1,10,1,40,1,2,1,1,1,2,1,2,2,2,2,2,2,2,2,2,2,"Oklahoma",0
"22346",400135,40,17043,35.956,-95.4933,1,1,3,3,18,3,0,45,0,1,1,2,1,1,1,1,40,1,2,2,1,1,2,1,2,2,2,2,2,2,2,2,2,2,"Oklahoma",0
"22347",400136,40,16612,36.1166,-96.6433,1,1,3,4,18,3,0,35,0,1,1,0,4,1,10,1,40,1,2,2,1,1,2,2,2,1,2,1,2,2,2,2,2,2,"Oklahoma",1
"22348",400137,40,16811,36.0579,-97.3451,2,2,4,6,10,1,0,12,0,1,1,0,1,1,1,1,40,1,1,1,1,2,2,2,1,2,2,2,2,2,2,2,2,2,"Oklahoma",0
"22349",400138,40,15523,36.6882,-97.1926,3,3,4,7,5,2,0,12,0,2,2,0,1,2,10,1,40,1,2,2,2,2,2,2,2,1,2,3,2,2,1,2,2,2,"Oklahoma",0
"22350",400139,40,17761,35.56286111,-97.64979722,1,1,4,5,0,3,0,33,0,3,3,0,4,3,10,1,40,2,2,2,1,1,2,1,2,1,2,2,1,2,2,2,2,2,"Oklahoma",0
"22351",400140,40,16535,36.1425,-96.1407,1,1,4,6,23,2,0,1,0,1,1,0,2,2,10,1,40,2,2,2,2,1,1,2,2,2,2,1,2,2,2,2,2,2,"Oklahoma",1
"22352",400141,40,16460,36.1605,-96.9259,1,1,3,6,22,3,0,1,0,1,1,0,4,2,1,1,40,1,2,2,2,1,2,2,2,1,2,1,2,2,2,2,2,2,"Oklahoma",1
"22353",400142,40,17400,35.7692,-96.265,1,1,4,4,23,3,0,1,0,1,1,0,4,2,1,1,40,1,2,2,1,1,2,2,2,1,2,1,2,2,2,2,2,2,"Oklahoma",1
"22354",400143,40,16824,36.0528,-96.7673,2,2,4,3,7,3,0,12,0,1,1,0,1,4,2,1,40,1,2,1,1,2,2,2,2,2,2,3,1,2,2,2,2,2,"Oklahoma",1
"22355",400144,40,18385,35.276,-95.3801,1,1,5,6,14,3,0,1,0,1,1,0,4,1,1,1,40,1,2,1,1,1,2,2,2,1,2,2,2,2,2,2,2,2,"Oklahoma",0
"22356",400145,40,17547,35.68186389,-97.39513611,1,1,5,2,9,6,0,52,0,1,1,0,4,9,99,1,40,2,2,1,1,1,2,2,2,2,2,2,2,2,2,2,2,2,"Oklahoma",0
"22357",400146,40,16848,36.0465,-96.1194,1,1,4,7,18,3,0,1,0,1,1,0,1,1,1,1,40,2,2,2,2,1,2,2,2,1,2,1,2,2,2,2,2,2,"Oklahoma",1
"22358",400147,40,18120,35.39448889,-97.44128889,3,3,5,1,22,6,0,12,0,1,1,0,1,2,1,1,40,2,2,2,2,2,2,1,2,2,2,1,2,1,2,2,2,2,"Oklahoma",1
"22359",400148,40,16855,36.0436,-97.016,7,7,4,6,17,4,0,12,0,2,2,0,1,1,1,3,40,1,2,1,1,2,2,2,2,1,2,3,2,2,1,2,2,2,"Oklahoma",0
"22360",400149,40,19277,34.9384,-98.0385,1,1,4,6,11,2,0,1,0,1,1,0,4,1,10,1,40,1,2,1,1,1,2,2,2,1,2,2,2,2,2,2,2,2,"Oklahoma",0
"22361",400150,40,15947,36.383925,-97.86365833,1,1,5,5,6,6,0,18,0,1,1,0,4,2,10,1,40,2,2,1,1,1,2,2,2,2,2,2,2,2,2,2,2,2,"Oklahoma",0
"22362",400151,40,16334,36.1995,-95.7127,4,4,4,3,9,1,0,12,0,1,1,0,1,1,10,1,40,1,1,1,1,2,2,2,2,2,2,3,2,2,2,2,2,2,"Oklahoma",0
"22363",400152,40,21488,33.9935,-95.0517,1,1,5,4,23,2,0,8,0,1,1,0,1,2,10,1,40,1,2,2,1,1,2,2,1,2,2,2,2,2,2,2,2,2,"Oklahoma",0
"22364",400153,40,16556,36.1369,-99.9265,2,2,5,6,13,2,0,35,0,1,1,0,4,1,2,1,40,1,2,1,1,1,2,1,2,1,2,2,1,2,2,2,2,2,"Oklahoma",0
"22365",400154,40,18930,35.0875,-97.25998611,2,2,5,1,19,6,0,5,0,1,1,0,1,5,1,1,40,1,2,2,2,1,2,2,2,2,2,3,1,2,2,2,1,2,"Oklahoma",0
"22366",400155,40,16931,36.01184444,-95.94678056,4,4,5,7,19,6,0,12,0,1,1,0,4,1,2,1,40,2,2,2,2,2,2,1,2,2,2,3,1,2,2,2,2,2,"Oklahoma",0
"22367",400156,40,18138,35.3859,-97.2461,1,1,5,1,18,1,0,42,0,1,1,0,3,1,10,1,40,2,1,2,2,1,2,2,2,2,2,2,2,2,2,2,2,2,"Oklahoma",0
"22368",400158,40,17666,35.60898333,-97.59219722,2,2,5,3,11,6,0,12,0,3,3,0,1,1,1,1,40,2,2,1,1,2,2,2,2,1,2,2,2,1,2,2,2,2,"Oklahoma",0
"22369",400159,40,16670,36.09814444,-95.919075,1,1,5,2,20,6,0,8,0,1,1,0,1,2,10,1,40,2,2,2,1,1,2,2,1,2,2,3,1,2,2,2,2,2,"Oklahoma",0
"22370",400160,40,18428,35.26021389,-96.71239722,3,3,2,3,10,3,0,12,0,8,1,0,1,1,10,1,40,2,2,1,1,2,2,2,2,2,2,3,2,1,2,2,1,2,"Oklahoma",0
"22371",400161,40,15478,36.71865278,-97.09996944,2,2,2,3,16,6,0,12,0,1,1,0,1,1,10,1,40,2,2,1,1,2,2,2,2,2,2,3,2,1,2,2,2,2,"Oklahoma",0
"22372",400162,40,17902,35.49729167,-97.51573889,1,1,5,2,0,6,0,33,0,3,2,0,4,2,1,1,40,2,2,2,2,1,1,1,2,2,2,1,2,2,2,2,2,2,"Oklahoma",1
"22373",400163,40,17976,35.46441944,-97.75235833,1,1,4,3,19,6,0,1,0,1,1,4,1,5,1,1,40,2,2,2,1,1,2,2,2,1,2,1,2,2,2,2,2,2,"Oklahoma",1
"22374",400164,40,18051,35.42669444,-97.35320833,2,2,4,1,12,6,0,12,0,1,1,0,1,1,10,1,40,2,2,1,2,2,1,1,2,2,2,3,2,2,2,2,2,2,"Oklahoma",0
"22375",400165,40,16213,36.25000278,-95.23647778,3,3,4,7,23,3,0,12,0,1,1,0,1,2,1,1,40,1,2,2,2,2,2,2,2,2,2,1,1,2,2,2,2,2,"Oklahoma",1
"22376",400166,40,16524,36.14422778,-95.91578611,2,2,4,5,11,6,0,1,0,2,2,0,1,1,1,1,40,2,2,1,1,2,1,1,2,2,2,3,1,2,2,2,2,2,"Oklahoma",0
"22377",400167,40,16688,36.09158889,-95.88644722,3,3,5,7,14,6,0,12,0,8,1,0,1,1,1,1,40,2,2,1,2,2,1,2,2,2,2,3,2,2,2,1,2,2,"Oklahoma",0
"22378",400168,40,20654,34.2444,-96.2653,2,2,5,7,23,4,0,14,0,1,1,0,5,2,10,2,40,1,2,2,2,1,2,2,2,2,2,1,2,2,2,2,2,2,"Oklahoma",1
"22379",400169,40,20442,34.345,-96.0754,2,2,5,2,16,3,0,12,0,2,3,4,1,1,10,1,40,1,2,1,1,2,2,2,2,2,2,3,2,1,2,2,2,2,"Oklahoma",0
"22380",400170,40,15980,36.3653,-95.4978,35,35,5,4,8,4,0,12,0,1,1,0,1,1,2,1,40,1,2,1,1,2,2,2,2,2,2,3,1,2,2,2,2,2,"Oklahoma",0
"22381",400171,40,15772,36.5112,-95.7031,1,1,4,1,20,2,0,1,0,1,1,0,4,2,10,1,40,1,2,2,2,1,1,2,2,2,2,2,2,2,1,2,2,2,"Oklahoma",0
"22382",400172,40,17957,35.46992222,-97.54116667,3,3,5,7,19,6,0,12,0,2,2,0,1,1,10,1,40,2,2,2,2,2,1,2,2,2,2,3,2,2,2,2,2,2,"Oklahoma",0
"22383",400173,40,17796,35.54960833,-97.61901944,4,4,3,1,2,3,0,12,0,3,2,0,1,3,10,1,40,2,2,2,2,2,2,2,2,2,2,1,2,2,1,2,2,2,"Oklahoma",1
"22384",400174,40,16106,36.30352778,-95.82281944,1,1,5,1,0,2,0,8,0,1,1,0,1,2,1,1,40,2,2,2,2,1,2,2,1,2,2,2,2,2,2,2,2,2,"Oklahoma",0
"22385",400175,40,16943,36.0031,-96.3872,3,3,5,1,17,3,0,12,0,2,2,0,1,1,1,1,40,1,2,1,2,2,1,2,2,2,2,2,2,2,2,2,2,2,"Oklahoma",0
"22386",400176,40,17689,35.60006389,-97.95913333,3,3,4,7,21,2,0,12,0,2,3,0,1,2,1,2,40,1,2,2,2,2,2,2,2,1,2,3,2,1,2,2,2,2,"Oklahoma",0
"22387",400177,40,18197,35.3636,-97.4947,2,2,5,1,1,1,0,8,0,1,1,0,1,3,10,1,40,2,1,2,2,1,2,2,1,2,2,3,2,2,2,2,2,2,"Oklahoma",0
"22388",400178,40,18891,35.10207222,-97.23543333,3,3,5,1,10,6,0,12,0,1,1,0,1,1,10,1,40,1,2,1,2,2,2,2,2,1,2,2,2,1,2,2,2,2,"Oklahoma",0
"22389",400179,40,19624,34.7831,-97.9667,3,3,6,6,15,2,0,43,0,1,1,4,4,1,10,1,40,1,2,1,1,1,2,2,1,2,2,2,2,2,2,2,2,2,"Oklahoma",0
"22390",400180,40,16218,36.2486,-94.7679,9,9,4,1,13,2,0,12,0,1,1,0,1,1,10,1,40,1,2,1,2,2,2,2,2,1,2,2,2,2,2,2,2,2,"Oklahoma",0
"22391",400181,40,17890,35.5013,-97.9296,3,3,6,6,2,1,0,8,0,1,1,0,1,2,10,1,40,2,1,2,1,1,2,2,1,2,2,3,2,2,1,2,2,2,"Oklahoma",1
"22392",400182,40,17753,35.5659,-98.7209,3,3,6,7,18,3,0,12,0,2,2,0,1,1,1,1,40,1,2,2,2,2,1,2,2,2,2,2,2,1,2,2,2,2,"Oklahoma",0
"22393",400183,40,21390,34.0216,-94.8176,1,1,6,1,22,4,0,1,0,1,1,0,1,2,1,1,40,1,2,2,2,1,1,2,2,2,2,2,2,2,2,2,2,2,"Oklahoma",0
"22394",400184,40,16605,36.11896389,-95.84158611,2,2,6,2,21,6,0,1,0,2,2,0,1,2,1,1,40,2,2,2,1,2,1,2,2,2,2,2,1,2,2,1,2,2,"Oklahoma",0
"22395",400185,40,15268,36.8494,-100.0342,1,1,6,7,16,4,0,38,0,1,1,0,4,1,1,1,40,1,2,1,2,1,2,1,2,1,2,1,2,2,1,2,2,2,"Oklahoma",1
"22396",400186,40,15933,36.3909,-98.2078,2,2,6,3,19,2,0,1,0,1,1,0,4,1,1,1,40,1,2,2,1,1,2,2,2,1,2,2,1,2,2,2,2,2,"Oklahoma",0
"22397",400187,40,15488,36.7136,-95.671,3,3,6,4,11,2,0,12,0,8,1,0,1,1,1,1,40,1,2,1,1,2,1,2,2,2,2,3,2,2,1,2,2,2,"Oklahoma",0
"22398",400188,40,18092,35.4059,-95.5726,2,2,5,6,23,4,0,3,0,1,1,0,5,9,99,2,40,1,2,2,2,1,2,1,2,2,2,3,1,2,2,2,2,2,"Oklahoma",0
"22399",400189,40,16215,36.2494,-95.6755,2,2,6,6,3,4,0,8,0,1,1,0,1,2,1,1,40,1,2,2,1,1,2,2,1,2,2,1,1,2,2,1,1,2,"Oklahoma",1
"22400",400190,40,21500,33.98980278,-96.36900833,2,2,5,7,6,6,0,34,0,8,1,0,4,1,10,1,40,2,2,1,2,1,2,2,2,1,2,1,2,2,2,2,2,2,"Oklahoma",1
"22401",400191,40,16139,36.28873611,-95.84024444,1,1,6,7,0,2,0,1,0,1,1,0,4,2,1,1,40,2,2,2,2,1,2,2,2,1,2,2,1,2,2,2,2,2,"Oklahoma",0
"22402",400192,40,16258,36.2308,-96.0534,1,1,6,3,9,4,0,42,0,1,1,0,4,1,1,1,40,1,2,1,1,1,2,2,2,2,2,2,2,2,2,2,2,2,"Oklahoma",0
"22403",400193,40,18359,35.294,-99.8744,1,1,6,1,2,3,0,1,0,1,1,0,4,2,1,1,40,1,2,2,2,1,2,1,2,1,2,1,2,2,2,2,2,2,"Oklahoma",1
"22404",400194,40,15932,36.391,-98.2975,2,2,5,2,8,2,0,12,0,8,1,0,1,1,1,1,40,1,2,1,1,2,2,2,2,2,2,3,2,2,2,2,1,2,"Oklahoma",0
"22405",400195,40,15850,36.4482,-99.5173,4,4,5,7,2,4,0,1,0,1,1,0,4,2,10,1,40,1,2,2,2,1,2,1,2,1,2,1,2,2,1,2,2,2,"Oklahoma",1
"22406",400196,40,18156,35.38146389,-97.51238333,2,2,5,4,21,6,0,33,0,1,1,0,4,3,10,1,40,2,2,2,1,1,2,1,2,1,1,2,2,2,2,2,2,2,"Oklahoma",0
"22407",400197,40,16690,36.09141389,-96.00653611,3,3,3,2,22,2,0,12,0,1,1,0,1,2,4,1,40,2,2,2,1,2,2,1,1,2,2,2,2,2,1,2,2,2,"Oklahoma",0
"22408",400198,40,18059,35.42080278,-97.46287778,1,1,5,4,23,6,0,8,0,1,1,0,1,3,2,1,40,2,2,2,1,1,2,2,1,2,2,3,2,2,2,1,2,2,"Oklahoma",0
"22409",400199,40,19207,34.9708,-98.137,1,1,5,4,22,4,0,8,0,1,1,0,1,2,10,1,40,1,2,2,1,1,2,2,1,2,2,2,2,2,2,2,2,2,"Oklahoma",0
"22410",400200,40,19685,34.7528,-97.753,1,1,5,7,1,4,0,8,0,1,1,0,1,2,1,1,40,1,2,2,2,1,2,2,1,2,2,3,2,2,2,1,2,2,"Oklahoma",0
"22411",400201,40,17669,35.60843056,-97.62966667,3,3,6,4,7,6,0,12,0,2,2,0,1,1,1,1,40,2,2,1,1,2,2,1,2,2,2,3,2,2,2,2,2,2,"Oklahoma",0
"22412",400202,40,19408,34.8835,-96.8735,2,2,6,2,1,3,0,12,0,2,3,0,1,2,10,1,40,1,2,2,2,2,2,2,2,2,2,2,2,2,1,2,2,2,"Oklahoma",0
"22413",400203,40,18127,35.392,-97.4999,4,4,6,2,11,1,0,12,0,1,1,0,1,1,2,1,40,2,1,1,1,2,2,2,2,2,2,3,2,2,1,2,2,2,"Oklahoma",0
"22414",400204,40,18643,35.1911,-96.9341,1,1,6,6,16,4,0,42,0,1,1,0,4,1,1,1,40,1,2,1,1,1,2,1,2,2,2,1,2,2,2,2,2,2,"Oklahoma",1
"22415",400205,40,15889,36.41961389,-97.83751389,2,2,3,1,0,2,0,1,0,1,1,0,4,2,1,1,40,2,2,2,2,1,2,1,2,1,2,2,2,2,1,2,2,2,"Oklahoma",0
"22416",400206,40,17935,35.4789,-97.72703056,3,3,4,7,21,6,0,8,0,1,1,0,1,2,10,1,40,2,2,2,2,2,2,2,1,2,2,3,2,2,2,2,1,2,"Oklahoma",0
"22417",400207,40,17042,35.95635833,-96.07205278,3,3,3,6,12,2,0,12,0,1,1,0,1,1,2,1,40,1,2,1,1,2,2,2,2,2,2,2,2,1,2,2,2,2,"Oklahoma",0
"22418",400208,40,18065,35.41924167,-97.56554167,2,2,5,7,20,6,0,12,0,8,1,0,1,3,1,1,40,2,2,2,2,2,1,2,2,2,2,3,2,2,1,2,2,2,"Oklahoma",0
"22419",400209,40,17675,35.60656389,-97.53269167,1,1,6,4,22,6,0,33,0,1,1,0,4,3,1,1,40,2,2,2,1,1,2,2,2,1,2,2,1,2,2,2,2,2,"Oklahoma",0
"22420",400210,40,18100,35.4024,-97.5761,1,1,6,7,10,1,0,1,0,1,1,0,4,1,1,1,40,2,1,1,2,1,1,2,2,2,2,2,2,2,2,2,2,2,"Oklahoma",0
"22421",400211,40,21560,33.9737,-96.5528,1,1,6,7,7,4,0,53,0,1,1,0,4,1,2,1,40,1,2,1,2,1,2,2,2,2,2,3,2,1,2,2,1,2,"Oklahoma",0
"22422",400212,40,16226,36.2465,-95.75,8,8,5,3,20,3,0,12,0,1,1,4,1,2,10,1,40,1,2,2,1,3,2,2,2,2,2,3,2,2,2,2,2,2,"Oklahoma",0
"22423",400213,40,18155,35.3829,-96.519,5,5,5,1,9,1,0,52,0,1,1,0,3,1,10,1,40,1,1,1,2,1,2,2,2,1,2,2,2,2,2,2,2,2,"Oklahoma",0
"22424",400214,40,17370,35.7851,-97.9503,1,1,6,5,6,2,0,1,0,1,1,0,4,1,10,1,40,1,2,1,1,1,2,2,2,1,2,2,2,2,1,2,2,2,"Oklahoma",0
"22425",400215,40,18547,35.2183,-97.6836,5,5,6,4,19,4,0,12,0,1,1,0,1,1,1,1,40,1,2,2,1,2,2,2,2,2,2,2,1,2,2,2,2,2,"Oklahoma",0
"22426",400216,40,20040,34.5642,-95.3399,1,1,6,6,0,4,0,11,0,1,1,0,1,2,10,1,40,1,2,2,1,1,2,2,2,1,2,2,2,2,2,2,2,2,"Oklahoma",1
"22427",400217,40,17655,35.61558889,-97.56718611,2,2,6,7,16,6,0,12,0,1,1,0,1,1,1,1,40,2,2,1,2,2,1,2,2,2,2,2,2,2,2,2,2,2,"Oklahoma",0
"22428",400218,40,15136,36.9454,-95.6293,2,2,6,6,7,2,0,12,0,1,1,0,1,1,1,2,40,1,2,1,1,2,2,2,2,2,2,2,2,2,2,2,2,2,"Oklahoma",0
"22429",400219,40,16701,36.08986111,-95.94536389,3,3,6,1,20,6,0,12,0,1,1,0,1,1,1,1,40,2,2,2,2,2,2,1,2,1,2,1,2,1,2,2,2,2,"Oklahoma",1
"22430",400220,40,17891,35.5011,-97.9291,1,2,6,4,16,1,0,14,0,1,1,0,2,1,1,1,40,2,1,1,1,1,2,2,2,2,2,2,2,2,2,2,1,2,"Oklahoma",0
"22431",400221,40,17908,35.49325833,-97.51225833,1,1,6,6,0,6,0,8,0,1,1,0,1,3,1,1,40,2,2,2,1,1,2,2,1,2,2,3,2,2,2,1,2,2,"Oklahoma",0
"22432",400222,40,16833,36.05135556,-95.79082778,1,1,6,5,7,6,0,8,0,2,2,0,1,1,10,1,40,2,2,1,1,1,2,2,1,2,2,2,2,2,2,2,2,2,"Oklahoma",0
"22433",400223,40,21473,33.99748611,-95.47694444,3,3,6,5,18,2,0,59,0,1,1,0,4,1,1,1,40,2,2,2,1,2,2,2,2,2,2,1,2,2,2,2,2,2,"Oklahoma",1
"22434",400224,40,15533,36.6832,-95.6303,4,4,5,7,1,2,0,12,0,1,1,0,1,2,10,1,40,1,2,2,2,2,2,2,2,2,2,1,2,2,2,2,2,2,"Oklahoma",1
"22435",400225,40,15506,36.699,-95.9351,4,4,6,2,14,2,0,12,0,2,2,0,1,1,10,1,40,1,2,1,1,2,2,2,2,2,2,2,2,1,2,2,2,2,"Oklahoma",0
"22436",400226,40,18922,35.0906,-98.624,1,1,5,1,4,3,0,8,0,1,1,0,1,2,10,1,40,1,2,2,2,1,2,2,1,2,2,1,2,2,1,2,2,2,"Oklahoma",1
"22437",400227,40,20142,34.5174,-99.3339,2,2,5,5,16,2,0,12,0,1,1,0,1,1,1,1,40,1,2,1,1,2,2,2,2,2,2,3,2,1,2,2,2,2,"Oklahoma",0
"22438",400228,40,19465,34.8565,-99.4251,1,1,5,7,4,2,0,34,0,1,1,0,4,2,2,1,40,1,2,2,2,1,2,2,2,1,2,1,2,2,2,2,2,2,"Oklahoma",1
"22439",400229,40,16270,36.2242,-96.7338,4,4,5,2,17,2,0,12,0,1,1,0,1,1,2,1,40,1,2,1,1,2,2,1,2,1,2,3,1,2,2,2,2,2,"Oklahoma",0
"22440",400230,40,21118,34.0887,-97.1429,7,7,5,5,9,2,0,12,0,1,1,0,1,1,10,2,40,1,2,1,1,2,2,2,2,1,2,1,2,2,1,2,2,2,"Oklahoma",1
"22441",400231,40,17894,35.5008,-97.8375,2,2,6,4,20,1,0,1,0,1,1,0,1,1,1,1,40,1,1,2,1,1,1,2,2,2,2,3,2,1,2,2,2,2,"Oklahoma",0
"22442",400232,40,20601,34.2655,-96.9682,2,2,6,5,7,2,0,12,0,1,1,4,1,1,1,1,40,1,2,1,1,2,2,2,2,2,2,3,2,2,1,2,2,2,"Oklahoma",0
"22443",400233,40,21875,33.8974,-96.5007,2,2,6,7,5,4,0,12,0,1,1,0,1,2,1,1,40,1,2,2,2,2,2,2,2,2,2,1,1,2,2,2,2,2,"Oklahoma",1
"22444",400235,40,21274,34.0503,-94.568,1,1,6,2,17,2,0,34,0,1,1,0,4,1,10,1,40,1,2,1,1,1,1,1,2,2,2,2,2,2,2,2,2,2,"Oklahoma",0
"22445",400236,40,15934,36.3909,-98.4085,2,2,4,7,7,2,0,12,0,2,2,0,1,1,10,1,40,1,2,1,2,2,2,2,2,1,2,2,1,2,2,2,2,2,"Oklahoma",0
"22446",400237,40,19155,34.9926,-94.6953,5,5,5,2,10,2,0,12,0,3,3,0,1,1,1,2,40,1,2,1,1,3,2,2,2,1,2,2,2,1,2,2,1,2,"Oklahoma",0
"22447",400238,40,17835,35.5298,-98.3494,2,3,6,7,12,1,0,14,1,5,1,0,2,1,1,1,40,1,1,1,2,1,2,2,2,2,2,2,1,2,2,2,1,2,"Oklahoma",0
"22448",400239,40,18148,35.3839,-97.1066,2,2,6,2,23,1,0,12,0,1,1,0,1,2,1,1,40,1,1,2,1,2,2,2,2,2,2,3,2,2,2,2,2,2,"Oklahoma",0
"22449",400240,40,21723,33.9318,-94.7637,1,1,6,7,4,2,0,35,0,1,1,0,4,2,5,1,40,1,2,2,2,1,2,2,2,1,2,1,1,2,2,2,2,2,"Oklahoma",1
"22450",400241,40,18153,35.3832,-97.0903,1,1,6,7,12,1,0,1,1,5,1,0,4,1,10,1,40,1,1,1,2,1,1,1,2,2,2,3,2,2,2,2,2,2,"Oklahoma",0
"22451",400242,40,17918,35.4896,-97.5797,2,2,6,3,9,1,0,12,0,1,1,0,1,1,1,1,40,2,1,1,1,2,2,2,2,2,2,2,2,1,2,2,2,2,"Oklahoma",0
"22452",400243,40,19939,34.6229,-98.7725,1,1,6,3,19,4,0,53,0,1,1,0,4,1,1,1,40,1,2,2,1,1,2,2,2,2,2,2,2,1,2,2,2,2,"Oklahoma",0
"22453",400244,40,19401,34.8865,-95.7871,4,4,7,4,9,2,0,12,0,2,3,0,1,1,1,1,40,2,2,1,1,2,1,2,2,2,2,2,2,1,2,2,2,2,"Oklahoma",0
"22454",400245,40,20381,34.384,-97.9725,11,11,4,7,11,2,0,12,0,1,1,0,1,1,10,1,40,1,2,1,2,3,1,2,2,2,2,1,2,2,2,2,2,2,"Oklahoma",1
"22455",400246,40,17875,35.5096,-95.6364,4,4,6,7,18,3,0,1,0,1,1,0,1,1,10,1,40,1,2,2,2,2,1,2,2,2,2,3,2,2,2,2,2,2,"Oklahoma",0
"22456",400247,40,16089,36.3127,-95.1408,2,2,6,4,22,4,0,12,0,1,1,0,1,2,1,1,40,1,2,2,1,2,2,2,2,2,2,1,2,2,2,2,2,2,"Oklahoma",1
"22457",400248,40,15289,36.835,-94.7883,2,2,7,5,14,3,0,35,0,1,1,0,4,1,10,1,40,1,2,1,1,1,2,2,2,2,2,2,2,2,2,2,2,2,"Oklahoma",0
"22458",400249,40,19498,34.8402,-95.7856,2,2,6,7,18,4,0,12,0,2,3,0,1,1,1,1,40,1,2,2,2,2,1,2,2,2,2,3,1,2,2,2,2,2,"Oklahoma",0
"22459",400250,40,18010,35.45156111,-97.48808889,2,2,6,2,11,1,0,33,1,5,1,0,4,1,10,1,40,2,1,1,1,2,2,2,2,2,1,3,2,2,2,2,2,2,"Oklahoma",0
"22460",400251,40,18248,35.3415,-97.4928,6,6,3,7,23,1,0,12,0,1,1,0,1,3,1,1,40,2,1,2,2,3,2,2,2,2,2,1,1,2,1,2,2,2,"Oklahoma",1
"22461",400252,40,19639,34.7779,-98.5806,1,1,6,1,10,3,0,1,0,1,1,0,4,1,10,1,40,1,2,1,2,1,1,1,2,2,2,2,2,2,2,2,2,2,"Oklahoma",0
"22462",400253,40,16958,35.9958,-95.0171,2,2,6,5,22,3,0,42,0,1,1,0,4,3,1,1,40,1,2,2,1,1,2,2,2,2,2,2,2,2,1,2,1,2,"Oklahoma",0
"22463",400254,40,16658,36.10093333,-95.86863333,1,1,6,3,99,7,0,46,1,3,3,0,4,2,1,1,40,2,2,3,1,1,2,1,2,2,2,2,2,2,2,2,2,2,"Oklahoma",0
"22464",400255,40,18115,35.3963,-95.5635,4,4,7,6,6,2,0,14,0,1,1,0,3,2,10,1,40,1,2,1,1,1,2,2,2,2,2,2,2,2,1,2,2,1,"Oklahoma",0
"22465",400256,40,17827,35.5355,-98.6017,1,1,7,6,22,7,0,43,0,1,1,0,4,2,10,1,40,1,1,2,2,1,2,2,2,1,2,2,2,2,2,2,2,2,"Oklahoma",0
"22466",400257,40,15284,36.8374,-101.902,1,1,7,7,22,3,0,1,0,1,1,0,4,2,1,1,40,1,2,2,2,1,1,1,2,2,2,1,2,2,2,2,2,2,"Oklahoma",1
"22467",400258,40,17992,35.45974444,-97.59999444,1,1,7,7,4,7,0,8,0,1,1,0,1,2,10,1,40,2,1,2,2,1,2,2,1,2,2,3,2,2,2,1,2,2,"Oklahoma",0
"22468",400259,40,20486,34.3182,-97.9649,4,4,7,7,20,2,0,12,0,2,2,0,1,1,1,1,40,1,2,2,2,2,1,2,2,2,2,2,2,2,2,2,2,2,"Oklahoma",0
"22469",400260,40,17795,35.5499,-98.7033,1,1,6,1,7,4,0,38,0,1,1,0,4,1,10,1,40,1,2,1,2,1,2,2,2,2,2,2,1,2,2,2,1,2,"Oklahoma",0
"22470",400261,40,17234,35.8603,-97.4784,2,2,6,4,9,6,0,12,0,1,1,0,4,1,1,1,40,1,2,1,1,2,2,2,2,2,2,2,2,1,2,2,2,2,"Oklahoma",0
"22471",400262,40,18590,35.2067,-97.7062,1,1,6,7,11,4,0,34,0,1,1,0,4,1,1,1,40,1,2,1,2,1,2,1,2,1,2,1,2,2,2,2,2,2,"Oklahoma",1
"22472",400263,40,16981,35.986,-97.143,6,6,6,1,16,3,0,12,0,1,1,0,1,1,10,2,40,1,2,1,2,2,2,2,2,2,2,3,1,2,2,2,2,2,"Oklahoma",0
"22473",400264,40,19925,34.63108611,-98.48295556,6,6,4,7,18,6,0,59,0,1,1,0,4,1,1,1,40,2,2,2,2,2,2,2,2,2,2,3,2,2,2,2,2,2,"Oklahoma",0
"22474",400265,40,15536,36.6803,-97.0493,2,2,6,5,13,2,0,1,0,2,2,0,1,1,1,1,40,1,2,1,1,2,1,2,2,2,2,2,2,1,2,2,2,2,"Oklahoma",0
"22475",400266,40,20161,34.5095,-97.1766,2,2,7,6,15,1,0,12,0,1,1,0,1,1,1,1,40,1,1,1,1,2,2,1,2,2,2,3,2,2,2,2,2,2,"Oklahoma",0
"22476",400267,40,21631,33.95421111,-96.41676667,2,2,7,4,2,2,0,12,0,3,2,0,1,3,1,1,40,2,2,2,1,2,2,2,2,2,2,2,2,2,2,2,2,2,"Oklahoma",0
"22477",400268,40,19046,35.0435,-98.3569,5,5,7,4,20,2,0,12,0,2,2,0,1,5,10,2,40,1,2,2,1,2,2,2,2,1,2,2,1,2,2,2,2,2,"Oklahoma",0
"22478",400269,40,17481,35.724,-96.752,2,2,7,5,5,3,0,12,0,2,2,0,1,2,10,1,40,1,2,2,1,2,2,2,2,2,2,3,2,2,1,2,2,2,"Oklahoma",0
"22479",400270,40,17135,35.9094,-94.9086,1,1,7,7,17,4,0,42,0,1,1,0,4,1,1,1,40,1,2,1,2,1,1,1,2,2,2,1,2,2,2,2,2,2,"Oklahoma",1
"22480",400271,40,17243,35.856,-96.3688,2,2,7,7,9,1,0,25,0,1,1,0,3,1,10,2,40,1,1,1,2,1,2,2,2,1,2,2,2,1,2,2,2,2,"Oklahoma",0
"22481",400272,40,18507,35.23285556,-97.403025,1,1,3,4,19,6,0,34,0,1,1,0,4,1,2,1,40,2,2,2,1,1,2,2,2,1,2,2,2,2,2,2,2,2,"Oklahoma",0