"","ST_CASE","OBJECT_ID","FID","LATITUDE","LONGITUD","PERMVIT","PERSONS","MONTH","DAY_WEEK","HOUR","ROUTE","SP_JUR","HARM_EV","RELJCT1","RELJCT2","TYP_INT","WRK_ZONE","REL_ROAD","LGT_COND","WEATHER","FATALS","STATE","A_RU","A_INTER","A_TOD","A_DOW","A_CT","A_MC","A_SPCRA","A_PED","A_ROLL","A_POLPUR","A_POSBAC","A_D15_20","A_D65PLS","A_D21_24","A_HR","A_DIST","A_DROWSY","STATE_NAME","drunkDr"
"22482",400273,40,21881,33.8955,-94.7135,6,6,5,6,18,3,0,12,0,8,1,0,1,1,1,1,40,1,2,2,2,3,2,2,2,1,2,3,2,1,1,2,2,2,"Oklahoma",0
"22483",400274,40,20936,34.1432,-96.8052,1,1,6,6,12,2,0,1,0,1,1,0,4,1,1,1,40,1,2,1,1,1,2,2,2,1,2,2,2,2,2,2,2,2,"Oklahoma",0
"22484",400275,40,18288,35.32158889,-99.60853056,4,4,7,7,18,1,0,1,0,1,1,0,3,1,10,1,40,1,1,2,2,1,2,2,2,1,2,2,2,2,2,2,1,2,"Oklahoma",0
"22485",400276,40,16366,36.1894,-96.9257,1,1,7,5,9,3,0,32,0,1,1,0,4,1,1,1,40,1,2,1,1,1,2,2,2,1,2,2,2,2,2,2,2,1,"Oklahoma",0
"22486",400277,40,15501,36.7041,-101.4751,1,1,7,5,18,4,0,8,0,1,1,0,1,1,1,1,40,2,2,2,1,1,2,2,1,2,2,3,1,2,2,2,1,2,"Oklahoma",0
"22487",400278,40,16769,36.06816667,-95.9579,1,1,6,4,21,6,0,8,0,1,1,0,1,2,1,1,40,2,2,2,1,1,2,2,1,2,2,3,1,2,2,1,2,2,"Oklahoma",0
"22488",400279,40,16714,36.08623611,-95.97574444,3,3,6,7,19,6,0,12,0,8,1,0,1,1,1,1,40,2,2,2,2,2,1,1,2,2,2,1,2,2,1,2,2,2,"Oklahoma",1
"22489",400280,40,17777,35.5565,-95.2378,4,4,6,6,15,8,0,12,0,1,1,0,1,1,2,1,40,1,2,1,1,2,2,1,2,2,2,3,2,2,2,2,2,2,"Oklahoma",0
"22490",400281,40,17942,35.476,-97.5795,1,1,7,6,22,1,0,33,1,5,1,0,8,3,1,1,40,2,1,2,2,1,1,1,2,2,2,1,2,2,2,2,2,2,"Oklahoma",1
"22491",400282,40,15442,36.7429,-96.6503,1,1,6,1,13,3,0,34,0,1,1,0,4,1,10,1,40,1,2,1,2,1,1,1,2,2,2,3,2,2,2,2,2,2,"Oklahoma",0
"22492",400283,40,17476,35.72535833,-98.08366111,2,2,7,6,23,4,0,12,0,2,2,0,1,2,1,1,40,1,2,2,2,2,1,2,2,2,2,3,2,2,2,2,2,2,"Oklahoma",0
"22493",400284,40,15658,36.5913,-97.8013,1,1,7,7,10,4,0,18,0,1,1,0,4,1,10,1,40,1,2,1,2,1,1,1,2,2,2,2,2,2,2,2,2,2,"Oklahoma",0
"22494",400285,40,18403,35.2709,-94.5284,2,2,5,2,15,2,0,35,0,1,1,0,4,1,1,1,40,1,2,1,1,1,2,2,2,1,2,1,2,2,2,2,2,2,"Oklahoma",1
"22495",400286,40,15935,36.390875,-97.93898611,4,4,6,4,19,2,0,12,0,1,1,0,1,1,10,1,40,2,2,2,1,2,1,1,2,2,2,1,2,2,2,2,2,2,"Oklahoma",1
"22496",400287,40,18131,35.3909,-96.8947,1,1,5,4,22,6,0,8,0,1,1,0,1,2,1,1,40,2,2,2,1,1,2,2,1,2,2,3,2,2,2,1,2,2,"Oklahoma",0
"22497",400288,40,17944,35.4749,-97.5792,1,1,7,4,5,1,0,8,0,1,1,0,1,3,2,1,40,2,1,2,1,1,2,2,1,2,2,3,2,2,2,1,2,2,"Oklahoma",0
"22498",400289,40,15656,36.5933,-96.2453,2,2,7,5,10,3,0,12,0,2,3,0,1,1,1,1,40,1,2,1,1,2,2,2,2,2,2,3,1,2,1,2,2,2,"Oklahoma",0
"22499",400290,40,18230,35.3508,-99.7882,2,2,7,4,23,3,0,12,0,1,1,0,1,2,1,2,40,1,2,2,1,2,2,2,2,1,2,2,2,2,2,2,2,2,"Oklahoma",0
"22500",400291,40,17937,35.47875833,-97.60029722,2,2,7,5,12,6,0,12,0,8,1,0,1,1,10,1,40,2,2,1,1,2,1,2,2,2,2,3,2,1,2,2,2,2,"Oklahoma",0
"22501",400292,40,19992,34.5986,-98.39045,3,3,7,6,22,2,0,12,0,2,2,0,1,2,1,1,40,2,2,2,2,2,1,1,2,2,2,3,1,2,2,2,2,2,"Oklahoma",0
"22502",400293,40,17200,35.8742,-94.6393,1,1,7,3,0,2,0,42,0,1,1,0,4,2,1,1,40,1,2,2,1,1,2,1,2,1,2,2,2,1,2,2,2,2,"Oklahoma",0
"22503",400294,40,16770,36.06734167,-95.97578333,2,2,7,6,10,6,0,12,0,2,2,0,1,1,1,1,40,2,2,1,1,2,1,2,2,2,2,3,2,1,1,2,2,2,"Oklahoma",0
"22504",400295,40,19914,34.63736667,-98.49648611,1,1,7,7,99,2,0,42,0,1,1,0,4,9,99,1,40,2,2,3,2,1,2,2,2,2,2,3,2,2,2,2,2,2,"Oklahoma",0
"22505",400296,40,15963,36.3765,-98.165,1,1,6,1,10,4,0,1,0,1,1,0,1,1,10,1,40,1,2,1,2,1,1,1,2,2,2,1,2,2,2,2,2,2,"Oklahoma",1
"22506",400297,40,16901,36.02544167,-95.81531667,2,2,5,4,20,6,0,12,0,1,1,0,1,3,1,1,40,2,2,2,1,2,2,2,2,2,2,1,2,2,2,2,2,2,"Oklahoma",1
"22507",400298,40,20248,34.4633,-98.4098,2,2,7,1,7,1,0,39,0,1,1,0,4,1,1,1,40,1,1,1,2,1,2,2,2,2,2,2,2,2,1,2,2,2,"Oklahoma",0
"22508",400299,40,16126,36.2941,-95.9241,5,5,7,7,3,2,0,12,0,1,1,0,1,2,1,4,40,1,2,2,2,2,1,2,2,2,2,1,2,2,1,2,2,2,"Oklahoma",1
"22509",400300,40,18933,35.0869,-96.2427,1,1,8,4,16,4,0,42,0,1,1,0,5,1,1,1,40,1,2,1,1,1,2,2,2,2,2,2,2,2,2,2,2,2,"Oklahoma",0
"22510",400301,40,17206,35.8706,-97.0185,5,5,3,1,18,2,0,12,0,1,1,0,1,1,1,3,40,1,2,2,2,3,1,2,2,2,2,2,1,2,2,2,2,2,"Oklahoma",0
"22511",400302,40,17828,35.53527778,-97.56566389,1,1,6,5,11,6,0,8,0,1,1,0,1,1,10,1,40,2,2,1,1,1,2,2,1,2,2,3,1,2,2,2,2,2,"Oklahoma",0
"22512",400303,40,17951,35.47133889,-97.45385556,1,1,7,1,0,6,0,33,0,1,1,0,4,2,1,1,40,2,2,2,2,1,2,1,2,1,1,1,2,2,2,2,2,2,"Oklahoma",1
"22513",400304,40,16820,36.05439444,-95.85927222,5,5,8,7,17,2,0,1,0,1,1,0,1,1,1,1,40,2,2,1,2,1,2,2,2,1,2,3,2,2,2,2,2,2,"Oklahoma",0
"22514",400305,40,20012,34.584125,-98.40470278,1,1,8,5,0,6,0,8,0,1,1,0,1,2,10,1,40,2,2,2,1,1,2,2,1,2,2,3,2,2,1,2,2,2,"Oklahoma",0
"22515",400306,40,20244,34.4653,-97.1497,4,4,7,5,18,1,0,12,0,1,1,4,1,1,1,1,40,1,1,2,1,2,2,2,2,2,2,2,2,2,2,2,2,2,"Oklahoma",0
"22516",400307,40,16474,36.1589,-96.0737,1,1,8,1,16,4,0,34,0,1,1,0,4,1,1,1,40,2,2,1,2,1,1,1,2,2,2,1,2,2,2,2,2,2,"Oklahoma",1
"22517",400308,40,16747,36.07518611,-96.00047222,6,6,8,6,1,6,0,42,0,1,1,0,4,2,1,1,40,2,2,2,1,1,2,1,2,2,2,3,1,2,2,2,2,2,"Oklahoma",0
"22518",400309,40,19839,34.6785,-98.8612,3,3,7,6,19,3,0,30,0,1,1,0,4,1,1,2,40,1,2,2,2,1,2,2,2,2,2,2,2,1,2,2,2,2,"Oklahoma",0
"22519",400310,40,17263,35.8467,-95.4027,3,3,6,5,10,8,0,12,1,5,1,0,1,1,1,1,40,1,2,1,1,2,2,2,2,2,2,3,2,1,1,2,2,2,"Oklahoma",0
"22520",400311,40,16353,36.1931,-97.3286,1,1,7,5,2,1,0,11,0,1,1,0,1,2,10,1,40,1,1,2,1,1,2,2,1,1,2,2,2,2,2,2,2,2,"Oklahoma",0
"22521",400312,40,17235,35.8595,-96.5664,1,1,7,6,21,4,0,11,0,1,1,0,1,2,1,1,40,1,2,2,2,1,1,2,2,2,2,1,2,2,2,2,2,2,"Oklahoma",1
"22522",400313,40,18367,35.291,-99.3023,1,1,7,5,8,3,0,9,0,1,1,0,1,1,1,1,40,1,2,1,1,1,2,2,2,2,2,2,2,2,2,2,1,2,"Oklahoma",0
"22523",400314,40,19697,34.7474,-96.6558,1,1,8,7,1,3,0,9,0,5,1,0,1,2,10,1,40,2,2,2,2,1,2,2,2,2,2,1,2,2,2,1,2,2,"Oklahoma",1
"22524",400315,40,18394,35.27358056,-97.37080556,1,1,6,1,12,4,0,8,0,1,1,0,1,1,1,1,40,1,2,1,2,1,2,2,1,2,2,3,2,1,2,2,2,2,"Oklahoma",0
"22525",400316,40,17449,35.7401,-97.3715,3,3,7,7,23,6,0,12,0,3,2,0,1,2,1,1,40,2,2,2,2,2,1,2,2,2,2,1,2,2,2,2,2,2,"Oklahoma",1
"22526",400317,40,19557,34.8151,-96.761,3,3,8,5,13,3,0,12,0,1,1,0,1,1,1,1,40,1,2,1,1,3,2,2,2,2,2,1,2,2,2,2,2,2,"Oklahoma",1
"22527",400318,40,19717,34.7381,-96.7794,1,1,8,5,16,4,0,1,0,1,1,0,4,1,1,1,40,1,2,1,1,1,2,2,2,1,2,2,1,2,2,2,2,2,"Oklahoma",0
"22528",400319,40,17867,35.5134,-97.5488,4,4,5,2,17,1,0,12,0,1,1,0,1,1,1,1,40,2,1,1,1,2,2,1,2,2,2,3,1,2,2,2,2,2,"Oklahoma",0
"22529",400320,40,20878,34.16708056,-95.41329444,1,1,8,1,5,3,0,32,0,1,1,0,4,2,1,1,40,1,2,2,2,1,2,2,2,2,2,2,1,2,2,2,2,2,"Oklahoma",1
"22530",400321,40,16514,36.1465,-96.1522,2,2,7,4,20,2,0,57,0,1,1,0,3,5,2,2,40,2,2,2,1,1,1,1,2,2,2,1,2,2,2,2,2,2,"Oklahoma",1
"22531",400322,40,15278,36.842,-97.7091,1,1,7,6,14,2,0,59,0,1,1,0,4,1,1,1,40,1,2,1,1,1,2,2,2,1,2,2,2,1,2,2,1,2,"Oklahoma",0
"22532",400323,40,15797,36.4965,-94.832,3,3,7,5,13,3,0,12,0,1,1,0,1,1,10,1,40,1,2,1,1,2,2,1,2,2,2,2,2,2,2,2,2,2,"Oklahoma",0
"22533",400324,40,16972,35.990025,-96.17837778,2,2,5,7,1,3,0,12,0,1,1,0,1,2,2,2,40,2,2,2,2,2,2,2,2,2,2,1,2,2,2,2,2,2,"Oklahoma",1
"22534",400325,40,17871,35.51138056,-97.50333611,2,2,6,2,13,6,0,12,0,3,2,0,1,1,1,1,40,2,2,1,1,2,1,2,2,2,2,3,2,1,1,2,1,2,"Oklahoma",0
"22535",400326,40,17504,35.7116,-95.9878,3,3,7,6,18,2,0,12,0,2,2,0,1,1,1,2,40,1,2,2,2,2,2,2,2,2,2,2,2,1,2,2,2,2,"Oklahoma",0
"22536",400327,40,18809,35.1308,-94.6967,5,5,8,7,1,4,0,1,0,1,1,0,4,2,1,3,40,1,2,2,2,1,2,1,2,1,1,1,1,2,2,2,2,2,"Oklahoma",1
"22537",400328,40,20459,34.3328,-98.4121,3,3,7,6,20,1,0,12,0,1,1,0,1,5,1,2,40,1,1,2,2,2,2,2,2,2,2,1,2,1,2,2,2,2,"Oklahoma",1
"22538",400329,40,18215,35.35643611,-97.42380278,2,2,8,7,4,2,0,12,0,1,1,0,1,2,1,1,40,2,2,2,2,2,2,2,2,2,2,2,2,1,2,2,2,2,"Oklahoma",0
"22539",400330,40,18102,35.40141389,-97.53238333,5,5,8,7,23,6,0,12,0,2,2,0,1,3,10,1,40,2,2,2,2,2,2,1,2,1,2,3,1,2,2,1,2,2,"Oklahoma",0
"22540",400331,40,15979,36.36564444,-95.90714444,3,3,6,4,21,3,0,12,0,1,1,0,1,2,1,1,40,2,2,2,1,2,2,2,2,2,2,3,2,1,2,2,2,2,"Oklahoma",0
"22541",400332,40,19509,34.8361,-97.7912,2,2,7,2,7,4,0,34,0,1,1,0,4,1,1,1,40,1,2,1,1,1,2,1,2,1,2,2,2,2,2,2,2,2,"Oklahoma",0
"22542",400333,40,15530,36.6846,-95.6133,1,1,8,4,16,4,0,38,0,1,1,0,4,1,10,1,40,1,2,1,1,1,2,1,2,1,2,2,1,2,2,2,2,2,"Oklahoma",0
"22543",400334,40,17842,35.5256,-97.6974,4,4,8,1,16,8,0,12,0,1,1,0,1,1,1,1,40,2,2,1,2,2,2,1,2,1,2,3,1,1,2,2,2,2,"Oklahoma",0
"22544",400335,40,15296,36.826,-100.8647,4,4,8,5,5,2,0,12,0,1,1,0,1,2,1,1,40,1,2,2,1,2,2,2,2,1,2,2,1,2,2,2,2,2,"Oklahoma",0
"22545",400336,40,18150,35.3836,-94.7158,2,2,8,2,15,3,0,23,0,1,1,0,4,1,1,1,40,1,2,1,1,1,2,1,2,1,2,2,2,2,2,2,2,2,"Oklahoma",0
"22546",400337,40,17915,35.4924,-97.4653,2,2,8,4,2,1,0,12,0,1,1,0,1,3,1,1,40,2,1,2,1,2,1,1,2,2,2,1,2,2,1,2,2,2,"Oklahoma",1
"22547",400338,40,22252,33.7794,-94.7914,1,1,8,2,21,2,0,35,0,1,1,0,4,2,10,1,40,1,2,2,1,1,2,2,2,1,2,3,2,1,2,2,2,2,"Oklahoma",0
"22548",400339,40,17163,35.8965,-95.403,2,2,8,5,14,2,0,12,0,1,1,0,1,1,1,1,40,1,2,1,1,2,2,2,2,1,2,2,2,1,2,2,1,2,"Oklahoma",0
"22549",400340,40,16856,36.0431,-97.2453,1,1,8,5,8,4,0,34,0,1,1,0,4,1,1,1,40,1,2,1,1,1,2,2,2,2,2,1,2,2,2,2,2,2,"Oklahoma",1
"22550",400341,40,16561,36.135,-95.98846944,3,3,8,3,18,6,0,12,0,2,3,0,1,1,1,1,40,2,2,2,1,2,1,2,2,2,2,3,1,2,2,2,2,2,"Oklahoma",0
"22551",400342,40,18346,35.29674167,-97.44170556,2,2,7,4,12,6,0,12,0,8,1,0,1,1,1,1,40,2,2,1,1,2,1,2,2,2,2,2,2,2,2,2,2,2,"Oklahoma",0
"22552",400343,40,17977,35.46423611,-97.41325556,2,2,8,7,20,6,0,1,0,2,3,0,1,3,1,1,40,2,2,2,2,1,1,2,2,2,2,2,2,2,2,2,2,2,"Oklahoma",0
"22553",400344,40,16449,36.163,-95.7402,4,4,8,7,21,2,1,12,0,1,1,0,1,2,1,1,40,1,2,2,2,3,1,2,2,2,2,1,2,2,2,2,2,2,"Oklahoma",1
"22554",400345,40,16621,36.11498611,-95.91244167,1,1,7,6,22,2,0,25,0,1,1,0,3,3,1,1,40,2,2,2,2,1,1,1,2,2,2,2,2,2,1,2,2,2,"Oklahoma",0
"22555",400346,40,16615,36.1159,-98.1862,1,1,8,5,13,3,0,34,0,1,1,0,4,1,1,1,40,1,2,1,1,1,2,2,2,1,2,2,2,2,2,2,2,2,"Oklahoma",0
"22556",400347,40,18326,35.3068,-97.4898,2,2,8,5,4,1,0,12,0,1,1,0,1,3,1,1,40,2,1,2,1,2,2,2,2,1,2,3,2,2,2,2,2,2,"Oklahoma",0
"22557",400348,40,18298,35.3191,-95.5073,2,2,8,2,16,4,0,42,0,1,1,0,4,1,1,1,40,1,2,1,1,1,2,2,2,2,2,1,2,2,2,2,2,2,"Oklahoma",1
"22558",400349,40,18474,35.2455,-94.574,1,1,8,5,16,2,0,1,0,2,2,0,1,1,1,1,40,1,2,1,1,1,1,2,2,2,2,3,2,2,2,2,2,2,"Oklahoma",0
"22559",400350,40,17938,35.4781,-97.0624,2,2,8,2,2,4,0,34,0,1,1,0,4,2,1,1,40,1,2,2,2,1,2,2,2,1,2,1,2,2,2,2,1,2,"Oklahoma",1
"22560",400351,40,15528,36.685,-94.8357,1,1,7,7,0,4,0,30,0,1,1,0,4,2,1,1,40,1,2,2,2,1,2,1,2,1,2,3,2,2,2,2,2,2,"Oklahoma",0
"22561",400352,40,16500,36.1508,-96.1653,1,1,7,3,11,4,0,24,0,1,1,0,4,1,1,1,40,1,2,1,1,1,2,2,2,1,2,2,2,1,2,2,2,2,"Oklahoma",0
"22562",400353,40,16614,36.1162,-97.0013,1,1,8,7,20,3,0,1,0,1,1,0,4,2,1,1,40,1,2,2,2,1,1,2,2,2,2,2,2,2,2,2,2,2,"Oklahoma",0
"22563",400354,40,18166,35.37725,-97.50073333,1,1,8,6,4,6,0,8,0,1,1,0,1,2,10,1,40,2,2,2,1,1,2,2,1,2,2,3,2,2,2,1,2,2,"Oklahoma",0
"22564",400355,40,19475,34.8539,-98.8665,1,1,8,7,16,3,0,31,0,1,1,0,4,1,1,1,40,1,2,1,2,1,1,1,2,2,2,2,2,2,2,2,2,2,"Oklahoma",0
"22565",400356,40,19250,34.9497,-97.3452,1,1,8,7,11,2,0,9,0,1,1,0,1,1,1,1,40,2,2,1,2,1,2,2,2,2,2,2,2,2,2,2,1,2,"Oklahoma",0
"22566",400357,40,17934,35.4791,-97.5095,3,3,8,1,2,1,0,8,0,1,1,0,1,3,1,1,40,2,1,2,2,1,2,2,1,2,2,1,2,2,1,1,2,2,"Oklahoma",1
"22567",400358,40,15853,36.4461,-95.5097,1,1,7,5,3,3,0,8,0,1,1,0,1,2,1,1,40,1,2,2,1,1,2,2,1,2,2,2,1,2,2,2,2,2,"Oklahoma",0
"22568",400359,40,17821,35.53680556,-97.46726667,2,2,9,3,21,6,0,34,0,1,1,0,4,2,1,1,40,2,2,2,1,1,2,1,2,1,2,1,2,2,2,2,2,2,"Oklahoma",1
"22569",400360,40,16982,35.9859,-96.8738,3,3,9,6,10,3,0,12,0,2,3,0,1,1,1,1,40,1,2,1,1,2,2,2,2,2,2,3,2,2,2,2,2,2,"Oklahoma",0
"22570",400361,40,18257,35.3332,-96.992,4,4,9,7,13,4,0,34,0,1,1,0,4,1,1,1,40,1,2,1,2,1,2,2,2,2,2,1,1,2,2,2,2,2,"Oklahoma",1
"22571",400362,40,17910,35.49316944,-97.45221389,2,2,9,1,16,2,0,1,0,1,1,0,1,1,1,1,40,2,2,1,2,1,2,1,2,1,2,2,2,2,2,2,2,2,"Oklahoma",0
"22572",400363,40,18060,35.42078611,-97.45563333,2,2,7,7,21,6,0,8,0,1,1,0,1,3,10,1,40,2,2,2,2,1,2,2,1,2,2,3,2,2,2,2,2,2,"Oklahoma",0
"22573",400364,40,18831,35.1222,-95.6658,1,1,9,7,21,6,0,52,0,1,1,0,4,2,1,1,40,1,2,2,2,1,2,1,2,2,2,3,2,2,2,2,2,2,"Oklahoma",1
"22574",400365,40,17576,35.661,-97.1112,11,11,7,6,16,1,0,12,0,1,1,4,1,1,10,1,40,1,1,1,1,3,2,1,2,1,2,3,2,2,1,2,2,2,"Oklahoma",0
"22575",400366,40,15661,36.5881,-101.6942,2,2,8,2,10,4,0,12,0,1,1,0,1,1,1,1,40,1,2,1,1,2,2,2,2,2,2,3,2,2,1,2,1,2,"Oklahoma",0
"22576",400367,40,18301,35.31851111,-97.15718056,3,3,9,1,22,6,0,35,0,1,1,0,4,2,1,2,40,2,2,2,2,1,2,1,2,1,2,1,2,2,2,2,2,2,"Oklahoma",1
"22577",400368,40,15899,36.4123,-95.011,2,2,9,3,17,3,0,11,0,1,1,0,1,1,2,1,40,1,2,1,1,1,1,2,2,2,2,2,2,2,2,2,2,2,"Oklahoma",0
"22578",400369,40,16439,36.1681,-95.7322,5,5,7,6,18,1,0,12,0,1,1,0,1,1,10,2,40,2,1,2,2,3,2,2,2,2,2,1,2,2,2,2,2,2,"Oklahoma",1
"22579",400370,40,19938,34.6233,-99.2814,2,2,9,2,16,4,0,32,0,3,2,0,4,1,1,1,40,2,2,1,1,1,2,2,2,2,2,1,2,2,2,2,1,2,"Oklahoma",1
"22580",400371,40,16065,36.3218,-95.7612,2,2,8,6,7,3,0,12,0,1,1,0,1,1,10,1,40,1,2,1,1,2,2,2,2,1,2,3,2,2,2,2,2,2,"Oklahoma",0
"22581",400372,40,15790,36.5001,-95.7036,1,1,8,1,21,2,0,5,0,1,1,0,1,2,1,1,40,1,2,2,2,1,1,1,2,2,2,2,1,2,2,2,2,2,"Oklahoma",0
"22582",400373,40,16169,36.2751,-98.335,1,1,8,6,7,3,0,42,0,1,1,0,4,1,10,1,40,1,2,1,1,1,2,2,2,2,2,2,2,2,2,2,2,2,"Oklahoma",0
"22583",400374,40,20361,34.3973,-97.503,1,1,9,1,11,3,0,1,0,1,1,0,4,1,10,1,40,1,2,1,2,1,2,2,2,1,2,2,2,1,2,2,1,2,"Oklahoma",0
"22584",400375,40,17028,35.9618,-94.6473,1,1,9,6,20,4,0,1,0,1,1,0,1,2,1,1,40,1,2,2,2,1,2,1,2,1,2,3,2,2,2,2,2,2,"Oklahoma",1
"22585",400376,40,17550,35.6792,-97.0937,4,4,9,3,15,3,0,12,1,5,1,0,1,1,1,1,40,1,2,1,1,2,2,2,2,2,2,3,2,1,1,2,2,2,"Oklahoma",0
"22586",400377,40,15424,36.7528,-96.0802,9,9,9,4,11,2,0,12,0,3,2,0,1,1,1,1,40,1,2,1,1,3,2,2,2,2,2,3,2,1,1,2,2,2,"Oklahoma",0
"22587",400378,40,18511,35.232,-97.1714,3,3,9,6,14,3,0,12,0,8,1,0,1,1,1,1,40,1,2,1,1,2,2,2,2,2,2,3,2,1,2,2,2,2,"Oklahoma",0
"22588",400379,40,19171,34.9867,-97.0419,1,1,9,6,3,3,0,1,0,1,1,0,4,2,1,1,40,1,2,2,1,1,2,2,2,1,2,2,2,2,2,2,2,2,"Oklahoma",0
"22589",400380,40,17917,35.48975278,-97.72470556,4,4,7,1,10,3,0,12,0,2,2,0,1,1,10,1,40,2,2,1,2,2,1,2,2,2,2,2,2,1,2,2,2,2,"Oklahoma",0
"22590",400381,40,19204,34.97128056,-97.27405833,1,1,7,7,7,4,0,8,0,1,1,0,4,4,1,1,40,1,2,1,2,1,2,2,1,2,2,2,2,2,2,2,1,2,"Oklahoma",0
"22591",400382,40,18617,35.19991111,-97.480475,2,2,5,1,0,1,0,12,1,20,1,4,1,3,1,1,40,2,1,2,2,2,1,2,2,2,2,1,2,2,1,2,1,2,"Oklahoma",1
"22592",400383,40,15577,36.6461,-101.5364,2,3,9,6,16,2,0,45,0,1,1,2,1,1,1,1,40,1,2,1,1,1,2,2,2,2,2,3,2,2,2,2,2,2,"Oklahoma",0
"22593",400384,40,17617,35.6408,-97.4828,2,2,9,3,9,1,0,5,0,1,1,0,1,1,1,1,40,2,1,1,1,2,1,2,2,2,2,3,2,2,2,2,2,2,"Oklahoma",0
"22594",400385,40,16061,36.3238,-96.839,3,3,9,6,13,2,0,52,0,1,1,0,4,1,1,1,40,1,2,1,1,1,2,2,2,1,2,2,2,2,2,2,2,2,"Oklahoma",0
"22595",400386,40,15890,36.4193,-95.6789,4,4,9,7,15,3,0,59,0,1,1,0,4,1,1,2,40,1,2,1,2,1,2,2,2,1,2,1,2,2,2,2,2,2,"Oklahoma",1
"22596",400387,40,19372,34.8974,-97.6304,2,2,9,6,7,3,0,12,0,1,1,0,1,4,1,1,40,1,2,1,1,2,1,1,2,2,2,2,2,2,1,2,2,2,"Oklahoma",0
"22597",400388,40,18797,35.1356,-96.758,2,2,9,6,12,3,0,12,0,1,1,0,1,1,1,1,40,1,2,1,1,2,2,1,2,2,2,3,2,1,2,2,2,2,"Oklahoma",0
"22598",400389,40,18094,35.4051,-94.4585,1,1,9,5,22,2,0,8,0,1,1,0,1,2,5,1,40,1,2,2,1,1,2,2,1,2,2,3,2,2,2,2,2,2,"Oklahoma",0
"22599",400390,40,21880,33.89556667,-94.84969444,1,1,8,1,3,3,0,59,0,1,1,0,4,2,1,1,40,2,2,2,2,1,2,2,2,1,2,1,2,2,1,2,2,2,"Oklahoma",1
"22600",400391,40,21084,34.10054722,-96.77616944,2,2,9,2,19,2,0,12,0,1,1,0,1,3,1,1,40,1,2,2,1,2,1,1,2,2,2,3,1,2,1,2,2,2,"Oklahoma",0
"22601",400392,40,15164,36.929,-94.7317,2,2,7,7,0,1,0,12,0,1,1,0,1,2,10,2,40,1,1,2,2,3,2,2,1,2,2,2,2,2,2,2,1,2,"Oklahoma",0
"22602",400393,40,19371,34.8984,-95.0353,1,1,8,2,11,4,0,42,0,1,1,0,4,1,1,1,40,1,2,1,1,1,2,1,2,2,2,2,1,2,2,2,2,2,"Oklahoma",0
"22603",400394,40,15653,36.5976,-95.9343,2,2,7,4,11,2,0,12,0,2,2,0,1,1,1,1,40,1,2,1,1,2,2,2,2,2,2,2,2,1,2,2,2,2,"Oklahoma",0
"22604",400395,40,19274,34.9403,-95.91,3,3,9,1,15,2,0,12,0,1,1,0,1,1,1,1,40,1,2,1,2,2,2,2,2,1,2,3,2,2,2,2,2,2,"Oklahoma",0
"22605",400396,40,17374,35.7837,-97.7278,5,5,9,3,17,4,0,12,0,2,2,0,1,1,1,1,40,1,2,1,1,2,2,2,2,1,2,2,1,2,2,2,2,2,"Oklahoma",0
"22606",400397,40,17975,35.4645,-97.6012,3,3,9,2,19,6,0,12,0,2,2,0,1,3,1,1,40,2,2,2,1,2,1,1,2,2,1,3,2,2,1,2,2,2,"Oklahoma",0
"22607",400398,40,19290,34.9318,-95.6796,1,1,9,4,17,3,0,1,0,1,1,0,4,1,1,1,40,1,2,1,1,1,2,2,2,1,2,1,2,1,2,2,2,2,"Oklahoma",1
"22608",400399,40,16066,36.3218,-95.7835,3,3,9,3,8,3,0,12,0,1,1,0,1,1,10,1,40,1,2,1,1,3,2,2,2,2,2,3,1,2,2,2,2,2,"Oklahoma",0
"22609",400400,40,18057,35.4217,-95.9994,2,2,9,2,9,3,0,35,0,1,1,0,4,1,1,1,40,1,2,1,1,1,2,1,2,1,2,2,2,2,2,2,2,2,"Oklahoma",0
"22610",400401,40,18174,35.3735,-95.2733,3,3,9,2,18,3,0,12,0,1,1,0,1,1,1,1,40,1,2,2,1,2,2,2,2,2,2,1,2,2,2,2,2,2,"Oklahoma",1
"22611",400402,40,15888,36.4204,-99.0063,1,1,9,2,12,2,0,38,0,1,1,0,4,1,1,1,40,1,2,1,1,1,2,1,2,1,2,2,2,2,2,2,2,2,"Oklahoma",0
"22612",400403,40,15128,36.9521,-97.0519,5,5,9,1,9,2,0,12,0,1,1,0,1,1,10,1,40,1,2,1,2,2,2,2,2,2,2,3,1,2,2,2,2,1,"Oklahoma",0
"22613",400404,40,19627,34.7813,-97.2939,2,2,9,4,20,1,0,12,0,1,1,1,1,2,1,1,40,1,1,2,1,2,2,1,2,2,2,1,2,2,2,2,2,2,"Oklahoma",1
"22614",400405,40,17889,35.50145556,-97.52984444,1,1,9,6,7,6,0,8,0,1,1,0,1,4,1,1,40,1,2,1,1,1,2,2,1,2,2,3,2,1,2,2,2,2,"Oklahoma",0
"22615",400406,40,17793,35.5515,-94.7308,1,1,9,1,18,2,0,58,0,1,1,0,4,1,1,1,40,1,2,2,2,1,2,1,2,1,2,2,2,2,2,2,2,2,"Oklahoma",0
"22616",400407,40,15481,36.7167,-100.8288,3,3,9,2,13,2,0,12,0,1,1,0,1,1,10,1,40,1,2,1,1,2,2,2,2,2,2,3,2,1,2,2,1,2,"Oklahoma",0
"22617",400408,40,15522,36.69,-97.2921,4,4,9,3,6,2,0,12,0,1,1,0,1,2,1,1,40,1,2,1,1,3,2,2,2,2,2,3,2,1,2,2,2,2,"Oklahoma",0
"22618",400409,40,18064,35.41941111,-97.58335556,2,2,9,3,19,6,0,33,0,1,1,0,4,5,1,1,40,2,2,2,1,1,2,1,2,1,2,2,2,2,2,2,2,2,"Oklahoma",1
"22619",400410,40,18042,35.434,-96.764,5,5,9,4,21,4,0,42,0,1,1,0,4,2,1,1,40,1,2,2,1,1,2,2,2,2,2,2,1,2,2,2,1,2,"Oklahoma",0
"22620",400411,40,19773,34.7138,-94.6683,1,1,10,5,11,3,0,42,0,1,1,0,4,1,1,1,40,1,2,1,1,1,1,1,2,2,2,2,2,1,2,2,2,2,"Oklahoma",0
"22621",400412,40,18099,35.4036,-97.5768,3,3,6,7,20,1,0,12,0,1,1,0,1,1,1,1,40,2,1,2,2,2,2,2,2,1,2,2,2,2,1,2,2,2,"Oklahoma",1
"22622",400413,40,19281,34.9377,-98.4444,1,1,9,3,16,4,0,52,0,1,1,0,4,1,1,1,40,1,2,1,1,1,2,1,2,1,2,2,2,2,2,2,2,2,"Oklahoma",0