"","ST_CASE","OBJECT_ID","FID","LATITUDE","LONGITUD","PERMVIT","PERSONS","MONTH","DAY_WEEK","HOUR","ROUTE","SP_JUR","HARM_EV","RELJCT1","RELJCT2","TYP_INT","WRK_ZONE","REL_ROAD","LGT_COND","WEATHER","FATALS","STATE","A_RU","A_INTER","A_TOD","A_DOW","A_CT","A_MC","A_SPCRA","A_PED","A_ROLL","A_POLPUR","A_POSBAC","A_D15_20","A_D65PLS","A_D21_24","A_HR","A_DIST","A_DROWSY","STATE_NAME","drunkDr"
"22623",400414,40,15585,36.6396,-100.8287,2,2,10,5,23,2,0,12,0,1,1,0,1,2,10,2,40,1,2,2,1,2,2,2,2,2,2,1,2,2,2,2,2,2,"Oklahoma",1
"22624",400415,40,16493,36.152725,-97.06965,8,8,10,7,19,4,0,12,0,8,1,0,1,3,1,1,40,2,2,2,2,3,2,2,2,2,2,3,1,2,2,2,2,2,"Oklahoma",0
"22625",400416,40,16253,36.23216389,-95.86883056,2,2,10,1,3,6,0,30,0,1,1,0,4,3,1,2,40,2,2,2,2,1,2,1,2,1,2,2,2,2,1,2,2,2,"Oklahoma",0
"22626",400417,40,16480,36.1576,-96.056,3,3,9,6,1,2,0,8,0,1,1,0,1,2,1,1,40,2,2,2,1,1,2,2,1,2,2,3,2,2,1,2,2,2,"Oklahoma",0
"22627",400418,40,17841,35.52627222,-97.56413611,1,1,10,7,1,3,0,33,1,5,1,0,4,3,10,1,40,2,2,2,2,1,1,1,2,2,2,1,2,2,2,2,2,2,"Oklahoma",1
"22628",400419,40,19102,35.01872778,-94.66566389,4,4,7,2,15,2,0,12,0,3,3,0,1,1,1,1,40,2,2,1,1,2,2,2,2,2,2,3,1,2,2,2,1,2,"Oklahoma",0
"22629",400420,40,20818,34.19014444,-97.23038056,1,1,10,7,13,6,0,38,0,1,1,0,4,1,1,1,40,1,2,1,2,1,2,1,2,1,2,1,2,2,2,2,2,2,"Oklahoma",1
"22630",400421,40,15222,36.886375,-97.05356667,1,1,7,2,11,2,0,33,0,3,2,0,4,1,2,1,40,1,2,1,1,1,2,2,2,2,2,3,2,1,2,2,1,2,"Oklahoma",0
"22631",400422,40,15092,36.9779,-94.6407,1,1,8,2,15,1,0,25,0,1,1,0,3,1,1,1,40,1,1,1,1,1,2,2,2,2,2,2,2,2,2,2,2,2,"Oklahoma",0
"22632",400423,40,18338,35.30409722,-96.90662222,1,1,7,7,11,6,0,42,0,1,1,0,4,1,10,1,40,2,2,1,2,1,2,2,2,2,2,2,2,2,2,2,2,2,"Oklahoma",0
"22633",400424,40,17680,35.60259444,-97.577875,1,1,10,1,0,6,0,33,0,1,1,0,4,2,1,1,40,2,2,2,2,1,2,1,2,2,2,1,1,2,2,2,2,2,"Oklahoma",1
"22634",400425,40,16991,35.97953889,-95.38115278,2,2,7,3,13,2,0,35,0,1,1,0,4,1,2,1,40,2,2,1,1,1,2,2,2,1,2,2,2,2,2,2,2,2,"Oklahoma",0
"22635",400426,40,20688,34.22990278,-95.63094167,3,3,7,3,14,3,0,12,0,8,1,0,1,1,1,1,40,1,2,1,1,3,2,2,2,2,2,1,1,2,2,2,2,2,"Oklahoma",1
"22636",400427,40,17664,35.60925,-97.38897222,3,3,9,1,20,6,0,12,0,1,1,0,1,2,10,1,40,2,2,2,2,2,2,1,2,2,2,3,1,2,2,2,2,2,"Oklahoma",0
"22637",400428,40,20792,34.1992,-96.5426,1,1,8,2,15,3,0,59,0,1,1,0,4,1,1,1,40,1,2,1,1,1,2,1,2,2,2,3,2,2,2,2,2,2,"Oklahoma",0
"22638",400429,40,15615,36.6251,-94.7532,2,2,8,4,19,4,0,42,0,1,1,0,4,5,10,1,40,1,2,2,1,1,2,1,2,2,2,3,2,2,1,2,2,2,"Oklahoma",1
"22639",400430,40,21797,33.914,-95.5076,1,1,9,4,23,2,0,8,0,1,1,0,2,2,1,1,40,1,2,2,1,1,2,2,1,1,2,1,2,2,1,2,1,1,"Oklahoma",1
"22640",400431,40,17350,35.7985,-95.4014,5,5,10,6,17,2,0,12,0,2,2,0,1,1,1,1,40,2,2,1,1,2,2,2,2,2,2,2,2,2,2,2,2,2,"Oklahoma",0
"22641",400432,40,17652,35.61596111,-97.58495278,3,3,10,7,23,3,0,12,0,1,1,4,1,2,10,1,40,2,2,2,2,2,1,1,2,2,2,3,2,2,2,2,2,2,"Oklahoma",0
"22642",400433,40,18091,35.40625833,-97.26499722,4,4,10,7,19,6,0,12,0,2,2,0,1,2,10,1,40,2,2,2,2,2,2,2,2,2,2,1,1,2,2,2,2,2,"Oklahoma",1
"22643",400434,40,18379,35.28051389,-94.45987222,1,1,7,6,17,6,0,35,0,1,1,0,4,1,1,1,40,1,2,1,1,1,2,1,2,1,2,1,2,2,2,2,2,2,"Oklahoma",1
"22644",400435,40,20695,34.2284,-95.5964,1,1,7,1,18,3,0,35,0,1,1,0,4,1,1,1,40,1,2,2,2,1,2,2,2,1,2,3,2,2,2,2,2,2,"Oklahoma",0
"22645",400436,40,16606,36.118925,-95.83677222,3,3,10,1,2,6,0,33,0,1,1,0,4,2,1,1,40,2,2,2,2,1,2,1,2,1,2,1,2,2,1,2,2,2,"Oklahoma",1
"22646",400437,40,15414,36.7581,-97.319,2,2,10,2,16,4,0,32,0,1,1,0,4,1,1,1,40,2,2,1,1,1,2,2,2,1,2,3,1,2,2,2,1,2,"Oklahoma",0
"22647",400438,40,21485,33.99519444,-95.504325,1,1,10,3,20,2,0,8,0,1,1,0,1,3,1,1,40,1,2,2,1,1,2,2,1,2,2,2,2,2,2,2,2,2,"Oklahoma",0
"22648",400439,40,15548,36.6661,-98.0196,2,2,10,7,10,2,0,12,0,2,2,0,1,1,10,1,40,1,2,1,2,2,2,2,2,2,2,2,2,1,2,2,2,2,"Oklahoma",0
"22649",400440,40,15357,36.787,-94.9273,2,2,10,6,6,2,0,12,0,1,1,0,1,2,1,1,40,1,2,1,1,2,2,2,2,2,2,2,2,2,2,2,2,2,"Oklahoma",0
"22650",400441,40,18043,35.4338,-96.7078,1,1,10,5,2,4,0,1,0,1,1,0,1,2,1,1,40,1,2,2,1,1,2,2,2,1,2,1,2,2,2,2,2,2,"Oklahoma",1
"22651",400442,40,21412,34.0164,-95.1739,4,4,10,3,7,2,0,12,0,2,2,0,1,1,1,1,40,1,2,1,1,2,2,2,2,2,2,3,2,2,2,2,2,2,"Oklahoma",0
"22652",400443,40,16392,36.17953889,-94.65153333,7,7,8,5,21,2,0,12,0,1,1,0,1,2,10,2,40,2,2,2,1,2,2,2,2,2,2,3,1,1,2,2,2,2,"Oklahoma",0
"22653",400444,40,19829,34.6814,-99.8065,3,3,10,4,12,2,0,12,0,1,1,0,1,1,1,1,40,1,2,1,1,3,2,2,2,2,2,2,2,2,2,2,2,2,"Oklahoma",0
"22654",400445,40,18697,35.17134722,-97.49252778,3,3,10,6,11,1,0,32,0,1,1,0,4,1,2,2,40,1,1,1,1,1,2,2,2,2,2,2,2,2,2,2,2,2,"Oklahoma",0
"22655",400446,40,19430,34.871,-95.5583,2,2,11,3,8,4,0,42,0,1,1,0,4,1,1,1,40,1,2,1,1,1,2,1,2,1,2,2,2,2,1,2,2,2,"Oklahoma",0
"22656",400447,40,18783,35.1444,-95.8994,2,2,10,5,21,8,0,25,0,1,1,0,3,2,1,1,40,1,2,2,1,1,2,1,2,1,2,1,2,2,2,2,2,2,"Oklahoma",1
"22657",400448,40,19911,34.6378,-99.4743,3,3,10,3,16,2,0,12,0,2,2,0,1,1,1,1,40,1,2,1,1,2,2,2,2,2,2,2,2,1,2,2,2,2,"Oklahoma",0
"22658",400449,40,19943,34.6223,-96.9676,2,2,10,4,13,2,0,12,0,2,2,0,1,1,1,1,40,1,2,1,1,2,2,2,2,2,2,1,2,2,2,2,2,2,"Oklahoma",1
"22659",400450,40,15447,36.74,-97.6781,3,3,10,7,21,4,0,1,0,1,1,0,1,2,1,1,40,1,2,2,2,1,2,1,2,1,2,3,1,2,2,2,2,2,"Oklahoma",0
"22660",400451,40,17036,35.95885,-95.91679444,1,1,8,4,23,6,0,38,0,1,1,0,4,2,10,1,40,2,2,2,1,1,1,1,2,2,2,2,2,2,1,2,2,2,"Oklahoma",0
"22661",400452,40,18121,35.39343611,-94.59575,2,2,8,4,3,1,0,59,0,5,1,0,8,2,1,1,40,1,1,2,1,1,1,1,2,2,2,1,2,2,2,2,2,2,"Oklahoma",1
"22662",400453,40,18107,35.3996,-97.3091,4,4,10,4,16,1,0,12,0,1,1,0,1,1,1,1,40,2,1,1,1,3,2,2,2,2,2,3,2,1,2,2,2,2,"Oklahoma",0
"22663",400454,40,18149,35.3837,-96.9385,4,4,10,4,6,1,0,8,0,1,1,0,1,2,10,1,40,2,1,1,1,3,2,2,1,2,2,3,2,2,2,2,1,2,"Oklahoma",0
"22664",400455,40,15870,36.4337,-99.3639,2,2,10,5,8,2,0,12,0,1,1,0,1,1,2,1,40,1,2,1,1,2,2,1,2,2,2,2,2,2,2,2,2,2,"Oklahoma",0
"22665",400456,40,15469,36.7239,-101.4906,1,1,10,5,7,2,0,11,0,1,1,0,1,4,1,1,40,1,2,1,1,1,2,2,2,1,2,2,2,2,2,2,2,2,"Oklahoma",0
"22666",400457,40,18087,35.4073,-99.5135,2,2,11,7,6,3,0,12,0,1,1,0,1,4,1,1,40,1,2,1,2,2,2,2,2,2,2,3,2,2,2,2,2,2,"Oklahoma",0
"22667",400458,40,17340,35.805,-95.3207,1,1,9,3,14,8,0,5,0,1,1,1,2,1,1,1,40,1,2,1,1,1,1,2,2,2,2,2,2,2,2,2,2,2,"Oklahoma",0
"22668",400459,40,18061,35.42074722,-97.43656667,1,1,9,5,16,6,0,8,0,1,1,0,1,1,10,1,40,2,2,1,1,1,2,2,1,2,2,3,2,1,2,2,2,2,"Oklahoma",0
"22669",400460,40,18144,35.38444722,-97.49222222,1,1,10,5,15,6,0,30,0,1,1,0,4,1,1,1,40,2,2,1,1,1,2,2,2,2,2,2,2,2,2,2,2,2,"Oklahoma",0
"22670",400461,40,18947,35.0841,-98.0755,3,3,10,1,14,2,0,12,0,2,3,0,1,1,10,1,40,1,2,1,2,2,2,2,2,2,2,3,2,1,2,2,2,2,"Oklahoma",0
"22671",400462,40,18844,35.1183,-97.8818,1,1,10,5,20,3,0,1,0,1,1,0,1,2,1,1,40,1,2,2,1,1,2,1,2,1,2,1,2,2,2,2,2,2,"Oklahoma",1
"22672",400463,40,15495,36.71047222,-97.03176389,3,3,9,7,1,6,0,33,0,1,1,0,4,2,1,1,40,2,2,2,2,1,2,1,2,1,2,1,1,2,2,2,2,2,"Oklahoma",1
"22673",400464,40,17663,35.60951944,-97.376,2,2,9,7,15,6,0,1,0,1,1,0,1,1,1,1,40,2,2,1,2,1,2,1,2,1,2,3,2,2,1,2,2,2,"Oklahoma",0
"22674",400465,40,15479,36.71694167,-97.07851667,1,1,9,6,20,6,0,8,0,1,1,0,1,3,1,1,40,2,2,2,2,1,2,2,1,2,2,2,2,2,2,2,2,2,"Oklahoma",0
"22675",400466,40,16431,36.17148056,-95.95819444,1,1,10,6,19,6,0,8,0,1,1,0,1,3,1,1,40,2,2,2,2,1,2,2,1,2,2,2,2,2,2,2,2,2,"Oklahoma",0
"22676",400467,40,16825,36.05276111,-95.90421667,1,1,10,3,20,6,0,8,0,1,1,0,1,3,1,1,40,2,2,2,1,1,2,2,1,2,2,2,2,2,2,2,2,2,"Oklahoma",0
"22677",400468,40,16483,36.15673611,-95.97556667,1,1,11,1,1,6,0,33,0,3,2,0,4,3,10,1,40,2,2,2,2,1,2,1,2,2,2,1,2,2,2,2,2,2,"Oklahoma",1
"22678",400469,40,20477,34.325,-96.4215,1,1,10,2,8,3,0,38,0,1,1,0,5,1,1,1,40,1,2,1,1,1,1,1,2,2,2,2,2,2,2,2,2,2,"Oklahoma",0
"22679",400470,40,17621,35.63848889,-97.52154167,1,1,8,1,16,6,0,33,0,1,1,0,4,1,10,1,40,2,2,1,2,1,2,2,2,2,2,2,1,2,2,2,2,1,"Oklahoma",0
"22680",400471,40,17869,35.51224167,-98.96478333,1,1,9,3,20,2,0,8,0,1,1,0,1,3,10,1,40,2,2,2,1,1,2,2,1,2,2,2,2,2,2,2,2,2,"Oklahoma",0
"22681",400472,40,17667,35.60859167,-97.56693333,1,1,10,7,11,6,0,8,0,1,1,0,1,1,10,1,40,2,2,1,2,1,2,2,1,2,2,3,2,2,2,2,2,2,"Oklahoma",0
"22682",400473,40,16664,36.09995278,-95.90450833,3,3,11,1,0,6,0,8,0,1,1,0,1,3,1,1,40,2,2,2,2,2,2,2,1,2,2,3,1,2,1,1,2,2,"Oklahoma",0
"22683",400474,40,17058,35.9498,-97.2826,4,4,11,5,18,3,0,12,0,2,2,0,1,2,1,1,40,1,2,2,1,2,2,2,2,1,2,2,2,2,2,2,2,2,"Oklahoma",0
"22684",400475,40,15197,36.9047,-97.0544,2,2,11,7,8,2,0,12,0,1,1,0,1,1,1,1,40,1,2,1,2,2,2,2,2,1,2,1,2,2,2,2,1,2,"Oklahoma",1
"22685",400477,40,17118,35.9184,-97.4256,4,4,11,1,11,2,0,24,0,1,1,0,4,1,1,1,40,1,2,1,2,1,2,2,2,1,2,2,1,2,2,2,2,2,"Oklahoma",0
"22686",400478,40,18730,35.1594,-97.4827,4,4,11,1,2,1,0,12,0,1,1,0,1,2,2,1,40,1,1,2,2,2,2,2,2,2,2,1,2,2,2,2,2,2,"Oklahoma",1
"22687",400479,40,17570,35.6643,-96.8903,1,1,11,2,15,3,0,42,0,1,1,0,4,1,2,1,40,1,2,1,1,1,2,2,2,2,2,2,2,2,1,2,2,1,"Oklahoma",0
"22688",400480,40,19482,34.8506,-98.3872,4,4,11,2,7,2,0,12,0,1,1,0,2,4,2,1,40,1,2,1,1,2,2,2,2,2,2,2,1,2,2,2,2,2,"Oklahoma",0
"22689",400481,40,18807,35.1317,-98.3548,1,1,11,4,12,4,0,32,0,1,1,0,4,1,10,1,40,1,2,1,1,1,2,1,2,1,2,2,2,2,2,2,2,2,"Oklahoma",0
"22690",400482,40,21371,34.0264,-95.9989,3,3,11,4,16,2,0,12,0,1,1,0,1,1,10,1,40,1,2,1,1,2,2,2,2,1,2,2,2,2,1,2,2,2,"Oklahoma",0
"22691",400483,40,19206,34.9711,-97.109,1,1,11,6,18,4,0,34,0,1,1,0,4,2,1,1,40,1,2,2,2,1,2,1,2,1,2,1,2,2,2,2,2,2,"Oklahoma",1
"22692",400484,40,20027,34.575,-95.0024,1,1,11,7,19,4,0,42,0,1,1,0,4,2,1,1,40,1,2,2,2,1,2,2,2,2,2,2,2,1,2,2,2,2,"Oklahoma",0
"22693",400485,40,19395,34.88768333,-95.80704167,2,2,11,5,4,4,0,5,0,3,3,0,1,2,2,1,40,1,2,2,1,1,2,2,2,2,1,3,2,2,2,1,2,2,"Oklahoma",0
"22694",400486,40,18611,35.2022,-96.5998,1,1,11,4,14,4,0,24,0,1,1,0,4,1,5,1,40,1,2,1,1,1,2,1,2,1,2,2,2,2,1,2,2,2,"Oklahoma",0
"22695",400487,40,15858,36.44308056,-99.43360833,2,2,10,6,13,2,0,12,0,1,1,0,1,1,1,1,40,2,2,1,1,2,1,2,2,2,2,2,2,1,2,2,2,2,"Oklahoma",0
"22696",400488,40,20858,34.1737,-98.488,3,3,9,4,17,2,0,12,0,1,1,0,1,1,1,1,40,1,2,1,1,2,2,2,2,1,2,3,2,1,2,2,2,2,"Oklahoma",0
"22697",400489,40,18176,35.37303611,-97.45553889,2,2,9,7,19,6,0,33,0,1,1,0,4,1,1,1,40,2,2,2,2,1,2,1,2,2,2,3,2,2,2,2,2,2,"Oklahoma",0
"22698",400490,40,16417,36.17465833,-95.9649,1,1,10,1,14,6,0,44,0,1,1,0,1,1,1,1,40,2,2,1,2,1,2,2,2,2,2,2,2,2,2,2,2,2,"Oklahoma",0
"22699",400491,40,16067,36.3218,-95.7763,3,3,10,7,13,3,0,12,0,2,2,0,1,1,10,1,40,2,2,1,2,2,1,2,2,2,2,3,2,1,2,2,2,2,"Oklahoma",0
"22700",400492,40,16097,36.3076,-95.924,4,4,10,6,2,2,0,12,0,2,2,0,1,2,10,1,40,1,2,2,1,2,2,2,2,2,2,2,1,2,2,2,2,2,"Oklahoma",0
"22701",400493,40,16396,36.1788,-95.76046944,2,2,9,4,13,3,0,12,0,8,1,0,1,1,1,1,40,2,2,1,1,2,2,2,2,2,2,3,2,1,2,2,1,2,"Oklahoma",0
"22702",400494,40,16274,36.22295833,-95.82066389,2,2,11,4,11,6,0,12,0,1,1,0,1,1,1,1,40,2,2,1,1,2,2,2,2,2,2,2,2,2,2,2,2,2,"Oklahoma",0
"22703",400495,40,17342,35.8046,-94.6821,1,1,9,3,9,3,0,42,0,3,3,0,4,1,1,1,40,1,2,1,1,1,2,2,2,2,2,2,2,2,2,2,2,2,"Oklahoma",0
"22704",400496,40,15807,36.4903,-98.2474,5,5,11,7,12,3,0,12,0,1,1,0,1,1,1,2,40,1,2,1,2,2,2,2,2,2,2,2,1,2,2,2,2,2,"Oklahoma",0
"22705",400497,40,18186,35.36833611,-97.54774722,2,2,10,1,2,6,0,5,0,3,3,0,1,3,1,1,40,2,2,2,2,1,2,2,2,2,2,3,2,2,2,1,1,2,"Oklahoma",0
"22706",400498,40,18003,35.45636111,-97.49463611,3,3,11,3,19,6,0,25,0,1,1,0,4,3,1,1,40,2,2,2,1,1,2,1,2,1,2,1,2,2,2,2,2,2,"Oklahoma",1
"22707",400499,40,15584,36.6398,-99.3672,1,1,11,3,5,3,0,31,0,1,1,0,4,2,1,1,40,1,2,2,1,1,2,2,2,1,2,2,2,2,2,2,2,2,"Oklahoma",0
"22708",400500,40,17113,35.9214,-97.3868,5,5,11,6,17,1,0,12,0,1,1,0,1,1,1,1,40,2,1,1,1,3,2,2,2,1,2,3,1,2,2,2,2,2,"Oklahoma",0
"22709",400501,40,15846,36.4566,-95.499,1,1,10,7,3,3,0,1,0,1,1,0,4,2,2,1,40,1,2,2,2,1,2,2,2,1,2,2,2,2,2,2,2,2,"Oklahoma",1
"22710",400502,40,15260,36.8546,-97.1925,4,4,11,1,15,4,0,12,0,2,2,0,1,1,1,1,40,1,2,1,2,2,2,2,2,1,2,3,2,2,2,2,2,2,"Oklahoma",0
"22711",400503,40,18427,35.2607,-97.1217,4,4,11,4,21,3,0,12,0,1,1,0,1,2,1,1,40,1,2,2,1,2,2,2,2,2,2,2,2,2,2,2,2,2,"Oklahoma",0
"22712",400504,40,20165,34.5085,-97.1759,2,2,11,5,12,1,0,12,0,1,1,1,1,1,1,1,40,1,1,1,1,2,2,2,2,2,2,3,2,1,2,2,1,2,"Oklahoma",0
"22713",400505,40,21693,33.939,-95.5239,4,4,11,4,11,2,0,12,0,2,2,0,1,1,1,1,40,2,2,1,1,2,2,2,2,2,2,2,2,1,2,2,2,2,"Oklahoma",0
"22714",400506,40,16672,36.09773889,-96.01604167,1,1,9,6,99,6,0,8,0,1,1,0,1,2,10,1,40,2,2,3,3,1,2,2,1,2,2,3,2,2,2,1,2,2,"Oklahoma",0
"22715",400507,40,18285,35.3231,-98.9585,4,4,11,4,20,4,0,34,0,1,1,0,4,2,1,1,40,1,2,2,1,1,2,1,2,1,2,3,1,2,2,2,2,2,"Oklahoma",0
"22716",400508,40,17273,35.8411,-98.3485,5,5,11,5,4,3,0,12,0,2,2,0,1,2,1,1,40,1,2,2,1,2,2,2,2,2,2,2,2,2,1,2,2,2,"Oklahoma",0
"22717",400509,40,15201,36.902,-95.6371,1,1,12,4,9,4,0,10,0,6,1,0,1,1,1,1,40,1,2,1,1,1,2,2,2,1,2,2,2,1,2,2,2,2,"Oklahoma",0
"22718",400510,40,16976,35.98831111,-95.81823611,2,2,10,2,13,6,0,1,0,2,3,0,1,1,1,1,40,2,2,1,1,2,1,1,2,2,2,3,2,2,2,2,2,2,"Oklahoma",0
"22719",400511,40,17372,35.78458889,-95.31083611,2,2,11,4,9,3,0,12,0,1,1,0,1,1,2,1,40,2,2,1,1,2,2,1,2,2,2,2,2,1,2,2,2,2,"Oklahoma",0
"22720",400512,40,16793,36.06192778,-95.79739722,2,2,11,6,4,6,0,33,0,1,1,0,4,3,1,1,40,2,2,2,1,2,2,2,2,2,2,3,2,2,2,2,2,2,"Oklahoma",0
"22721",400513,40,16454,36.16205556,-96.11872778,2,2,11,3,18,3,0,12,0,3,3,0,1,3,10,1,40,2,2,2,1,2,2,1,2,2,2,1,1,2,2,2,2,2,"Oklahoma",1
"22722",400514,40,18426,35.2608,-97.1227,1,1,12,1,99,4,0,35,0,1,1,0,4,2,1,1,40,1,2,3,2,1,1,2,2,2,2,1,2,2,2,2,2,2,"Oklahoma",1
"22723",400515,40,15195,36.90558056,-94.84187778,3,3,8,3,15,2,0,12,0,8,1,0,1,1,10,1,40,2,2,1,1,3,2,2,2,2,2,3,2,1,1,2,1,2,"Oklahoma",0
"22724",400516,40,17822,35.53664167,-97.37375556,1,1,11,6,23,6,0,23,0,1,1,0,4,2,2,1,40,2,2,2,2,1,2,1,2,1,2,1,2,2,2,2,2,2,"Oklahoma",1
"22725",400517,40,18068,35.41678056,-97.41728611,1,1,11,1,0,6,0,33,0,1,1,0,4,3,2,1,40,2,2,2,2,1,2,1,2,1,2,1,2,2,2,2,2,2,"Oklahoma",1
"22726",400518,40,16461,36.1605,-95.9527,1,1,12,3,18,1,0,8,1,20,1,0,1,2,1,1,40,2,1,2,1,1,2,2,1,2,2,3,2,2,2,2,2,2,"Oklahoma",0
"22727",400519,40,18105,35.40003611,-98.14919167,2,2,12,7,14,4,0,12,0,1,1,0,1,1,1,1,40,1,2,1,2,2,2,2,2,2,2,1,2,2,2,2,2,2,"Oklahoma",1
"22728",400520,40,18235,35.3485,-98.6763,2,2,12,3,0,4,0,34,0,3,3,0,4,3,1,1,40,1,2,2,1,1,2,2,2,1,2,2,2,2,2,2,2,1,"Oklahoma",0
"22729",400521,40,18163,35.3787,-99.5055,2,2,12,4,10,3,0,12,0,3,2,0,1,1,1,1,40,2,2,1,1,2,2,2,2,2,2,3,2,2,2,2,1,2,"Oklahoma",0
"22730",400522,40,17110,35.92263333,-94.95554722,2,2,8,3,12,3,0,12,0,2,3,0,1,1,1,1,40,2,2,1,1,2,2,2,2,2,2,3,1,1,2,2,2,2,"Oklahoma",0
"22731",400523,40,20294,34.4345,-97.9407,7,7,10,7,8,4,0,12,0,1,1,0,1,1,10,1,40,1,2,1,2,2,2,2,2,2,2,3,2,1,2,2,2,1,"Oklahoma",0
"22732",400524,40,17737,35.57503333,-97.63845,3,3,12,7,16,6,0,12,0,2,2,0,1,1,2,1,40,2,2,1,2,2,2,1,2,1,2,3,2,2,2,2,2,2,"Oklahoma",0
"22733",400525,40,15655,36.5963,-97.0762,2,2,12,4,4,2,0,11,0,1,1,0,1,2,1,2,40,1,2,2,1,1,2,1,2,1,2,2,2,2,2,2,2,2,"Oklahoma",0
"22734",400526,40,18509,35.2324,-97.1765,5,5,10,2,16,3,0,12,0,8,1,0,1,1,1,1,40,1,2,1,1,2,2,2,2,2,2,3,2,1,2,2,2,2,"Oklahoma",0
"22735",400527,40,16602,36.12009167,-96.11787222,1,1,11,7,10,3,0,43,1,3,2,0,4,1,1,1,40,2,2,1,2,1,2,2,2,1,2,2,2,1,2,2,2,2,"Oklahoma",0
"22736",400528,40,15798,36.4959,-95.46,1,1,11,4,18,3,0,11,0,1,1,0,1,5,10,1,40,1,2,2,1,1,2,2,2,1,2,2,1,2,2,2,2,2,"Oklahoma",0
"22737",400529,40,19269,34.9419,-98.027,3,3,12,6,17,2,0,12,0,1,1,0,1,5,10,1,40,1,2,1,1,2,2,2,2,1,2,3,2,2,2,2,2,2,"Oklahoma",0
"22738",400530,40,19554,34.816,-95.4808,3,3,12,1,16,3,0,12,0,1,1,0,1,5,10,1,40,1,2,1,2,2,2,2,2,2,2,3,2,2,2,2,2,2,"Oklahoma",0
"22739",400531,40,17823,35.53663611,-97.37848056,9,9,10,7,22,6,0,12,0,1,1,0,1,2,1,1,40,2,2,2,2,2,2,2,2,2,2,3,2,2,2,2,2,2,"Oklahoma",0
"22740",400532,40,21362,34.0287,-96.4744,1,1,11,5,21,4,0,42,0,1,1,0,4,2,1,1,40,1,2,2,1,1,2,1,2,1,2,1,2,2,2,2,2,2,"Oklahoma",1
"22741",400533,40,18046,35.4319,-97.4861,2,2,11,1,0,1,0,8,0,1,1,0,1,2,1,1,40,2,1,2,2,1,2,2,1,2,2,3,2,2,2,2,2,2,"Oklahoma",0
"22742",400534,40,17853,35.5214,-98.7165,1,1,11,6,1,1,0,8,0,1,1,0,1,2,2,1,40,2,1,2,1,1,2,2,1,2,2,3,2,2,2,1,2,2,"Oklahoma",0
"22743",400535,40,16167,36.2761,-95.3099,1,1,12,1,99,4,0,34,0,1,1,0,4,2,2,1,40,2,2,3,2,1,2,1,2,2,2,2,2,1,2,2,2,2,"Oklahoma",0
"22744",400536,40,18430,35.2592,-98.9233,0,0,12,2,15,4,0,8,0,1,1,0,1,1,1,1,40,1,2,1,1,1,2,2,1,2,2,2,2,2,2,2,2,2,"Oklahoma",0
"22745",400537,40,21901,33.889,-97.1342,1,1,12,1,17,1,0,1,0,1,1,0,4,5,10,1,40,1,1,1,2,1,2,2,2,1,2,2,2,2,2,2,2,2,"Oklahoma",0
"22746",400538,40,17973,35.4651,-98.9427,1,1,12,3,6,4,0,35,0,1,1,0,4,2,1,1,40,1,2,1,1,1,2,1,2,1,2,1,2,2,1,2,2,2,"Oklahoma",1
"22747",400539,40,18016,35.448,-94.9029,1,1,12,5,18,4,0,1,0,1,1,0,4,2,1,1,40,1,2,2,1,1,2,1,2,1,2,1,2,2,2,2,2,2,"Oklahoma",1
"22748",400540,40,17673,35.60730833,-95.96165278,1,1,10,1,20,2,0,8,0,1,1,0,1,2,1,1,40,2,2,2,2,1,2,2,1,2,2,3,2,1,2,2,2,2,"Oklahoma",0
"22749",400541,40,17980,35.4632,-96.6731,1,1,9,4,19,3,0,9,0,1,1,0,1,1,1,1,40,1,2,2,1,1,2,2,2,2,2,2,2,2,2,2,2,2,"Oklahoma",0
"22750",400543,40,22063,33.8386,-96.5195,1,1,11,4,16,2,0,57,0,1,1,0,3,1,1,1,40,1,2,1,1,1,2,2,2,2,2,2,2,1,2,2,2,2,"Oklahoma",0
"22751",400544,40,19977,34.60571111,-98.37661667,2,2,11,5,18,1,0,8,0,1,1,0,1,2,2,1,40,2,1,2,1,1,2,2,1,2,2,2,2,1,2,2,2,2,"Oklahoma",0
"22752",400545,40,16638,36.10955278,-95.859575,2,2,11,5,22,2,0,12,0,1,1,0,1,2,2,1,40,2,2,2,1,2,2,1,2,2,2,3,2,2,2,2,2,2,"Oklahoma",0
"22753",400546,40,16695,36.0904,-95.9545,2,2,12,4,23,1,0,59,0,1,1,0,8,3,1,1,40,2,1,2,1,1,2,2,2,2,2,2,2,2,2,2,2,2,"Oklahoma",0
"22754",400547,40,16764,36.06940833,-95.797425,3,3,12,6,12,6,0,12,0,2,3,0,1,1,1,1,40,2,2,1,1,3,2,2,2,2,2,3,2,2,2,2,2,2,"Oklahoma",0
"22755",400548,40,16920,36.01740278,-95.77958611,1,1,12,4,23,6,0,33,0,3,2,0,4,2,1,1,40,2,2,2,1,1,2,1,2,1,2,1,2,2,2,2,2,2,"Oklahoma",1
"22756",400549,40,18630,35.19625833,-97.40591389,2,2,7,4,19,6,0,12,0,2,3,0,1,1,1,1,40,2,2,2,1,2,1,1,2,2,2,3,2,2,1,2,2,2,"Oklahoma",0
"22757",400550,40,18634,35.19419167,-97.17746944,2,2,8,1,19,4,0,42,0,1,1,0,4,1,1,1,40,1,2,2,2,1,2,1,2,2,2,1,1,2,2,2,2,2,"Oklahoma",1
"22758",400551,40,17168,35.89218056,-97.42403056,1,1,12,5,2,2,0,42,0,1,1,0,5,3,1,1,40,2,2,2,1,1,2,1,2,1,2,1,2,2,2,2,2,2,"Oklahoma",1
"22759",400552,40,17034,35.959075,-95.67085,1,1,12,6,21,6,0,1,0,1,1,0,4,2,1,1,40,2,2,2,2,1,2,1,2,1,2,1,2,2,2,2,2,2,"Oklahoma",1
"22760",400553,40,15194,36.90661667,-94.84188056,1,1,11,2,17,2,0,9,0,1,1,0,1,2,1,1,40,2,2,1,1,1,2,2,2,2,2,2,2,2,2,2,2,2,"Oklahoma",0
"22761",400554,40,16120,36.29690833,-98.47964167,2,2,8,2,18,2,0,12,0,8,1,0,1,1,1,1,40,1,2,2,1,2,2,2,2,2,2,3,2,2,2,2,2,2,"Oklahoma",0