"","ST_CASE","OBJECT_ID","FID","LATITUDE","LONGITUD","PERMVIT","PERSONS","MONTH","DAY_WEEK","HOUR","ROUTE","SP_JUR","HARM_EV","RELJCT1","RELJCT2","TYP_INT","WRK_ZONE","REL_ROAD","LGT_COND","WEATHER","FATALS","STATE","A_RU","A_INTER","A_TOD","A_DOW","A_CT","A_MC","A_SPCRA","A_PED","A_ROLL","A_POLPUR","A_POSBAC","A_D15_20","A_D65PLS","A_D21_24","A_HR","A_DIST","A_DROWSY","STATE_NAME","drunkDr"
"22762",400555,40,15261,36.85322222,-94.88242778,2,2,11,2,14,3,0,12,0,1,1,0,1,1,2,1,40,2,2,1,1,2,2,2,2,2,2,3,2,1,2,2,2,2,"Oklahoma",0
"22763",400556,40,17661,35.60971944,-97.55439167,2,2,12,7,2,6,0,33,0,1,1,0,4,2,10,1,40,2,2,2,2,1,2,1,2,1,2,1,2,2,1,2,2,2,"Oklahoma",1
"22764",400557,40,18209,35.35978611,-97.49910556,3,3,12,4,18,6,0,12,0,2,2,0,1,3,10,1,40,2,2,2,1,2,2,2,2,2,2,2,2,2,2,2,2,2,"Oklahoma",0
"22765",400558,40,16458,36.160725,-95.90008056,1,1,12,2,18,6,0,8,0,1,1,0,1,3,10,1,40,2,2,2,1,1,2,2,1,2,2,3,2,2,2,2,2,2,"Oklahoma",0
"22766",400559,40,17879,35.50773889,-97.49438611,2,2,11,7,23,6,0,25,0,3,7,0,3,3,10,2,40,2,2,2,2,1,2,1,2,1,1,1,2,2,2,2,2,2,"Oklahoma",1
"22767",400560,40,17662,35.60956667,-97.40718333,1,1,12,3,9,6,0,24,0,1,1,0,4,1,1,1,40,2,2,1,1,1,2,1,2,1,2,2,1,2,2,2,2,2,"Oklahoma",0
"22768",400561,40,18255,35.33525833,-97.59157222,2,2,12,1,2,1,0,12,0,1,1,0,1,2,2,1,40,2,1,2,2,2,2,2,2,2,2,1,2,2,2,2,2,2,"Oklahoma",1
"22769",400562,40,17474,35.7279,-95.2802,1,1,11,1,22,4,0,42,0,1,1,0,4,2,10,1,40,1,2,2,2,1,2,2,2,2,2,1,2,2,2,2,2,2,"Oklahoma",1
"22770",400563,40,16799,36.061,-98.823,1,1,12,7,7,2,0,1,0,1,1,0,4,1,1,1,40,1,2,1,2,1,2,2,2,1,2,2,2,2,2,2,2,2,"Oklahoma",0
"22771",400564,40,15826,36.4751,-94.7822,2,2,12,4,9,2,0,12,0,1,1,0,1,1,1,1,40,1,2,1,1,2,2,2,2,2,2,2,2,2,2,2,2,2,"Oklahoma",0
"22772",400565,40,15207,36.9001,-94.7878,4,4,11,2,10,3,0,12,0,2,2,0,1,1,2,2,40,1,2,1,1,2,2,1,2,2,2,3,1,2,2,2,2,2,"Oklahoma",0
"22773",400566,40,16697,36.0902,-96.0943,2,2,12,6,9,4,0,12,0,1,1,0,1,1,1,1,40,2,2,1,1,2,2,2,2,2,2,3,2,2,2,2,2,2,"Oklahoma",0
"22774",400567,40,21086,34.1003,-97.5274,5,5,12,3,12,4,0,1,0,1,1,0,4,1,1,2,40,1,2,1,1,1,2,1,2,1,2,2,2,2,2,2,2,2,"Oklahoma",0
"22775",400568,40,21469,33.9983,-97.4219,2,2,12,5,18,3,0,12,0,8,1,0,1,2,10,1,40,1,2,2,1,2,2,2,2,1,2,2,2,2,2,2,2,2,"Oklahoma",0
"22776",400569,40,16616,36.1157,-96.828,1,1,12,2,5,3,0,24,0,1,1,0,4,2,4,1,40,1,2,2,2,1,2,1,2,1,2,2,2,2,2,2,2,2,"Oklahoma",0
"22777",400570,40,19882,34.6502,-96.5479,3,3,12,4,14,3,0,12,0,1,1,0,1,1,1,1,40,1,2,1,1,2,2,2,2,2,2,3,2,1,2,2,2,2,"Oklahoma",0
"22778",400571,40,17749,35.5663,-95.3118,5,5,12,4,12,2,0,12,0,2,2,0,1,1,1,1,40,1,2,1,1,2,2,2,2,2,2,3,2,2,1,2,2,2,"Oklahoma",0
"22779",400572,40,17791,35.5518,-95.1516,1,1,12,1,2,4,0,10,0,6,1,0,1,2,2,1,40,1,2,2,2,1,2,2,2,1,2,1,2,2,2,2,2,2,"Oklahoma",1
"22780",400573,40,15200,36.9028,-97.0542,2,2,12,5,21,2,0,8,0,1,1,0,1,2,10,1,40,1,2,2,1,1,2,2,1,2,2,3,2,2,2,2,2,2,"Oklahoma",0
"22781",400575,40,17897,35.5,-97.5782,3,3,12,3,10,1,0,12,0,1,1,0,1,1,1,1,40,2,1,1,1,2,2,2,2,2,2,3,2,1,2,2,2,2,"Oklahoma",0
"22782",400576,40,16462,36.15978889,-95.95406389,2,2,12,2,7,6,0,8,0,1,1,0,1,1,1,1,40,2,2,1,1,1,2,2,1,2,2,2,2,2,2,2,2,2,"Oklahoma",0
"22783",400577,40,21703,33.9366,-97.1077,1,1,12,3,9,3,0,38,0,1,1,0,4,1,1,1,40,1,2,1,1,1,2,2,2,2,2,2,2,1,2,2,2,2,"Oklahoma",0
"22784",400578,40,16452,36.1627,-95.879,1,1,12,6,23,1,0,31,0,1,1,4,3,2,10,1,40,2,1,2,2,1,2,2,2,2,2,3,2,2,2,2,2,2,"Oklahoma",0
"22785",400579,40,20207,34.4843,-97.1306,1,1,11,4,17,2,0,34,0,1,1,0,4,5,10,1,40,1,2,1,1,1,2,2,2,2,2,2,2,1,2,2,2,2,"Oklahoma",0
"22786",400580,40,16555,36.13703889,-95.88659722,10,10,11,5,21,6,0,8,0,1,1,0,1,1,2,1,40,2,2,2,1,2,2,2,1,2,2,3,2,1,2,2,2,2,"Oklahoma",0
"22787",400581,40,17211,35.8695,-97.42679444,1,1,11,7,10,6,0,42,0,1,1,0,4,1,3,1,40,2,2,1,2,1,2,2,2,2,2,3,2,2,2,2,2,2,"Oklahoma",1
"22788",400582,40,15137,36.945,-95.9175,4,4,11,6,22,2,0,1,0,1,1,0,1,2,2,3,40,1,2,2,2,1,2,2,2,1,2,2,2,2,2,2,2,2,"Oklahoma",0
"22789",400583,40,20852,34.1777,-98.5752,3,3,12,5,15,2,0,12,0,2,2,0,1,1,1,1,40,1,2,1,1,2,1,2,2,2,2,2,2,1,2,2,2,2,"Oklahoma",0
"22790",400584,40,17984,35.46145,-97.55975,2,2,12,5,23,1,0,12,0,1,1,0,1,2,1,1,40,2,1,2,1,2,2,2,2,2,2,3,2,1,2,2,2,2,"Oklahoma",0
"22791",400585,40,15863,36.43786667,-95.6973,3,3,9,5,16,3,0,12,0,1,1,0,1,1,1,1,40,1,2,1,1,3,2,2,2,2,2,3,2,2,1,2,2,2,"Oklahoma",0
"22792",400586,40,17254,35.85027222,-96.38455833,3,3,12,3,13,1,0,12,1,5,1,0,1,1,1,1,40,1,1,1,1,2,2,2,2,1,2,3,1,1,2,2,2,2,"Oklahoma",0
"22793",400587,40,20589,34.2685,-97.5976,1,1,12,5,13,3,0,34,0,1,1,0,4,1,10,1,40,1,2,1,1,1,2,2,2,2,2,3,2,1,2,2,2,2,"Oklahoma",0
"22794",400588,40,18300,35.31863889,-96.94316667,1,1,7,4,9,2,0,1,1,5,1,0,4,1,1,1,40,2,2,1,1,1,1,1,2,2,2,2,2,2,2,2,2,2,"Oklahoma",0
"22795",400589,40,16607,36.11869722,-95.83327222,1,1,10,5,4,6,0,8,0,1,1,0,1,3,1,1,40,2,2,2,1,1,2,2,1,2,2,3,2,2,2,2,2,2,"Oklahoma",0
"22796",400591,40,15905,36.4086,-95.54,2,2,12,3,6,3,0,12,0,2,3,0,1,2,5,1,40,1,2,1,1,2,2,2,2,2,2,3,2,1,2,2,2,2,"Oklahoma",0
"22797",400592,40,17325,35.81300556,-97.93977778,2,2,12,5,18,2,0,12,0,2,2,0,1,2,1,1,40,1,2,2,1,2,2,2,2,2,2,1,2,2,2,2,2,2,"Oklahoma",1
"22798",400593,40,18013,35.44974444,-97.44148611,3,3,12,3,10,6,0,12,0,2,2,0,1,1,1,1,40,2,2,1,1,3,2,2,2,2,2,3,2,2,2,2,2,2,"Oklahoma",0
"22799",400594,40,18554,35.21524722,-97.21703889,3,3,8,1,2,3,0,12,0,1,1,0,1,2,1,1,40,1,2,2,2,2,2,2,2,2,2,1,2,2,2,2,2,2,"Oklahoma",1
"22800",400595,40,16979,35.98734722,-96.584,2,2,8,4,20,3,0,12,0,2,2,0,1,9,1,1,40,1,2,2,1,2,2,2,2,2,2,1,2,1,2,2,2,2,"Oklahoma",1
"22801",410001,41,1416,45.0962,-123.4242972,1,1,1,5,6,3,0,15,0,1,1,0,1,3,1,1,41,2,2,1,1,1,2,2,2,2,2,2,2,1,2,2,2,2,"Oregon",0
"22802",410002,41,1772,44.55538889,-123.0301944,3,3,1,5,19,3,0,12,0,1,1,0,1,2,1,2,41,1,2,2,1,2,2,2,2,2,2,2,2,2,2,2,2,2,"Oregon",0
"22803",410003,41,1214,45.47661667,-122.5346667,1,1,1,5,18,2,0,8,0,3,3,0,1,2,1,1,41,2,2,2,1,1,2,2,1,2,2,2,2,2,2,2,2,2,"Oregon",0
"22804",410004,41,1168,45.53831111,-123.0423361,3,3,1,1,10,4,0,12,0,1,1,0,1,1,2,1,41,1,2,1,2,2,2,2,2,2,2,2,2,2,1,2,2,2,"Oregon",0
"22805",410005,41,1254,45.41917222,-123.0398472,4,4,1,3,7,4,0,12,0,1,1,0,1,4,1,1,41,1,2,1,1,2,2,2,2,1,2,3,2,1,1,2,2,2,"Oregon",0
"22806",410006,41,1518,44.95018333,-122.9934333,1,1,1,2,17,6,0,8,0,4,1,0,1,3,10,2,41,2,2,1,1,1,2,2,1,2,2,2,2,2,2,2,2,2,"Oregon",0
"22807",410007,41,3724,42.535025,-123.1901583,1,1,1,6,19,4,0,1,0,2,3,0,1,2,5,1,41,1,2,2,2,1,2,1,2,1,2,1,2,2,2,2,2,2,"Oregon",1
"22808",410008,41,1745,44.587275,-123.2539444,2,2,1,1,17,3,0,8,0,1,1,0,1,2,10,1,41,2,2,1,2,1,2,2,1,1,2,2,2,2,2,2,2,2,"Oregon",0
"22809",410009,41,986,45.92410556,-123.1420111,1,1,1,3,18,3,0,1,0,1,1,0,5,2,10,1,41,1,2,2,1,1,2,2,2,1,2,1,2,2,2,2,2,2,"Oregon",1
"22810",410010,41,4603,42.03869722,-121.5482389,1,1,1,1,2,4,0,30,0,1,1,0,4,2,2,1,41,1,2,2,2,1,2,1,2,1,2,1,1,2,2,2,2,2,"Oregon",1
"22811",410011,41,1241,45.44081944,-122.7495528,1,1,1,4,2,3,0,8,0,1,1,0,1,3,1,1,41,2,2,2,1,1,2,2,1,2,2,3,2,2,2,2,2,2,"Oregon",0
"22812",410012,41,2269,43.77559722,-122.9197778,1,1,1,5,99,4,0,34,0,1,1,0,4,9,99,1,41,1,2,3,1,1,2,2,2,2,2,2,2,1,2,2,2,2,"Oregon",0
"22813",410013,41,925,46.18635833,-123.8555389,2,2,1,3,16,2,0,12,0,2,3,0,1,2,1,1,41,2,2,1,1,2,2,2,2,2,2,3,2,1,2,2,2,2,"Oregon",0
"22814",410014,41,1190,45.50880833,-122.7705222,1,1,1,5,19,4,0,8,0,3,2,0,1,2,10,1,41,2,2,2,1,1,2,2,1,2,2,3,2,1,2,2,2,2,"Oregon",0
"22815",410015,41,1434,45.07091111,-122.8586,3,3,1,2,18,4,0,42,0,1,1,0,4,2,5,1,41,1,2,2,1,1,2,1,2,2,1,2,1,2,2,2,2,2,"Oregon",0
"22816",410016,41,1900,44.35589444,-123.1084083,5,5,1,2,18,3,0,12,0,1,1,0,1,2,5,1,41,1,2,2,1,3,2,2,2,2,2,3,2,1,2,2,2,2,"Oregon",0
"22817",410017,41,1493,44.97880556,-122.9919083,2,2,1,3,0,1,0,12,0,1,1,1,1,2,5,1,41,2,1,2,1,2,2,1,2,2,2,1,2,2,2,1,2,2,"Oregon",1
"22818",410018,41,2632,43.34090833,-120.9388139,1,1,1,3,14,4,0,1,0,1,1,0,4,1,1,1,41,1,2,1,1,1,2,2,2,1,2,2,2,2,2,2,1,2,"Oregon",0
"22819",410019,41,3032,43.03313056,-123.3250722,1,1,1,5,16,1,0,20,0,1,1,0,4,1,10,1,41,1,1,1,1,1,2,2,2,2,2,2,2,2,2,2,2,2,"Oregon",0
"22820",410020,41,2018,44.16872778,-123.2014889,4,4,1,5,6,3,0,12,0,1,1,0,1,4,5,2,41,1,2,1,1,3,2,2,2,2,2,3,2,2,2,2,2,2,"Oregon",0
"22821",410021,41,2028,44.14962778,-123.1772306,3,3,1,5,8,4,0,12,0,2,3,0,1,1,5,1,41,1,2,1,1,2,2,2,2,2,2,3,2,2,1,2,2,2,"Oregon",0
"22822",410022,41,2212,43.86203889,-123.7191333,1,1,1,6,10,8,0,42,0,1,1,0,4,1,98,1,41,1,2,1,1,1,2,1,2,2,2,2,2,1,2,2,2,2,"Oregon",0
"22823",410023,41,1317,45.30551111,-122.6255667,1,1,1,6,17,4,0,42,0,1,1,0,4,2,1,1,41,1,2,1,1,1,1,2,2,2,2,1,2,2,2,2,2,2,"Oregon",1
"22824",410024,41,1215,45.47650278,-122.8033417,1,1,2,5,18,6,0,8,0,1,1,0,1,2,2,1,41,2,2,2,1,1,2,2,1,2,2,3,1,2,2,2,2,2,"Oregon",0
"22825",410025,41,1192,45.50509167,-122.5651194,2,2,2,5,3,1,0,8,0,1,1,0,1,3,2,1,41,1,1,2,1,2,2,2,1,2,2,3,2,2,2,1,2,2,"Oregon",0
"22826",410026,41,1186,45.51889722,-122.9928722,1,1,2,5,23,6,0,8,0,3,3,0,1,3,2,1,41,2,2,2,1,1,2,2,1,2,2,3,2,2,2,2,2,2,"Oregon",0
"22827",410027,41,1468,45.00799444,-123.4023028,3,3,2,1,16,3,0,12,0,1,1,0,1,1,2,1,41,1,2,1,2,2,2,2,2,2,2,3,1,1,2,2,2,2,"Oregon",0
"22828",410028,41,1333,45.25955278,-122.7431444,2,2,2,2,8,4,0,12,0,1,1,0,2,1,2,1,41,1,2,1,1,2,2,1,2,2,2,3,2,2,1,2,2,2,"Oregon",0
"22829",410029,41,2110,44.03790278,-123.0912389,1,1,2,2,10,6,0,8,0,3,10,0,1,1,2,1,41,2,2,1,1,1,2,2,1,2,2,3,2,2,2,2,2,2,"Oregon",0
"22830",410030,41,1243,45.43403056,-122.7649083,1,1,2,2,15,3,0,8,0,3,2,0,1,1,1,1,41,2,2,1,1,1,2,2,1,2,2,3,2,1,2,2,2,2,"Oregon",0
"22831",410031,41,1267,45.39798611,-122.5993944,2,2,2,2,0,4,0,30,0,1,1,0,4,2,1,1,41,2,2,2,2,1,2,1,2,1,2,1,2,2,2,2,2,2,"Oregon",1
"22832",410032,41,1733,44.61743333,-123.1314944,1,1,2,3,17,4,0,24,0,1,1,0,4,5,1,1,41,1,2,1,1,1,2,1,2,2,2,2,2,2,1,2,1,2,"Oregon",0
"22833",410033,41,2032,44.14759722,-122.9451722,1,1,2,3,13,4,0,42,0,1,1,0,4,1,1,1,41,1,2,1,1,1,2,2,2,2,2,1,2,2,2,2,2,2,"Oregon",1
"22834",410034,41,2133,44.00683056,-123.2615722,1,1,2,4,7,4,0,31,0,1,1,0,5,4,1,1,41,2,2,1,1,1,2,2,2,2,2,1,2,2,2,2,2,2,"Oregon",1
"22835",410035,41,2282,43.75722778,-122.4851861,2,2,2,4,7,4,0,12,0,1,1,0,1,1,1,1,41,1,2,1,1,2,2,2,2,2,2,3,2,1,2,2,2,2,"Oregon",0
"22836",410036,41,2709,43.2387,-123.3689194,2,2,2,4,10,6,0,1,0,2,3,0,1,1,10,1,41,2,2,1,1,2,1,1,2,2,2,3,2,2,1,2,2,2,"Oregon",0
"22837",410037,41,3892,42.43284167,-123.1827528,1,1,2,4,14,4,0,42,0,1,1,0,4,1,1,1,41,2,2,1,1,1,2,2,2,2,2,2,2,2,2,2,2,2,"Oregon",0
"22838",410038,41,1069,45.69774444,-123.2156278,3,3,2,6,9,2,0,42,0,1,1,0,4,1,10,1,41,1,2,1,1,1,2,2,2,2,2,2,2,1,2,2,2,2,"Oregon",0
"22839",410039,41,1312,45.311175,-122.4560222,3,3,2,6,18,4,0,12,0,1,1,0,1,2,1,1,41,1,2,2,2,2,2,1,2,2,2,3,1,2,2,2,2,2,"Oregon",0
"22840",410040,41,1198,45.499625,-122.9228444,2,2,2,7,19,3,0,8,0,1,1,0,1,2,1,1,41,2,2,2,2,1,2,2,1,2,2,2,2,2,2,2,2,2,"Oregon",0
"22841",410041,41,2104,44.0457,-122.9347111,1,1,2,1,16,3,0,8,0,3,2,0,1,1,1,3,41,2,2,1,2,1,2,2,1,2,2,2,2,1,2,2,2,2,"Oregon",0
"22842",410042,41,3912,42.42476944,-123.2799917,1,1,2,3,8,3,0,8,0,1,1,0,1,2,98,1,41,2,2,1,1,1,2,2,1,2,2,2,2,2,2,2,2,2,"Oregon",0
"22843",410043,41,1232,45.45085833,-122.9464972,1,1,2,3,19,4,0,1,0,1,1,0,4,2,1,1,41,1,2,2,1,1,1,1,2,2,2,2,2,1,2,2,2,2,"Oregon",0
"22844",410044,41,963,46.00975,-123.9131944,1,1,2,4,18,2,0,8,0,1,1,0,1,2,2,1,41,2,2,2,1,1,2,2,1,2,2,2,2,2,2,2,2,2,"Oregon",0
"22845",410045,41,1136,45.57351111,-122.6297889,2,2,2,4,16,6,0,12,0,1,1,0,1,1,2,1,41,2,2,1,1,2,2,1,2,2,2,1,2,2,2,2,1,2,"Oregon",1
"22846",410046,41,3648,42.58188611,-121.8594278,1,1,2,4,13,6,0,42,0,3,3,0,4,1,1,1,41,1,2,1,1,1,2,2,2,2,2,2,2,2,2,2,2,2,"Oregon",0
"22847",410047,41,2165,43.96291389,-122.9216528,5,5,2,5,18,3,0,54,0,1,1,0,1,2,2,1,41,1,2,2,1,3,2,2,2,2,2,1,2,1,2,2,2,2,"Oregon",1
"22848",410048,41,1300,45.33756667,-122.7695417,2,2,2,6,13,1,0,1,0,1,1,0,1,1,10,1,41,2,1,1,1,2,1,1,2,2,2,1,2,2,2,2,2,2,"Oregon",1
"22849",410049,41,1199,45.49743333,-122.9017611,4,4,3,1,1,3,0,8,0,1,1,0,1,6,98,1,41,2,2,2,2,1,2,2,1,2,2,1,2,2,2,2,2,2,"Oregon",1
"22850",410050,41,3845,42.45343611,-123.3176222,3,3,3,1,22,6,0,42,0,1,1,0,4,2,1,1,41,2,2,2,2,1,2,1,2,2,2,2,1,2,2,2,2,2,"Oregon",0
"22851",410051,41,2735,43.21328056,-123.3037278,4,4,3,7,23,3,0,8,0,1,1,0,1,2,1,1,41,2,2,2,2,2,2,2,1,2,2,3,2,2,2,2,2,2,"Oregon",0
"22852",410052,41,2083,44.069425,-119.7979167,1,1,3,7,16,4,0,17,0,1,1,0,4,1,1,1,41,1,2,1,2,1,2,2,2,2,2,1,2,1,2,2,2,2,"Oregon",1
"22853",410053,41,1126,45.59220556,-122.682725,12,12,3,7,15,1,0,12,0,1,1,0,1,1,1,1,41,2,1,1,2,3,2,1,2,2,2,3,1,2,1,2,1,2,"Oregon",0
"22854",410054,41,1180,45.52388056,-122.6702778,1,1,3,4,10,6,0,15,0,3,3,0,1,1,2,1,41,2,2,1,1,1,2,2,2,2,2,3,2,2,2,2,2,2,"Oregon",0
"22855",410055,41,3486,42.69519722,-123.3953139,1,1,1,3,19,4,0,8,0,1,1,0,1,3,5,1,41,1,2,2,1,1,2,2,1,2,2,2,1,2,2,1,2,2,"Oregon",0
"22856",410056,41,1455,45.03521389,-123.0005,2,2,1,7,22,4,0,12,0,2,2,0,1,2,1,1,41,1,2,2,2,2,1,2,2,2,2,1,1,2,1,2,2,2,"Oregon",1
"22857",410057,41,3405,42.74885556,-123.365275,1,1,2,6,15,1,0,1,0,1,1,0,3,1,10,1,41,1,1,1,1,1,2,1,2,1,2,2,2,2,2,2,2,2,"Oregon",0
"22858",410058,41,1344,45.23598889,-123.073275,3,3,3,5,10,3,0,12,0,1,1,0,1,1,10,1,41,2,2,1,1,2,2,2,2,2,2,3,2,2,2,2,2,2,"Oregon",0
"22859",410059,41,1234,45.44763611,-122.826025,3,3,3,5,11,6,0,12,0,3,2,0,1,1,1,1,41,2,2,1,1,3,2,2,2,2,2,3,2,2,2,2,2,2,"Oregon",0
"22860",410060,41,2882,43.11133889,-123.5157333,1,1,3,5,23,3,0,8,0,3,2,0,1,2,1,1,41,1,2,2,1,1,2,2,1,2,2,3,2,2,2,2,2,2,"Oregon",0
"22861",410061,41,1379,45.15818056,-122.5316528,1,1,3,7,19,4,0,42,0,1,1,0,4,2,2,1,41,1,2,2,2,1,2,2,2,2,2,1,2,2,2,2,2,2,"Oregon",1
"22862",410062,41,2174,43.94052222,-122.8230389,3,3,3,1,21,4,0,42,0,1,1,0,4,2,2,2,41,1,2,2,2,1,2,1,2,2,2,1,2,2,2,2,2,2,"Oregon",1
"22863",410063,41,2241,43.81113333,-123.039925,1,1,3,3,20,1,0,8,0,1,1,0,2,2,10,1,41,2,1,2,1,1,2,2,1,2,2,3,2,2,2,1,2,2,"Oregon",0
"22864",410064,41,2194,43.89061944,-122.7327194,1,1,3,4,17,3,0,24,0,1,1,0,4,1,1,1,41,1,2,1,1,1,2,2,2,2,2,1,2,2,2,2,2,2,"Oregon",1
"22865",410065,41,4350,42.19764722,-121.7571361,1,1,1,6,19,4,0,8,0,1,1,0,1,3,10,1,41,2,2,2,2,1,2,2,1,2,2,2,2,2,1,2,1,2,"Oregon",0
"22866",410066,41,1236,45.446525,-122.6322972,6,6,1,1,15,3,0,12,0,2,2,0,1,1,1,1,41,2,2,1,2,2,1,2,2,2,2,2,2,2,2,2,2,2,"Oregon",0
"22867",410067,41,1247,45.42752778,-122.634225,1,1,1,2,17,3,0,8,0,1,1,0,1,3,5,1,41,2,2,1,1,1,2,2,1,2,2,3,2,1,2,2,2,2,"Oregon",0
"22868",410068,41,1560,44.90175278,-123.0146222,1,1,3,5,21,6,0,33,0,1,1,0,4,3,1,1,41,2,2,2,1,1,2,1,2,2,2,1,2,2,2,2,2,2,"Oregon",1
"22869",410069,41,1417,45.09583056,-117.9530944,5,5,3,5,19,1,0,1,0,1,1,0,3,1,1,1,41,1,1,2,1,1,2,2,2,1,2,3,2,2,2,2,2,2,"Oregon",0
"22870",410070,41,3883,42.43733056,-123.2911,3,3,3,7,12,4,0,12,0,2,3,0,1,1,1,1,41,2,2,1,2,2,1,2,2,2,2,3,2,2,2,2,2,2,"Oregon",0
"22871",410071,41,2661,43.29028611,-123.3566806,2,2,3,3,12,7,0,24,1,3,3,0,4,1,1,1,41,1,1,1,1,1,2,1,2,1,2,2,2,2,2,2,2,2,"Oregon",0
"22872",410072,41,2219,43.85325,-121.4147528,3,3,3,4,23,2,0,12,0,1,1,0,1,2,1,1,41,1,2,2,1,2,2,2,2,1,2,3,2,1,2,2,2,2,"Oregon",0
"22873",410073,41,2322,43.70971111,-122.2951889,4,4,3,7,10,3,0,12,0,1,1,0,1,1,10,1,41,1,2,1,2,2,2,2,2,1,2,3,2,1,2,2,2,2,"Oregon",0
"22874",410074,41,3996,42.38680833,-122.3841361,1,1,3,1,12,3,0,24,0,1,1,0,4,1,1,1,41,1,2,1,2,1,1,2,2,2,2,2,2,2,2,2,2,2,"Oregon",0
"22875",410075,41,1353,45.21073056,-123.1943417,1,1,3,3,11,6,0,14,0,3,2,0,1,1,1,1,41,2,2,1,1,1,2,2,2,2,2,2,2,2,2,2,2,2,"Oregon",0
"22876",410076,41,1430,45.07243889,-123.9482139,1,1,4,4,6,2,0,24,0,1,1,0,4,2,2,1,41,1,2,1,1,1,2,1,2,1,2,2,2,2,2,2,2,2,"Oregon",0
"22877",410077,41,3722,42.53533056,-122.8021972,6,6,4,5,12,4,0,12,0,1,1,0,1,1,1,2,41,1,2,1,1,2,2,2,2,2,2,3,2,2,2,2,2,2,"Oregon",0
"22878",410078,41,1770,44.55586111,-123.0998667,3,3,4,6,14,3,0,12,0,1,1,0,1,1,2,2,41,1,2,1,1,2,2,2,2,2,2,2,2,1,1,2,2,2,"Oregon",0
"22879",410079,41,1715,44.65921667,-123.0596528,1,1,4,7,0,7,0,8,0,1,1,0,1,2,5,1,41,1,1,2,2,1,2,2,1,2,2,3,2,2,2,1,2,2,"Oregon",0
"22880",410080,41,1197,45.50048333,-122.8030889,1,1,4,1,23,6,0,8,0,1,1,0,1,2,10,1,41,2,2,2,2,1,2,2,1,2,2,3,2,2,2,2,2,2,"Oregon",0
"22881",410081,41,1732,44.61941667,-123.7019417,3,3,4,2,0,2,0,12,0,1,1,0,1,3,10,1,41,1,2,2,2,2,2,2,2,2,2,1,2,2,2,2,2,2,"Oregon",1
"22882",410082,41,4038,42.36530556,-122.8586806,1,1,4,3,10,8,0,8,0,1,1,0,5,1,2,1,41,3,3,1,1,1,2,2,1,2,2,2,2,2,2,2,2,2,"Oregon",0
"22883",410083,41,1791,44.526625,-122.9453861,2,2,4,5,19,4,0,12,0,1,1,0,1,1,1,1,41,1,2,2,1,2,2,2,2,2,2,3,1,2,2,2,2,2,"Oregon",0
"22884",410084,41,2357,43.6616,-123.3469472,1,1,4,7,14,3,0,42,0,1,1,0,4,1,98,1,41,1,2,1,2,1,2,1,2,2,2,2,1,2,2,2,2,2,"Oregon",0
"22885",410085,41,1019,45.82380556,-119.3491944,3,3,4,7,20,4,0,38,0,1,1,0,5,2,1,1,41,1,2,2,2,1,2,2,2,2,2,1,2,2,2,2,2,2,"Oregon",1
"22886",410086,41,2647,43.32054167,-122.693925,4,4,4,1,12,3,0,42,0,1,1,0,4,1,98,2,41,1,2,1,2,1,2,2,2,2,2,2,2,2,2,2,2,2,"Oregon",0
"22887",410087,41,1391,45.14546667,-117.9701139,8,8,4,1,3,1,0,1,0,1,1,0,4,2,1,1,41,1,1,2,2,1,2,1,2,1,2,2,2,2,2,2,2,2,"Oregon",0
"22888",410088,41,1925,44.31437222,-121.2166389,1,1,4,1,18,4,0,42,0,1,1,0,4,1,1,1,41,1,2,2,2,1,1,1,2,2,2,2,2,2,2,2,2,2,"Oregon",0
"22889",410089,41,1151,45.55955278,-122.5129444,1,1,4,4,1,6,0,30,0,1,1,0,4,3,10,1,41,2,2,2,1,1,2,1,2,2,2,1,2,2,1,2,2,2,"Oregon",1
"22890",410090,41,1538,44.93024444,-122.668975,1,1,4,6,15,3,0,42,0,1,1,0,4,1,1,1,41,1,2,1,1,1,2,2,2,2,2,2,2,1,2,2,2,2,"Oregon",0
"22891",410091,41,2967,43.06936944,-121.4285139,5,5,4,7,17,4,0,1,0,1,1,0,4,1,1,1,41,1,2,1,2,1,2,1,2,1,2,1,1,2,2,2,2,2,"Oregon",1
"22892",410092,41,1252,45.42403611,-118.0339528,5,5,4,7,17,4,0,34,0,1,1,0,4,1,1,1,41,1,2,1,2,1,2,1,2,1,2,1,2,2,2,2,2,2,"Oregon",1
"22893",410093,41,4422,42.14767222,-123.539425,3,3,4,7,23,4,0,42,0,1,1,0,4,2,1,1,41,1,2,2,2,1,2,1,2,2,2,1,1,2,2,2,2,2,"Oregon",1
"22894",410094,41,1212,45.48508889,-123.1267972,2,2,4,7,11,3,0,12,0,2,3,0,1,1,1,1,41,1,2,1,2,2,1,2,2,2,2,3,2,2,2,2,2,2,"Oregon",0
"22895",410095,41,2978,43.06403333,-123.1829639,3,3,4,7,23,4,0,1,0,1,1,0,4,2,1,1,41,1,2,2,2,1,2,2,2,1,2,1,2,2,2,2,2,2,"Oregon",1
"22896",410096,41,1135,45.57439167,-122.6340861,2,2,4,1,2,6,0,21,0,1,1,0,4,3,1,1,41,2,2,2,2,1,2,1,2,2,2,1,1,2,2,2,2,2,"Oregon",1
"22897",410097,41,1701,44.68110556,-123.0619611,1,1,4,1,20,6,0,33,0,1,1,0,3,2,1,1,41,2,2,2,2,1,1,2,2,2,2,1,2,2,2,2,2,2,"Oregon",1
"22898",410098,41,2091,44.05959444,-123.06325,4,4,4,2,2,6,0,42,0,1,1,0,4,3,1,2,41,2,2,2,2,1,2,1,2,2,2,1,2,2,2,2,2,2,"Oregon",1
"22899",410099,41,1230,45.45286944,-122.6412389,2,2,4,2,3,3,0,12,0,3,3,0,1,3,1,1,41,2,2,2,2,2,2,2,2,2,2,1,2,2,2,2,2,2,"Oregon",1