"","ST_CASE","OBJECT_ID","FID","LATITUDE","LONGITUD","PERMVIT","PERSONS","MONTH","DAY_WEEK","HOUR","ROUTE","SP_JUR","HARM_EV","RELJCT1","RELJCT2","TYP_INT","WRK_ZONE","REL_ROAD","LGT_COND","WEATHER","FATALS","STATE","A_RU","A_INTER","A_TOD","A_DOW","A_CT","A_MC","A_SPCRA","A_PED","A_ROLL","A_POLPUR","A_POSBAC","A_D15_20","A_D65PLS","A_D21_24","A_HR","A_DIST","A_DROWSY","STATE_NAME","drunkDr"
"23176",410380,41,1249,45.42688889,-122.7783528,2,2,6,5,15,3,0,12,0,2,2,0,1,1,98,1,41,2,2,1,1,2,1,2,2,2,2,1,2,1,2,2,2,2,"Oregon",1
"23177",410381,41,3984,42.38960833,-123.4061694,2,2,6,3,9,4,0,12,0,2,2,0,1,1,98,1,41,1,2,1,1,2,2,2,2,2,2,3,2,2,2,2,2,2,"Oregon",0
"23178",410382,41,2249,43.79849167,-123.2204167,1,1,7,7,0,4,0,1,0,1,1,0,4,2,98,1,41,1,2,2,2,1,2,2,2,1,2,1,2,2,2,2,2,2,"Oregon",1
"23179",410383,41,1177,45.5264,-122.4949417,1,1,8,3,1,6,0,30,0,1,1,0,4,3,98,1,41,2,2,2,1,1,2,2,2,2,2,2,2,2,2,2,2,2,"Oregon",0
"23180",410384,41,1161,45.54536111,-122.6666667,3,3,8,1,2,6,0,12,0,2,2,0,1,2,98,1,41,2,2,2,2,2,1,2,2,2,2,1,2,2,2,2,2,2,"Oregon",1
"23181",410385,41,970,45.99021667,-122.9185278,1,1,8,4,16,4,0,1,0,1,1,0,1,1,98,1,41,1,2,1,1,1,1,2,2,2,2,3,2,2,2,2,2,2,"Oregon",0
"23182",410386,41,1480,44.99200833,-123.0387694,2,2,9,7,20,6,0,5,0,1,1,0,1,3,1,1,41,2,2,2,2,1,2,2,2,2,2,3,2,2,2,2,2,2,"Oregon",1
"23183",410387,41,4067,42.351925,-122.899175,2,2,9,5,13,4,0,12,0,1,1,0,1,1,1,1,41,2,2,1,1,2,2,2,2,2,2,1,2,2,2,2,2,2,"Oregon",1
"23184",410388,41,1282,45.37718333,-122.1112806,2,2,9,4,7,2,0,57,0,1,1,0,3,1,1,1,41,1,2,1,1,2,1,2,2,2,2,3,2,1,2,2,2,2,"Oregon",0
"23185",410390,41,3949,42.40405,-122.8853583,1,1,9,7,1,4,0,8,0,1,1,0,1,2,98,1,41,1,2,2,2,1,2,2,1,2,2,1,2,2,2,2,2,2,"Oregon",1
"23186",410391,41,929,46.17134722,-123.8173444,2,2,9,7,11,3,0,12,0,1,1,0,1,1,98,1,41,1,2,1,2,2,2,2,2,2,2,3,1,2,2,2,2,2,"Oregon",0
"23187",410392,41,4043,42.36386111,-123.5324889,2,2,9,3,14,2,0,1,0,1,1,0,4,1,98,1,41,1,2,1,1,1,2,2,2,1,2,2,2,2,2,2,2,2,"Oregon",0
"23188",410393,41,1477,44.99699722,-123.035225,1,1,9,6,7,6,0,8,0,1,1,0,1,1,98,1,41,2,2,1,1,1,2,2,1,2,2,2,2,2,2,2,2,2,"Oregon",0
"23189",410394,41,1010,45.84704722,-122.8190694,3,3,9,1,16,6,0,12,0,1,1,0,1,1,98,1,41,2,2,1,2,2,2,2,2,2,2,1,2,2,2,2,2,2,"Oregon",1
"23190",410395,41,2631,43.34107222,-124.3099444,1,1,9,3,16,4,0,8,0,1,1,0,1,1,98,1,41,2,2,1,1,1,2,2,1,2,2,3,2,2,2,1,2,2,"Oregon",0
"23191",410396,41,1193,45.50388333,-122.4163556,1,1,11,1,3,6,0,8,0,1,1,0,1,3,10,1,41,2,2,2,2,1,2,2,1,2,2,2,2,2,2,2,2,2,"Oregon",0
"23192",410397,41,2464,43.561775,-123.2810806,4,4,12,3,0,1,0,12,0,1,1,0,1,2,10,1,41,1,1,2,1,2,2,2,2,2,2,1,2,2,1,2,2,2,"Oregon",1
"23193",410398,41,1349,45.22377778,-117.929925,3,3,12,3,14,4,0,10,0,6,1,0,1,1,10,3,41,1,2,1,1,1,2,2,2,2,2,2,2,2,2,2,2,2,"Oregon",0
"23194",410399,41,1463,45.01480833,-123.4163972,2,2,12,5,9,3,0,12,0,1,1,0,1,1,10,1,41,1,2,1,1,2,2,2,2,2,2,3,2,1,2,2,2,2,"Oregon",0
"23195",410400,41,4294,42.23303056,-121.8251111,2,2,11,2,0,4,0,12,0,8,1,0,1,2,98,1,41,1,2,2,2,2,2,1,2,2,2,2,2,2,2,2,2,2,"Oregon",0
"23196",410401,41,2523,43.4827,-123.9332278,1,1,10,6,20,4,0,1,0,1,1,0,4,2,98,1,41,1,2,2,2,1,2,2,2,1,2,2,2,1,2,2,2,2,"Oregon",0
"23197",410402,41,2894,43.10759722,-123.5308667,2,2,11,6,21,3,0,8,0,1,1,0,1,2,1,1,41,1,2,2,2,2,2,2,1,2,2,2,2,1,1,2,2,2,"Oregon",0
"23198",410403,41,4465,42.11943333,-123.6099778,2,2,11,6,9,4,0,42,0,1,1,0,4,1,98,1,41,1,2,1,1,1,2,2,2,2,2,2,2,2,1,2,2,2,"Oregon",0
"23199",410404,41,1385,45.15147222,-123.1906694,2,2,11,7,15,4,0,1,0,1,1,0,4,1,98,1,41,1,2,1,2,1,2,2,2,1,2,1,2,2,2,2,2,2,"Oregon",1
"23200",410405,41,1651,44.75854444,-121.2665944,1,1,11,2,23,4,0,1,0,1,1,0,4,2,98,1,41,1,2,2,1,1,2,2,2,1,2,1,2,2,2,2,2,2,"Oregon",1
"23201",410406,41,1660,44.74815,-121.2271167,1,1,12,1,15,4,3,99,0,98,98,0,98,1,98,1,41,1,2,1,2,1,2,2,2,2,2,1,2,2,2,2,2,2,"Oregon",1
"23202",410407,41,944,46.09689167,-123.0745694,2,2,12,4,13,4,0,3,0,1,1,0,1,1,2,1,41,1,2,1,1,1,2,2,2,2,2,2,2,1,2,2,2,2,"Oregon",0
"23203",410408,41,2256,43.79233056,-123.033025,1,1,12,1,19,4,0,1,0,1,1,0,4,2,2,1,41,1,2,2,2,1,2,2,2,1,2,1,2,2,2,2,2,2,"Oregon",1
"23204",410409,41,3693,42.55083056,-124.3733972,1,1,12,1,2,4,0,3,0,1,1,0,4,2,98,1,41,1,2,2,2,1,2,2,2,2,2,1,2,2,1,2,2,2,"Oregon",1
"23205",410411,41,2113,44.03416944,-123.0443778,1,1,12,6,2,6,0,1,0,3,2,0,4,2,98,1,41,2,2,2,1,1,2,2,2,1,2,1,2,2,2,2,2,2,"Oregon",1
"23206",410412,41,3985,42.3896,-123.4066611,1,1,12,7,15,4,0,3,0,1,1,0,4,1,98,1,41,1,2,1,2,1,1,2,2,2,2,1,2,2,2,2,2,2,"Oregon",1
"23207",410413,41,1544,44.92495556,-123.0159167,1,1,12,3,17,3,0,8,0,3,3,0,1,3,98,1,41,2,2,1,1,1,2,2,1,2,2,3,2,2,2,2,2,2,"Oregon",0
"23208",410414,41,1585,44.86374722,-123.215275,1,1,12,4,18,6,0,9,0,1,1,0,1,2,98,1,41,2,2,2,1,1,2,2,2,2,2,1,2,2,2,2,2,2,"Oregon",1
"23209",410415,41,2582,43.40465833,-124.2233389,1,1,12,5,1,2,0,8,0,1,1,0,1,2,98,1,41,1,2,2,1,1,2,2,1,2,2,3,2,2,2,2,2,2,"Oregon",0
"23210",420001,42,8493,40.34636667,-75.94084722,1,1,1,6,14,6,0,8,0,3,3,0,1,1,1,1,42,2,2,1,1,1,2,2,1,2,2,3,2,2,2,2,2,2,"Pennsylvania",0
"23211",420002,42,6208,41.27585556,-75.89753611,2,2,1,7,2,6,0,33,0,1,1,0,4,2,1,1,42,2,2,2,2,1,2,2,2,2,2,3,2,2,2,2,2,2,"Pennsylvania",1
"23212",420003,42,6985,40.87230833,-76.52969722,1,1,1,5,2,3,0,34,0,1,1,0,4,2,1,1,42,1,2,2,1,1,2,2,2,1,2,1,2,2,2,2,2,2,"Pennsylvania",1
"23213",420004,42,9287,39.98887222,-75.62478611,3,3,1,5,2,5,0,42,0,1,1,0,4,2,1,1,42,1,2,2,1,1,2,1,2,2,2,2,2,2,1,2,2,2,"Pennsylvania",0
"23214",420005,42,8809,40.18124167,-80.09811389,3,3,1,7,19,3,0,12,0,2,2,0,1,2,1,1,42,1,2,2,2,2,2,2,2,2,2,3,2,2,2,2,2,2,"Pennsylvania",0
"23215",420006,42,9426,39.94159722,-76.63195,4,4,1,7,11,5,0,42,0,1,1,0,4,1,1,2,42,1,2,1,2,1,2,1,2,2,2,3,1,2,2,2,2,2,"Pennsylvania",0
"23216",420007,42,6175,41.29146667,-76.78678333,1,1,1,3,15,5,0,42,0,1,1,0,4,1,4,1,42,1,2,1,1,1,2,1,2,1,2,2,2,1,2,2,2,2,"Pennsylvania",0
"23217",420008,42,9125,40.04343056,-76.31566111,1,1,1,1,20,6,0,8,0,3,2,0,1,3,2,1,42,2,2,2,2,1,2,1,1,2,2,3,2,2,1,1,2,2,"Pennsylvania",0
"23218",420009,42,9046,40.07511389,-75.15876944,1,1,1,3,20,3,0,8,0,1,1,0,1,3,1,1,42,2,2,2,1,1,2,2,1,2,2,3,2,2,2,2,1,2,"Pennsylvania",0
"23219",420010,42,8606,40.29300556,-75.17321389,1,1,1,3,14,3,0,38,0,1,1,0,4,1,1,1,42,2,3,1,1,1,2,2,2,2,2,3,2,2,2,2,2,2,"Pennsylvania",0
"23220",420011,42,7766,40.65794167,-78.26050556,1,1,1,3,18,2,0,8,0,1,1,0,1,2,1,1,42,2,3,2,1,1,2,1,1,2,2,3,2,2,2,2,2,2,"Pennsylvania",0
"23221",420012,42,8526,40.331575,-75.90244167,2,2,1,6,18,2,0,12,0,1,1,0,1,1,1,1,42,2,2,2,2,2,2,2,2,2,2,1,2,1,2,2,2,2,"Pennsylvania",1
"23222",420013,42,8541,40.32448056,-79.90405278,6,6,1,3,18,4,0,12,0,1,1,0,1,2,1,1,42,2,2,2,1,2,2,1,2,2,2,3,2,2,2,2,2,2,"Pennsylvania",0
"23223",420014,42,7064,40.84085833,-77.78491944,2,2,2,2,6,3,0,12,0,1,1,0,1,4,1,1,42,2,2,1,1,2,2,2,2,2,2,2,2,2,2,2,2,2,"Pennsylvania",0
"23224",420015,42,5797,41.47963056,-75.58753333,3,3,1,6,14,4,0,12,0,3,3,0,1,1,1,1,42,2,2,1,1,2,2,2,2,2,2,3,2,1,2,2,2,2,"Pennsylvania",0
"23225",420016,42,9006,40.09213333,-76.13713333,1,1,1,4,3,3,0,53,0,1,1,0,4,2,1,1,42,2,2,2,1,1,2,1,2,2,2,1,2,2,2,2,2,2,"Pennsylvania",1
"23226",420017,42,9227,40.01017778,-75.93768889,1,1,1,1,3,3,0,59,0,1,1,0,4,2,5,1,42,1,2,2,2,1,2,1,2,2,2,1,2,2,2,2,2,2,"Pennsylvania",1
"23227",420018,42,8788,40.19296667,-75.49150833,1,1,1,5,1,3,0,42,0,1,1,0,4,2,1,1,42,2,3,2,1,1,2,1,2,2,2,1,2,2,2,2,2,2,"Pennsylvania",1
"23228",420019,42,6412,41.17847222,-75.74164444,1,1,1,7,9,3,0,24,0,1,1,0,4,1,1,1,42,1,2,1,2,1,2,1,2,2,2,2,2,2,2,2,2,2,"Pennsylvania",0
"23229",420020,42,9867,39.76389722,-79.93638333,1,1,1,6,18,3,0,42,0,1,1,0,6,2,1,1,42,1,2,2,2,1,2,1,2,2,2,3,2,1,2,2,2,2,"Pennsylvania",0
"23230",420021,42,6604,41.06850278,-75.09313333,3,3,1,1,1,3,0,12,0,1,1,0,1,2,1,1,42,1,2,2,2,2,2,1,2,2,2,1,2,2,2,2,2,2,"Pennsylvania",1
"23231",420022,42,8403,40.38870278,-76.56031389,1,1,1,1,6,3,0,11,0,1,1,0,1,2,1,1,42,1,2,1,2,1,2,2,2,2,2,3,2,1,2,2,2,2,"Pennsylvania",0
"23232",420023,42,8005,40.57891667,-79.23584722,4,4,1,4,12,3,0,12,0,1,1,0,1,1,1,3,42,1,2,1,1,2,2,1,2,2,2,3,2,2,2,2,2,2,"Pennsylvania",0
"23233",420024,42,9119,40.04449167,-79.77341944,2,2,1,6,9,3,0,12,0,1,1,0,1,1,4,1,42,1,2,1,1,2,2,1,2,2,2,3,2,2,2,2,1,2,"Pennsylvania",0
"23234",420025,42,6610,41.06544444,-75.28453889,3,3,1,4,17,5,0,17,0,1,1,0,4,2,1,1,42,1,2,1,1,1,2,1,2,1,2,3,2,2,1,2,2,2,"Pennsylvania",0
"23235",420026,42,9353,39.96093333,-75.24505556,1,1,1,7,18,3,0,8,0,2,2,0,1,3,1,1,42,2,2,2,2,1,2,2,1,2,2,3,2,2,2,2,2,2,"Pennsylvania",0
"23236",420027,42,9187,40.02440556,-75.02879722,3,3,1,4,1,6,0,40,0,1,1,0,4,3,2,1,42,2,2,2,1,1,2,1,2,2,2,3,2,2,1,2,2,2,"Pennsylvania",1
"23237",420028,42,9094,40.05551111,-75.14104722,1,1,1,3,21,6,0,42,0,1,1,0,4,3,4,1,42,2,2,2,1,1,2,2,2,2,2,1,2,2,2,2,2,2,"Pennsylvania",1
"23238",420029,42,5765,41.49240556,-76.379275,1,1,1,1,15,3,0,42,0,1,1,0,4,1,4,1,42,1,2,1,2,1,2,1,2,2,2,1,2,2,2,2,2,2,"Pennsylvania",1
"23239",420030,42,9787,39.79019722,-79.94070278,1,1,1,4,21,3,0,24,0,3,2,0,4,2,1,1,42,1,2,2,1,1,2,1,2,1,2,3,2,2,2,2,2,2,"Pennsylvania",0
"23240",420031,42,7876,40.62550278,-80.24393611,1,1,1,3,12,3,0,30,0,1,1,0,4,1,4,1,42,2,2,1,1,1,2,1,2,2,2,2,2,2,2,2,2,2,"Pennsylvania",0
"23241",420032,42,6462,41.15012222,-80.36838611,3,3,1,3,12,3,0,12,0,2,2,0,1,1,4,1,42,1,2,1,1,2,2,2,2,2,2,3,2,1,2,2,2,2,"Pennsylvania",0
"23242",420033,42,4749,41.95432222,-76.41209444,2,2,1,6,22,3,0,12,0,1,1,0,1,2,1,2,42,1,2,2,2,2,2,1,2,2,2,3,2,2,2,2,2,2,"Pennsylvania",0
"23243",420034,42,8390,40.39711389,-75.40878056,2,2,1,2,22,3,0,23,0,1,1,0,4,2,1,1,42,1,2,2,1,1,2,1,2,1,2,3,1,2,2,2,2,2,"Pennsylvania",0
"23244",420035,42,8850,40.15795556,-74.87573889,3,3,1,7,17,3,0,12,0,3,3,0,1,3,1,1,42,2,2,1,2,3,2,1,2,2,2,3,2,2,2,2,2,2,"Pennsylvania",0
"23245",420036,42,8744,40.22130278,-76.43228889,2,2,1,2,7,3,0,12,0,2,2,0,1,4,1,1,42,1,2,1,1,2,2,2,2,2,2,3,2,2,2,2,2,2,"Pennsylvania",0
"23246",420037,42,7690,40.674625,-80.17199167,2,2,1,7,6,3,0,12,0,1,1,0,1,4,1,1,42,2,2,1,2,2,2,2,2,2,2,3,2,2,2,2,2,1,"Pennsylvania",0
"23247",420038,42,6774,40.967375,-75.19112222,2,2,1,5,12,3,0,12,0,1,1,0,1,1,1,1,42,1,2,1,1,2,2,1,2,2,2,3,2,1,2,2,2,2,"Pennsylvania",0
"23248",420039,42,4907,41.85121944,-80.37115556,3,3,1,3,14,3,0,12,0,1,1,0,1,1,1,1,42,1,2,1,1,2,2,1,2,2,2,3,2,1,2,2,2,2,"Pennsylvania",0
"23249",420040,42,6411,41.17853056,-79.35825278,1,1,1,4,13,1,0,8,0,1,1,0,2,1,4,1,42,2,1,1,1,1,2,2,1,2,2,3,2,2,2,2,2,2,"Pennsylvania",0
"23250",420041,42,6688,41.01619722,-76.395925,2,2,1,5,6,2,0,12,0,1,1,0,1,2,1,1,42,2,2,1,1,2,2,2,2,2,2,3,2,2,1,2,2,2,"Pennsylvania",0
"23251",420042,42,8143,40.51848611,-79.60732222,3,3,1,7,17,3,0,12,0,8,1,0,1,2,1,1,42,1,2,1,2,2,2,2,2,2,2,1,1,2,2,2,2,2,"Pennsylvania",1
"23252",420043,42,7993,40.58273611,-78.34203889,1,1,1,7,20,3,0,42,0,1,1,0,4,2,1,1,42,2,3,2,2,1,2,1,2,2,2,1,2,2,2,2,2,2,"Pennsylvania",1
"23253",420044,42,9082,40.06115833,-75.13552222,3,3,1,6,8,3,0,59,0,1,1,0,4,1,1,1,42,2,2,1,1,2,2,2,2,2,2,3,2,2,2,2,2,2,"Pennsylvania",0
"23254",420045,42,9971,39.73883056,-76.15757778,2,2,1,1,19,2,0,38,0,1,1,0,4,2,5,1,42,1,2,2,2,1,2,1,2,1,2,3,2,2,2,2,2,2,"Pennsylvania",0
"23255",420046,42,9307,39.98411389,-76.29134444,3,3,1,7,15,3,0,39,0,3,2,0,4,1,1,1,42,2,2,1,2,1,2,2,2,2,2,2,2,2,2,2,2,2,"Pennsylvania",0
"23256",420047,42,8528,40.33076111,-76.75058333,1,1,1,5,5,2,0,8,0,1,1,0,2,2,1,1,42,2,2,2,1,1,2,1,1,2,2,2,2,2,2,2,2,2,"Pennsylvania",0
"23257",420048,42,8961,40.11398889,-79.89026944,5,5,1,6,21,1,0,12,0,1,1,0,1,2,1,3,42,2,1,2,2,3,2,1,2,2,2,3,2,2,2,2,2,2,"Pennsylvania",0
"23258",420049,42,5261,41.69775278,-75.91824722,4,4,1,6,16,3,0,12,0,3,2,0,1,5,1,1,42,1,2,1,1,3,2,1,2,2,2,3,2,2,2,2,2,2,"Pennsylvania",0
"23259",420050,42,8318,40.42893611,-79.94511111,2,2,1,4,11,1,0,35,0,1,1,0,4,1,1,1,42,2,1,1,1,1,2,2,2,1,2,3,2,2,2,2,2,2,"Pennsylvania",0
"23260",420051,42,8844,40.16108611,-76.78526944,1,1,1,1,21,5,0,1,0,1,1,0,4,2,1,1,42,1,2,2,2,1,2,1,2,1,2,2,2,2,2,2,2,2,"Pennsylvania",0
"23261",420052,42,4856,41.88275833,-76.52950278,2,2,1,5,22,5,0,35,0,1,1,0,4,2,1,1,42,1,2,2,1,1,2,1,2,1,2,3,2,2,2,1,2,2,"Pennsylvania",1
"23262",420053,42,8231,40.46699444,-76.14663889,2,2,1,3,6,3,0,12,0,1,1,0,1,2,1,1,42,1,2,1,1,2,2,2,2,2,2,3,2,2,1,2,2,2,"Pennsylvania",0
"23263",420054,42,9789,39.78796389,-75.88172222,3,3,1,7,21,3,0,12,0,2,2,0,1,2,5,1,42,2,2,2,2,2,2,2,2,2,2,3,1,1,2,2,2,2,"Pennsylvania",0
"23264",420055,42,6051,41.35078611,-74.86789167,2,2,1,4,11,2,0,12,0,1,1,0,1,1,1,1,42,1,2,1,1,2,2,1,2,2,2,3,2,1,2,2,2,2,"Pennsylvania",0
"23265",420056,42,9201,40.01968889,-75.73813056,4,4,1,6,18,2,0,12,0,1,1,0,1,2,1,1,42,2,2,2,2,3,2,2,2,2,2,1,2,2,1,2,2,2,"Pennsylvania",1
"23266",420057,42,8107,40.53774722,-76.93781944,4,4,1,7,10,2,0,12,0,1,1,0,1,1,1,1,42,1,2,1,2,3,2,2,2,1,2,3,2,2,2,2,1,2,"Pennsylvania",0
"23267",420058,42,4947,41.83117778,-76.09880556,1,1,1,6,21,5,0,8,0,1,1,0,1,2,1,1,42,1,2,2,2,2,2,2,1,2,2,3,2,2,2,2,2,2,"Pennsylvania",0
"23268",420059,42,7794,40.65026111,-78.01889167,3,3,1,1,13,5,0,1,0,1,1,0,5,1,1,3,42,1,2,1,2,1,2,1,2,1,2,2,2,1,2,2,2,2,"Pennsylvania",0
"23269",420060,42,9179,40.026225,-76.548,1,1,1,6,5,3,0,8,0,1,1,0,1,2,1,1,42,2,3,2,1,1,2,2,1,2,2,3,2,2,2,2,2,2,"Pennsylvania",0
"23270",420061,42,9158,40.03324722,-76.30478889,2,2,1,7,1,2,0,33,0,3,2,0,4,3,1,1,42,2,2,2,2,1,2,1,2,2,2,3,2,2,1,2,2,2,"Pennsylvania",1
"23271",420062,42,8915,40.13323056,-80.00513611,1,1,2,4,23,1,0,24,0,1,1,0,4,2,1,1,42,2,1,2,1,1,2,1,2,1,2,2,2,2,2,2,2,2,"Pennsylvania",0
"23272",420063,42,9589,39.87744444,-75.35127222,1,1,2,5,7,1,0,59,1,19,1,0,4,1,1,1,42,2,1,1,1,1,2,2,2,2,2,2,2,2,2,2,2,2,"Pennsylvania",0
"23273",420064,42,6633,41.05104444,-77.50000278,2,2,1,6,15,3,0,12,0,1,1,0,1,1,11,1,42,1,2,1,1,2,2,1,2,2,2,3,2,1,2,2,2,2,"Pennsylvania",0
"23274",420065,42,8593,40.29783056,-79.92029167,3,3,2,3,15,3,0,12,0,8,1,0,1,1,1,1,42,2,2,1,1,2,2,2,2,2,2,3,2,1,1,2,2,2,"Pennsylvania",0
"23275",420066,42,8366,40.40773333,-75.33921389,4,4,2,3,20,3,0,12,0,1,1,0,1,2,1,1,42,2,2,2,1,2,2,2,2,2,2,2,2,1,2,2,2,2,"Pennsylvania",0
"23276",420067,42,8577,40.30381111,-74.88112778,1,1,2,5,18,3,0,42,0,1,1,0,4,2,1,1,42,2,2,2,1,1,2,2,2,2,2,3,2,2,2,2,2,2,"Pennsylvania",0
"23277",420068,42,7989,40.58398611,-79.55265833,4,4,2,6,13,3,0,12,0,8,1,0,1,1,1,1,42,2,2,1,1,2,2,2,2,2,2,1,2,2,2,2,2,2,"Pennsylvania",1
"23278",420069,42,8965,40.11209167,-77.05250278,2,2,2,7,11,3,0,12,0,2,3,0,1,1,1,1,42,2,3,1,2,2,1,1,2,2,2,3,2,2,2,2,2,2,"Pennsylvania",0
"23279",420070,42,8755,40.21358611,-76.86534167,3,3,2,1,17,3,0,12,0,2,2,0,1,5,1,1,42,2,2,1,2,2,2,2,2,2,2,1,2,2,2,2,2,2,"Pennsylvania",1
"23280",420071,42,7149,40.81462222,-76.86948333,1,1,1,5,18,3,0,19,0,1,1,0,5,2,1,1,42,2,2,2,1,1,2,1,2,2,2,1,2,2,2,2,2,2,"Pennsylvania",1
"23281",420072,42,6661,41.03521944,-80.13040556,5,5,2,1,2,3,0,42,0,1,1,0,5,2,4,1,42,1,2,2,2,1,2,1,2,2,2,3,2,2,1,2,2,2,"Pennsylvania",0
"23282",420073,42,9111,40.04998056,-75.63584167,7,7,2,7,18,3,0,12,0,1,1,1,1,2,1,2,42,2,2,2,2,2,2,1,2,2,2,1,2,2,2,2,1,2,"Pennsylvania",1
"23283",420074,42,7511,40.72459722,-79.38158889,6,6,2,7,18,2,0,24,0,1,1,0,4,2,4,1,42,1,2,2,2,2,2,1,2,2,2,3,2,2,2,2,2,2,"Pennsylvania",0
"23284",420075,42,8866,40.14943333,-75.90788333,2,2,2,7,10,3,0,12,0,1,1,0,1,1,1,1,42,1,2,1,2,2,2,2,2,2,2,3,2,2,1,2,2,2,"Pennsylvania",0
"23285",420076,42,6987,40.87173333,-80.46519167,1,1,2,3,20,3,0,30,0,1,1,0,4,2,1,1,42,1,2,2,1,1,2,1,2,1,2,1,2,2,2,2,2,2,"Pennsylvania",1
"23286",420077,42,7058,40.84228333,-79.46377778,2,2,2,2,8,3,0,12,0,1,1,0,1,1,1,1,42,1,2,1,1,2,2,2,2,1,2,3,1,2,2,2,2,2,"Pennsylvania",0
"23287",420078,42,6318,41.22725,-78.55190833,3,3,2,5,14,3,0,12,0,1,1,0,1,1,1,1,42,1,2,1,1,2,2,2,2,2,2,1,2,2,2,2,2,2,"Pennsylvania",1
"23288",420079,42,9728,39.82163889,-79.77066389,5,5,2,7,12,3,0,12,0,1,1,0,1,1,4,1,42,2,3,1,2,2,2,1,2,2,2,3,2,2,2,2,2,2,"Pennsylvania",0
"23289",420080,42,8340,40.41954167,-79.50788333,3,3,2,7,17,3,0,12,0,1,1,0,1,1,2,1,42,1,2,1,2,2,2,1,2,2,2,3,2,2,2,2,2,2,"Pennsylvania",0
"23290",420081,42,9164,40.03185,-76.50780833,2,2,2,6,15,3,0,12,0,1,1,0,1,1,1,1,42,2,2,1,1,2,2,2,2,2,2,3,2,2,2,2,2,2,"Pennsylvania",0
"23291",420082,42,5800,41.47851389,-78.19634167,2,2,2,5,14,3,0,12,0,1,1,0,1,1,1,2,42,1,2,1,1,2,2,2,2,1,2,2,2,2,2,2,2,1,"Pennsylvania",0
"23292",420083,42,8461,40.35939167,-77.38697778,4,4,2,1,12,3,0,12,0,1,1,0,1,1,1,1,42,1,2,1,2,2,2,1,2,2,2,3,2,1,2,2,2,2,"Pennsylvania",0
"23293",420084,42,9387,39.95071389,-80.16544167,1,1,2,7,6,1,0,35,0,1,1,0,4,4,1,1,42,1,1,1,2,1,2,1,2,1,2,3,2,2,1,2,2,2,"Pennsylvania",0
"23294",420085,42,9060,40.06872778,-75.34183611,2,2,1,1,6,1,0,12,0,1,1,0,1,3,2,1,42,2,1,1,2,3,2,1,1,2,2,3,2,2,2,2,2,2,"Pennsylvania",0
"23295",420086,42,9464,39.92981667,-76.05473611,4,4,2,4,10,3,0,12,0,2,2,0,1,1,1,1,42,1,2,1,1,2,2,2,2,2,2,3,2,1,2,2,2,2,"Pennsylvania",0
"23296",420087,42,9155,40.03350278,-75.15081389,3,3,2,1,16,6,0,12,0,2,3,0,1,1,1,1,42,2,2,1,2,2,2,2,2,2,2,3,2,2,1,2,2,2,"Pennsylvania",0
"23297",420088,42,9369,39.95561111,-75.99258333,1,1,2,2,5,6,0,30,0,1,1,0,4,2,1,1,42,2,2,2,2,1,2,1,2,2,2,1,2,2,1,2,2,2,"Pennsylvania",1
"23298",420089,42,7575,40.70903333,-75.79958611,4,4,2,2,13,3,0,12,0,1,1,0,1,1,5,1,42,1,2,1,1,3,2,2,2,2,2,3,2,2,2,2,2,2,"Pennsylvania",0
"23299",420090,42,9170,40.02948611,-75.102425,1,1,2,1,4,2,0,59,0,1,1,0,3,3,1,1,42,2,2,2,2,1,2,1,2,2,2,1,2,2,2,2,2,2,"Pennsylvania",1
"23300",420091,42,8750,40.21805556,-78.940025,1,1,1,1,0,2,0,1,1,19,1,0,3,3,3,1,42,1,2,2,2,1,2,1,2,1,2,1,2,2,2,2,2,2,"Pennsylvania",1
"23301",420092,42,8896,40.13904722,-79.82579167,1,1,2,1,22,5,0,33,0,1,1,0,4,2,1,1,42,1,2,2,2,1,2,2,2,1,2,1,2,2,2,2,2,2,"Pennsylvania",1
"23302",420093,42,9490,39.91883056,-75.18642778,1,1,2,4,19,6,0,8,0,1,1,0,1,3,1,1,42,2,2,2,1,1,2,2,1,2,2,3,2,2,2,2,2,2,"Pennsylvania",0
"23303",420094,42,6811,40.94620278,-78.47478889,1,1,1,1,1,3,0,5,0,2,3,0,1,3,8,1,42,1,2,2,2,1,2,1,2,1,2,1,2,2,2,2,2,2,"Pennsylvania",1
"23304",420095,42,6724,40.99711944,-80.33726111,1,1,1,7,0,3,0,1,0,2,4,0,1,3,1,1,42,2,2,2,2,1,1,1,2,2,1,1,2,2,2,2,2,2,"Pennsylvania",1
"23305",420096,42,7997,40.58162778,-79.56594167,0,0,1,7,7,3,0,8,0,1,1,0,1,4,8,1,42,2,2,1,2,1,2,2,1,2,2,2,2,2,2,2,2,2,"Pennsylvania",0
"23306",420097,42,6082,41.33246389,-74.85033889,4,4,1,1,9,1,0,42,0,1,1,0,3,1,5,2,42,1,1,1,2,2,2,1,2,1,2,3,2,2,2,2,2,2,"Pennsylvania",0
"23307",420098,42,9676,39.84165833,-75.46479444,1,1,2,2,10,3,0,30,0,1,1,0,4,1,1,1,42,2,3,1,1,1,2,2,2,2,2,2,2,1,2,2,2,2,"Pennsylvania",0
"23308",420099,42,8766,40.20607778,-75.09987778,1,1,2,6,6,3,0,8,0,1,1,0,1,3,1,1,42,2,2,1,1,1,2,2,1,2,2,2,2,2,2,2,2,2,"Pennsylvania",0