"","ST_CASE","OBJECT_ID","FID","LATITUDE","LONGITUD","PERMVIT","PERSONS","MONTH","DAY_WEEK","HOUR","ROUTE","SP_JUR","HARM_EV","RELJCT1","RELJCT2","TYP_INT","WRK_ZONE","REL_ROAD","LGT_COND","WEATHER","FATALS","STATE","A_RU","A_INTER","A_TOD","A_DOW","A_CT","A_MC","A_SPCRA","A_PED","A_ROLL","A_POLPUR","A_POSBAC","A_D15_20","A_D65PLS","A_D21_24","A_HR","A_DIST","A_DROWSY","STATE_NAME","drunkDr"
"23442",420233,42,9636,39.85751667,-75.38208333,3,3,4,2,17,3,0,1,0,2,2,0,1,1,1,1,42,2,2,1,1,2,1,1,2,2,2,3,2,2,2,2,2,2,"Pennsylvania",0
"23443",420234,42,6737,40.98998889,-76.03765,2,2,4,4,20,4,0,12,0,1,1,0,1,2,1,2,42,1,2,2,1,2,2,1,2,2,2,1,2,1,2,2,2,2,"Pennsylvania",1
"23444",420235,42,9433,39.939275,-75.23024167,1,1,4,2,18,6,0,8,0,2,3,0,1,1,1,1,42,2,2,2,1,1,2,2,1,2,2,3,2,2,2,1,2,2,"Pennsylvania",0
"23445",420236,42,5245,41.70261389,-79.53418333,2,2,4,3,14,3,0,32,0,1,1,0,4,1,1,1,42,1,2,1,1,1,2,2,2,2,2,3,2,1,2,2,2,1,"Pennsylvania",0
"23446",420237,42,8401,40.39086111,-79.80997778,2,2,3,1,11,6,0,8,0,3,2,0,1,1,1,1,42,2,2,1,2,1,2,2,1,2,2,3,2,2,2,2,2,2,"Pennsylvania",0
"23447",420238,42,9080,40.06255556,-76.51278056,2,2,4,1,12,3,0,1,0,8,1,0,1,1,1,1,42,2,2,1,2,2,1,1,2,2,2,3,1,1,2,2,2,2,"Pennsylvania",0
"23448",420239,42,8634,40.27806667,-75.46840556,1,1,4,6,17,5,0,42,0,1,1,0,4,1,1,1,42,1,2,1,1,1,1,1,2,2,2,3,2,2,2,2,2,2,"Pennsylvania",1
"23449",420240,42,6585,41.08065,-75.95548333,5,5,4,7,13,3,0,1,0,1,1,0,4,1,1,1,42,1,2,1,2,3,2,1,2,1,2,3,1,2,2,2,2,2,"Pennsylvania",0
"23450",420241,42,6708,41.00414444,-76.16171944,1,1,4,7,22,1,0,24,0,1,1,0,4,2,1,1,42,1,1,2,2,1,2,1,2,1,2,1,1,2,2,2,2,2,"Pennsylvania",1
"23451",420242,42,9798,39.78416667,-79.51799722,1,1,4,2,12,2,0,24,0,1,1,0,4,1,1,1,42,1,2,1,1,1,2,2,2,1,2,1,2,2,2,2,2,2,"Pennsylvania",1
"23452",420243,42,6088,41.33074444,-75.41640278,1,1,4,7,1,5,0,35,0,3,3,0,4,2,1,1,42,1,2,2,2,1,2,1,2,1,2,1,2,2,1,2,2,2,"Pennsylvania",1
"23453",420244,42,6990,40.87088611,-75.77442222,1,1,4,1,5,2,0,11,0,1,1,0,1,2,1,1,42,2,2,2,2,1,2,1,2,1,2,2,2,2,2,2,2,2,"Pennsylvania",0
"23454",420245,42,8969,40.108975,-74.95560833,1,1,4,5,2,3,0,33,0,1,1,0,4,3,2,1,42,2,3,2,1,1,2,1,2,2,2,1,2,2,2,2,2,2,"Pennsylvania",1
"23455",420246,42,8218,40.47725,-76.388825,1,1,4,2,18,3,0,42,0,1,1,0,4,1,1,1,42,1,2,2,1,1,2,1,2,2,2,1,2,2,2,2,2,2,"Pennsylvania",1
"23456",420247,42,9057,40.07047222,-76.50072222,2,2,4,1,20,5,0,19,0,1,1,0,5,2,1,2,42,1,2,2,2,1,2,1,2,1,2,2,2,1,2,2,2,2,"Pennsylvania",0
"23457",420248,42,7980,40.58702778,-79.76322222,2,2,4,6,11,6,0,33,0,1,1,0,4,1,1,1,42,2,2,1,1,1,2,1,2,2,2,2,2,1,2,2,2,2,"Pennsylvania",0
"23458",420249,42,4494,42.09832778,-80.08100833,1,1,4,6,15,2,0,33,0,3,2,0,4,1,1,1,42,2,2,1,1,1,1,1,2,2,2,2,2,2,2,2,2,2,"Pennsylvania",0
"23459",420250,42,8446,40.36766667,-80.51716111,1,1,4,1,13,5,0,42,0,1,1,0,4,1,1,1,42,1,2,1,2,1,2,1,2,2,2,2,1,2,2,2,2,2,"Pennsylvania",0
"23460",420251,42,8214,40.47829722,-75.46385278,1,1,5,2,3,3,0,1,0,1,1,0,4,2,1,1,42,1,2,2,2,1,1,1,2,2,2,1,2,2,1,2,2,2,"Pennsylvania",1
"23461",420252,42,9397,39.94931389,-77.13171944,2,2,5,7,6,3,0,12,0,2,2,0,1,4,1,1,42,1,2,1,2,2,2,2,2,1,2,3,1,2,2,2,2,2,"Pennsylvania",0
"23462",420253,42,6268,41.24888611,-76.52069444,2,2,5,7,20,3,0,12,0,8,1,0,1,2,1,1,42,1,2,2,2,2,1,1,2,2,2,1,1,2,2,2,2,2,"Pennsylvania",1
"23463",420254,42,6918,40.89953611,-75.21410556,4,4,5,6,12,3,0,12,0,2,2,0,1,1,1,1,42,2,2,1,1,2,2,2,2,2,2,3,2,1,2,2,2,2,"Pennsylvania",0
"23464",420255,42,6480,41.13431667,-76.14526389,2,2,5,1,10,2,0,12,0,1,1,0,1,1,1,1,42,1,2,1,2,2,1,2,2,2,2,3,2,1,2,2,2,2,"Pennsylvania",0
"23465",420256,42,7840,40.639025,-75.58066389,1,1,5,2,9,1,0,35,0,1,1,0,4,1,1,1,42,2,1,1,1,1,2,2,2,1,2,2,2,2,2,2,2,2,"Pennsylvania",0
"23466",420257,42,8360,40.40949722,-77.01088333,4,4,5,6,14,2,0,12,0,8,1,0,1,1,1,2,42,1,2,1,1,2,2,1,2,2,2,3,2,1,2,2,2,2,"Pennsylvania",0
"23467",420258,42,7979,40.58725833,-75.38631667,2,2,5,6,0,3,0,33,0,1,1,0,4,2,1,1,42,2,2,2,1,2,2,1,2,2,2,2,2,2,1,2,2,2,"Pennsylvania",0
"23468",420259,42,8672,40.25373056,-76.824975,1,1,5,1,20,1,0,38,0,1,1,0,4,2,1,1,42,2,1,2,2,1,1,1,2,2,2,1,2,2,2,2,2,2,"Pennsylvania",1
"23469",420260,42,6637,41.04724722,-77.63565,1,1,5,7,12,3,0,24,0,1,1,0,4,1,1,1,42,1,2,1,2,1,2,2,2,1,2,1,2,2,2,2,2,2,"Pennsylvania",1
"23470",420261,42,9478,39.92340556,-75.51498611,1,1,4,5,17,5,0,42,0,1,1,0,4,1,1,1,42,1,2,1,1,1,1,1,2,2,2,2,2,2,1,2,2,2,"Pennsylvania",0
"23471",420262,42,7165,40.81105278,-77.63695278,3,3,5,1,20,3,0,12,0,2,3,0,1,2,1,1,42,1,2,2,2,2,1,1,2,2,2,3,1,1,2,2,2,2,"Pennsylvania",0
"23472",420263,42,9785,39.79293611,-80.11285833,1,1,5,2,19,2,0,24,0,1,1,0,4,1,1,1,42,1,2,2,1,1,1,1,2,2,2,1,2,2,2,2,2,2,"Pennsylvania",1
"23473",420264,42,8677,40.2501,-79.21831944,2,2,3,1,9,5,0,42,0,1,1,0,5,1,1,1,42,1,2,1,2,1,2,2,2,2,2,3,2,1,2,2,2,2,"Pennsylvania",0
"23474",420265,42,8247,40.45866111,-79.99849444,1,1,2,6,3,3,0,26,1,2,3,0,1,3,4,1,42,2,2,2,1,1,2,1,2,2,2,1,2,2,1,2,2,2,"Pennsylvania",1
"23475",420266,42,7598,40.70086667,-75.28944167,1,1,5,7,8,3,0,24,0,1,1,0,4,1,1,1,42,1,2,1,2,1,2,2,2,1,2,2,2,2,2,2,2,2,"Pennsylvania",0
"23476",420267,42,4579,42.04902778,-80.08090278,2,2,2,3,10,2,0,12,1,2,2,0,1,1,1,1,42,2,1,1,1,2,2,2,2,2,2,3,2,2,2,2,2,2,"Pennsylvania",0
"23477",420268,42,8106,40.53795,-76.42896944,1,1,4,2,20,1,0,8,0,1,1,0,1,2,1,1,42,1,1,2,1,1,2,2,1,2,2,3,2,2,2,2,2,2,"Pennsylvania",0
"23478",420269,42,9148,40.03586667,-79.91976111,1,1,3,6,2,1,0,42,0,1,1,0,5,2,1,1,42,2,2,2,1,1,2,2,2,2,2,1,2,2,2,2,2,2,"Pennsylvania",1
"23479",420271,42,8020,40.57552222,-75.60925833,2,2,5,2,22,5,0,12,0,2,3,0,1,3,1,1,42,1,2,2,1,2,1,2,2,2,2,2,2,2,1,2,2,2,"Pennsylvania",0
"23480",420272,42,7935,40.60281667,-76.25006944,3,3,3,6,21,5,0,42,0,1,1,0,4,2,1,1,42,1,2,2,2,1,2,1,2,2,2,1,2,2,1,2,2,2,"Pennsylvania",1
"23481",420273,42,8044,40.5655,-79.56950833,1,1,4,4,15,3,0,35,0,1,1,0,4,1,1,1,42,1,2,1,1,1,2,1,2,1,2,1,2,2,2,2,2,2,"Pennsylvania",1
"23482",420274,42,6283,41.24306667,-76.57883889,1,1,5,2,7,3,0,35,0,1,1,0,4,1,1,1,42,1,2,1,1,1,2,2,2,2,2,3,1,2,2,2,2,2,"Pennsylvania",0
"23483",420275,42,4711,41.97508889,-76.51991111,2,2,2,1,2,6,0,8,0,3,2,0,1,3,4,1,42,2,2,2,2,1,2,1,1,2,2,1,1,2,2,2,2,2,"Pennsylvania",1
"23484",420276,42,7799,40.64960556,-78.94990556,6,6,5,6,15,3,0,12,0,1,1,0,1,1,1,1,42,1,2,1,1,2,2,2,2,1,2,3,2,2,2,2,1,2,"Pennsylvania",0
"23485",420277,42,8833,40.16628333,-75.42027778,3,3,5,3,20,3,0,12,0,2,2,0,1,5,1,1,42,2,2,2,1,2,1,1,2,2,2,2,1,2,2,2,2,2,"Pennsylvania",0
"23486",420278,42,8651,40.26509167,-79.28674722,3,3,5,3,1,2,0,12,0,1,1,0,1,2,1,1,42,1,2,2,1,2,2,1,2,2,2,3,2,2,2,2,2,2,"Pennsylvania",1
"23487",420279,42,8916,40.13297778,-77.282625,1,1,5,1,16,3,0,53,0,1,1,0,4,1,1,1,42,1,2,1,2,1,1,1,2,2,2,1,2,2,2,2,2,2,"Pennsylvania",1
"23488",420280,42,8047,40.56491389,-75.41298611,2,2,5,2,14,1,0,12,0,1,1,0,1,1,1,1,42,2,1,1,1,2,2,1,2,2,2,3,2,2,2,2,2,2,"Pennsylvania",0
"23489",420281,42,8517,40.33451944,-79.74404167,2,2,5,6,14,2,0,12,0,8,1,0,1,1,1,1,42,2,2,1,1,2,1,2,2,2,2,3,2,1,2,2,2,2,"Pennsylvania",0
"23490",420282,42,7848,40.63561944,-75.35036667,2,2,5,3,14,6,0,12,0,2,2,0,1,1,1,1,42,2,2,1,1,2,2,2,2,2,2,3,1,1,2,2,2,2,"Pennsylvania",0
"23491",420283,42,8534,40.32861389,-75.91345833,5,5,5,7,18,6,0,12,0,2,2,0,1,3,1,1,42,2,2,2,2,2,1,2,2,2,2,3,2,2,2,2,2,2,"Pennsylvania",0
"23492",420284,42,7964,40.59236111,-80.45205556,1,1,5,1,16,5,0,59,0,1,1,0,4,1,2,1,42,1,2,1,2,1,2,1,2,1,2,2,2,2,2,2,2,2,"Pennsylvania",0
"23493",420285,42,8272,40.44401111,-75.954425,3,3,5,7,10,3,0,12,0,2,2,0,1,1,1,1,42,2,2,1,2,2,2,1,2,2,2,3,2,2,2,2,2,2,"Pennsylvania",0
"23494",420286,42,6582,41.08146389,-76.70485,1,1,4,2,16,3,0,10,0,6,1,0,1,1,1,1,42,1,2,1,1,1,1,2,2,2,2,3,2,2,2,2,2,2,"Pennsylvania",0
"23495",420287,42,6438,41.16041944,-79.00278889,1,1,5,1,14,1,0,24,0,1,1,0,3,1,1,1,42,1,1,1,2,1,1,2,2,2,2,2,2,1,2,2,2,2,"Pennsylvania",0
"23496",420288,42,8323,40.42613611,-76.00120833,2,2,5,2,15,5,0,12,0,2,3,0,1,1,1,1,42,1,2,1,1,2,1,2,2,2,2,3,2,2,2,2,2,2,"Pennsylvania",0
"23497",420289,42,8113,40.53324444,-75.49604167,2,2,5,2,16,3,0,8,0,3,2,0,1,1,1,1,42,2,2,1,1,1,2,2,1,2,2,2,2,1,2,2,2,2,"Pennsylvania",0
"23498",420290,42,4417,42.15123889,-79.76176944,2,2,5,2,16,6,0,19,0,1,1,0,5,1,2,1,42,1,2,1,1,1,1,1,2,2,2,3,2,1,2,2,2,2,"Pennsylvania",1
"23499",420291,42,5400,41.640425,-75.78085278,1,1,5,1,2,2,0,24,0,1,1,0,4,2,1,1,42,1,2,2,2,1,2,1,2,1,2,3,2,2,2,2,2,2,"Pennsylvania",0
"23500",420292,42,6280,41.24473889,-75.88059444,1,1,5,4,5,6,0,8,0,3,2,0,1,4,2,1,42,2,2,2,1,1,2,2,1,2,2,3,2,1,2,2,2,2,"Pennsylvania",0
"23501",420293,42,9853,39.76901389,-76.67858056,1,1,5,7,13,3,0,8,0,1,1,0,1,1,1,1,42,2,2,1,2,1,2,2,1,2,2,3,2,2,2,2,2,2,"Pennsylvania",0
"23502",420294,42,6272,41.24860556,-75.50280278,2,2,5,7,20,3,0,8,0,1,1,0,1,2,1,1,42,1,2,2,2,1,2,2,1,2,2,3,2,1,2,2,2,2,"Pennsylvania",0
"23503",420295,42,9376,39.95372778,-75.15784444,1,1,5,6,17,3,0,8,0,3,2,0,1,1,1,1,42,2,2,1,1,1,2,2,1,2,2,3,2,1,2,2,2,2,"Pennsylvania",0
"23504",420296,42,9238,40.00522222,-75.19419444,1,1,4,7,7,3,0,1,1,5,1,0,4,1,1,1,42,2,1,1,2,1,1,1,2,2,2,1,2,2,2,2,2,2,"Pennsylvania",1
"23505",420297,42,6989,40.87106667,-75.246825,1,1,5,1,20,3,0,8,0,1,1,0,1,3,1,1,42,2,2,2,2,1,2,2,1,2,2,1,2,2,2,2,2,2,"Pennsylvania",1
"23506",420298,42,8222,40.47459167,-78.40521389,2,2,5,3,15,2,0,12,0,8,1,0,1,1,1,1,42,2,2,1,1,2,1,1,2,1,2,3,2,2,1,2,2,2,"Pennsylvania",0
"23507",420299,42,7750,40.66325,-79.49916667,2,2,5,1,18,5,0,1,0,1,1,0,1,1,1,1,42,1,2,2,2,1,2,1,2,1,2,1,2,2,2,2,2,2,"Pennsylvania",1
"23508",420300,42,6513,41.1176,-75.55183333,1,1,4,3,19,3,0,1,0,1,1,0,2,1,1,1,42,1,2,2,1,1,2,1,2,1,2,1,2,2,2,2,2,2,"Pennsylvania",1
"23509",420301,42,6754,40.97945556,-78.17583333,2,2,5,7,21,5,0,5,0,1,1,0,1,2,1,1,42,1,2,2,2,1,2,2,2,2,2,1,2,2,2,2,2,2,"Pennsylvania",1
"23510",420302,42,9286,39.98924722,-75.09666111,5,5,5,1,23,6,0,7,0,2,2,0,1,3,1,1,42,2,2,2,2,1,2,2,2,2,2,3,2,2,2,2,2,2,"Pennsylvania",0
"23511",420303,42,5933,41.41459722,-75.29218611,1,1,5,2,16,5,0,42,0,1,1,0,4,1,1,1,42,1,2,1,1,1,2,2,2,1,2,1,2,1,2,2,2,2,"Pennsylvania",1
"23512",420304,42,6728,40.9963,-76.91160278,1,1,5,1,23,3,0,42,0,1,1,0,4,2,1,1,42,2,3,2,2,1,2,1,2,2,2,1,1,2,2,2,2,2,"Pennsylvania",1
"23513",420305,42,7294,40.77783889,-75.961075,2,2,3,1,8,3,0,12,0,1,1,0,1,1,4,1,42,2,2,1,2,2,2,1,2,2,2,3,1,2,2,2,2,2,"Pennsylvania",0
"23514",420306,42,8021,40.57550278,-75.60918333,2,2,5,6,12,5,0,12,0,3,3,0,1,1,1,1,42,1,2,1,1,2,2,2,2,2,2,2,2,1,2,2,2,2,"Pennsylvania",0
"23515",420307,42,8684,40.24710833,-76.36175,1,1,5,7,3,2,0,18,0,1,1,0,4,2,1,1,42,1,2,2,2,1,2,1,2,2,2,3,2,2,1,2,2,2,"Pennsylvania",1
"23516",420308,42,6974,40.87511667,-77.53307778,1,1,5,1,17,3,0,30,0,1,1,0,4,1,1,1,42,1,2,1,2,1,1,1,2,2,2,1,2,2,2,2,2,2,"Pennsylvania",1
"23517",420309,42,7228,40.79576667,-77.04746111,3,3,5,6,18,3,0,12,0,1,1,0,1,1,1,1,42,1,2,2,2,2,2,1,2,2,2,3,2,2,2,2,2,2,"Pennsylvania",0
"23518",420310,42,6047,41.35188611,-76.55535833,2,2,5,6,18,2,0,12,0,2,3,0,1,1,1,1,42,1,2,2,2,2,2,2,2,2,2,1,1,2,2,2,2,2,"Pennsylvania",1
"23519",420311,42,8537,40.32532778,-79.63741389,2,2,5,7,21,3,0,42,0,1,1,0,4,2,1,1,42,2,2,2,2,1,2,1,2,2,2,2,2,2,2,2,2,2,"Pennsylvania",0
"23520",420312,42,6727,40.99646667,-75.14386111,2,2,5,7,6,1,0,59,1,19,1,0,4,1,1,1,42,2,1,1,2,1,2,1,2,2,2,2,2,2,2,2,2,1,"Pennsylvania",0
"23521",420313,42,9162,40.03236111,-75.97948056,4,4,5,3,5,3,0,12,0,2,3,0,1,4,1,1,42,1,2,2,1,2,1,1,2,2,2,3,2,1,2,2,2,2,"Pennsylvania",0
"23522",420314,42,8898,40.13884444,-75.11954722,2,2,5,5,16,4,0,12,0,2,3,0,1,1,1,1,42,1,2,1,1,2,1,1,2,2,2,3,2,2,1,2,2,2,"Pennsylvania",0
"23523",420315,42,5102,41.76233333,-75.815375,2,2,5,2,13,3,0,14,0,1,1,0,4,1,1,1,42,1,2,1,1,1,2,2,2,2,2,2,2,2,2,2,2,2,"Pennsylvania",0
"23524",420316,42,6676,41.02520833,-78.66080556,1,1,5,4,11,2,0,38,0,1,1,0,4,1,1,1,42,1,2,1,1,1,2,1,2,2,2,2,2,2,2,2,2,2,"Pennsylvania",0
"23525",420317,42,8454,40.36323889,-75.94189167,2,2,5,7,1,3,0,14,0,1,1,0,2,3,1,1,42,2,2,2,2,1,2,2,2,2,2,1,2,2,1,2,2,2,"Pennsylvania",1
"23526",420318,42,8267,40.44644167,-75.84585833,3,3,5,1,15,3,0,12,0,1,1,0,1,1,1,2,42,2,3,1,2,2,1,2,2,2,2,3,2,2,2,2,2,2,"Pennsylvania",0
"23527",420319,42,7301,40.77574167,-75.59124722,3,3,5,2,16,3,0,12,0,2,3,0,1,1,1,1,42,1,2,1,1,2,2,2,2,2,2,3,2,1,1,2,2,2,"Pennsylvania",1
"23528",420320,42,8334,40.42203611,-79.92775,2,2,5,1,17,6,0,12,0,2,3,0,1,1,1,1,42,2,2,1,2,2,1,2,2,2,2,1,2,2,2,2,2,2,"Pennsylvania",1
"23529",420321,42,8914,40.13384722,-74.88453889,2,2,5,6,15,3,0,12,0,8,1,0,1,1,1,1,42,2,2,1,1,2,1,2,2,2,2,3,2,2,1,2,2,2,"Pennsylvania",0
"23530",420322,42,5804,41.47626111,-75.74435833,2,2,5,1,15,3,0,12,0,2,3,0,1,1,1,1,42,2,3,1,2,2,2,2,2,2,2,3,2,1,1,2,2,2,"Pennsylvania",0
"23531",420323,42,6296,41.23585278,-77.42806944,2,2,5,7,3,3,0,1,0,1,1,0,4,2,2,2,42,1,2,2,2,1,2,1,2,1,2,1,1,2,2,2,2,2,"Pennsylvania",1
"23532",420324,42,9036,40.07956111,-75.20043333,4,4,5,1,15,3,0,12,0,2,2,0,1,1,1,1,42,2,2,1,2,2,2,2,2,2,2,3,1,1,2,2,2,2,"Pennsylvania",0
"23533",420325,42,8345,40.41806667,-77.53314167,3,3,3,4,10,3,0,12,0,1,1,0,1,1,1,2,42,1,2,1,1,2,2,2,2,2,2,2,2,2,1,2,2,2,"Pennsylvania",0
"23534",420326,42,6469,41.14185,-75.36012778,3,3,3,3,13,3,0,12,0,1,1,0,1,1,4,1,42,2,3,1,1,2,2,1,2,2,2,3,2,1,2,2,2,2,"Pennsylvania",0
"23535",420327,42,9743,39.81605556,-76.15489444,3,3,5,4,21,2,0,12,0,2,3,0,1,2,1,1,42,1,2,2,1,2,2,2,2,2,2,3,1,2,2,2,2,2,"Pennsylvania",0
"23536",420328,42,8180,40.49475833,-78.24249444,1,1,2,3,18,2,0,24,0,1,1,0,4,2,1,1,42,1,2,2,1,1,2,1,2,1,2,2,2,1,2,2,2,2,"Pennsylvania",0
"23537",420329,42,8784,40.19729167,-79.83034444,1,1,5,7,17,3,0,43,0,3,3,0,5,1,1,1,42,2,2,1,2,1,1,2,2,2,2,1,2,2,2,2,2,2,"Pennsylvania",1
"23538",420330,42,8394,40.39466389,-79.83813056,1,1,5,2,19,3,0,42,1,5,1,0,5,5,1,1,42,2,2,2,1,1,2,1,2,2,2,2,2,1,2,2,2,2,"Pennsylvania",1
"23539",420331,42,7478,40.73299722,-77.89013611,5,7,3,3,15,3,0,14,0,1,1,0,2,1,2,1,42,2,2,1,1,2,2,2,2,2,2,3,2,1,2,2,2,2,"Pennsylvania",0
"23540",420332,42,7931,40.60457222,-76.39603889,1,1,4,4,12,3,0,42,0,1,1,0,4,1,1,1,42,1,2,1,1,1,2,1,2,2,2,2,2,1,2,2,2,2,"Pennsylvania",0
"23541",420333,42,8377,40.40444444,-79.42271944,1,1,5,1,11,3,0,8,0,2,3,0,1,1,1,1,42,1,2,1,2,1,2,2,1,2,2,3,2,2,2,2,2,2,"Pennsylvania",0
"23542",420334,42,8936,40.12577778,-79.55152778,2,2,5,2,15,3,0,33,0,8,1,0,4,1,1,1,42,2,2,1,1,1,2,1,1,2,2,2,2,1,2,2,2,2,"Pennsylvania",0
"23543",420335,42,9560,39.89237222,-75.23221944,1,1,5,6,17,3,0,24,1,5,1,0,4,1,1,1,42,2,2,1,1,1,1,2,2,2,2,3,2,1,2,2,2,2,"Pennsylvania",0
"23544",420336,42,6915,40.89987222,-75.33109444,3,3,5,3,10,3,0,12,0,3,2,0,1,1,1,1,42,1,2,1,1,3,2,1,2,2,2,3,2,1,2,2,2,2,"Pennsylvania",0
"23545",420337,42,7823,40.64225833,-77.23831667,1,1,5,4,1,3,0,35,0,1,1,0,4,2,1,1,42,1,2,2,1,1,2,1,2,2,2,1,2,2,1,2,2,2,"Pennsylvania",1
"23546",420338,42,9453,39.93238889,-77.22102778,1,1,5,7,2,5,0,42,0,1,1,0,4,2,1,1,42,1,2,2,2,1,2,1,2,1,2,3,2,2,1,2,2,2,"Pennsylvania",0
"23547",420339,42,6812,40.94611389,-79.81224444,1,1,5,2,19,3,0,11,0,1,1,0,1,1,2,1,42,1,2,2,1,1,2,2,2,1,2,2,2,2,2,2,2,2,"Pennsylvania",0
"23548",420340,42,9974,39.73826389,-77.08046667,3,3,5,6,15,3,0,12,0,2,3,0,1,1,1,1,42,2,2,1,1,3,2,2,2,2,2,3,2,1,2,2,2,2,"Pennsylvania",0
"23549",420341,42,8098,40.54021667,-75.52843889,3,3,5,2,12,1,0,12,0,1,1,2,1,1,1,1,42,2,1,1,1,3,2,1,2,2,2,3,2,2,2,2,2,2,"Pennsylvania",0
"23550",420342,42,9163,40.03204167,-76.33039167,4,4,5,6,12,5,0,12,0,2,2,0,1,1,1,1,42,1,2,1,1,2,2,2,1,2,2,3,2,2,2,2,1,2,"Pennsylvania",0
"23551",420343,42,7031,40.85216667,-79.50466111,1,1,5,6,0,3,0,30,0,1,1,0,4,2,1,1,42,1,2,2,1,1,2,2,2,1,2,2,2,2,2,2,2,2,"Pennsylvania",0
"23552",420344,42,8289,40.43815833,-80.19514167,5,5,5,5,8,2,0,12,0,1,1,2,1,1,1,1,42,2,2,1,1,3,2,1,2,2,2,3,2,1,2,2,2,2,"Pennsylvania",0
"23553",420345,42,5394,41.64249722,-79.04983333,5,5,5,1,13,3,0,12,0,1,1,0,1,1,1,1,42,1,2,1,2,3,1,2,2,2,2,3,2,1,2,2,2,2,"Pennsylvania",0
"23554",420346,42,8929,40.12889444,-74.9034,5,5,5,7,5,3,0,12,0,1,1,1,1,4,1,1,42,2,1,2,2,3,2,2,2,2,2,3,2,2,2,2,2,2,"Pennsylvania",0
"23555",420347,42,7722,40.6686,-78.233225,1,1,4,7,13,3,0,24,0,1,1,0,4,1,1,1,42,2,2,1,2,1,2,1,2,2,2,1,2,2,2,2,2,2,"Pennsylvania",1
"23556",420348,42,8105,40.53836111,-78.37797222,1,1,5,4,3,5,0,8,0,1,1,0,1,3,1,1,42,1,2,2,1,2,2,1,1,2,2,1,2,2,1,2,2,2,"Pennsylvania",1
"23557",420349,42,8881,40.14311111,-79.48472222,3,3,5,2,16,3,0,12,0,3,2,0,1,1,1,1,42,1,2,1,1,2,2,1,2,2,2,2,2,2,2,2,2,2,"Pennsylvania",0
"23558",420350,42,9439,39.93724167,-78.23891667,1,1,5,1,2,3,0,39,0,1,1,0,4,2,1,1,42,1,2,2,2,1,2,2,2,2,2,1,2,2,1,2,2,2,"Pennsylvania",1
"23559",420351,42,9943,39.74228611,-76.58693611,1,1,5,7,2,3,3,41,0,1,1,0,5,2,1,1,42,1,2,2,2,1,2,1,2,2,2,1,2,1,2,2,2,2,"Pennsylvania",1
"23560",420352,42,8737,40.22491389,-74.79050556,3,3,5,4,10,3,0,12,0,1,1,0,1,1,1,1,42,2,2,1,1,3,2,2,2,2,2,3,2,1,2,2,2,2,"Pennsylvania",0
"23561",420353,42,7136,40.82144167,-76.58446944,1,1,5,2,13,3,0,35,0,1,1,0,4,1,1,1,42,1,2,1,1,1,2,1,2,1,2,2,2,2,2,2,2,2,"Pennsylvania",0
"23562",420354,42,7182,40.80602778,-78.06249167,3,3,5,7,7,1,0,1,1,2,4,0,1,1,1,1,42,1,1,1,2,1,2,2,2,1,2,3,2,2,2,2,2,2,"Pennsylvania",0
"23563",420355,42,7503,40.72569722,-78.141425,1,1,5,6,13,1,0,14,0,1,1,0,2,1,1,1,42,1,1,1,1,1,2,2,1,2,2,2,2,2,2,2,2,2,"Pennsylvania",1
"23564",420356,42,9504,39.91528611,-79.758525,3,3,5,2,22,5,0,12,0,1,1,0,1,2,1,1,42,1,2,2,1,2,1,2,2,2,2,3,2,2,1,2,2,2,"Pennsylvania",0
"23565",420357,42,8581,40.30233333,-78.99027778,1,1,3,2,9,3,0,12,0,1,1,0,1,1,1,1,42,1,2,1,1,3,2,1,1,2,2,3,2,2,2,2,2,2,"Pennsylvania",0
"23566",420358,42,9350,39.96267222,-75.18329167,3,3,5,7,2,1,0,7,0,1,1,0,1,3,1,1,42,2,1,2,2,2,1,1,2,2,2,3,2,2,1,2,2,2,"Pennsylvania",0
"23567",420359,42,5944,41.40863333,-76.05064167,2,2,5,2,17,5,0,12,0,1,1,0,1,1,1,1,42,1,2,1,1,2,1,1,2,2,2,1,2,2,1,2,2,2,"Pennsylvania",1
"23568",420360,42,6834,40.93401389,-78.281625,2,2,5,5,13,2,0,12,0,1,1,0,1,1,1,1,42,1,2,1,1,2,2,2,2,2,2,3,2,2,2,2,2,2,"Pennsylvania",0
"23569",420361,42,9356,39.95941944,-75.24538333,3,3,5,7,2,3,0,12,0,2,2,0,1,3,1,2,42,2,2,2,2,2,2,2,2,1,2,3,2,2,2,2,2,2,"Pennsylvania",0
"23570",420362,42,4744,41.95587222,-79.75009444,5,5,5,5,11,5,0,35,0,1,1,0,4,1,1,4,42,1,2,1,1,1,2,1,2,1,1,3,2,2,2,2,2,2,"Pennsylvania",0
"23571",420363,42,9035,40.07996944,-74.93959167,7,7,1,5,13,1,0,12,0,1,1,1,1,1,1,1,42,2,1,1,1,3,2,1,2,1,2,3,1,2,2,2,2,2,"Pennsylvania",0
"23572",420364,42,9498,39.91605556,-76.29,1,1,5,3,16,5,0,16,0,1,1,0,1,1,1,1,42,1,2,1,1,1,2,2,2,2,2,2,2,2,2,2,2,2,"Pennsylvania",0
"23573",420365,42,6416,41.17761389,-78.85552222,2,2,5,2,7,3,0,12,0,2,2,0,1,1,1,1,42,1,2,1,1,2,2,2,2,2,2,3,2,2,2,2,2,2,"Pennsylvania",0