"","ST_CASE","OBJECT_ID","FID","LATITUDE","LONGITUD","PERMVIT","PERSONS","MONTH","DAY_WEEK","HOUR","ROUTE","SP_JUR","HARM_EV","RELJCT1","RELJCT2","TYP_INT","WRK_ZONE","REL_ROAD","LGT_COND","WEATHER","FATALS","STATE","A_RU","A_INTER","A_TOD","A_DOW","A_CT","A_MC","A_SPCRA","A_PED","A_ROLL","A_POLPUR","A_POSBAC","A_D15_20","A_D65PLS","A_D21_24","A_HR","A_DIST","A_DROWSY","STATE_NAME","drunkDr"
"23838",420630,42,8080,40.54913333,-78.42965,2,2,7,5,13,3,0,12,0,2,3,0,1,1,1,1,42,2,3,1,1,2,1,2,2,2,2,1,2,2,2,2,2,2,"Pennsylvania",1
"23839",420631,42,9489,39.91906389,-76.78433889,1,1,8,4,21,3,0,14,0,1,1,0,5,2,1,1,42,1,2,2,1,1,1,1,2,2,2,1,2,2,2,2,2,2,"Pennsylvania",1
"23840",420632,42,6329,41.219275,-76.63131111,2,2,8,3,9,3,0,12,0,2,3,0,1,1,1,1,42,1,2,1,1,2,1,2,2,2,2,3,2,2,2,2,2,2,"Pennsylvania",0
"23841",420633,42,8909,40.13566944,-77.56065833,1,1,11,3,1,3,0,8,0,1,1,0,1,2,1,1,42,1,2,2,1,1,2,2,1,2,2,3,2,2,2,2,2,2,"Pennsylvania",0
"23842",420634,42,6850,40.92596944,-75.68316111,2,2,8,7,0,5,0,34,0,3,3,0,4,2,1,2,42,1,2,2,2,1,2,2,2,2,2,2,2,1,2,2,2,2,"Pennsylvania",0
"23843",420635,42,8338,40.42084722,-75.27688889,6,6,7,7,19,3,0,12,0,2,3,0,1,1,1,1,42,1,2,2,2,2,2,2,2,2,2,3,2,2,2,2,2,2,"Pennsylvania",0
"23844",420636,42,7566,40.71065,-75.82950556,1,1,8,6,22,3,0,24,0,1,1,0,4,2,1,1,42,1,2,2,2,1,2,2,2,2,2,1,2,1,2,2,2,2,"Pennsylvania",1
"23845",420637,42,7254,40.7889,-80.37745,3,3,7,7,10,3,0,12,0,2,2,0,1,1,1,1,42,2,3,1,2,2,1,2,2,2,2,3,2,1,2,2,2,2,"Pennsylvania",0
"23846",420638,42,8993,40.095975,-79.91581111,1,1,8,7,19,3,0,1,0,1,1,0,5,1,1,1,42,1,2,2,2,1,1,2,2,2,2,1,2,2,2,2,2,2,"Pennsylvania",1
"23847",420639,42,8406,40.38825556,-80.30218056,1,1,8,1,23,3,0,42,0,1,1,0,4,2,1,1,42,1,2,2,2,1,2,1,2,1,2,1,2,2,2,2,2,2,"Pennsylvania",1
"23848",420640,42,8502,40.34346389,-78.88505,3,3,9,5,20,3,0,23,0,3,3,0,5,3,1,2,42,2,2,2,1,2,2,1,2,2,2,3,1,1,2,2,2,2,"Pennsylvania",0
"23849",420641,42,6907,40.90242222,-76.48446389,4,4,12,4,22,3,0,12,0,1,1,0,1,2,2,2,42,1,2,2,1,2,2,1,2,2,2,3,2,2,2,2,2,2,"Pennsylvania",1
"23850",420642,42,6636,41.04798889,-78.16269167,2,2,11,5,0,3,0,24,0,1,1,0,4,2,1,1,42,1,2,2,1,1,2,1,2,1,2,1,2,2,1,2,2,2,"Pennsylvania",1
"23851",420643,42,8165,40.50586389,-80.03110833,1,1,11,1,8,1,0,25,0,5,1,0,4,1,1,1,42,2,1,1,2,1,2,1,2,2,2,3,2,2,2,2,2,2,"Pennsylvania",0
"23852",420644,42,8471,40.35481111,-76.37229167,2,2,12,5,20,2,0,12,0,1,1,0,1,2,1,1,42,2,2,2,1,2,2,2,2,2,2,3,2,1,2,2,2,2,"Pennsylvania",0
"23853",420645,42,6321,41.22371389,-75.93954167,1,1,8,7,5,5,0,8,0,1,1,0,1,2,1,1,42,2,2,2,2,1,2,2,1,2,2,3,2,2,2,1,2,2,"Pennsylvania",0
"23854",420646,42,6038,41.356875,-78.62467222,1,1,12,6,19,5,0,42,0,1,1,0,4,2,1,1,42,1,2,2,2,1,2,1,2,2,2,2,1,2,2,2,2,2,"Pennsylvania",0
"23855",420647,42,9133,40.04077778,-75.46072222,2,2,10,6,16,5,0,33,0,1,1,0,4,1,2,2,42,2,2,1,1,1,2,1,2,1,2,1,2,2,2,2,2,2,"Pennsylvania",1
"23856",420648,42,8740,40.22421944,-76.79110556,5,5,9,3,7,1,0,12,0,1,1,0,1,1,1,1,42,2,1,1,1,3,2,1,2,2,2,3,2,1,1,2,2,2,"Pennsylvania",0
"23857",420649,42,6347,41.207825,-80.19281111,1,1,7,4,4,3,0,41,0,1,1,0,4,2,1,1,42,1,2,2,1,1,2,2,2,2,2,2,2,2,2,2,2,2,"Pennsylvania",0
"23858",420650,42,8497,40.34471944,-75.36079722,4,4,8,7,13,3,0,30,0,1,1,0,4,1,1,2,42,2,3,1,2,2,2,1,2,2,2,3,2,2,1,2,2,2,"Pennsylvania",0
"23859",420651,42,9998,39.72788056,-79.81575,4,4,8,5,6,3,0,12,0,1,1,0,1,1,1,1,42,1,2,1,1,2,2,2,2,1,2,3,2,2,2,2,2,2,"Pennsylvania",0
"23860",420652,42,7943,40.59969722,-75.71655278,3,3,11,1,8,3,0,12,0,1,1,0,1,1,1,1,42,1,2,1,2,2,2,2,2,2,2,3,2,2,2,2,2,2,"Pennsylvania",0
"23861",420653,42,6706,41.00520556,-75.12371667,8,8,11,4,4,6,0,12,0,1,1,0,1,2,1,1,42,1,2,2,1,3,2,1,2,2,2,1,2,2,2,2,2,2,"Pennsylvania",1
"23862",420654,42,8619,40.28866667,-75.57454722,5,5,12,6,8,5,0,12,0,8,1,0,1,1,1,1,42,2,2,1,1,3,2,2,2,2,2,3,2,2,1,2,1,2,"Pennsylvania",0
"23863",420655,42,8676,40.25023056,-76.36796111,2,2,8,3,8,2,0,42,0,1,1,0,4,1,1,2,42,1,2,1,1,1,2,2,2,2,2,2,2,2,2,2,2,2,"Pennsylvania",0
"23864",420656,42,8661,40.26075556,-75.17615,1,1,8,1,3,3,0,46,0,3,2,0,4,2,1,1,42,2,2,2,2,1,2,1,2,2,2,1,2,2,2,2,2,2,"Pennsylvania",1
"23865",420657,42,6651,41.04223611,-76.24224722,1,1,8,1,0,3,0,24,0,1,1,0,4,2,1,1,42,1,2,2,2,1,2,1,2,1,2,1,1,2,2,2,2,2,"Pennsylvania",1
"23866",420658,42,8675,40.25224167,-75.08971667,1,1,8,1,1,3,0,33,0,1,1,1,4,3,1,1,42,2,2,2,2,1,2,2,2,1,2,1,2,2,2,2,2,2,"Pennsylvania",1
"23867",420659,42,9137,40.03905833,-76.45475556,1,1,8,6,2,2,0,24,1,19,1,2,4,2,1,1,42,2,2,2,1,1,2,1,2,2,2,1,2,2,2,2,2,2,"Pennsylvania",1
"23868",420660,42,5526,41.58880556,-76.88439167,5,5,7,5,7,3,0,43,0,3,4,0,4,1,1,1,42,1,2,1,1,1,2,2,2,1,2,3,2,2,2,2,2,2,"Pennsylvania",0
"23869",420661,42,8300,40.43472222,-75.42140556,2,2,7,5,17,3,0,12,0,2,4,0,1,1,1,1,42,2,2,1,1,2,1,2,2,2,2,3,2,2,1,2,2,2,"Pennsylvania",1
"23870",420662,42,8851,40.15780556,-74.81205556,1,1,8,5,20,5,0,33,1,19,1,0,4,3,1,1,42,1,2,2,1,1,2,1,2,2,2,1,2,2,2,2,2,2,"Pennsylvania",1
"23871",420663,42,9855,39.76803333,-77.33314722,1,1,8,6,21,5,0,1,0,3,3,0,1,2,1,1,42,1,2,2,2,1,1,1,2,2,2,1,2,2,2,2,2,2,"Pennsylvania",1
"23872",420664,42,8254,40.45312778,-80.29218056,1,1,8,1,10,3,0,32,0,1,1,0,5,7,1,1,42,2,2,1,2,1,1,2,2,2,2,1,2,2,2,2,2,2,"Pennsylvania",1
"23873",420665,42,7425,40.74809167,-76.46691389,1,1,8,7,19,3,0,42,0,1,1,0,4,5,1,1,42,1,2,2,2,1,1,2,2,2,2,1,2,2,2,2,2,2,"Pennsylvania",1
"23874",420666,42,8721,40.23123056,-74.88155833,1,1,8,6,9,3,0,1,1,5,1,0,8,1,1,1,42,2,1,1,1,1,2,1,2,1,2,3,2,2,2,2,1,2,"Pennsylvania",0
"23875",420667,42,9608,39.86849167,-76.70598056,1,1,8,7,14,3,0,53,0,1,1,0,4,1,1,1,42,2,2,1,2,1,1,1,2,2,2,1,2,2,2,2,2,2,"Pennsylvania",1
"23876",420668,42,9211,40.01744722,-76.00176111,2,2,8,3,20,6,0,38,0,1,1,0,4,2,1,2,42,1,2,2,1,1,1,1,2,2,2,1,2,2,2,2,2,2,"Pennsylvania",1
"23877",420669,42,6275,41.24665833,-77.22455833,2,2,8,2,10,3,0,1,0,1,1,0,4,1,1,1,42,2,2,1,1,1,2,1,2,1,2,3,1,2,2,2,2,2,"Pennsylvania",0
"23878",420670,42,9543,39.897875,-75.93473611,1,1,7,1,19,5,0,30,0,1,1,0,4,1,1,1,42,1,2,2,2,1,2,1,2,2,2,1,2,2,2,2,2,2,"Pennsylvania",1
"23879",420671,42,9761,39.80513056,-77.33898333,1,1,7,1,19,3,0,35,0,1,1,0,4,1,1,1,42,1,2,2,2,1,1,2,2,2,2,1,2,2,2,2,2,2,"Pennsylvania",1
"23880",420672,42,8738,40.22461389,-77.69921389,1,1,3,4,18,3,0,34,0,1,1,0,4,1,1,1,42,1,2,2,1,1,2,2,2,1,2,3,2,1,2,2,2,2,"Pennsylvania",0
"23881",420673,42,8975,40.10591667,-75.08471944,4,4,8,6,12,3,0,12,0,2,2,0,1,1,1,1,42,2,2,1,1,2,2,2,2,2,2,3,2,1,2,2,2,2,"Pennsylvania",0
"23882",420674,42,8565,40.30859444,-75.03968611,1,1,4,5,1,3,0,53,0,1,1,0,4,2,1,1,42,2,2,2,1,1,2,1,2,2,2,1,2,2,2,2,2,2,"Pennsylvania",1
"23883",420675,42,9946,39.741975,-77.88898333,1,1,1,5,5,3,0,42,0,1,1,0,4,2,1,1,42,1,2,2,1,1,2,2,2,2,2,2,2,2,2,2,2,2,"Pennsylvania",0
"23884",420676,42,7366,40.76132222,-75.89381111,2,2,7,5,22,3,0,12,0,1,1,0,1,2,1,1,42,1,2,2,1,2,2,2,2,2,2,1,2,2,2,2,2,2,"Pennsylvania",1
"23885",420677,42,8122,40.52819444,-75.50759722,2,2,7,4,16,3,0,12,0,2,2,0,1,1,1,1,42,2,2,1,1,2,1,2,2,2,2,1,2,2,2,2,2,2,"Pennsylvania",1
"23886",420678,42,9231,40.00847778,-75.10869722,3,3,7,1,22,6,0,12,0,2,2,0,1,3,1,1,42,2,2,2,2,2,2,2,2,1,2,3,2,2,2,1,2,2,"Pennsylvania",0
"23887",420679,42,8187,40.48875,-79.96561111,1,1,9,7,99,6,0,8,0,1,1,0,5,3,1,1,42,2,2,3,2,1,2,1,1,2,2,1,1,2,2,2,2,2,"Pennsylvania",1
"23888",420680,42,8551,40.31730556,-76.35468889,2,2,9,3,7,3,0,12,0,2,4,0,1,1,1,1,42,2,2,1,1,2,2,2,2,2,2,3,2,1,2,2,2,2,"Pennsylvania",0
"23889",420681,42,8036,40.56899444,-77.20906944,3,3,12,1,18,3,0,12,1,2,3,0,1,2,1,1,42,1,2,2,2,2,2,2,2,2,2,2,2,2,1,2,2,1,"Pennsylvania",2
"23890",420682,42,8189,40.4881,-79.61181389,2,2,7,4,6,3,0,12,0,1,1,0,1,1,1,1,42,1,2,1,1,2,1,2,2,1,2,3,1,2,2,2,2,1,"Pennsylvania",0
"23891",420683,42,8659,40.26234444,-75.32026944,4,4,9,4,21,3,0,12,0,8,1,0,1,3,1,1,42,2,2,2,1,2,1,2,2,2,2,3,1,2,2,2,2,2,"Pennsylvania",0
"23892",420684,42,7841,40.63854167,-78.93980278,1,1,9,1,22,3,0,8,0,1,1,0,1,2,1,1,42,1,2,2,2,1,2,2,1,2,2,3,1,2,2,1,2,2,"Pennsylvania",0
"23893",420685,42,6707,41.00445278,-78.45334444,1,1,9,3,20,3,0,8,0,1,1,0,1,2,1,1,42,2,2,2,1,1,2,2,1,2,2,3,2,2,2,2,2,2,"Pennsylvania",0
"23894",420686,42,8081,40.54839167,-75.42427778,3,3,7,2,15,3,0,12,0,2,2,0,1,1,1,1,42,2,2,1,1,3,2,2,2,2,2,3,2,1,2,2,2,2,"Pennsylvania",0
"23895",420687,42,9467,39.92908333,-79.72798889,1,1,8,4,6,3,0,24,0,1,1,0,4,1,1,1,42,2,2,1,1,1,2,2,1,2,2,3,2,2,1,2,2,1,"Pennsylvania",0
"23896",420688,42,6205,41.27673056,-76.37025,1,1,10,7,0,3,0,30,0,1,1,0,4,2,1,1,42,1,2,2,2,1,2,1,2,1,2,3,2,2,2,2,2,2,"Pennsylvania",1
"23897",420689,42,9269,39.99485278,-76.03928056,4,4,12,6,17,2,0,12,0,1,1,0,1,2,2,1,42,1,2,1,1,2,2,2,2,2,2,3,2,1,2,2,2,2,"Pennsylvania",0
"23898",420690,42,7458,40.7394,-78.1408,1,1,7,2,12,3,0,42,0,1,1,0,4,1,1,1,42,1,2,1,1,1,2,2,2,2,2,2,2,2,2,2,2,2,"Pennsylvania",0
"23899",420691,42,4792,41.92663611,-79.33378333,2,2,7,6,18,3,0,12,0,8,1,0,1,1,1,1,42,1,2,2,2,2,1,2,2,2,2,3,1,2,2,2,2,2,"Pennsylvania",0
"23900",420692,42,4573,42.05006111,-80.05885556,2,2,8,1,15,3,0,12,0,1,1,0,1,1,1,1,42,2,2,1,2,2,2,2,2,2,2,3,2,1,2,2,2,2,"Pennsylvania",0
"23901",420693,42,9126,40.04323333,-79.62354444,1,1,8,7,19,6,0,1,0,1,1,0,1,1,1,1,42,1,2,2,2,1,2,1,2,1,2,1,2,2,2,2,2,2,"Pennsylvania",1
"23902",420694,42,6396,41.18352222,-76.81259722,1,1,8,2,12,5,0,1,0,1,1,0,4,1,1,1,42,1,2,1,1,1,2,2,2,1,2,2,2,1,2,2,2,2,"Pennsylvania",0
"23903",420695,42,9236,40.00583333,-75.23419722,1,1,8,3,10,6,0,30,0,3,2,0,4,1,1,1,42,1,2,1,1,1,2,2,2,2,2,3,2,2,2,2,2,2,"Pennsylvania",0
"23904",420696,42,8450,40.36614722,-79.31364167,2,2,8,1,20,3,0,38,0,1,1,0,4,2,1,1,42,1,2,2,2,1,2,1,2,1,2,1,2,2,2,2,2,2,"Pennsylvania",1
"23905",420697,42,6414,41.17788611,-76.66159722,1,1,8,7,15,5,0,33,0,1,1,0,4,1,1,1,42,1,2,1,2,1,2,2,2,1,2,2,2,1,2,2,2,2,"Pennsylvania",0
"23906",420698,42,6696,41.013,-76.27621667,9,9,5,2,17,1,0,12,0,1,1,0,1,1,2,1,42,1,1,1,1,2,2,1,2,2,2,3,2,2,2,2,2,2,"Pennsylvania",0
"23907",420699,42,8876,40.14700556,-75.05459167,2,2,9,7,6,3,0,12,0,8,1,0,1,4,1,1,42,2,2,1,2,2,1,2,2,2,2,2,2,2,1,2,2,2,"Pennsylvania",0
"23908",420700,42,6517,41.11654444,-78.11118889,1,1,9,1,21,5,0,35,0,1,1,0,4,2,1,1,42,1,2,2,2,1,2,1,2,1,2,1,2,2,2,2,2,2,"Pennsylvania",1
"23909",420701,42,9607,39.86875556,-78.95398611,2,2,11,2,6,3,0,12,0,2,3,0,1,1,1,1,42,1,2,1,1,2,2,2,2,2,2,3,1,2,2,2,2,2,"Pennsylvania",0
"23910",420702,42,9278,39.99123056,-75.34449444,14,14,1,1,7,1,0,25,0,1,1,0,3,1,12,2,42,2,1,1,2,3,2,2,2,2,2,3,1,1,2,2,2,2,"Pennsylvania",0
"23911",420703,42,8613,40.29106667,-76.88169444,3,3,9,6,20,2,0,12,0,2,2,0,1,3,1,1,42,2,2,2,2,2,2,2,2,2,2,3,2,2,2,2,2,2,"Pennsylvania",0
"23912",420704,42,6403,41.18058889,-79.33756667,32,32,1,4,13,1,0,14,0,1,1,0,2,1,4,1,42,1,1,1,1,3,2,1,1,2,2,3,2,1,2,2,2,2,"Pennsylvania",0
"23913",420705,42,8735,40.22545,-77.7253,2,2,12,7,2,3,0,35,0,1,1,0,4,2,1,1,42,1,2,2,2,1,2,1,2,1,2,3,2,2,2,2,2,2,"Pennsylvania",1
"23914",420706,42,8591,40.29951111,-76.45346389,4,4,8,3,7,3,0,12,0,1,1,0,1,1,2,1,42,1,2,1,1,2,2,1,2,2,2,3,2,2,1,2,2,2,"Pennsylvania",0
"23915",420707,42,9435,39.93858889,-75.2103,53,53,12,4,9,3,0,12,0,2,3,0,1,1,2,1,42,2,2,1,1,2,2,1,2,2,2,3,2,2,2,2,2,2,"Pennsylvania",0
"23916",420708,42,8940,40.12358611,-76.63016944,2,2,8,3,11,3,0,35,0,1,1,0,4,1,1,1,42,2,3,1,1,2,2,2,2,1,2,3,2,2,1,2,2,2,"Pennsylvania",0
"23917",420709,42,8308,40.43246111,-79.95850833,5,5,7,4,2,3,0,12,0,1,1,0,1,3,1,1,42,2,2,2,1,2,2,2,2,2,1,3,1,1,2,2,2,2,"Pennsylvania",0
"23918",420710,42,8799,40.18663889,-77.21975556,6,6,8,5,7,1,0,12,0,1,1,0,1,1,1,1,42,2,1,1,1,3,2,1,2,1,2,3,2,2,1,2,1,2,"Pennsylvania",0
"23919",420711,42,8266,40.44661944,-77.33728611,1,1,8,4,21,3,0,32,0,1,1,0,4,2,1,1,42,1,2,2,1,1,2,1,2,1,2,1,2,2,2,2,1,2,"Pennsylvania",1
"23920",420712,42,8578,40.30288056,-79.53086111,1,1,9,4,21,3,0,8,0,1,1,0,1,3,1,1,42,2,2,2,1,1,2,2,1,2,2,3,2,1,2,2,2,2,"Pennsylvania",0
"23921",420713,42,7907,40.61501111,-77.31470833,3,3,7,5,15,3,0,12,0,1,1,0,1,1,1,1,42,1,2,1,1,3,2,1,2,1,2,3,2,1,2,2,2,2,"Pennsylvania",0
"23922",420714,42,8660,40.26177778,-79.64630556,3,3,7,2,8,3,0,12,0,1,1,0,1,1,1,1,42,2,2,1,1,2,1,2,2,2,2,3,2,1,2,2,2,2,"Pennsylvania",0
"23923",420715,42,9146,40.03639167,-77.592275,2,2,8,4,13,3,0,35,0,1,1,0,4,1,1,1,42,1,2,1,1,1,2,1,2,2,2,3,2,2,2,2,2,2,"Pennsylvania",0
"23924",420716,42,9017,40.08765833,-76.28461111,1,1,9,1,20,3,0,8,0,2,2,0,1,2,1,1,42,2,2,2,2,1,2,2,1,2,2,3,2,1,2,2,2,2,"Pennsylvania",0
"23925",420717,42,8381,40.40281389,-80.0608,1,1,9,4,7,3,0,8,0,1,1,0,2,1,1,1,42,2,2,1,1,1,2,2,1,2,2,3,2,2,1,2,1,2,"Pennsylvania",0
"23926",420718,42,8389,40.39730833,-79.85846667,1,1,10,1,3,6,0,59,0,1,1,0,4,3,1,1,42,2,2,2,2,1,2,2,2,2,2,1,2,2,2,2,2,2,"Pennsylvania",1
"23927",420719,42,8298,40.43504167,-79.98221111,2,2,8,7,1,6,0,21,0,1,1,0,4,3,1,2,42,2,2,2,2,1,2,1,2,2,2,1,2,2,2,2,2,2,"Pennsylvania",1
"23928",420720,42,8518,40.33441944,-80.02891667,1,1,9,3,0,6,0,42,0,3,3,0,5,3,1,1,42,2,2,2,1,1,2,1,2,2,2,2,2,1,2,2,2,2,"Pennsylvania",0
"23929",420721,42,6716,41.00146667,-78.98644444,1,1,9,1,0,5,0,35,0,1,1,0,4,2,1,1,42,1,2,2,2,1,2,1,2,2,2,1,2,2,2,2,2,2,"Pennsylvania",1
"23930",420722,42,7816,40.64386389,-75.42998333,24,24,10,3,17,2,0,12,1,18,1,0,1,1,1,1,42,2,2,1,1,3,2,1,2,1,1,3,2,1,2,2,2,2,"Pennsylvania",0
"23931",420723,42,8913,40.13386111,-75.30194444,5,5,9,1,20,4,0,15,0,1,1,0,1,2,1,1,42,1,2,2,2,1,2,2,2,2,2,3,2,2,2,2,2,2,"Pennsylvania",0
"23932",420724,42,9056,40.07056667,-75.106,1,1,9,3,8,3,0,8,0,1,1,0,1,1,1,1,42,2,2,1,1,1,2,2,1,2,2,3,2,2,2,2,2,2,"Pennsylvania",0
"23933",420725,42,8559,40.3112,-75.22122222,4,4,9,1,0,3,0,53,0,1,1,0,4,2,1,1,42,2,2,2,2,1,2,1,2,1,2,1,1,2,2,2,2,2,"Pennsylvania",1
"23934",420726,42,8299,40.43500278,-79.99863611,1,1,9,3,14,1,0,8,0,1,1,0,1,1,1,1,42,2,1,1,1,1,2,2,1,2,2,3,2,2,2,2,2,2,"Pennsylvania",0
"23935",420727,42,7109,40.82779722,-76.70837222,1,1,9,1,10,3,0,30,0,1,1,0,4,1,1,1,42,1,2,1,2,1,2,2,2,2,2,2,2,1,2,2,2,2,"Pennsylvania",0
"23936",420728,42,5937,41.412875,-80.11428889,1,1,9,2,1,3,0,42,0,1,1,0,6,2,1,1,42,1,2,2,2,1,2,2,2,1,2,1,2,1,2,2,2,2,"Pennsylvania",1
"23937",420729,42,6297,41.23555,-77.04435833,2,2,9,3,11,3,0,25,1,5,1,0,4,1,2,1,42,2,1,1,1,1,2,1,2,2,2,3,2,2,2,2,2,2,"Pennsylvania",0
"23938",420730,42,8333,40.42204722,-77.62965833,3,3,12,2,8,3,0,35,0,1,1,0,4,1,5,1,42,1,2,1,1,1,2,2,2,1,2,3,2,2,2,2,2,2,"Pennsylvania",0
"23939",420731,42,8249,40.45781944,-78.39495833,3,3,9,5,16,3,0,12,0,2,3,0,1,1,1,1,42,2,2,1,1,2,1,2,2,2,2,3,2,1,2,2,2,2,"Pennsylvania",0
"23940",420732,42,8246,40.45911111,-75.36782778,3,3,9,4,13,3,0,12,0,2,2,0,1,1,1,1,42,2,2,1,1,2,2,2,2,2,2,3,2,1,2,2,2,2,"Pennsylvania",0
"23941",420733,42,9652,39.85270556,-77.61459444,2,2,1,6,19,3,0,12,0,1,1,0,1,2,1,1,42,1,2,2,2,2,2,2,2,2,2,3,1,2,2,2,2,2,"Pennsylvania",0
"23942",420734,42,7256,40.78854444,-79.05441389,1,1,9,3,16,2,0,30,0,1,1,0,4,1,1,1,42,1,2,1,1,1,2,1,2,1,2,2,2,2,2,2,2,2,"Pennsylvania",0
"23943",420735,42,7638,40.691525,-77.88923611,1,1,9,4,20,3,0,53,0,1,1,0,4,2,1,1,42,1,2,2,1,1,1,1,2,2,2,2,1,2,2,2,2,2,"Pennsylvania",0
"23944",420736,42,9899,39.75521944,-79.44044167,3,3,8,1,12,2,0,12,0,1,1,0,1,1,1,1,42,1,2,1,2,2,2,2,2,2,2,3,2,2,2,2,2,2,"Pennsylvania",0
"23945",420737,42,6470,41.14163611,-79.73658889,2,2,9,7,16,3,0,34,0,1,1,0,4,1,1,1,42,1,2,1,2,1,1,1,2,2,2,1,2,2,2,2,2,2,"Pennsylvania",1
"23946",420738,42,8988,40.09761667,-75.76054167,2,2,8,3,7,3,0,12,0,1,1,0,1,1,1,1,42,1,2,1,1,2,2,1,2,2,2,3,1,2,2,2,2,2,"Pennsylvania",0
"23947",420739,42,7134,40.82205,-76.602275,1,1,9,7,12,3,0,42,0,1,1,0,4,1,2,1,42,1,2,1,2,1,2,1,2,2,2,2,1,2,2,2,2,2,"Pennsylvania",0
"23948",420740,42,9649,39.85334444,-75.35895556,3,3,9,4,20,2,0,8,0,1,1,0,1,3,2,1,42,2,2,2,1,2,2,2,1,2,2,3,2,2,2,1,2,2,"Pennsylvania",0
"23949",420741,42,9362,39.95807222,-77.64325833,2,2,9,6,8,2,0,12,0,2,2,0,1,1,1,1,42,2,2,1,1,2,2,2,2,2,2,3,2,1,2,2,2,2,"Pennsylvania",0
"23950",420742,42,5159,41.73519444,-76.22571667,5,5,8,7,21,3,0,12,0,1,1,0,1,2,1,2,42,1,2,2,2,2,2,1,2,2,2,1,1,2,2,2,2,2,"Pennsylvania",1
"23951",420743,42,9545,39.8966,-76.53476944,3,3,8,4,23,3,0,12,0,2,2,0,1,2,2,1,42,1,2,2,1,2,2,2,2,2,2,3,2,2,2,2,2,2,"Pennsylvania",0
"23952",420744,42,8547,40.319425,-79.34568889,3,3,8,2,15,3,0,12,0,2,2,0,1,1,1,1,42,2,2,1,1,2,2,2,2,2,2,3,2,1,2,2,2,2,"Pennsylvania",0
"23953",420745,42,4556,42.06365,-79.94236389,1,1,9,6,5,3,0,1,0,1,1,0,1,2,1,1,42,1,2,2,1,1,1,2,2,2,2,2,2,2,2,2,2,2,"Pennsylvania",0
"23954",420746,42,6771,40.96855833,-80.20710278,3,3,3,2,7,2,0,12,0,1,1,0,1,1,4,2,42,2,2,1,1,2,2,1,2,2,2,3,2,2,2,2,2,2,"Pennsylvania",0
"23955",420747,42,9277,39.99124722,-75.22326111,1,1,9,6,22,6,0,9,0,1,1,0,2,3,1,1,42,2,2,2,2,1,2,2,2,2,2,1,2,2,2,2,2,2,"Pennsylvania",1
"23956",420748,42,9210,40.01749722,-75.08554167,22,22,10,2,19,6,0,12,0,2,2,0,1,3,1,1,42,2,2,2,1,2,2,1,2,2,2,3,2,2,2,2,2,2,"Pennsylvania",0
"23957",420749,42,6747,40.98280278,-79.72693611,1,1,9,6,21,3,0,1,0,3,3,0,1,2,1,1,42,1,2,2,2,1,1,1,2,2,2,1,2,2,2,2,2,2,"Pennsylvania",1
"23958",420750,42,5803,41.47636944,-80.16674722,1,1,9,7,6,1,0,1,0,1,1,0,3,1,1,1,42,1,1,1,2,1,2,2,2,1,2,3,1,2,2,2,2,2,"Pennsylvania",0
"23959",420751,42,6182,41.28823333,-75.84708333,4,4,8,5,7,3,0,12,0,1,1,0,1,1,1,2,42,2,2,1,1,3,2,2,2,2,2,3,2,2,2,2,2,2,"Pennsylvania",0
"23960",420752,42,9288,39.98847222,-75.12793333,2,2,9,1,2,6,0,12,0,2,3,0,1,3,1,1,42,2,2,2,2,2,1,1,2,2,2,1,2,2,2,2,2,2,"Pennsylvania",1
"23961",420753,42,9303,39.98536944,-75.82615278,4,4,8,5,15,3,0,12,0,2,3,0,1,1,1,1,42,2,2,1,1,2,2,2,2,2,2,3,2,2,2,2,2,2,"Pennsylvania",0
"23962",420754,42,9040,40.07771389,-75.54503889,7,7,9,1,13,1,0,1,0,1,1,0,1,1,1,1,42,2,1,1,2,1,2,2,2,1,2,3,1,2,2,2,1,2,"Pennsylvania",0
"23963",420755,42,7854,40.63385833,-79.14032222,3,3,8,5,19,3,0,12,0,2,3,0,1,5,1,1,42,2,2,2,1,2,2,2,2,2,2,3,2,1,2,2,2,2,"Pennsylvania",0
"23964",420756,42,5956,41.40434167,-75.64845556,3,3,8,6,17,6,0,12,0,2,2,0,1,1,1,1,42,2,2,1,1,2,1,1,2,2,2,1,2,2,2,2,2,2,"Pennsylvania",1
"23965",420757,42,8984,40.10293333,-74.99096111,3,3,8,1,0,3,0,12,1,18,1,0,1,3,1,1,42,2,2,2,2,2,2,1,2,1,2,1,2,2,2,2,2,2,"Pennsylvania",2
"23966",420758,42,8025,40.57268333,-77.63825833,8,8,5,5,14,2,0,25,0,1,1,0,3,1,1,2,42,2,2,1,1,2,2,2,2,2,2,3,2,1,2,2,2,2,"Pennsylvania",0
"23967",420759,42,7971,40.59036389,-75.62904722,2,2,8,6,18,3,0,12,0,2,2,0,1,1,1,1,42,2,2,2,2,2,1,1,2,2,2,2,2,1,2,2,2,2,"Pennsylvania",0
"23968",420760,42,8539,40.32500278,-75.12406389,6,6,9,1,19,3,0,12,0,2,2,0,1,5,1,1,42,2,2,2,2,3,2,2,2,1,2,3,2,1,2,2,2,2,"Pennsylvania",0
"23969",420761,42,9368,39.95576389,-78.82241111,1,1,11,7,14,1,0,24,0,1,1,1,4,1,1,1,42,1,1,1,2,1,2,2,2,1,2,2,2,2,2,2,2,2,"Pennsylvania",0