"","ST_CASE","OBJECT_ID","FID","LATITUDE","LONGITUD","PERMVIT","PERSONS","MONTH","DAY_WEEK","HOUR","ROUTE","SP_JUR","HARM_EV","RELJCT1","RELJCT2","TYP_INT","WRK_ZONE","REL_ROAD","LGT_COND","WEATHER","FATALS","STATE","A_RU","A_INTER","A_TOD","A_DOW","A_CT","A_MC","A_SPCRA","A_PED","A_ROLL","A_POLPUR","A_POSBAC","A_D15_20","A_D65PLS","A_D21_24","A_HR","A_DIST","A_DROWSY","STATE_NAME","drunkDr"
"23970",420762,42,8837,40.16461389,-75.55073056,2,2,8,5,22,5,0,12,0,2,2,0,1,3,1,1,42,1,2,2,1,2,1,1,2,2,2,1,2,1,2,2,2,2,"Pennsylvania",1
"23971",420763,42,9455,39.93206111,-77.931275,2,2,12,2,14,2,0,12,0,1,1,0,1,7,2,1,42,1,2,1,1,2,2,2,2,2,2,3,2,2,2,2,2,2,"Pennsylvania",0
"23972",420764,42,8191,40.48778333,-77.29864444,3,3,12,6,19,3,0,12,0,1,1,0,1,2,1,1,42,1,2,2,2,2,2,1,2,2,2,3,1,2,2,2,2,2,"Pennsylvania",0
"23973",420765,42,4582,42.04696667,-80.06788889,2,2,11,2,8,3,0,12,0,1,1,0,1,1,1,1,42,2,2,1,1,2,2,2,2,2,2,3,2,2,2,2,2,2,"Pennsylvania",0
"23974",420766,42,9802,39.78256111,-77.71438611,4,4,4,1,11,1,0,12,0,1,1,0,1,1,1,3,42,2,1,1,2,2,2,2,2,2,2,3,2,2,2,2,2,2,"Pennsylvania",0
"23975",420767,42,9151,40.03538889,-75.02496667,3,3,12,1,2,3,0,14,0,1,1,0,7,3,1,3,42,2,3,2,2,1,2,2,2,2,2,1,2,2,1,2,2,2,"Pennsylvania",1
"23976",420768,42,8763,40.20751111,-74.80323611,4,4,4,4,20,3,0,12,0,2,2,0,1,5,1,1,42,2,2,2,1,2,1,2,2,2,2,3,2,2,2,2,2,2,"Pennsylvania",0
"23977",420769,42,9181,40.02590278,-75.10982778,2,2,7,1,3,6,0,12,0,1,1,0,1,3,1,1,42,2,2,2,2,2,1,1,2,2,2,1,2,2,2,2,2,2,"Pennsylvania",1
"23978",420770,42,4622,42.030225,-80.019875,2,2,12,1,11,3,0,12,0,1,1,0,1,1,2,1,42,1,2,1,2,2,2,1,2,2,2,3,2,1,2,2,2,2,"Pennsylvania",0
"23979",420771,42,4748,41.95449167,-77.45575833,3,3,8,1,11,3,0,5,0,1,1,0,1,1,1,1,42,1,2,1,2,1,2,2,2,2,2,2,2,2,1,2,2,2,"Pennsylvania",0
"23980",420772,42,8134,40.52380833,-80.15176111,5,5,8,6,12,3,0,12,0,1,1,0,1,1,1,2,42,2,2,1,1,3,2,2,2,2,2,3,1,1,2,2,2,2,"Pennsylvania",0
"23981",420773,42,6773,40.96738333,-80.30949444,2,2,7,5,12,3,0,12,0,8,1,0,1,1,1,1,42,2,2,1,1,2,2,2,2,2,2,3,2,1,2,2,2,2,"Pennsylvania",0
"23982",420774,42,8417,40.38261111,-75.39304167,3,3,8,7,11,3,0,1,0,1,1,0,4,1,1,1,42,1,2,1,2,2,1,2,2,2,2,3,2,2,2,2,1,2,"Pennsylvania",0
"23983",420775,42,5009,41.80121111,-78.25831111,1,1,8,4,1,5,0,34,0,1,1,0,4,2,1,1,42,1,2,2,1,1,2,1,2,2,2,1,2,2,1,2,2,2,"Pennsylvania",1
"23984",420776,42,9203,40.01921111,-76.56013889,1,1,8,7,17,3,0,59,0,1,1,0,4,1,1,1,42,1,2,1,2,1,2,2,2,1,2,2,2,1,2,2,2,2,"Pennsylvania",0
"23985",420777,42,6717,41.00141667,-76.03338056,1,1,9,6,2,5,0,30,0,1,1,0,4,2,1,1,42,1,2,2,1,1,2,1,2,2,2,1,2,2,2,2,2,2,"Pennsylvania",1
"23986",420778,42,9282,39.99028611,-75.10306944,1,1,9,6,21,3,0,8,0,1,1,0,1,3,1,1,42,2,2,2,2,1,2,2,1,2,2,3,2,2,2,2,2,2,"Pennsylvania",0
"23987",420779,42,7234,40.79433889,-76.24370833,2,2,12,7,16,3,0,30,0,1,1,0,4,1,1,1,42,2,3,1,2,1,2,1,2,2,2,3,2,2,2,2,2,2,"Pennsylvania",0
"23988",420780,42,5501,41.60011667,-75.48456111,2,2,12,1,0,3,0,30,0,1,1,0,4,2,1,1,42,2,2,2,2,1,2,1,2,1,2,1,2,2,2,2,2,2,"Pennsylvania",1
"23989",420781,42,8563,40.30933056,-75.87366944,4,4,12,6,20,3,0,12,0,1,1,0,1,2,1,1,42,2,2,2,2,3,2,1,2,2,2,3,2,2,1,2,2,1,"Pennsylvania",0
"23990",420782,42,8588,40.29992778,-75.37026944,5,5,11,4,12,3,0,12,0,2,3,0,1,1,1,1,42,2,2,1,1,3,2,2,2,2,2,3,2,1,2,2,2,1,"Pennsylvania",0
"23991",420783,42,8607,40.29293333,-78.77049722,1,1,8,7,22,3,0,2,0,1,1,0,1,2,1,1,42,1,2,2,2,1,2,2,2,2,2,1,2,2,2,2,2,2,"Pennsylvania",1
"23992",420784,42,8943,40.12231389,-75.01312778,4,4,12,7,18,6,0,8,0,2,3,0,1,3,1,1,42,2,2,2,2,2,2,2,1,2,2,3,1,2,2,2,1,2,"Pennsylvania",0
"23993",420785,42,6769,40.96895,-79.97015833,1,1,12,2,16,3,0,42,0,1,1,0,4,5,2,1,42,1,2,1,1,1,2,2,2,2,2,2,2,1,2,2,2,2,"Pennsylvania",0
"23994",420786,42,9388,39.95070556,-75.95032222,1,1,10,3,18,3,0,53,0,1,1,0,4,2,1,1,42,2,3,2,1,1,2,1,2,1,2,3,2,2,2,2,2,2,"Pennsylvania",0
"23995",420787,42,7963,40.59255833,-79.19032222,1,1,10,6,22,2,0,24,0,1,1,1,4,2,1,1,42,1,2,2,2,1,2,1,2,1,2,2,1,2,2,2,2,2,"Pennsylvania",0
"23996",420788,42,8618,40.28965,-76.66907222,1,1,10,2,7,3,0,33,0,3,2,0,4,1,1,1,42,2,2,1,1,1,2,1,2,1,1,2,2,2,2,2,2,2,"Pennsylvania",0
"23997",420789,42,8598,40.29696389,-75.92660833,5,5,7,7,21,3,0,12,0,1,1,0,1,3,1,1,42,2,2,2,2,2,2,2,2,2,2,1,2,1,2,2,2,2,"Pennsylvania",1
"23998",420790,42,9154,40.03400278,-75.07434722,2,2,8,1,16,2,0,12,0,2,2,0,1,1,1,1,42,2,2,1,2,2,1,2,2,2,2,3,2,2,2,1,2,2,"Pennsylvania",0
"23999",420791,42,8219,40.47626667,-78.49931944,4,4,8,1,18,3,0,12,0,1,1,0,1,1,1,1,42,1,2,2,2,2,1,2,2,2,2,3,2,2,2,2,2,2,"Pennsylvania",0
"24000",420792,42,6405,41.18029167,-78.64358056,3,3,7,3,17,3,0,12,0,1,1,0,1,1,1,3,42,1,2,1,1,2,2,2,2,2,2,2,2,1,2,2,2,2,"Pennsylvania",0
"24001",420793,42,8205,40.48021111,-79.96549722,4,4,6,5,17,3,0,25,1,3,4,0,3,1,1,1,42,2,2,1,1,3,2,2,2,1,2,3,1,2,1,2,2,2,"Pennsylvania",0
"24002",420794,42,4472,42.11038333,-80.05612778,2,2,8,2,7,3,0,12,0,2,2,0,1,1,1,1,42,2,2,1,1,2,2,2,2,2,2,3,2,1,2,2,1,2,"Pennsylvania",0
"24003",420795,42,8806,40.18369444,-76.82596111,2,2,8,1,21,5,0,33,0,1,1,0,4,2,1,1,42,2,2,2,2,1,2,1,2,2,2,3,1,2,2,2,2,2,"Pennsylvania",0
"24004",420796,42,7968,40.59133889,-79.88962778,1,1,8,6,10,1,0,8,0,1,1,1,4,1,1,1,42,2,1,1,1,1,2,2,1,2,2,3,2,1,2,2,1,2,"Pennsylvania",0
"24005",420797,42,7424,40.74833889,-80.20136667,2,2,7,2,11,3,0,12,0,2,2,0,1,1,1,1,42,1,2,1,1,2,2,2,2,2,2,3,2,1,2,2,2,2,"Pennsylvania",0
"24006",420798,42,8229,40.467275,-76.50612222,11,11,8,7,12,3,0,12,0,1,1,0,1,1,1,1,42,1,2,1,2,2,1,2,2,2,2,3,2,2,2,2,2,2,"Pennsylvania",0
"24007",420799,42,9049,40.07379722,-78.60492222,1,1,12,3,14,5,0,1,0,1,1,0,5,1,1,1,42,1,2,1,1,1,2,2,2,1,2,2,2,2,2,2,2,2,"Pennsylvania",0
"24008",420800,42,8808,40.18211667,-77.26114167,3,3,8,4,11,2,0,11,0,1,1,0,1,1,1,1,42,1,2,1,1,2,2,2,2,2,2,3,2,1,2,2,2,2,"Pennsylvania",0
"24009",420801,42,9618,39.86415556,-79.26701667,3,3,8,4,13,3,0,12,0,1,1,0,1,1,2,2,42,1,2,1,1,2,2,1,2,2,2,2,2,2,2,2,2,2,"Pennsylvania",0
"24010",420802,42,8436,40.37346944,-75.98894444,1,1,10,2,15,2,0,24,0,1,1,0,4,1,1,1,42,2,2,1,1,1,1,1,2,2,2,2,2,2,1,2,2,2,"Pennsylvania",0
"24011",420803,42,8635,40.27770278,-77.25879722,1,1,9,3,13,3,0,24,0,1,1,0,4,1,1,1,42,1,2,1,1,1,2,1,2,1,2,2,2,1,2,2,2,2,"Pennsylvania",0
"24012",420804,42,8523,40.33276944,-76.09212778,1,1,10,1,0,2,0,38,0,1,1,0,5,3,1,1,42,2,2,2,2,1,2,2,2,1,2,1,2,2,2,2,2,2,"Pennsylvania",1
"24013",420805,42,6409,41.17900833,-79.97293333,1,1,7,7,15,5,0,1,0,8,1,0,4,1,1,1,42,1,2,1,2,1,2,2,2,1,2,3,2,1,2,2,2,2,"Pennsylvania",0
"24014",420806,42,7951,40.59636944,-75.45947222,3,3,8,1,20,6,0,12,0,2,2,0,1,3,1,1,42,2,2,2,2,2,2,2,2,2,2,3,2,2,2,2,2,2,"Pennsylvania",0
"24015",420807,42,4799,41.92181389,-78.56662222,1,1,10,1,11,3,0,35,0,1,1,0,5,1,1,1,42,1,2,1,2,1,2,1,2,2,2,3,2,2,2,2,2,2,"Pennsylvania",1
"24016",420808,42,6505,41.11906667,-75.37958056,6,6,8,6,22,3,0,12,0,2,3,0,1,3,1,1,42,2,2,2,2,2,2,1,2,2,2,3,1,2,2,2,2,2,"Pennsylvania",0
"24017",420809,42,6719,41.000125,-75.60647778,8,8,8,5,20,3,0,12,0,1,1,0,1,2,2,2,42,1,2,2,1,2,2,1,2,2,2,3,1,1,2,2,2,2,"Pennsylvania",1
"24018",420810,42,7521,40.72093333,-79.3059,1,1,9,2,3,3,0,8,0,1,1,0,1,2,5,1,42,1,2,2,2,1,2,2,1,2,2,3,2,2,2,1,2,2,"Pennsylvania",0
"24019",420811,42,9335,39.97093611,-76.12859722,8,8,8,5,17,3,0,12,0,2,2,0,1,1,1,1,42,2,3,1,1,2,1,1,2,2,2,3,1,2,2,2,2,2,"Pennsylvania",0
"24020",420812,42,9064,40.06646667,-79.35075556,2,2,8,7,1,3,0,35,0,1,1,0,4,2,1,1,42,1,2,2,2,1,2,1,2,1,2,3,2,2,1,2,2,2,"Pennsylvania",1
"24021",420813,42,6680,41.02357222,-76.85281389,3,3,8,5,20,3,0,12,0,2,2,0,1,3,1,1,42,2,2,2,1,3,1,2,2,2,2,3,2,2,1,2,2,2,"Pennsylvania",0
"24022",420814,42,8467,40.35624722,-77.11979444,6,6,11,6,22,5,0,35,0,1,1,0,4,2,1,2,42,1,2,2,2,1,2,1,2,1,2,2,1,2,2,2,2,2,"Pennsylvania",0
"24023",420815,42,6975,40.87476111,-79.4087,4,4,8,7,12,3,0,12,0,1,1,0,1,1,1,1,42,1,2,1,2,3,1,2,2,2,2,3,1,2,2,2,2,2,"Pennsylvania",0
"24024",420816,42,6402,41.18070278,-80.31671667,7,7,11,6,21,1,0,12,0,1,1,0,1,2,4,1,42,1,1,2,2,3,2,2,2,2,2,1,2,2,2,2,2,2,"Pennsylvania",1
"24025",420817,42,9630,39.8598,-77.13510556,2,2,8,1,1,2,0,1,0,1,1,0,1,2,1,1,42,1,2,2,2,1,1,1,2,2,2,1,2,2,2,2,2,2,"Pennsylvania",1
"24026",420818,42,8042,40.56588333,-80.26766111,3,3,7,6,8,3,0,12,0,8,1,0,1,1,1,1,42,2,2,1,1,3,1,1,2,2,2,3,2,2,1,2,2,2,"Pennsylvania",0
"24027",420819,42,4733,41.96136667,-77.39133611,1,1,8,1,22,3,0,1,0,1,1,0,6,2,5,1,42,1,2,2,2,1,1,2,2,2,2,1,2,1,2,2,2,2,"Pennsylvania",1
"24028",420820,42,4693,41.98619444,-76.54502778,2,2,8,6,7,3,0,12,0,1,1,0,1,1,1,1,42,2,2,1,1,2,2,2,1,2,2,3,2,2,2,2,2,2,"Pennsylvania",0
"24029",420821,42,9890,39.75784444,-79.47813889,2,2,8,7,22,5,0,1,0,1,1,0,4,2,1,1,42,2,2,2,2,1,2,1,2,1,2,1,2,2,2,2,2,2,"Pennsylvania",1
"24030",420822,42,7906,40.61503056,-79.15590833,4,4,8,1,19,3,0,8,0,1,1,0,1,1,1,1,42,2,2,2,2,1,2,2,1,2,2,3,1,2,2,2,2,2,"Pennsylvania",0
"24031",420823,42,9145,40.03657222,-79.54840833,2,2,8,5,16,3,0,42,0,1,1,0,4,1,1,2,42,1,2,1,1,1,2,1,2,2,2,3,2,2,1,2,2,2,"Pennsylvania",0
"24032",420824,42,9993,39.731125,-77.70306667,2,2,6,2,18,3,0,1,0,1,1,0,1,1,1,1,42,1,2,2,1,2,1,1,2,2,2,3,2,2,2,2,2,2,"Pennsylvania",0
"24033",420825,42,6825,40.939275,-77.46218056,1,1,8,6,21,3,0,49,0,1,1,0,1,2,1,1,42,1,2,2,2,1,2,2,2,2,2,1,2,2,2,2,2,2,"Pennsylvania",1
"24034",420826,42,8142,40.51961944,-75.46993333,1,1,9,7,19,3,0,35,0,1,1,0,4,2,1,1,42,1,2,2,2,1,2,1,2,1,2,1,2,2,2,2,2,2,"Pennsylvania",1
"24035",420827,42,8022,40.57539722,-77.39774444,1,1,9,5,13,3,0,8,0,1,1,0,2,1,2,1,42,1,2,1,1,1,2,2,1,2,2,3,2,2,2,2,2,2,"Pennsylvania",0
"24036",420828,42,9031,40.08122778,-74.96644167,1,1,9,6,12,6,0,1,1,5,1,0,8,1,1,1,42,2,2,1,1,1,1,2,2,2,2,3,2,2,2,2,2,2,"Pennsylvania",0
"24037",420829,42,8971,40.10753333,-77.04143611,2,2,10,1,19,2,0,12,0,1,1,0,1,2,1,1,42,2,2,2,2,2,1,1,2,2,2,1,2,2,2,2,2,2,"Pennsylvania",1
"24038",420830,42,5369,41.65046944,-80.14464167,1,1,10,5,22,3,0,8,0,1,1,0,1,3,1,1,42,2,3,2,1,1,2,2,1,2,2,3,2,2,2,2,2,2,"Pennsylvania",0
"24039",420831,42,8709,40.23585833,-75.44823056,3,3,9,5,18,5,0,30,0,1,1,0,4,1,2,1,42,1,2,2,1,1,2,2,2,2,2,3,1,2,2,2,2,2,"Pennsylvania",0
"24040",420832,42,8580,40.30257222,-78.27286944,3,3,10,5,12,3,0,12,0,1,1,0,1,1,1,1,42,1,2,1,1,2,2,2,2,2,2,3,2,1,2,2,2,2,"Pennsylvania",0
"24041",420833,42,5072,41.774275,-76.39841944,1,1,9,2,22,2,0,8,0,1,1,0,1,2,1,1,42,1,2,2,1,1,2,2,1,2,2,3,2,2,1,2,2,2,"Pennsylvania",0
"24042",420834,42,9048,40.07410556,-75.03506111,1,1,9,6,20,2,0,8,0,1,1,0,1,3,1,1,42,2,2,2,2,1,2,2,1,2,2,3,2,2,2,2,2,2,"Pennsylvania",0
"24043",420835,42,9465,39.92959444,-75.18032778,1,1,9,2,17,6,0,8,0,1,1,0,1,1,1,1,42,2,2,1,1,1,2,2,1,2,2,3,2,1,2,2,2,2,"Pennsylvania",0
"24044",420836,42,8838,40.16399444,-74.95838611,2,2,9,3,19,3,0,1,0,1,1,0,1,3,1,1,42,2,3,2,1,2,1,1,2,2,2,2,2,2,2,2,2,2,"Pennsylvania",0
"24045",420837,42,6310,41.22996667,-76.93898611,1,1,9,1,2,5,0,31,0,1,1,0,5,2,1,1,42,1,2,2,2,1,2,2,2,2,2,1,2,2,2,2,2,2,"Pennsylvania",1
"24046",420838,42,8868,40.14918889,-76.30965556,2,2,11,2,17,3,0,8,0,1,1,0,1,6,1,1,42,2,3,1,1,1,2,2,1,2,2,3,2,1,2,2,2,2,"Pennsylvania",0
"24047",420839,42,8466,40.35663056,-76.923375,2,2,9,5,12,2,0,12,0,1,1,0,1,1,1,1,42,2,2,1,1,2,2,2,2,2,2,3,2,1,2,2,2,2,"Pennsylvania",0
"24048",420840,42,9629,39.85980278,-79.49518056,1,1,10,4,9,3,0,18,0,1,1,0,4,1,2,1,42,1,2,1,1,1,2,1,2,1,2,2,2,2,2,2,2,2,"Pennsylvania",0
"24049",420841,42,4468,42.11634722,-79.933575,6,6,9,2,7,3,0,12,0,1,1,0,1,1,1,1,42,1,2,1,1,2,2,1,2,2,2,3,2,2,2,2,2,2,"Pennsylvania",0
"24050",420842,42,5453,41.6202,-76.41477778,3,3,9,7,17,3,0,12,0,2,2,0,1,1,1,1,42,1,2,1,2,2,2,2,2,2,2,1,2,2,2,2,2,2,"Pennsylvania",1
"24051",420843,42,8556,40.31307222,-75.43465833,2,2,9,4,12,3,0,12,0,2,2,0,1,1,1,1,42,2,2,1,1,2,2,2,2,2,2,3,2,2,2,2,2,2,"Pennsylvania",0
"24052",420844,42,7002,40.86590556,-80.51901389,2,2,9,3,14,5,0,12,0,2,2,0,1,1,1,1,42,1,2,1,1,2,1,2,2,2,2,3,1,2,2,2,2,2,"Pennsylvania",0
"24053",420845,42,9242,40.00389167,-75.19445833,3,3,9,3,14,3,0,12,1,5,1,0,1,1,1,1,42,2,1,1,1,2,2,2,2,2,2,3,2,2,2,2,2,2,"Pennsylvania",0
"24054",420846,42,8633,40.27878056,-80.39708611,3,3,10,1,15,3,0,12,0,1,1,0,1,1,1,1,42,1,2,1,2,2,1,2,2,2,2,3,2,2,2,2,2,2,"Pennsylvania",0
"24055",420847,42,8564,40.30921389,-76.58961667,1,1,10,4,22,6,0,8,0,1,1,0,1,3,1,1,42,2,2,2,1,1,2,2,1,2,2,3,2,2,2,1,2,2,"Pennsylvania",0
"24056",420848,42,9597,39.87441111,-77.01835833,2,2,9,2,8,2,0,12,0,1,1,0,1,1,1,1,42,1,2,1,1,2,2,2,2,2,2,3,2,2,2,2,2,2,"Pennsylvania",0
"24057",420849,42,7827,40.64130556,-75.38477778,5,5,10,6,21,6,0,8,0,1,1,0,1,3,2,1,42,2,2,2,2,1,2,2,1,2,2,3,1,2,2,2,2,2,"Pennsylvania",0
"24058",420850,42,7721,40.66898056,-75.18590278,2,2,12,2,16,3,0,12,0,1,1,0,1,5,1,1,42,2,2,1,1,2,2,2,2,1,2,1,2,2,1,2,2,2,"Pennsylvania",1
"24059",420851,42,9642,39.85535278,-75.5403,4,4,9,2,13,2,0,12,0,2,2,0,1,1,1,1,42,2,2,1,1,2,2,2,2,2,2,3,2,1,2,2,2,2,"Pennsylvania",0
"24060",420852,42,8995,40.09582222,-76.96515,2,2,10,1,7,3,0,12,0,1,1,0,1,4,1,1,42,1,2,1,2,2,2,2,2,1,2,3,1,2,2,2,2,1,"Pennsylvania",0
"24061",420853,42,6660,41.03685833,-76.67832222,3,3,9,6,14,3,0,12,0,8,1,0,1,1,1,1,42,1,2,1,1,2,1,2,2,2,2,3,2,2,2,2,2,2,"Pennsylvania",0
"24062",420854,42,7987,40.58509444,-80.23835278,1,1,8,5,5,3,0,9,0,1,1,0,2,3,1,1,42,2,2,2,1,1,2,2,2,2,2,3,2,2,2,2,2,2,"Pennsylvania",0
"24063",420855,42,9051,40.07274167,-75.15315278,2,2,10,2,19,3,0,8,0,1,1,0,1,2,1,1,42,2,2,2,1,1,2,2,1,2,2,3,2,2,2,2,2,2,"Pennsylvania",0
"24064",420856,42,9320,39.97691389,-78.36349167,2,2,9,1,20,3,0,12,0,1,1,0,1,2,1,1,42,1,2,2,2,2,2,2,2,2,2,3,1,2,2,2,2,2,"Pennsylvania",0
"24065",420857,42,4964,41.82490833,-78.69554444,2,2,9,6,17,2,0,12,0,1,1,0,1,1,1,1,42,1,2,1,1,2,2,1,2,2,2,1,2,2,2,2,2,2,"Pennsylvania",1
"24066",420858,42,6673,41.02714722,-75.77467222,3,3,10,5,16,3,0,12,0,1,1,0,1,1,1,1,42,1,2,1,1,2,2,2,2,2,2,1,2,2,2,2,2,2,"Pennsylvania",1
"24067",420859,42,9686,39.83952222,-76.97380278,3,3,10,5,8,3,0,12,0,1,1,0,1,1,1,1,42,1,2,1,1,2,2,1,2,2,2,2,2,2,2,2,2,2,"Pennsylvania",0
"24068",420860,42,6022,41.372325,-75.68058611,3,3,10,4,4,1,0,12,1,18,1,0,1,3,1,1,42,2,1,2,1,2,2,1,2,2,2,1,2,2,1,2,2,2,"Pennsylvania",1
"24069",420861,42,9883,39.76071389,-77.89123889,2,2,10,6,10,3,0,12,0,4,1,0,1,1,1,1,42,1,2,1,1,2,2,2,2,2,2,3,1,1,2,2,2,2,"Pennsylvania",0
"24070",420862,42,5891,41.43584167,-75.629575,2,2,10,5,3,1,0,12,0,1,1,0,1,3,1,1,42,2,1,2,1,2,2,2,2,2,2,1,2,2,2,2,2,2,"Pennsylvania",1
"24071",420863,42,5478,41.60908889,-75.28456667,1,1,9,1,6,3,0,34,0,1,1,0,4,4,1,1,42,2,3,1,2,1,2,1,2,1,2,2,2,2,2,2,2,2,"Pennsylvania",0
"24072",420864,42,7210,40.80026111,-75.19523056,5,5,10,7,21,3,0,16,0,1,1,0,1,2,1,2,42,2,3,2,2,2,2,2,2,1,2,3,2,1,2,2,2,2,"Pennsylvania",0
"24073",420865,42,7596,40.70189444,-75.61301667,1,1,12,1,22,3,0,42,0,1,1,0,4,2,1,1,42,2,2,2,2,1,2,2,2,2,2,2,1,2,2,2,2,2,"Pennsylvania",0
"24074",420866,42,5079,41.76984444,-76.15282222,1,1,9,7,17,3,0,24,0,1,1,0,4,1,1,1,42,1,2,1,2,1,1,1,2,2,2,1,2,2,2,2,2,2,"Pennsylvania",1
"24075",420867,42,8939,40.12421111,-74.96263333,3,3,10,3,17,3,0,12,0,2,3,0,1,1,1,1,42,2,2,1,1,2,2,2,2,2,2,3,2,1,2,2,2,2,"Pennsylvania",0
"24076",420868,42,8102,40.53910556,-76.22013889,2,2,11,6,17,3,0,24,0,1,1,0,4,2,1,2,42,1,2,1,1,1,2,1,2,1,2,2,2,1,2,2,2,2,"Pennsylvania",0
"24077",420869,42,6207,41.27605278,-75.25685833,4,4,11,1,15,5,0,42,0,1,1,0,4,1,1,3,42,1,2,1,2,1,2,1,2,2,2,1,2,2,2,2,2,2,"Pennsylvania",1
"24078",420870,42,8076,40.55283333,-79.69611944,1,1,11,5,11,3,0,9,0,1,1,0,1,1,1,1,42,2,2,1,1,1,2,2,2,2,2,2,2,2,2,2,2,2,"Pennsylvania",1
"24079",420871,42,9446,39.93552778,-79.70766389,2,2,10,6,11,3,0,12,0,2,3,0,1,1,1,1,42,1,2,1,1,2,2,2,2,2,2,3,2,1,2,2,2,2,"Pennsylvania",0
"24080",420872,42,8063,40.55666389,-75.41254444,2,2,10,3,18,3,0,12,0,8,1,0,1,5,1,1,42,2,3,2,1,2,1,1,2,2,2,1,2,1,2,2,2,2,"Pennsylvania",1
"24081",420873,42,6300,41.23486667,-76.82094167,5,5,10,3,20,3,0,12,0,1,1,0,1,3,1,1,42,1,2,2,1,2,2,1,2,2,2,3,2,2,1,2,2,2,"Pennsylvania",0
"24082",420874,42,6551,41.10096389,-79.89668889,3,3,10,1,11,3,0,12,0,8,1,0,1,1,1,1,42,1,2,1,2,2,2,2,2,2,2,3,2,1,1,2,2,2,"Pennsylvania",0
"24083",420875,42,8496,40.34577222,-75.07413611,2,2,10,6,19,3,0,12,0,1,1,0,1,2,1,1,42,2,3,2,2,2,2,2,2,2,2,2,2,2,2,2,2,2,"Pennsylvania",0
"24084",420876,42,9141,40.03732778,-75.76738611,2,2,10,3,22,3,0,12,0,2,2,0,1,3,1,1,42,2,2,2,1,2,1,2,2,2,2,1,1,2,2,2,2,2,"Pennsylvania",1
"24085",420877,42,7257,40.78741667,-75.297475,1,1,12,7,3,3,0,8,0,1,1,0,1,2,1,1,42,1,2,2,2,1,2,2,1,2,2,3,2,2,1,1,2,2,"Pennsylvania",0
"24086",420878,42,9752,39.809575,-79.57084722,3,3,10,2,18,2,0,12,0,8,1,0,1,5,1,1,42,1,2,2,1,2,2,1,2,2,1,3,2,2,1,2,2,2,"Pennsylvania",0
"24087",420879,42,6851,40.92564167,-75.38528611,3,3,12,3,5,2,0,12,0,1,1,0,1,2,2,1,42,1,2,2,1,3,2,2,2,2,2,3,2,2,1,2,2,2,"Pennsylvania",0
"24088",420880,42,6407,41.17964167,-80.02713056,3,3,9,4,16,3,0,12,0,8,1,0,1,1,1,1,42,1,2,1,1,2,1,2,2,2,2,3,2,1,2,2,2,2,"Pennsylvania",0
"24089",420881,42,9221,40.01256111,-79.61068333,3,3,11,2,9,3,0,12,0,1,1,0,1,1,1,1,42,2,2,1,1,2,2,2,2,2,2,3,2,2,2,2,2,1,"Pennsylvania",0
"24090",420882,42,8570,40.30656667,-78.282275,6,6,10,7,5,3,0,12,0,2,2,0,1,2,2,3,42,1,2,2,2,2,2,2,2,2,2,3,2,2,2,2,2,2,"Pennsylvania",0
"24091",420883,42,4832,41.89641389,-78.6524,2,2,11,1,17,2,0,12,0,1,1,0,1,1,1,1,42,1,2,1,2,2,1,2,2,2,2,3,1,2,2,2,2,2,"Pennsylvania",0
"24092",420884,42,8051,40.56188333,-75.62194167,2,2,10,5,1,5,0,33,0,3,2,0,4,2,1,2,42,1,2,2,1,1,2,1,2,2,2,1,2,2,2,2,2,2,"Pennsylvania",1
"24093",420885,42,7904,40.61651111,-75.64371111,3,3,10,7,19,3,0,12,0,8,1,0,1,2,1,1,42,1,2,2,2,2,1,1,2,2,2,1,2,2,2,2,2,2,"Pennsylvania",1
"24094",420886,42,5897,41.43472222,-80.31275833,4,4,8,5,10,3,0,12,0,1,1,0,1,1,2,2,42,1,2,1,1,2,2,1,2,2,2,3,2,2,2,2,2,2,"Pennsylvania",0
"24095",420887,42,6612,41.06339444,-77.39639167,1,1,9,3,0,1,0,1,0,1,1,0,4,2,5,1,42,1,1,2,1,1,2,1,2,1,2,2,2,2,1,2,2,2,"Pennsylvania",0
"24096",420888,42,7356,40.76331111,-76.93922222,1,1,11,2,17,3,0,8,0,1,1,0,1,3,2,1,42,1,2,1,1,1,2,2,1,2,2,3,2,2,2,2,2,2,"Pennsylvania",0
"24097",420889,42,9575,39.88205278,-80.03227222,3,3,10,5,14,3,0,12,0,1,1,0,1,1,1,1,42,1,2,1,1,3,2,2,2,1,2,1,2,1,2,2,2,2,"Pennsylvania",1
"24098",420891,42,8263,40.44841389,-79.95863333,2,2,10,2,14,6,0,15,0,3,7,0,1,1,1,2,42,2,2,1,1,2,2,2,1,2,2,3,2,1,2,2,2,2,"Pennsylvania",0
"24099",420892,42,8262,40.44898056,-77.60218889,1,1,9,6,12,3,0,24,0,1,1,0,4,1,1,1,42,1,2,1,1,1,2,2,2,1,2,2,2,2,2,2,2,2,"Pennsylvania",0
"24100",420893,42,6628,41.05557222,-76.18242778,1,1,11,2,9,3,0,30,0,1,1,0,4,1,1,1,42,2,2,1,1,1,2,2,2,2,2,2,2,2,2,2,2,2,"Pennsylvania",0
"24101",420894,42,8777,40.20104722,-75.90294167,1,1,11,3,23,3,0,52,0,1,1,0,4,2,1,1,42,1,2,2,1,1,2,2,2,1,2,2,1,2,2,2,2,2,"Pennsylvania",0