"","ST_CASE","OBJECT_ID","FID","LATITUDE","LONGITUD","PERMVIT","PERSONS","MONTH","DAY_WEEK","HOUR","ROUTE","SP_JUR","HARM_EV","RELJCT1","RELJCT2","TYP_INT","WRK_ZONE","REL_ROAD","LGT_COND","WEATHER","FATALS","STATE","A_RU","A_INTER","A_TOD","A_DOW","A_CT","A_MC","A_SPCRA","A_PED","A_ROLL","A_POLPUR","A_POSBAC","A_D15_20","A_D65PLS","A_D21_24","A_HR","A_DIST","A_DROWSY","STATE_NAME","drunkDr"
"24494",450143,45,21734,33.92810278,-81.17400833,2,2,3,2,22,3,0,30,0,1,1,0,4,1,1,2,45,1,2,2,1,1,2,1,2,1,2,1,2,2,1,2,2,2,"South Carolina",1
"24495",450144,45,22419,33.73655,-80.84296111,1,1,3,2,20,3,0,35,0,3,3,0,4,1,1,1,45,1,2,2,1,1,2,2,2,1,2,3,2,2,2,2,2,2,"South Carolina",0
"24496",450145,45,22066,33.83825833,-81.0904,8,8,3,7,18,2,0,12,0,1,1,0,1,5,1,1,45,1,2,2,2,3,1,2,2,2,2,1,2,2,2,2,2,2,"South Carolina",1
"24497",450146,45,25911,32.10407778,-81.08678056,5,5,3,2,15,2,0,12,0,1,1,0,1,1,1,1,45,1,2,1,1,3,2,2,2,2,2,3,2,2,2,2,2,2,"South Carolina",0
"24498",450147,45,21726,33.93106389,-80.47836111,1,1,3,2,0,3,0,1,0,1,1,0,4,2,1,1,45,2,2,2,2,1,2,1,2,1,2,2,2,2,2,2,2,2,"South Carolina",1
"24499",450149,45,20528,34.29096111,-79.88815,2,2,3,3,6,2,0,8,0,1,1,0,1,2,1,1,45,1,2,1,1,2,2,2,1,2,2,3,2,2,2,2,2,2,"South Carolina",0
"24500",450150,45,22558,33.69713056,-78.94077222,7,7,3,5,7,2,0,12,1,2,2,0,1,1,1,1,45,2,2,1,1,3,2,2,2,1,2,3,1,2,2,2,2,2,"South Carolina",0
"24501",450151,45,24089,33.01796111,-79.63375556,2,2,3,5,21,2,0,12,0,1,1,0,1,2,2,1,45,1,2,2,1,2,2,2,2,2,2,3,2,2,2,2,2,2,"South Carolina",0
"24502",450152,45,24256,32.92725,-80.07203333,5,5,3,5,6,3,0,12,0,8,1,0,1,4,2,1,45,2,2,1,1,2,1,2,2,2,2,3,2,2,2,2,2,2,"South Carolina",0
"24503",450153,45,24815,32.73702222,-80.58783889,6,6,3,5,14,2,0,12,0,1,1,0,1,1,10,1,45,1,2,1,1,2,1,2,2,2,2,3,2,2,2,2,2,2,"South Carolina",0
"24504",450154,45,22964,33.56878056,-81.92176667,10,10,3,6,23,1,0,12,0,1,1,0,1,2,1,1,45,2,1,2,2,3,2,1,2,1,2,3,1,2,1,1,2,2,"South Carolina",1
"24505",450155,45,20595,34.26700556,-79.70865833,12,12,3,7,19,1,0,12,0,1,1,0,1,1,1,5,45,1,1,2,2,3,2,1,2,2,2,3,2,2,2,2,1,2,"South Carolina",0
"24506",450156,45,19821,34.68646389,-83.04327778,3,3,3,7,20,3,0,52,0,1,1,0,4,2,1,1,45,1,2,2,2,1,2,2,2,1,2,1,1,2,2,2,2,2,"South Carolina",1
"24507",450157,45,24591,32.79797778,-80.77295833,3,3,3,1,18,1,0,42,0,1,1,0,3,5,2,1,45,1,1,2,2,1,2,2,2,2,2,2,2,2,2,2,2,2,"South Carolina",0
"24508",450158,45,19804,34.69709167,-82.05352222,1,1,3,1,18,3,0,42,0,1,1,0,4,1,2,1,45,1,2,2,2,1,2,2,2,1,2,2,2,1,2,2,2,2,"South Carolina",0
"24509",450159,45,24172,32.97099444,-81.38976667,1,1,3,2,17,2,0,3,0,1,1,0,3,1,1,1,45,1,2,1,1,1,2,1,2,2,2,3,2,1,2,2,2,2,"South Carolina",0
"24510",450160,45,22493,33.71641667,-78.89137778,1,1,3,3,4,2,0,8,0,2,2,0,1,6,1,1,45,2,2,2,1,1,2,2,1,2,2,3,2,2,2,1,2,2,"South Carolina",0
"24511",450161,45,21367,34.02772778,-79.34145278,1,1,3,3,13,3,0,1,0,1,1,0,4,1,1,1,45,1,2,1,1,1,2,1,2,1,2,3,2,2,2,2,1,2,"South Carolina",0
"24512",450162,45,19591,34.79990556,-82.42448333,2,2,3,4,9,2,0,12,0,2,3,0,1,1,2,1,45,2,2,1,1,2,2,1,2,2,2,3,2,2,2,2,2,2,"South Carolina",1
"24513",450163,45,19111,35.01739722,-81.77229444,2,2,3,4,18,2,0,12,0,2,3,0,1,1,1,1,45,2,2,2,1,2,1,2,2,2,2,1,2,1,2,2,2,2,"South Carolina",1
"24514",450164,45,19349,34.90450278,-80.89958889,1,1,3,4,13,3,0,53,0,1,1,0,5,1,10,1,45,1,2,1,1,1,1,2,2,2,2,1,2,2,2,2,2,2,"South Carolina",1
"24515",450165,45,19065,35.03533611,-81.31378333,2,2,3,4,13,3,0,1,0,1,1,0,5,1,10,1,45,1,2,1,1,1,2,2,2,1,2,3,2,2,2,2,2,2,"South Carolina",1
"24516",450166,45,19529,34.82533611,-82.32808056,1,1,3,5,20,3,0,43,0,1,1,0,4,2,1,1,45,2,2,2,1,1,2,2,2,2,2,1,2,2,2,2,2,2,"South Carolina",1
"24517",450167,45,22340,33.75832222,-78.96777222,2,2,3,7,1,2,0,8,0,1,1,0,1,3,1,1,45,1,2,2,2,1,2,2,1,2,2,3,1,2,2,2,2,2,"South Carolina",0
"24518",450168,45,23942,33.12147778,-79.87214444,1,1,3,7,2,3,0,34,0,1,1,0,4,2,10,1,45,1,2,2,2,1,2,1,2,2,2,3,1,2,2,2,2,2,"South Carolina",0
"24519",450169,45,22640,33.67156389,-80.89733333,2,2,3,7,0,1,0,34,0,1,1,0,4,2,2,1,45,1,1,2,2,1,2,1,2,1,2,3,2,2,2,2,1,2,"South Carolina",0
"24520",450170,45,23059,33.53258889,-81.22028611,1,1,3,7,9,3,0,1,0,1,1,0,4,1,1,1,45,1,2,1,2,1,2,1,2,1,2,2,1,2,2,2,2,2,"South Carolina",0
"24521",450171,45,23969,33.10242222,-80.01851667,1,1,3,1,2,3,0,42,0,1,1,0,4,2,1,1,45,1,2,2,2,1,2,1,2,1,2,1,2,2,2,2,2,2,"South Carolina",1
"24522",450172,45,24354,32.88832778,-80.00923889,1,1,4,4,1,1,0,72,1,20,1,0,1,2,1,1,45,2,1,2,1,1,2,1,2,1,2,3,2,2,2,2,2,2,"South Carolina",0
"24523",450173,45,19854,34.66886667,-82.89541944,1,1,4,4,6,3,0,9,0,1,1,0,1,2,1,1,45,1,2,1,1,1,2,1,2,2,2,3,2,2,2,2,2,2,"South Carolina",0
"24524",450174,45,23991,33.08261111,-80.20636944,2,2,4,4,11,1,0,12,1,20,1,0,1,1,1,1,45,1,1,1,1,2,1,2,2,2,2,3,2,2,2,2,2,2,"South Carolina",1
"24525",450175,45,19797,34.70203056,-82.28018611,2,2,4,4,15,4,0,12,0,2,3,0,1,1,1,1,45,1,2,1,1,2,1,2,2,2,2,3,1,2,2,2,2,2,"South Carolina",0
"24526",450176,45,22527,33.70598056,-80.24576111,3,3,4,6,1,1,0,12,1,20,1,0,1,3,1,1,45,1,1,2,1,2,2,2,2,2,2,3,1,2,1,2,2,2,"South Carolina",0
"24527",450177,45,24400,32.86464444,-79.78682778,5,5,2,2,17,2,0,12,0,2,2,0,1,1,10,1,45,2,2,1,1,3,2,2,2,2,2,3,2,2,2,2,2,2,"South Carolina",0
"24528",450178,45,23934,33.12563056,-80.28649722,2,2,3,5,13,1,0,12,0,1,1,0,1,1,1,1,45,1,1,1,1,2,2,2,2,2,2,3,1,2,2,2,2,2,"South Carolina",0
"24529",450179,45,19556,34.81537222,-80.72796944,5,5,3,6,8,3,0,12,0,1,1,0,1,1,1,1,45,1,2,1,1,2,2,2,2,2,2,3,2,1,2,2,2,2,"South Carolina",0
"24530",450180,45,24422,32.85563611,-79.97203611,1,1,3,1,5,3,0,8,0,2,2,0,1,6,1,1,45,2,2,2,2,1,2,2,1,2,2,3,2,2,2,1,2,2,"South Carolina",0
"24531",450181,45,21710,33.93539444,-79.07636389,1,1,4,6,16,3,0,26,0,1,1,0,3,1,1,1,45,1,2,1,1,1,1,1,2,2,2,3,2,2,2,2,2,2,"South Carolina",0
"24532",450182,45,21625,33.95561389,-80.06085833,1,1,4,6,8,3,0,34,0,1,1,0,4,1,10,1,45,1,2,1,1,1,2,1,2,1,2,2,2,2,2,2,2,1,"South Carolina",1
"24533",450183,45,22894,33.59095,-81.23103889,3,3,4,6,13,3,0,12,0,2,2,0,1,1,1,1,45,1,2,1,1,3,2,2,2,2,2,3,1,2,2,2,2,2,"South Carolina",0
"24534",450184,45,23161,33.49990833,-81.88446111,4,4,4,6,13,3,0,12,0,1,1,0,1,1,1,1,45,2,2,1,1,2,2,2,2,2,2,3,2,1,2,2,2,2,"South Carolina",1
"24535",450185,45,21213,34.065325,-79.64391944,5,5,4,6,21,3,0,12,0,2,2,0,1,2,1,1,45,1,2,2,2,2,2,2,2,2,2,3,1,2,2,2,2,2,"South Carolina",0
"24536",450186,45,21199,34.06705278,-80.91398611,2,2,4,7,13,3,0,12,0,2,3,0,1,1,1,1,45,2,2,1,2,2,2,2,2,2,2,3,2,1,2,2,2,2,"South Carolina",0
"24537",450187,45,24236,32.93425,-79.84318056,2,2,2,7,2,3,0,42,0,1,1,0,5,2,1,1,45,2,2,2,2,1,2,1,2,1,2,1,2,2,2,2,2,2,"South Carolina",1
"24538",450188,45,24064,33.02935278,-80.39701389,5,5,3,3,8,3,0,12,0,1,1,0,1,1,10,1,45,1,2,1,1,2,2,2,2,2,2,3,2,1,2,2,2,2,"South Carolina",0
"24539",450189,45,24396,32.86546111,-79.98725,6,6,3,2,19,3,0,5,0,1,1,0,1,3,1,1,45,2,2,2,1,1,2,2,2,2,2,3,1,2,2,2,2,2,"South Carolina",0
"24540",450190,45,19638,34.77793889,-82.51581389,1,1,4,7,5,3,0,42,0,1,1,0,4,2,1,1,45,1,2,2,2,1,2,2,2,2,2,1,2,2,2,2,2,2,"South Carolina",1
"24541",450191,45,20067,34.55364444,-79.65916389,1,1,4,1,12,3,0,9,0,2,3,0,1,1,1,1,45,1,2,1,2,1,2,1,2,2,2,3,2,2,1,2,1,2,"South Carolina",0
"24542",450192,45,19780,34.70988889,-82.666525,1,1,4,2,14,3,0,42,0,8,1,0,4,1,10,1,45,1,2,1,1,1,2,1,2,2,2,2,2,2,2,2,1,2,"South Carolina",0
"24543",450193,45,21155,34.07725833,-81.1274,2,2,4,3,23,2,0,12,0,1,1,0,1,3,2,1,45,2,2,2,1,2,2,1,2,2,2,3,2,2,2,2,2,2,"South Carolina",0
"24544",450194,45,19814,34.69118889,-81.833125,3,3,4,3,1,3,0,34,0,1,1,0,4,2,2,1,45,1,2,2,1,1,2,1,2,2,2,3,1,2,2,2,2,2,"South Carolina",0
"24545",450195,45,24313,32.90403056,-80.99864722,2,2,4,5,19,3,0,12,0,1,1,0,1,2,1,1,45,1,2,2,1,2,2,2,2,2,2,3,2,2,2,2,2,2,"South Carolina",0
"24546",450196,45,20533,34.28776667,-82.52344444,2,2,4,5,18,3,0,12,0,1,1,0,1,1,1,1,45,1,2,2,1,2,2,2,2,1,2,3,2,1,2,2,2,2,"South Carolina",0
"24547",450197,45,23559,33.36073611,-81.38425833,1,1,4,5,17,3,0,42,0,1,1,0,4,1,1,1,45,1,2,1,1,1,2,1,2,2,2,1,2,2,1,2,2,2,"South Carolina",1
"24548",450198,45,19414,34.88049444,-82.23191111,1,1,4,5,21,3,0,52,0,1,1,0,4,2,1,1,45,1,2,2,1,1,1,1,2,2,2,1,2,2,1,2,2,2,"South Carolina",1
"24549",450199,45,21934,33.88069444,-80.35116111,2,2,4,6,13,2,0,12,0,3,2,0,1,1,1,1,45,2,2,1,1,2,2,2,2,2,2,3,2,2,2,2,2,2,"South Carolina",1
"24550",450200,45,19932,34.62757222,-82.97788333,4,4,4,6,14,3,0,12,0,2,2,0,1,1,1,1,45,1,2,1,1,2,2,2,2,2,2,3,2,1,2,2,2,2,"South Carolina",0
"24551",450201,45,20250,34.46150278,-82.05505556,1,1,4,6,0,3,0,42,0,1,1,0,5,2,1,1,45,1,2,2,1,1,2,1,2,2,2,1,2,2,2,2,2,2,"South Carolina",1
"24552",450202,45,23139,33.50914444,-81.91455833,1,1,4,6,4,3,0,32,0,1,1,0,4,2,1,1,45,2,2,2,1,1,2,1,2,2,2,1,2,2,2,2,2,2,"South Carolina",1
"24553",450203,45,20505,34.30663611,-80.99936389,1,1,4,6,22,1,0,8,0,1,1,0,1,6,1,1,45,1,1,2,2,1,2,2,1,2,2,3,2,2,2,2,2,2,"South Carolina",0
"24554",450204,45,23935,33.12517778,-80.31126944,5,5,4,1,18,3,0,12,0,1,1,0,1,1,1,1,45,1,2,2,2,2,1,1,2,2,2,1,2,2,2,2,2,2,"South Carolina",1
"24555",450205,45,21895,33.89143056,-81.35817778,2,2,4,1,23,1,0,12,0,1,1,0,1,2,1,1,45,1,1,2,2,2,2,2,2,2,2,3,2,2,2,2,2,2,"South Carolina",0
"24556",450206,45,22241,33.78251389,-78.98935278,4,4,4,1,2,2,0,12,0,2,2,0,1,2,1,1,45,2,2,2,2,2,2,2,2,2,2,1,2,2,1,2,2,2,"South Carolina",1
"24557",450207,45,18681,35.17597778,-82.14825556,6,6,4,2,1,1,0,24,0,1,1,0,3,2,1,1,45,1,1,2,2,1,2,1,2,1,2,3,2,2,2,2,2,1,"South Carolina",0
"24558",450208,45,19996,34.59485,-82.74920278,1,1,2,1,20,2,0,8,0,1,1,0,1,3,1,1,45,1,2,2,2,1,2,2,1,2,2,1,2,2,2,1,1,2,"South Carolina",1
"24559",450209,45,20390,34.37904722,-82.65121389,2,2,3,4,9,4,0,12,0,8,1,0,1,1,1,1,45,1,2,1,1,2,1,2,2,2,2,3,2,2,2,2,2,2,"South Carolina",0
"24560",450210,45,21151,34.08038889,-80.87973333,4,4,4,7,17,3,0,12,0,8,1,0,1,1,1,1,45,2,2,1,2,3,2,1,2,1,2,3,1,2,2,2,2,2,"South Carolina",1
"24561",450211,45,20110,34.53575833,-80.56462778,2,2,4,2,21,3,0,12,0,1,1,0,1,6,2,1,45,1,2,2,1,2,2,2,2,2,2,3,2,2,1,2,2,2,"South Carolina",0
"24562",450212,45,25247,32.51178611,-80.75055833,3,3,2,6,18,2,0,12,0,2,2,0,1,2,1,1,45,1,2,2,2,2,2,2,2,1,2,3,2,1,1,2,2,2,"South Carolina",0
"24563",450213,45,20747,34.21310833,-79.33714167,1,1,4,7,21,3,0,42,0,1,1,0,4,2,1,1,45,1,2,2,2,1,2,1,2,2,2,3,2,2,2,2,2,2,"South Carolina",0
"24564",450214,45,22757,33.63632222,-82.14846111,2,2,4,3,8,3,0,12,0,1,1,0,1,1,2,1,45,1,2,1,1,2,2,2,2,2,2,3,1,2,2,2,2,2,"South Carolina",0
"24565",450215,45,20365,34.39495556,-80.16308889,3,3,4,3,11,3,0,12,0,2,2,0,1,1,10,1,45,1,2,1,1,2,2,2,2,2,2,3,2,2,2,2,2,2,"South Carolina",0
"24566",450216,45,23243,33.47625833,-80.89633611,1,1,4,3,23,3,0,53,0,1,1,0,4,3,1,1,45,1,2,2,1,1,2,1,2,2,1,2,2,2,1,2,2,2,"South Carolina",0
"24567",450217,45,20255,34.45874722,-79.90834167,4,4,4,5,8,2,0,34,0,1,1,0,4,1,2,1,45,1,2,1,1,1,2,1,2,1,2,3,2,2,2,2,1,2,"South Carolina",0
"24568",450218,45,19657,34.76848889,-80.32129444,3,3,4,5,15,3,0,12,0,2,3,0,1,1,2,1,45,1,2,1,1,2,2,2,2,2,2,1,1,2,2,2,2,2,"South Carolina",1
"24569",450219,45,22362,33.74936667,-80.2649,3,3,1,7,19,3,0,8,0,1,1,0,1,2,1,1,45,1,2,2,2,1,2,2,1,2,2,3,2,2,1,2,2,2,"South Carolina",0
"24570",450220,45,20968,34.13535833,-80.35785,1,1,4,2,22,3,0,35,0,1,1,0,4,2,1,1,45,1,2,2,1,1,2,2,2,1,2,1,2,2,2,2,2,2,"South Carolina",1
"24571",450221,45,22208,33.79026667,-81.37049167,4,4,4,6,20,3,0,12,0,2,2,0,1,2,10,1,45,1,2,2,2,2,2,2,2,2,2,1,2,2,2,2,2,2,"South Carolina",1
"24572",450222,45,22896,33.59026667,-79.00612222,2,2,4,7,19,2,0,1,0,2,3,0,1,3,1,1,45,1,2,2,2,1,1,2,2,2,2,3,2,2,2,2,2,2,"South Carolina",0
"24573",450223,45,19724,34.73443333,-79.93296389,2,2,4,1,20,2,0,12,0,1,1,0,1,5,1,1,45,1,2,2,2,2,2,2,2,2,2,3,2,1,2,2,2,2,"South Carolina",1
"24574",450224,45,21806,33.91271111,-81.43795278,1,1,4,1,5,3,0,59,0,1,1,0,4,2,5,1,45,1,2,2,2,1,2,1,2,2,2,1,1,2,2,2,2,2,"South Carolina",1
"24575",450225,45,19623,34.78328333,-82.31202222,1,1,4,2,21,2,0,8,0,1,1,0,1,3,1,1,45,2,2,2,1,1,2,2,1,2,2,3,2,2,2,2,2,2,"South Carolina",0
"24576",450226,45,24552,32.81026667,-80.15608056,1,1,4,2,13,3,0,42,0,1,1,0,4,1,1,1,45,1,2,1,1,1,2,2,2,2,2,3,2,2,2,2,2,2,"South Carolina",0
"24577",450227,45,21655,33.94690278,-80.63370833,1,1,4,3,21,2,0,42,0,1,1,0,4,2,1,1,45,1,2,2,1,1,2,2,2,1,2,1,2,2,1,2,2,2,"South Carolina",1
"24578",450228,45,23426,33.41505,-81.00895556,1,1,4,3,3,3,0,30,0,1,1,0,4,2,1,1,45,1,2,2,1,1,2,2,2,2,2,3,2,2,2,2,2,2,"South Carolina",0
"24579",450229,45,19722,34.73475278,-80.78966111,1,1,4,5,6,3,0,9,0,1,1,0,1,4,2,1,45,2,2,1,1,1,2,2,2,2,2,3,2,2,2,2,2,2,"South Carolina",0
"24580",450230,45,21531,33.98147778,-81.26458889,3,3,4,4,20,2,0,12,0,2,3,0,1,2,1,1,45,2,2,2,1,2,2,2,2,2,2,1,2,1,2,2,2,2,"South Carolina",1
"24581",450231,45,22126,33.81951111,-79.48863889,3,3,4,5,21,3,0,8,0,8,1,0,1,6,1,1,45,1,2,2,1,1,2,2,1,2,2,3,2,2,2,2,2,2,"South Carolina",0
"24582",450232,45,25275,32.49018333,-80.97088889,8,8,4,5,16,1,0,57,0,1,1,0,3,1,1,3,45,1,1,1,1,3,2,1,2,2,2,3,2,1,2,2,2,2,"South Carolina",0
"24583",450233,45,19294,34.92850833,-81.86723611,5,5,4,5,10,2,0,12,0,2,3,0,1,1,1,1,45,1,2,1,1,2,2,2,2,2,2,3,2,2,2,2,2,2,"South Carolina",0
"24584",450234,45,24520,32.81986667,-80.16600833,1,1,4,7,7,3,0,42,0,1,1,0,5,4,1,1,45,1,2,1,2,1,2,2,2,2,2,3,2,2,1,2,1,2,"South Carolina",0
"24585",450235,45,23981,33.09035,-80.16136944,2,2,3,1,19,3,0,30,0,1,1,0,4,2,1,1,45,1,2,2,2,1,2,1,2,1,1,1,2,2,1,2,2,2,"South Carolina",1
"24586",450236,45,21162,34.07550556,-78.86335278,6,6,3,3,16,3,0,12,0,2,2,0,1,1,10,1,45,2,2,1,1,2,2,2,2,1,2,3,2,2,2,2,2,2,"South Carolina",0
"24587",450237,45,20821,34.189475,-79.96634167,1,1,4,7,21,3,0,42,0,1,1,0,5,3,1,1,45,1,2,2,2,1,2,1,2,2,2,1,2,2,2,2,2,2,"South Carolina",1
"24588",450238,45,19165,34.98997222,-81.20486389,6,6,3,7,13,3,0,12,0,1,1,0,1,1,10,1,45,2,2,1,2,2,2,2,2,2,2,3,2,2,2,2,1,2,"South Carolina",0
"24589",450239,45,25454,32.40285278,-81.09978611,1,1,4,7,8,2,0,35,0,1,1,0,4,1,10,1,45,1,2,1,2,1,2,1,2,1,2,2,1,2,2,2,2,2,"South Carolina",0
"24590",450240,45,23903,33.14751667,-80.00590278,1,1,4,7,21,3,0,34,0,1,1,0,4,2,10,1,45,1,2,2,2,1,2,1,2,1,2,1,2,2,2,2,2,2,"South Carolina",1
"24591",450241,45,24030,33.05296111,-80.16350833,3,3,4,1,21,1,0,12,0,1,1,0,1,2,10,1,45,2,1,2,2,2,2,1,2,2,2,3,2,2,2,2,2,2,"South Carolina",0
"24592",450242,45,19432,34.87095833,-80.86334444,2,2,4,2,14,3,0,12,0,1,1,0,4,1,1,1,45,1,2,1,1,2,2,1,2,2,2,3,2,1,2,2,1,2,"South Carolina",0
"24593",450243,45,21985,33.86493333,-78.64787778,3,3,4,2,8,2,0,12,0,2,2,0,1,1,1,1,45,1,2,1,1,2,2,2,2,2,2,3,2,1,2,2,2,2,"South Carolina",0
"24594",450244,45,22319,33.76373056,-79.42429167,1,1,4,2,7,3,0,8,0,1,1,0,4,1,1,1,45,1,2,1,1,1,2,2,1,2,2,3,2,2,2,2,2,2,"South Carolina",0
"24595",450245,45,19930,34.62905556,-82.18282778,1,1,4,3,6,3,0,34,0,1,1,0,4,1,1,1,45,1,2,1,1,1,2,1,2,1,2,2,2,2,2,2,2,2,"South Carolina",0
"24596",450246,45,19463,34.85777222,-83.03418056,2,2,4,3,23,3,0,12,0,1,1,0,1,2,10,1,45,1,2,2,1,2,2,2,2,2,2,1,2,2,2,2,2,2,"South Carolina",1
"24597",450247,45,24141,32.98504722,-80.09324722,2,2,3,5,2,2,0,12,0,2,3,0,1,2,1,1,45,1,2,2,1,2,1,1,2,2,2,1,2,2,2,2,2,2,"South Carolina",1
"24598",450248,45,21438,34.009775,-81.11038889,1,1,4,3,0,1,0,8,0,1,1,0,1,6,1,1,45,2,1,2,1,1,2,2,1,2,2,3,2,2,2,2,2,2,"South Carolina",0
"24599",450249,45,23396,33.42601944,-80.98936111,2,2,4,4,13,3,0,12,0,2,2,0,1,1,2,1,45,1,2,1,1,2,2,2,2,2,2,3,2,1,2,2,1,2,"South Carolina",0
"24600",450250,45,19581,34.80521944,-82.76903333,3,3,4,4,22,3,0,12,0,1,1,0,1,2,1,1,45,1,2,2,1,2,1,2,2,2,2,1,2,2,1,2,2,2,"South Carolina",1
"24601",450251,45,25463,32.39555833,-80.767275,2,2,4,5,20,3,0,12,0,8,1,0,1,3,1,1,45,2,2,2,1,2,1,2,2,2,2,3,1,2,1,2,2,2,"South Carolina",0
"24602",450252,45,21616,33.95899444,-81.53058611,2,2,5,6,10,3,0,42,0,1,1,0,5,1,1,1,45,1,2,1,1,1,2,2,2,2,2,2,2,2,2,2,2,2,"South Carolina",0
"24603",450253,45,19857,34.66693056,-82.550475,2,2,5,6,16,1,0,42,0,1,1,0,5,1,1,1,45,1,1,1,1,1,2,1,2,1,2,3,2,2,2,2,2,2,"South Carolina",0
"24604",450254,45,23517,33.38582222,-81.32300556,2,2,5,7,3,3,0,42,0,1,1,0,4,2,1,1,45,1,2,2,2,1,2,2,2,2,2,1,2,2,2,2,2,2,"South Carolina",1
"24605",450255,45,19390,34.88848889,-82.756675,1,1,5,7,15,3,0,31,0,1,1,0,4,1,1,1,45,1,2,1,2,1,1,1,2,2,2,1,2,2,2,2,2,2,"South Carolina",1
"24606",450256,45,21103,34.09403889,-79.34104167,2,2,5,7,20,3,0,34,0,1,1,0,4,2,1,1,45,1,2,2,2,1,2,1,2,1,2,3,2,2,2,2,2,2,"South Carolina",1
"24607",450257,45,21321,34.03740556,-80.26691111,1,1,5,1,23,2,0,42,0,1,1,0,4,2,1,1,45,1,2,2,2,1,2,2,2,2,2,3,2,2,2,2,2,2,"South Carolina",0
"24608",450258,45,19423,34.87722222,-80.51416667,1,1,5,1,10,3,0,34,0,1,1,0,4,1,1,1,45,1,2,1,2,1,2,2,2,1,2,1,2,2,2,2,2,2,"South Carolina",1
"24609",450259,45,19450,34.86155,-82.70603889,3,3,3,2,9,2,0,12,0,1,1,0,1,1,10,1,45,2,2,1,1,3,2,1,2,1,2,3,2,2,2,2,2,2,"South Carolina",0
"24610",450260,45,23694,33.27571111,-80.81546111,7,7,3,7,1,2,0,12,0,1,1,0,1,2,1,1,45,1,2,2,2,2,2,1,2,1,2,1,2,2,2,2,2,2,"South Carolina",2
"24611",450261,45,23831,33.19377222,-80.39290278,5,5,3,1,4,1,0,42,0,1,1,0,3,2,1,1,45,1,1,2,2,1,2,1,2,2,2,1,2,2,2,2,2,2,"South Carolina",1
"24612",450262,45,24294,32.91427778,-79.98591111,3,3,3,6,19,3,0,12,0,3,3,0,1,5,1,1,45,2,2,2,2,2,1,1,2,2,2,3,2,2,2,2,2,2,"South Carolina",0
"24613",450263,45,24162,32.9771,-80.21432222,1,1,4,7,20,3,0,9,0,1,1,0,1,3,1,1,45,1,2,2,2,1,1,2,2,2,2,1,2,2,2,2,2,2,"South Carolina",1
"24614",450264,45,19630,34.78060556,-82.12296389,3,3,4,1,3,4,0,42,0,1,1,0,4,3,1,1,45,1,2,2,2,1,2,1,2,2,2,1,1,2,2,2,2,2,"South Carolina",1
"24615",450265,45,24145,32.98298611,-80.14118889,2,2,4,4,22,3,0,12,0,1,1,0,1,3,1,1,45,1,2,2,1,2,2,2,2,2,2,1,2,2,2,2,2,2,"South Carolina",2
"24616",450266,45,20437,34.3498,-81.70077778,2,2,4,4,9,2,0,12,0,8,1,0,1,1,1,1,45,1,2,1,1,2,2,1,2,1,2,3,2,2,1,2,2,2,"South Carolina",0
"24617",450267,45,23977,33.09474722,-80.07858333,2,2,4,5,21,2,0,12,0,2,3,0,1,2,1,1,45,1,2,2,1,2,1,2,2,2,2,3,2,2,2,2,2,2,"South Carolina",0
"24618",450268,45,19585,34.80398611,-82.37543333,5,5,4,2,14,3,0,12,0,2,2,0,1,1,1,1,45,2,2,1,1,3,2,2,2,2,2,3,2,1,1,2,2,2,"South Carolina",0
"24619",450269,45,19527,34.82571111,-81.86938056,1,1,4,2,16,3,0,42,0,1,1,0,4,1,1,1,45,1,2,1,1,1,2,2,2,2,2,1,2,1,2,2,2,2,"South Carolina",1
"24620",450270,45,24181,32.96441389,-80.15186944,2,2,5,2,16,3,0,12,0,1,1,0,1,1,1,1,45,2,2,1,1,2,1,1,2,2,2,3,2,2,2,2,2,2,"South Carolina",0
"24621",450271,45,23344,33.44770278,-79.30635,6,6,5,3,21,3,0,12,0,1,1,0,1,1,1,1,45,1,2,2,1,2,2,2,2,2,2,1,1,2,1,2,2,2,"South Carolina",2
"24622",450272,45,24129,32.99360833,-80.67160278,2,2,5,3,5,1,0,14,0,1,1,0,1,2,1,1,45,1,1,2,1,2,2,2,2,2,2,3,2,2,2,2,2,2,"South Carolina",0
"24623",450273,45,19244,34.95334722,-82.43928611,1,1,5,4,0,2,0,31,0,1,1,0,3,3,1,1,45,1,2,2,1,1,2,2,2,2,2,1,2,2,1,2,2,2,"South Carolina",1