"","ST_CASE","OBJECT_ID","FID","LATITUDE","LONGITUD","PERMVIT","PERSONS","MONTH","DAY_WEEK","HOUR","ROUTE","SP_JUR","HARM_EV","RELJCT1","RELJCT2","TYP_INT","WRK_ZONE","REL_ROAD","LGT_COND","WEATHER","FATALS","STATE","A_RU","A_INTER","A_TOD","A_DOW","A_CT","A_MC","A_SPCRA","A_PED","A_ROLL","A_POLPUR","A_POSBAC","A_D15_20","A_D65PLS","A_D21_24","A_HR","A_DIST","A_DROWSY","STATE_NAME","drunkDr"
"25269",460008,46,1808,44.50305833,-100.0677278,6,6,2,6,19,2,0,12,0,2,3,0,1,3,10,1,46,1,2,2,2,3,2,2,2,2,2,2,1,2,2,2,2,2,"South Dakota",0
"25270",460009,46,3374,42.77974444,-96.93503611,1,1,2,3,12,6,0,8,0,4,1,0,1,1,1,1,46,2,2,1,1,1,2,2,1,2,2,2,2,2,2,2,2,2,"South Dakota",0
"25271",460010,46,2589,43.40028333,-97.63841111,3,3,3,3,7,3,0,12,0,2,2,0,1,4,1,1,46,1,2,1,1,2,2,2,2,2,2,2,2,2,2,2,2,2,"South Dakota",0
"25272",460011,46,2318,43.71488056,-98.01216111,1,1,3,7,2,6,0,14,0,1,1,0,7,3,1,1,46,2,2,2,2,1,2,1,2,2,1,1,2,2,2,2,2,2,"South Dakota",1
"25273",460012,46,1971,44.25442778,-98.98373611,1,1,3,7,5,4,0,17,0,3,3,0,4,2,10,1,46,1,2,2,2,1,2,2,2,1,2,1,2,2,2,2,2,2,"South Dakota",1
"25274",460013,46,1776,44.54826389,-100.0806417,1,1,3,1,7,2,0,1,0,1,1,0,4,2,10,1,46,1,2,1,2,1,2,2,2,1,2,1,2,2,2,2,2,2,"South Dakota",1
"25275",460014,46,1704,44.67713056,-103.8159889,2,2,3,3,19,4,0,1,0,1,1,0,4,5,10,1,46,1,2,2,1,1,2,2,2,1,2,2,2,2,2,2,2,2,"South Dakota",0
"25276",460015,46,1861,44.41368333,-98.11331111,1,1,3,5,15,4,0,35,0,3,3,0,4,1,1,1,46,1,2,1,1,1,2,2,2,2,2,1,2,2,2,2,2,2,"South Dakota",1
"25277",460016,46,1056,45.73212222,-96.85124444,1,1,3,1,20,4,3,38,0,1,1,0,4,5,1,1,46,1,2,2,2,1,2,2,2,1,2,2,2,1,2,2,2,2,"South Dakota",0
"25278",460017,46,2071,44.07849167,-103.2620944,2,2,3,6,17,6,0,12,0,2,2,0,1,1,1,1,46,2,2,1,1,2,1,2,2,2,2,2,1,2,2,2,2,2,"South Dakota",0
"25279",460018,46,1085,45.66635278,-100.0481528,3,3,4,6,14,4,0,12,0,2,2,0,1,1,1,1,46,1,2,1,1,2,2,2,2,1,2,2,1,2,2,2,2,2,"South Dakota",0
"25280",460019,46,2085,44.06770833,-103.1668306,7,7,4,1,2,3,0,1,0,3,2,0,4,3,1,1,46,2,2,2,2,1,2,2,2,1,1,2,1,2,2,2,2,2,"South Dakota",0
"25281",460020,46,1257,45.41297222,-96.88236111,1,1,4,2,6,3,3,52,0,1,1,0,4,2,1,1,46,1,2,1,1,1,2,2,2,1,2,1,2,2,2,2,2,2,"South Dakota",1
"25282",460021,46,2554,43.43686111,-101.1592278,3,3,4,2,19,4,0,1,0,1,1,0,4,5,2,1,46,1,2,2,1,1,2,2,2,1,2,2,1,2,2,2,2,2,"South Dakota",0
"25283",460022,46,3356,42.79372778,-96.92918611,4,4,4,5,18,3,0,12,0,2,3,0,1,1,1,1,46,1,2,2,1,2,2,2,2,2,2,2,2,1,2,2,2,2,"South Dakota",0
"25284",460023,46,2035,44.143325,-96.759825,3,3,5,7,4,1,0,12,0,1,1,0,1,2,1,1,46,1,1,2,2,2,2,2,2,1,2,1,1,2,2,2,2,2,"South Dakota",1
"25285",460024,46,1014,45.83325556,-97.228,3,3,5,7,17,4,0,1,0,3,2,0,4,1,1,2,46,1,2,1,2,1,2,1,2,1,2,1,2,2,2,2,2,2,"South Dakota",1
"25286",460025,46,2536,43.46526111,-96.81753889,2,2,5,4,8,4,0,12,0,1,1,0,1,1,1,1,46,2,2,1,1,2,1,1,2,2,2,3,2,2,1,2,2,2,"South Dakota",0
"25287",460026,46,2786,43.17764722,-102.4265417,2,2,2,6,5,4,3,35,0,1,1,0,4,4,1,1,46,1,2,2,1,1,2,1,2,1,2,1,2,2,1,2,2,2,"South Dakota",1
"25288",460027,46,1233,45.44936389,-99.84906111,6,6,5,1,16,2,0,12,0,1,1,0,1,1,2,1,46,1,2,1,2,2,2,1,2,2,2,2,2,2,2,2,2,2,"South Dakota",0
"25289",460028,46,2207,43.86637778,-102.2275972,1,1,5,7,16,3,0,1,0,1,1,0,4,1,10,1,46,1,2,1,2,1,2,2,2,1,2,1,2,2,2,2,2,2,"South Dakota",1
"25290",460029,46,1042,45.76093056,-97.91693889,2,2,5,1,20,4,0,1,0,1,1,0,4,1,2,1,46,1,2,2,2,1,2,1,2,1,2,1,2,2,1,2,2,2,"South Dakota",1
"25291",460030,46,1748,44.58701944,-97.27751667,2,2,5,3,8,3,0,1,0,1,1,0,4,1,10,1,46,1,2,1,1,1,2,2,2,1,2,2,2,2,2,2,2,2,"South Dakota",0
"25292",460031,46,3033,43.03292222,-102.4775833,3,3,5,7,14,2,3,12,0,1,1,0,1,1,2,2,46,1,2,1,2,2,2,2,2,2,2,1,2,2,2,2,2,2,"South Dakota",1
"25293",460032,46,2883,43.11125278,-99.17835833,2,2,5,3,17,4,0,12,0,2,2,0,1,1,10,1,46,1,2,1,1,2,2,1,2,2,2,2,2,1,1,2,2,2,"South Dakota",0
"25294",460033,46,1986,44.22906667,-103.9523028,1,1,6,5,10,2,0,59,0,1,1,0,4,1,10,1,46,1,2,1,1,1,1,2,2,2,2,2,2,1,2,2,2,2,"South Dakota",0
"25295",460034,46,2332,43.69555,-98.36549444,3,3,6,3,16,1,0,12,0,1,1,0,1,1,1,1,46,1,1,1,1,2,2,2,2,1,2,3,2,1,2,2,2,2,"South Dakota",0
"25296",460035,46,2697,43.24769722,-96.98472778,1,1,4,6,3,4,0,35,0,1,1,0,4,2,1,1,46,1,2,2,1,1,2,2,2,1,2,1,2,2,1,2,2,2,"South Dakota",1
"25297",460036,46,3587,42.629875,-96.609325,2,2,4,5,17,1,0,12,0,1,1,0,1,1,1,1,46,1,1,1,1,2,1,2,2,2,2,3,2,1,2,2,1,2,"South Dakota",0
"25298",460037,46,1332,45.25994167,-97.05187222,3,3,6,3,12,1,0,2,0,1,1,0,1,1,1,1,46,1,1,1,1,1,2,2,2,2,2,3,2,2,1,2,2,2,"South Dakota",0
"25299",460038,46,2304,43.72568889,-98.08652778,5,5,6,5,11,4,0,1,0,1,1,0,4,1,1,1,46,1,2,1,1,1,2,2,2,1,2,1,2,2,1,2,2,2,"South Dakota",1
"25300",460040,46,2918,43.09042222,-96.79633889,2,2,6,6,1,1,0,12,0,1,1,0,1,2,2,1,46,1,1,2,1,2,1,2,2,2,2,2,2,2,2,2,2,2,"South Dakota",0
"25301",460041,46,1570,44.89013333,-97.12457222,2,2,6,6,14,2,0,12,0,1,1,0,1,1,1,1,46,2,2,1,1,2,1,1,2,2,2,2,2,2,2,2,2,2,"South Dakota",0
"25302",460042,46,2142,43.99943889,-97.53038611,1,1,6,7,5,4,0,1,0,1,1,0,4,2,1,1,46,1,2,2,2,1,2,2,2,1,2,1,2,2,2,2,2,2,"South Dakota",1
"25303",460043,46,2292,43.74421111,-96.78148889,6,6,7,6,16,1,0,12,0,1,1,0,1,1,1,1,46,1,1,1,1,2,2,2,2,2,2,2,2,2,2,2,1,2,"South Dakota",0
"25304",460044,46,1759,44.56811389,-103.9713361,2,2,7,7,14,4,0,1,0,1,1,0,4,1,1,1,46,1,2,1,2,1,2,2,2,1,2,1,2,2,2,2,2,2,"South Dakota",1
"25305",460045,46,2601,43.37841389,-96.88594167,2,2,7,1,14,3,0,31,0,1,1,0,4,1,1,1,46,1,2,1,2,1,2,2,2,1,2,2,2,2,2,2,2,1,"South Dakota",0
"25306",460046,46,2478,43.54332778,-97.0442,3,3,7,5,17,3,0,12,0,1,1,0,1,1,1,1,46,1,2,1,1,2,1,2,2,2,2,2,2,2,2,2,2,2,"South Dakota",0
"25307",460047,46,3286,42.86175,-97.53773056,4,4,7,1,15,3,0,12,0,1,1,0,1,1,1,2,46,1,2,1,2,2,2,2,2,2,2,2,2,2,2,2,2,2,"South Dakota",0
"25308",460048,46,2171,43.94890556,-96.50626667,6,6,7,2,7,4,0,12,0,2,2,0,1,1,1,3,46,1,2,1,1,2,2,2,2,2,2,2,2,2,2,2,2,2,"South Dakota",0
"25309",460049,46,2247,43.804325,-97.88427222,1,1,7,4,13,4,0,1,0,1,1,0,4,1,1,1,46,1,2,1,1,1,2,2,2,1,2,2,2,2,2,2,2,2,"South Dakota",0
"25310",460050,46,1799,44.51255556,-103.8699306,3,3,7,2,18,4,0,12,0,2,2,0,1,1,1,1,46,2,2,2,1,2,1,2,2,2,2,2,2,2,2,2,2,2,"South Dakota",0
"25311",460051,46,2278,43.76108056,-96.781475,1,1,7,6,16,4,0,21,1,19,1,0,4,1,1,1,46,1,2,1,1,1,2,2,2,2,2,2,2,1,2,2,2,2,"South Dakota",0
"25312",460052,46,2447,43.57611389,-101.1997222,4,4,7,1,3,3,0,1,0,1,1,0,4,2,1,1,46,1,2,2,2,1,2,2,2,1,2,1,2,2,2,2,2,2,"South Dakota",1
"25313",460053,46,2560,43.42373889,-97.99707778,4,4,7,6,13,3,0,12,0,1,1,0,1,1,1,1,46,1,2,1,1,3,1,1,2,2,2,2,2,1,2,2,2,2,"South Dakota",0
"25314",460054,46,2429,43.60100278,-97.530975,2,2,7,6,16,4,0,35,0,1,1,0,4,1,1,1,46,1,2,1,1,1,2,1,2,1,2,2,2,1,2,2,2,2,"South Dakota",1
"25315",460055,46,1169,45.53616667,-100.0690861,2,2,7,3,16,2,0,12,0,2,3,0,1,1,1,1,46,1,2,1,1,2,1,2,2,2,2,2,2,1,2,2,2,2,"South Dakota",0
"25316",460056,46,1919,44.32447778,-103.7976833,1,1,7,6,18,2,0,1,0,1,1,0,4,1,1,1,46,1,2,2,2,1,1,2,2,2,2,2,2,2,2,2,2,2,"South Dakota",0
"25317",460057,46,1911,44.33351944,-103.54705,1,1,8,7,17,4,0,1,0,1,1,0,4,1,1,1,46,1,2,1,2,1,1,1,2,2,2,2,2,1,2,2,2,2,"South Dakota",0
"25318",460058,46,2187,43.90094444,-100.9652833,7,7,8,1,11,1,0,12,0,1,1,1,1,1,1,1,46,1,1,1,2,3,1,2,2,2,2,2,2,2,2,2,1,2,"South Dakota",0
"25319",460059,46,2046,44.11837222,-102.9702806,2,2,8,1,13,1,0,24,0,1,1,0,3,1,1,1,46,1,1,1,2,1,2,2,2,2,2,2,2,1,2,2,2,1,"South Dakota",0
"25320",460060,46,2305,43.72313056,-101.9854417,6,6,8,1,16,3,0,12,0,4,1,0,1,1,1,1,46,1,2,1,2,2,1,2,2,2,2,2,2,2,2,2,2,2,"South Dakota",0
"25321",460061,46,1862,44.41332778,-103.5065222,1,1,8,2,1,6,0,38,0,1,1,0,4,2,1,1,46,2,2,2,2,1,1,2,2,2,2,1,2,2,2,2,2,2,"South Dakota",1
"25322",460062,46,1842,44.44883889,-103.596125,3,3,8,7,16,1,0,12,0,1,1,0,1,1,1,1,46,1,1,1,2,2,1,2,2,2,2,1,1,2,2,2,2,1,"South Dakota",1
"25323",460063,46,2286,43.75156667,-103.4749083,1,1,8,2,15,3,0,1,0,1,1,0,4,1,1,1,46,1,2,1,1,1,1,2,2,2,2,2,2,2,2,2,2,2,"South Dakota",0
"25324",460064,46,2163,43.96713611,-103.4855194,6,6,8,3,14,2,0,1,0,8,1,0,1,1,1,1,46,1,2,1,1,3,1,2,2,2,2,2,2,2,2,2,1,2,"South Dakota",0
"25325",460065,46,2005,44.19819444,-103.3538111,2,2,8,6,10,6,0,12,0,2,2,0,1,1,1,1,46,1,2,1,1,2,1,2,2,2,2,2,2,1,2,2,2,2,"South Dakota",0
"25326",460066,46,2417,43.60861111,-96.49377222,4,4,8,7,12,1,0,1,1,19,1,0,3,1,1,1,46,1,1,1,2,1,2,2,2,1,2,2,2,2,2,2,2,2,"South Dakota",0
"25327",460067,46,1775,44.54890278,-103.4472167,2,2,8,7,12,3,0,12,0,1,1,0,1,1,10,1,46,1,2,1,2,2,1,2,2,2,2,2,2,2,2,2,2,2,"South Dakota",0
"25328",460068,46,1886,44.377075,-103.4797194,3,3,8,7,7,1,0,12,0,1,1,0,1,1,1,1,46,1,1,1,2,2,1,2,2,2,2,3,2,2,2,2,1,2,"South Dakota",0
"25329",460069,46,2197,43.88906389,-103.4793361,1,1,8,6,20,3,0,35,0,1,1,0,4,2,1,1,46,1,2,2,2,1,1,1,2,2,2,1,2,2,2,2,2,2,"South Dakota",1
"25330",460070,46,1857,44.416475,-103.416475,1,1,8,5,10,4,0,1,0,1,1,0,1,1,1,1,46,1,2,1,1,1,1,2,2,2,2,3,2,2,2,2,2,2,"South Dakota",0
"25331",460071,46,2658,43.29647778,-103.3893417,1,1,8,7,16,4,0,1,0,1,1,0,4,1,1,1,46,1,2,1,2,1,2,2,2,1,2,1,2,2,2,2,2,2,"South Dakota",1
"25332",460072,46,2151,43.98804167,-103.6614806,2,2,8,5,20,4,0,1,0,1,1,0,1,2,1,1,46,1,2,2,1,1,1,2,2,2,2,2,2,2,2,2,2,2,"South Dakota",0
"25333",460073,46,2311,43.71936389,-102.2052639,2,2,8,2,10,3,0,12,0,1,1,0,1,1,1,1,46,1,2,1,1,2,1,2,2,2,2,2,2,2,2,2,2,2,"South Dakota",0
"25334",460074,46,2349,43.66591111,-97.71636944,7,7,8,5,16,1,0,12,0,1,1,0,1,1,1,4,46,1,1,1,1,3,2,1,2,2,2,2,2,1,2,2,1,2,"South Dakota",0
"25335",460075,46,2503,43.51482222,-96.79511944,2,2,8,1,16,6,0,12,0,2,2,0,1,1,1,1,46,2,2,1,2,2,1,2,2,2,2,2,2,2,2,2,1,2,"South Dakota",0
"25336",460076,46,2407,43.61750833,-101.5049,2,2,8,7,9,3,0,12,0,1,1,0,1,1,1,2,46,1,2,1,2,2,2,1,2,2,2,1,1,2,2,2,2,2,"South Dakota",1
"25337",460077,46,2126,44.01833611,-103.4924278,2,2,9,5,15,2,0,52,0,1,1,0,4,1,1,2,46,1,2,1,1,1,1,1,2,2,2,2,2,1,2,2,2,2,"South Dakota",0
"25338",460078,46,2279,43.76044167,-96.78149444,2,2,9,6,20,1,0,1,1,19,1,0,8,2,1,1,46,1,1,2,2,1,2,2,2,1,2,2,1,2,2,2,2,2,"South Dakota",0
"25339",460079,46,2270,43.77496389,-103.3436111,1,1,9,1,12,2,0,24,0,1,1,0,4,1,1,1,46,1,2,1,2,1,1,2,2,2,2,2,2,1,2,2,2,2,"South Dakota",0
"25340",460080,46,2333,43.69519167,-98.18151944,1,1,8,6,5,1,0,1,0,1,1,0,4,2,1,1,46,1,1,2,1,1,2,1,2,1,2,3,2,2,1,2,2,2,"South Dakota",0
"25341",460081,46,1447,45.04224722,-99.19055556,3,3,9,7,16,2,0,12,0,1,1,0,1,1,1,1,46,1,2,1,2,2,2,2,2,2,2,1,2,1,2,2,2,2,"South Dakota",1
"25342",460082,46,1928,44.31151111,-96.73315833,1,1,9,1,23,2,0,58,0,3,3,0,4,2,1,1,46,1,2,2,2,1,2,2,2,2,1,1,2,2,2,2,2,2,"South Dakota",1
"25343",460083,46,1158,45.55025556,-103.9746889,3,3,9,7,20,6,0,5,0,2,2,0,1,5,1,1,46,1,2,2,2,1,2,2,2,2,2,2,2,2,2,2,2,2,"South Dakota",0
"25344",460084,46,2319,43.71202222,-98.46315833,2,2,9,2,17,3,0,12,0,2,2,0,1,1,1,1,46,1,2,1,1,2,2,2,2,2,2,1,2,1,2,2,2,2,"South Dakota",1
"25345",460085,46,1796,44.51778889,-104.0217944,1,1,9,7,19,4,0,1,0,1,1,0,4,5,1,1,46,1,2,2,2,1,2,2,2,1,2,1,2,2,2,2,2,2,"South Dakota",1
"25346",460086,46,2224,43.84789167,-96.72760833,1,1,9,1,0,4,0,1,0,1,1,0,4,2,1,1,46,1,2,2,2,1,2,2,2,1,2,1,2,2,2,2,2,2,"South Dakota",1
"25347",460087,46,1240,45.441075,-98.75392222,4,4,9,1,15,2,0,12,0,1,1,0,1,1,1,3,46,1,2,1,2,2,2,2,2,2,2,3,2,2,1,2,2,2,"South Dakota",0
"25348",460088,46,1824,44.48249444,-103.8336778,2,2,9,4,16,1,0,31,0,1,1,0,4,1,1,1,46,2,1,1,1,1,2,1,2,2,2,2,2,2,2,2,1,2,"South Dakota",0
"25349",460089,46,1891,44.37026389,-98.12286667,2,2,10,6,17,2,0,12,0,1,1,0,1,1,1,1,46,1,2,1,1,2,1,2,2,2,2,3,2,2,2,2,2,2,"South Dakota",0
"25350",460090,46,3004,43.04652222,-102.3771611,4,4,7,5,17,2,1,12,0,2,3,0,1,1,1,1,46,1,2,1,1,2,2,2,2,2,2,2,2,2,2,2,2,2,"South Dakota",0
"25351",460091,46,2477,43.54336667,-97.71283889,2,2,10,6,14,3,0,12,0,1,1,0,1,1,10,1,46,1,2,1,1,2,2,2,2,1,2,2,2,2,2,2,2,2,"South Dakota",0
"25352",460092,46,1224,45.46438333,-98.46308611,1,1,10,1,19,6,0,42,0,1,1,0,4,2,1,1,46,2,2,2,2,1,2,2,2,2,2,1,2,2,2,2,2,2,"South Dakota",1
"25353",460093,46,1256,45.41401944,-97.87129722,6,6,10,1,0,2,0,12,0,1,1,0,1,2,1,1,46,1,2,2,2,2,2,1,2,1,2,1,2,2,2,2,2,2,"South Dakota",1
"25354",460094,46,2517,43.49185556,-96.79283889,1,1,10,1,4,1,0,12,0,1,1,0,1,2,1,1,46,2,1,2,2,2,1,2,2,2,2,2,2,2,2,2,2,2,"South Dakota",0
"25355",460095,46,2502,43.51485278,-96.77743333,2,2,10,5,17,6,0,9,0,4,1,0,1,1,10,1,46,2,2,1,1,1,2,2,2,2,2,2,2,2,2,2,2,2,"South Dakota",0
"25356",460096,46,2047,44.11753889,-103.109725,3,3,10,6,21,1,0,8,0,1,1,0,1,2,10,1,46,2,1,2,2,2,2,2,1,2,2,1,2,2,1,2,2,2,"South Dakota",1
"25357",460097,46,2090,44.063425,-102.3701861,5,5,11,1,10,1,0,1,0,1,1,0,4,1,1,1,46,1,1,1,2,1,2,2,2,1,2,2,1,2,2,2,2,2,"South Dakota",0
"25358",460098,46,2265,43.77628889,-103.4258778,2,2,11,3,18,2,0,1,0,1,1,0,4,2,1,2,46,1,2,2,1,1,2,2,2,1,2,1,2,2,1,2,2,2,"South Dakota",1
"25359",460099,46,1320,45.29647778,-97.26715833,1,1,11,4,18,4,0,1,0,3,4,0,4,2,10,1,46,1,2,2,1,1,2,1,2,1,2,1,2,2,2,2,2,2,"South Dakota",1
"25360",460100,46,2266,43.77598611,-96.78140556,1,1,11,1,18,1,0,1,0,1,1,0,4,2,1,1,46,1,1,2,2,1,2,2,2,1,2,1,2,1,2,2,2,2,"South Dakota",1
"25361",460101,46,1859,44.41424722,-98.55071667,1,1,11,7,2,4,0,1,0,1,1,0,1,2,1,1,46,1,2,2,2,1,2,1,2,1,2,1,2,2,1,2,2,2,"South Dakota",1
"25362",460102,46,1235,45.44734167,-98.81630278,3,3,11,7,14,2,0,12,0,1,1,0,1,1,1,3,46,1,2,1,2,2,2,2,2,2,2,2,2,2,2,2,2,2,"South Dakota",0
"25363",460103,46,2313,43.71803056,-102.9036056,3,3,11,1,12,3,0,1,0,1,1,0,4,1,1,1,46,1,2,1,2,1,2,2,2,1,2,2,2,2,2,2,2,1,"South Dakota",0
"25364",460104,46,1837,44.45776111,-98.54299444,2,2,11,5,1,2,0,12,0,1,1,0,1,2,10,1,46,1,2,2,1,2,2,2,2,2,2,1,2,2,2,2,1,2,"South Dakota",1
"25365",460105,46,2131,44.00978333,-98.03505833,1,1,11,6,19,3,0,31,0,1,1,0,8,2,1,1,46,1,2,2,2,1,2,2,2,1,2,2,2,2,2,2,2,2,"South Dakota",0
"25366",460106,46,3271,42.88143889,-97.23903889,5,5,11,2,5,3,0,12,0,1,1,0,1,2,3,2,46,1,2,2,2,3,2,2,2,2,2,1,2,2,1,2,2,2,"South Dakota",1
"25367",460107,46,2105,44.04527778,-103.1689639,1,1,11,4,20,2,1,8,0,1,1,0,1,2,10,1,46,2,2,2,1,1,2,2,1,2,2,3,2,1,2,2,2,2,"South Dakota",0
"25368",460108,46,1917,44.32621111,-97.03712778,4,4,12,3,6,2,0,12,0,1,1,0,1,2,10,1,46,1,2,1,1,2,2,1,2,2,2,2,2,2,1,2,2,2,"South Dakota",0
"25369",460109,46,2995,43.05380833,-97.39873333,6,6,12,6,14,2,0,12,0,1,1,0,1,1,1,3,46,1,2,1,1,2,2,2,2,1,2,2,2,1,2,2,2,1,"South Dakota",0
"25370",460110,46,1576,44.88601667,-97.05721111,3,3,12,7,7,1,0,31,1,5,1,0,4,1,1,1,46,2,1,1,2,1,2,1,2,1,2,2,2,2,2,2,2,2,"South Dakota",0
"25371",460111,46,2054,44.10056111,-103.1860028,5,5,12,6,9,1,0,1,1,19,1,0,8,1,1,1,46,2,1,1,1,1,2,2,2,1,2,2,2,2,2,2,2,2,"South Dakota",0
"25372",460112,46,2072,44.07820833,-103.2159417,1,1,11,3,9,6,0,8,0,2,2,0,1,1,1,1,46,2,2,1,1,1,2,2,1,2,2,2,2,2,2,2,2,2,"South Dakota",0
"25373",460113,46,2314,43.71682778,-98.71570278,0,0,12,4,17,1,0,8,1,20,1,0,1,2,10,1,46,1,1,1,1,1,2,2,1,2,2,2,2,2,2,2,2,2,"South Dakota",0
"25374",460114,46,1852,44.42842222,-103.5728278,1,1,12,5,9,1,0,1,0,1,1,0,3,1,11,1,46,1,1,1,1,1,2,1,2,1,2,2,2,2,2,2,2,2,"South Dakota",0
"25375",460115,46,2624,43.34600556,-102.0620306,1,1,6,7,5,4,3,1,0,1,1,0,4,4,1,1,46,1,2,2,2,1,2,2,2,1,2,2,2,2,1,2,2,2,"South Dakota",0
"25376",460116,46,2489,43.52948889,-96.62151389,1,1,12,4,15,6,0,1,0,1,1,0,4,1,1,1,46,2,2,1,1,1,2,2,2,1,2,1,2,2,2,2,2,2,"South Dakota",1
"25377",470001,47,16985,35.9848,-83.91351944,3,3,1,6,17,1,0,12,0,1,1,0,1,1,10,1,47,2,1,1,1,3,2,2,2,1,2,3,2,2,2,2,2,2,"Tennessee",0
"25378",470002,47,15822,36.47805833,-82.48558056,2,2,1,7,23,1,0,42,0,1,1,0,4,2,2,2,47,2,1,2,2,1,2,2,2,2,2,2,2,1,2,2,2,2,"Tennessee",0
"25379",470003,47,19077,35.02996111,-85.32188056,1,1,1,7,15,1,0,24,1,5,1,0,8,1,2,1,47,2,1,1,2,1,2,2,2,1,2,3,2,2,2,2,2,2,"Tennessee",0
"25380",470004,47,19128,35.00805,-85.31761944,6,6,1,6,16,3,0,12,0,1,1,0,1,1,2,1,47,2,2,1,1,2,2,2,2,2,2,3,2,1,2,2,2,2,"Tennessee",0
"25381",470005,47,16252,36.23218056,-83.06121944,2,2,1,2,7,2,0,12,0,1,1,0,1,1,1,1,47,1,2,1,1,2,2,2,2,2,2,2,2,2,2,2,2,2,"Tennessee",0
"25382",470006,47,18647,35.18953056,-84.88066111,1,1,1,3,7,3,0,8,0,2,2,0,1,3,1,1,47,2,2,1,1,1,2,2,1,2,2,2,2,1,2,2,2,2,"Tennessee",0
"25383",470007,47,17860,35.51655,-84.35963889,2,2,1,3,9,2,0,12,0,1,1,0,1,1,1,1,47,1,2,1,1,2,2,2,2,2,2,2,2,2,2,2,2,2,"Tennessee",0
"25384",470008,47,16475,36.15886667,-82.55723611,2,2,1,6,7,3,0,12,0,1,1,0,1,1,1,2,47,1,2,1,1,2,2,2,2,2,2,2,2,2,2,2,2,2,"Tennessee",0
"25385",470009,47,17991,35.4599,-86.24716944,2,2,1,7,0,4,0,1,0,1,1,0,4,2,1,2,47,1,2,2,2,1,2,1,2,1,2,1,2,2,2,2,2,2,"Tennessee",1
"25386",470010,47,15868,36.43415,-82.56541111,1,1,1,7,0,4,0,30,0,1,1,0,4,2,1,1,47,1,2,2,2,1,2,1,2,1,2,3,2,2,1,2,2,2,"Tennessee",0
"25387",470011,47,17605,35.64868056,-88.81713889,1,1,1,7,3,2,0,30,0,1,1,0,4,3,1,1,47,2,2,2,2,1,2,2,2,1,2,3,2,2,2,2,2,2,"Tennessee",0
"25388",470012,47,16217,36.24868056,-85.95733056,2,2,1,7,21,2,0,35,0,1,1,0,4,2,1,1,47,1,2,2,2,1,2,2,2,2,2,2,2,2,2,2,2,2,"Tennessee",0
"25389",470013,47,17220,35.86655,-83.95965278,5,5,1,5,12,2,0,12,0,2,3,0,1,1,1,2,47,2,2,1,1,3,2,2,2,2,2,3,2,2,2,2,2,2,"Tennessee",0
"25390",470014,47,17376,35.78256111,-89.14346944,3,3,1,3,16,2,0,12,0,2,2,0,1,1,1,1,47,1,2,1,1,2,2,2,2,1,2,1,2,1,2,2,2,2,"Tennessee",1
"25391",470015,47,19058,35.03919444,-89.80029167,1,1,1,2,22,3,0,8,1,5,1,0,1,2,1,1,47,2,2,2,1,1,2,2,1,2,2,3,2,2,2,2,2,2,"Tennessee",0
"25392",470016,47,17843,35.52556111,-86.13976111,1,1,1,1,13,1,0,42,0,1,1,0,4,1,1,1,47,1,1,1,2,1,2,2,2,2,2,3,1,2,2,2,1,2,"Tennessee",0
"25393",470017,47,16952,35.99683056,-84.03233889,3,3,1,5,1,4,0,12,0,1,1,0,1,2,1,1,47,2,2,2,1,2,2,1,2,1,2,1,2,2,1,2,2,2,"Tennessee",1
"25394",470018,47,16992,35.9794,-83.97243889,1,1,1,7,4,6,0,42,0,1,1,0,4,3,10,1,47,2,2,2,2,1,2,2,2,2,2,1,2,2,2,2,2,2,"Tennessee",1
"25395",470019,47,17623,35.63661111,-86.42813889,2,2,1,2,18,2,0,12,0,1,1,0,1,2,2,1,47,1,2,2,1,2,2,2,2,2,2,1,2,2,2,2,2,2,"Tennessee",1
"25396",470020,47,17155,35.90003889,-83.81833056,3,3,1,4,18,2,0,8,0,1,1,0,1,2,1,1,47,2,2,2,1,2,2,2,1,2,2,3,2,2,2,2,2,2,"Tennessee",0
"25397",470021,47,16085,36.31348889,-83.318,2,2,1,1,16,3,0,8,0,1,1,0,1,1,1,1,47,1,2,1,2,1,2,2,1,2,2,2,2,2,2,2,2,2,"Tennessee",0
"25398",470022,47,16754,36.07271944,-83.74266944,2,2,1,6,17,4,0,12,0,1,1,0,1,1,1,1,47,2,2,1,1,2,2,2,2,2,2,2,2,1,2,2,2,2,"Tennessee",0
"25399",470023,47,16407,36.17573056,-86.75781111,4,4,1,7,17,6,0,8,0,1,1,0,1,3,2,1,47,2,2,1,2,1,2,2,1,2,2,3,2,2,2,2,2,2,"Tennessee",0
"25400",470024,47,16713,36.08663889,-87.81373889,2,2,1,6,99,6,0,23,0,1,1,0,4,2,1,1,47,2,2,3,3,1,2,2,2,1,2,1,2,2,2,2,2,2,"Tennessee",1