"","ST_CASE","OBJECT_ID","FID","LATITUDE","LONGITUD","PERMVIT","PERSONS","MONTH","DAY_WEEK","HOUR","ROUTE","SP_JUR","HARM_EV","RELJCT1","RELJCT2","TYP_INT","WRK_ZONE","REL_ROAD","LGT_COND","WEATHER","FATALS","STATE","A_RU","A_INTER","A_TOD","A_DOW","A_CT","A_MC","A_SPCRA","A_PED","A_ROLL","A_POLPUR","A_POSBAC","A_D15_20","A_D65PLS","A_D21_24","A_HR","A_DIST","A_DROWSY","STATE_NAME","drunkDr"
"25401",470025,47,19051,35.04063056,-85.67791944,5,5,1,1,23,1,0,12,0,1,1,0,1,2,1,1,47,1,1,2,2,3,2,2,2,1,2,3,2,2,1,2,2,2,"Tennessee",0
"25402",470026,47,15750,36.52060278,-87.36325833,3,3,1,3,22,2,0,12,0,1,1,0,1,3,10,1,47,2,2,2,1,2,2,2,2,2,2,1,2,1,1,2,1,2,"Tennessee",1
"25403",470027,47,16386,36.18105,-82.02241944,2,2,1,7,10,2,0,12,0,1,1,0,1,1,4,1,47,1,2,1,2,2,2,2,2,2,2,3,2,2,2,2,2,2,"Tennessee",0
"25404",470028,47,17309,35.82088889,-83.1291,3,3,1,4,0,4,0,42,0,1,1,0,4,2,1,1,47,1,2,2,1,1,2,2,2,2,2,1,2,2,1,2,1,2,"Tennessee",1
"25405",470029,47,16364,36.18961944,-86.32655,2,2,1,6,22,6,0,12,0,1,1,0,1,2,1,1,47,2,2,2,2,2,2,2,2,2,2,1,2,2,2,2,2,2,"Tennessee",1
"25406",470030,47,16147,36.28533889,-83.70963056,1,1,1,7,21,4,0,38,0,1,1,0,4,2,1,1,47,1,2,2,2,1,2,1,2,1,2,1,2,2,2,2,1,2,"Tennessee",1
"25407",470031,47,15732,36.53783889,-84.46851111,3,3,1,7,1,2,0,42,0,1,1,0,4,2,3,1,47,1,2,2,2,1,2,2,2,1,2,2,2,2,2,2,2,2,"Tennessee",0
"25408",470032,47,17047,35.95425,-83.10561111,4,4,1,6,16,2,0,12,0,2,3,0,1,1,10,1,47,1,2,1,1,2,2,2,2,2,2,2,2,1,2,2,2,2,"Tennessee",0
"25409",470033,47,15771,36.51181944,-84.55731111,1,1,1,2,4,4,0,38,0,1,1,0,5,3,1,1,47,1,2,2,2,1,2,2,2,1,2,3,2,2,2,2,2,2,"Tennessee",0
"25410",470034,47,16813,36.05686111,-84.44143889,2,2,1,2,6,3,0,12,0,1,1,0,1,2,2,1,47,1,2,1,1,2,1,2,2,2,2,2,1,1,2,2,2,2,"Tennessee",0
"25411",470035,47,16620,36.1153,-83.79966111,1,1,1,2,18,4,0,30,0,1,1,0,4,2,1,1,47,1,2,2,1,1,2,2,2,1,2,3,2,1,2,2,2,2,"Tennessee",0
"25412",470036,47,18571,35.21154167,-89.92201944,2,2,1,7,15,6,0,33,0,1,1,0,4,1,1,2,47,2,2,1,2,1,2,1,1,1,2,3,2,2,2,2,1,2,"Tennessee",0
"25413",470037,47,17399,35.76938889,-87.02258889,1,1,1,6,1,4,0,42,0,1,1,0,4,2,2,1,47,1,2,2,1,1,2,2,2,2,2,1,2,2,1,2,1,2,"Tennessee",1
"25414",470038,47,16510,36.14783889,-82.70833889,2,2,1,2,22,3,0,35,0,1,1,0,4,2,10,1,47,1,2,2,1,1,2,2,2,1,1,1,2,2,1,2,2,2,"Tennessee",1
"25415",470039,47,17503,35.71161944,-84.86511111,1,1,1,6,6,3,0,24,0,1,1,0,4,2,2,1,47,1,2,1,1,1,2,2,2,1,2,2,2,1,2,2,2,2,"Tennessee",0
"25416",470040,47,15843,36.45796944,-82.9462,1,1,1,5,7,2,0,14,0,1,1,0,2,1,10,1,47,1,2,1,1,1,2,1,2,2,2,3,1,2,2,2,2,2,"Tennessee",0
"25417",470041,47,15677,36.57838056,-84.11201944,3,3,1,4,10,1,0,12,1,18,1,0,1,1,1,1,47,1,1,1,1,2,2,2,2,2,2,2,2,1,2,2,2,2,"Tennessee",0
"25418",470043,47,16191,36.26129167,-84.18621111,3,3,1,6,15,3,0,42,0,1,1,0,4,1,2,2,47,1,2,1,1,1,2,1,2,2,2,2,2,2,2,2,2,2,"Tennessee",0
"25419",470044,47,16056,36.32535,-84.21146944,2,2,1,5,18,6,0,12,0,1,1,0,1,2,1,1,47,1,2,2,1,2,2,1,2,2,2,2,2,2,1,2,2,2,"Tennessee",1
"25420",470045,47,15746,36.52531111,-86.4742,1,1,1,1,16,4,0,35,0,1,1,0,4,1,1,1,47,1,2,1,2,1,2,2,2,1,2,1,2,2,2,2,2,2,"Tennessee",1
"25421",470047,47,15909,36.40701944,-81.76136111,2,2,1,5,7,2,0,12,0,1,1,0,1,4,1,1,47,1,2,1,1,2,2,2,2,2,2,2,2,2,2,2,2,2,"Tennessee",1
"25422",470049,47,16052,36.32608056,-86.70597222,1,3,2,1,1,1,0,8,0,1,1,0,1,2,10,2,47,2,1,2,2,1,2,2,1,2,2,1,2,2,2,2,2,2,"Tennessee",1
"25423",470051,47,17631,35.63168889,-85.83898056,3,3,2,1,23,4,0,12,0,2,3,0,1,2,2,1,47,2,2,2,2,2,2,2,2,2,2,3,2,2,1,2,2,2,"Tennessee",1
"25424",470052,47,15764,36.51736389,-87.2337,2,2,2,2,22,6,0,34,0,1,1,0,4,2,1,1,47,2,2,2,1,1,2,2,2,1,2,1,2,2,2,2,2,2,"Tennessee",1
"25425",470053,47,18670,35.1808,-86.11813889,2,2,2,5,18,2,0,31,0,3,3,0,4,3,1,1,47,2,2,2,1,1,2,2,2,2,2,2,2,2,2,2,2,2,"Tennessee",0
"25426",470054,47,16498,36.15136111,-86.76983889,3,3,1,2,20,2,0,8,0,1,1,0,1,2,1,1,47,2,2,2,1,1,2,2,1,2,2,3,2,2,2,2,2,2,"Tennessee",0
"25427",470055,47,15784,36.50330833,-87.32319722,2,2,1,4,12,2,0,12,0,1,1,0,1,1,1,1,47,2,2,1,1,2,2,2,2,1,2,2,1,2,2,2,1,2,"Tennessee",0
"25428",470056,47,17526,35.69685,-84.37948056,5,5,2,5,6,2,0,12,0,1,1,0,1,2,1,1,47,1,2,1,1,2,2,2,2,2,2,1,2,2,2,2,2,2,"Tennessee",1
"25429",470057,47,16019,36.344,-82.3768,1,1,2,6,9,2,0,8,0,2,2,0,1,1,1,1,47,2,2,1,1,1,2,2,1,2,2,2,2,2,1,2,2,2,"Tennessee",0
"25430",470058,47,17825,35.53606944,-87.52238889,5,5,1,6,12,3,0,12,0,8,1,0,1,1,1,1,47,1,2,1,1,2,2,2,2,2,2,3,2,1,2,2,2,2,"Tennessee",0
"25431",470059,47,17420,35.75693056,-83.90801111,2,2,2,1,12,2,0,12,0,3,2,0,1,1,10,1,47,2,2,1,2,2,1,2,2,1,2,2,2,2,2,2,2,2,"Tennessee",0
"25432",470060,47,19025,35.05470556,-90.00744444,1,1,1,6,20,6,0,8,0,1,1,0,1,3,2,1,47,2,2,2,2,1,2,2,1,2,2,3,2,2,2,1,2,2,"Tennessee",0
"25433",470062,47,17333,35.80733056,-83.92611111,4,4,2,6,13,6,0,12,0,1,1,0,1,1,1,1,47,2,2,1,1,2,2,2,2,2,2,3,2,2,2,2,2,2,"Tennessee",0
"25434",470063,47,15765,36.516875,-87.25038889,2,2,2,7,9,3,0,12,0,2,2,0,1,1,1,1,47,2,2,1,2,2,2,2,2,2,2,3,2,1,2,2,2,2,"Tennessee",0
"25435",470064,47,17635,35.62973889,-87.09696111,5,5,2,5,14,2,0,12,0,1,1,0,1,1,1,1,47,1,2,1,1,3,2,2,2,1,2,2,2,2,2,2,2,2,"Tennessee",0
"25436",470065,47,16321,36.20463056,-86.79775,2,2,1,5,4,6,0,30,0,1,1,0,4,3,1,1,47,2,2,2,1,1,2,2,2,1,2,1,2,2,2,2,2,2,"Tennessee",1
"25437",470066,47,16225,36.24651111,-86.74438889,3,3,1,7,23,1,0,12,0,1,1,0,1,3,1,1,47,2,1,2,2,2,2,2,2,1,2,1,2,2,2,2,2,2,"Tennessee",1
"25438",470067,47,18959,35.08005,-86.4749,1,1,1,4,99,4,0,42,0,1,1,0,4,2,1,1,47,1,2,3,1,1,2,2,2,2,2,1,2,2,2,2,2,2,"Tennessee",1
"25439",470068,47,16398,36.17745,-85.93828056,6,6,2,6,6,1,0,12,0,1,1,0,2,2,1,2,47,1,1,1,1,3,2,2,2,2,2,3,2,2,2,2,2,2,"Tennessee",0
"25440",470069,47,17262,35.84735,-87.39888889,4,4,2,2,11,3,0,12,0,2,3,0,1,1,1,1,47,1,2,1,1,2,2,1,2,2,2,2,2,2,1,2,2,2,"Tennessee",0
"25441",470070,47,17847,35.52406944,-84.46573889,3,3,2,1,20,3,0,42,0,1,1,0,4,2,2,1,47,1,2,2,2,1,2,2,2,2,2,2,2,2,2,2,2,2,"Tennessee",1
"25442",470071,47,17019,35.96798889,-84.48316111,3,3,2,6,12,3,0,12,0,2,2,0,1,1,10,1,47,2,2,1,1,2,2,2,2,1,2,2,2,1,2,2,2,2,"Tennessee",0
"25443",470072,47,17064,35.94565,-83.63161944,4,4,2,6,9,4,0,35,0,1,1,0,4,1,1,3,47,1,2,1,1,1,2,1,2,1,2,2,1,2,2,2,2,2,"Tennessee",0
"25444",470073,47,16905,36.02406944,-86.97471111,1,1,1,1,13,8,1,1,0,1,1,0,4,1,1,1,47,1,2,1,2,1,1,1,2,2,2,2,2,2,2,2,2,2,"Tennessee",0
"25445",470074,47,16178,36.27026111,-85.96218889,3,3,2,7,8,6,0,12,0,1,1,0,1,1,1,1,47,1,2,1,2,2,2,2,2,2,2,2,2,2,2,2,2,2,"Tennessee",0
"25446",470075,47,17048,35.95350833,-87.21379722,1,1,2,2,0,3,0,1,0,1,1,0,4,2,1,1,47,1,2,2,2,1,2,2,2,1,2,2,2,2,2,2,2,2,"Tennessee",0
"25447",470076,47,16984,35.98523889,-86.494,3,3,2,3,22,3,0,12,0,1,1,0,1,3,1,1,47,2,2,2,1,2,2,2,2,2,2,3,2,2,2,2,1,2,"Tennessee",0
"25448",470077,47,16738,36.08036111,-88.86461111,1,1,2,5,18,4,0,32,0,1,1,0,4,2,1,1,47,1,2,2,1,1,2,2,2,1,2,3,2,2,2,2,2,2,"Tennessee",0
"25449",470078,47,19105,35.01856111,-88.5785,1,1,2,7,9,4,0,42,0,1,1,0,4,1,1,1,47,1,2,1,2,1,2,2,2,2,2,2,2,2,2,2,2,2,"Tennessee",0
"25450",470079,47,16529,36.14401111,-86.74793889,2,2,2,5,18,2,0,8,0,1,1,0,1,3,1,1,47,2,2,2,1,1,2,2,1,2,2,3,2,2,2,2,2,2,"Tennessee",0
"25451",470080,47,18173,35.37401944,-85.33221944,2,2,2,6,17,3,0,12,0,1,1,0,1,5,1,1,47,1,2,1,1,2,1,1,2,2,2,1,2,2,2,2,2,2,"Tennessee",1
"25452",470081,47,15770,36.51353056,-82.20228056,2,2,1,4,20,3,0,12,0,1,1,0,1,2,1,1,47,2,2,2,1,2,2,2,1,2,2,3,2,2,2,2,2,2,"Tennessee",0
"25453",470083,47,16171,36.27383056,-85.38616111,2,2,2,3,9,3,0,12,0,2,3,0,1,1,10,1,47,1,2,1,1,2,2,2,2,1,2,2,1,1,2,2,1,2,"Tennessee",0
"25454",470084,47,17850,35.52258056,-86.43865,5,5,2,5,9,3,0,12,0,2,2,0,1,1,10,2,47,2,2,1,1,2,2,2,2,2,2,2,2,1,2,2,2,2,"Tennessee",0
"25455",470085,47,17195,35.87663889,-84.56803889,6,6,2,7,13,2,0,12,0,1,1,0,1,1,1,1,47,2,2,1,2,2,2,2,2,2,2,2,2,2,2,2,2,2,"Tennessee",0
"25456",470086,47,18926,35.08813056,-89.93113333,2,2,2,7,17,6,0,8,0,1,1,0,1,3,1,1,47,2,2,1,2,1,2,2,1,2,2,3,2,1,2,2,2,2,"Tennessee",0
"25457",470087,47,17310,35.8203,-86.0402,2,2,2,1,11,2,0,12,0,1,1,0,1,1,10,2,47,1,2,1,2,2,2,2,2,2,2,3,1,1,2,2,2,2,"Tennessee",0
"25458",470088,47,16150,36.28388889,-86.3917,2,2,2,7,14,4,0,59,0,3,4,0,4,1,1,1,47,1,2,1,2,1,2,1,2,2,2,1,2,2,2,2,2,2,"Tennessee",1
"25459",470089,47,17994,35.4593,-86.49793056,3,3,2,6,7,3,0,12,0,1,1,0,1,1,1,1,47,1,2,1,1,2,2,2,2,2,2,2,2,2,2,2,2,2,"Tennessee",1
"25460",470090,47,17726,35.58231111,-84.0962,1,1,2,1,14,2,0,1,0,1,1,0,4,1,1,1,47,1,2,1,2,1,2,2,2,1,2,3,2,2,2,2,2,2,"Tennessee",0
"25461",470091,47,15716,36.55388056,-87.83493889,1,1,2,1,22,4,0,35,0,1,1,0,4,2,1,1,47,1,2,2,2,1,2,1,2,1,2,1,2,2,2,2,2,2,"Tennessee",1
"25462",470092,47,16125,36.29438889,-85.43248889,1,1,2,3,15,4,0,35,0,1,1,0,4,1,1,1,47,1,2,1,1,1,2,2,2,1,2,2,2,2,2,2,2,2,"Tennessee",0
"25463",470093,47,17387,35.77676111,-88.83333056,1,1,1,5,23,3,0,35,0,1,1,0,4,2,1,1,47,1,2,2,1,1,2,2,2,1,2,3,2,2,2,2,2,2,"Tennessee",1
"25464",470094,47,17362,35.79053889,-88.73735,1,1,2,7,99,4,0,42,0,1,1,0,4,2,1,1,47,1,2,3,2,1,2,2,2,2,2,1,1,2,2,2,2,2,"Tennessee",1
"25465",470095,47,16816,36.05531111,-83.70003056,3,3,2,2,11,2,0,12,0,1,1,0,1,1,3,1,47,1,2,1,1,2,2,2,2,2,2,3,2,2,2,2,2,2,"Tennessee",0
"25466",470096,47,19021,35.05616111,-89.93293056,1,1,2,3,22,3,0,9,1,18,1,0,1,2,1,1,47,2,2,2,1,1,2,2,2,2,2,3,2,2,2,1,2,2,"Tennessee",0
"25467",470097,47,19097,35.02058889,-89.73303056,2,2,2,7,99,6,0,42,0,1,1,0,4,2,1,2,47,2,2,3,2,1,2,1,2,2,2,1,1,2,2,2,2,2,"Tennessee",1
"25468",470098,47,16526,36.14421111,-86.6994,2,2,1,2,15,1,0,12,1,5,1,0,1,1,1,1,47,2,1,1,1,2,1,2,2,2,2,3,2,2,2,2,2,2,"Tennessee",0
"25469",470099,47,16782,36.06516111,-86.62698889,1,1,1,6,3,6,0,32,0,1,1,0,4,2,1,1,47,2,2,2,1,1,2,1,2,1,2,1,2,2,1,2,2,2,"Tennessee",1
"25470",470100,47,16006,36.34958056,-84.15835,1,1,1,3,16,2,0,30,0,1,1,0,4,1,1,1,47,2,2,1,1,1,2,2,2,2,2,3,2,2,2,2,2,2,"Tennessee",0
"25471",470101,47,16389,36.18025,-86.44161111,3,3,2,6,20,1,0,12,0,1,1,0,1,2,1,1,47,2,1,2,2,2,2,2,2,1,2,3,2,2,2,1,2,2,"Tennessee",0
"25472",470102,47,17087,35.93621111,-83.8975,2,2,3,3,3,6,0,42,0,1,1,0,4,3,10,1,47,2,2,2,1,1,2,2,2,2,2,1,2,2,2,2,2,2,"Tennessee",1
"25473",470103,47,17158,35.89831111,-86.82826944,2,2,2,2,21,1,0,25,0,1,1,0,4,2,1,2,47,2,1,2,1,3,2,2,1,1,2,2,2,2,2,2,2,2,"Tennessee",0
"25474",470104,47,16410,36.17513056,-86.78426111,8,8,1,5,11,6,0,12,0,3,2,0,1,1,1,2,47,2,2,1,1,3,2,1,2,2,2,3,2,2,1,2,2,2,"Tennessee",0
"25475",470106,47,19057,35.03941944,-87.5216,1,1,2,5,0,3,0,8,0,1,1,0,1,2,4,1,47,1,2,2,1,1,2,2,1,2,2,2,2,2,2,2,2,2,"Tennessee",0
"25476",470107,47,18171,35.37503889,-85.97386944,3,3,2,5,9,1,0,12,0,1,1,0,1,1,1,1,47,1,1,1,1,2,2,2,2,2,2,3,2,2,2,2,1,2,"Tennessee",0
"25477",470108,47,17105,35.92471111,-84.91311111,3,3,2,7,3,1,0,24,0,1,1,0,3,2,1,1,47,1,1,2,2,2,2,2,2,2,2,1,2,2,2,2,2,2,"Tennessee",1
"25478",470109,47,17191,35.8775,-86.38473889,5,5,3,2,11,2,0,12,0,1,1,0,1,1,1,1,47,2,2,1,1,3,2,2,2,2,2,3,2,1,2,2,1,1,"Tennessee",0
"25479",470110,47,19022,35.05571667,-89.93101667,3,3,2,7,20,2,0,8,0,1,1,0,1,3,1,1,47,2,2,2,2,1,2,2,1,2,2,3,2,2,2,2,2,2,"Tennessee",0
"25480",470112,47,19118,35.01246111,-85.388,1,1,3,3,99,2,0,8,0,1,1,0,2,2,2,1,47,2,2,3,1,1,2,2,1,2,2,2,2,2,2,2,2,2,"Tennessee",0
"25481",470113,47,18724,35.16176944,-85.19195,3,3,3,5,6,3,0,12,0,1,1,0,1,3,2,2,47,2,2,1,1,3,2,2,2,2,2,3,2,2,2,2,2,2,"Tennessee",0
"25482",470114,47,18599,35.20455,-85.14085,3,3,3,6,7,3,0,12,0,1,1,0,1,1,10,1,47,2,2,1,1,2,2,2,2,2,2,3,2,2,2,2,2,2,"Tennessee",0
"25483",470115,47,17229,35.86188056,-86.58006111,1,1,3,6,99,3,0,32,0,1,1,0,4,2,1,1,47,1,2,3,3,1,2,2,2,2,2,1,2,2,2,2,2,2,"Tennessee",1
"25484",470116,47,17314,35.81946111,-83.14503889,1,1,3,7,20,1,0,8,0,1,1,0,1,2,1,1,47,1,1,2,2,1,2,2,1,2,2,3,2,2,2,2,2,2,"Tennessee",0
"25485",470117,47,15672,36.58241667,-82.16895,6,6,1,6,14,2,0,12,0,1,1,0,1,1,2,1,47,2,2,1,1,3,2,2,2,2,2,3,2,2,2,1,2,2,"Tennessee",0
"25486",470118,47,16953,35.99673889,-86.59916944,2,2,2,1,2,1,0,35,0,1,1,0,4,2,1,1,47,2,1,2,2,1,2,1,2,1,2,2,1,2,2,2,2,2,"Tennessee",0
"25487",470119,47,16909,36.0212,-86.73736111,8,8,2,7,15,6,0,12,0,2,3,0,1,1,10,1,47,2,2,1,2,2,2,2,2,2,2,3,2,2,1,2,2,2,"Tennessee",0
"25488",470120,47,17712,35.58903056,-89.08061111,2,2,2,6,13,1,0,1,0,1,1,0,4,8,3,1,47,1,1,1,1,1,2,1,2,1,2,2,2,2,2,2,2,2,"Tennessee",0
"25489",470121,47,16158,36.2809,-86.2751,2,2,3,1,21,2,0,24,0,1,1,0,4,2,2,1,47,1,2,2,2,1,2,1,2,1,2,1,2,2,2,2,2,2,"Tennessee",1
"25490",470122,47,17125,35.91568056,-84.18700278,4,4,2,7,17,4,0,12,0,1,1,0,1,5,10,1,47,2,2,1,2,2,2,1,2,2,2,1,2,2,2,2,2,2,"Tennessee",1
"25491",470123,47,16123,36.29526944,-86.62126111,3,3,3,2,13,6,0,12,0,1,1,0,1,1,1,1,47,2,2,1,1,2,2,2,2,2,2,2,2,1,2,2,2,2,"Tennessee",0
"25492",470125,47,18777,35.14611944,-89.963375,2,2,3,2,20,6,0,9,0,1,1,0,1,3,2,1,47,2,2,2,1,1,2,2,2,2,2,3,2,2,2,2,2,2,"Tennessee",0
"25493",470126,47,16436,36.16946944,-85.4377,1,1,3,1,19,4,0,42,0,1,1,0,4,2,1,1,47,2,2,2,2,1,2,2,2,2,2,1,2,2,2,2,2,2,"Tennessee",1
"25494",470127,47,18991,35.06915,-89.93213889,5,5,1,3,22,3,0,12,0,2,2,0,1,3,1,1,47,2,2,2,1,2,2,1,2,2,2,1,2,2,2,1,2,2,"Tennessee",1
"25495",470128,47,15869,36.43376111,-84.29323889,4,4,3,5,10,1,0,57,0,1,1,0,3,1,4,1,47,1,1,1,1,2,2,2,2,1,2,3,2,1,2,2,2,2,"Tennessee",0
"25496",470129,47,17101,35.9287,-84.04301944,1,1,2,2,5,1,0,34,0,1,1,0,4,3,10,1,47,2,1,2,2,1,2,2,2,2,2,3,2,2,1,2,2,2,"Tennessee",1
"25497",470130,47,18525,35.2276,-86.4198,2,2,3,6,9,3,0,12,0,1,1,0,1,1,1,1,47,1,2,1,1,2,2,2,2,2,2,2,2,2,1,2,2,2,"Tennessee",0
"25498",470131,47,16091,36.31226944,-86.43973889,3,3,3,4,15,3,0,12,0,1,1,0,1,1,2,1,47,1,2,1,1,3,2,1,2,2,2,3,2,2,2,2,2,2,"Tennessee",0
"25499",470132,47,18644,35.19014167,-89.95991389,1,1,3,4,4,1,0,59,0,1,1,0,8,3,1,1,47,2,1,2,1,1,2,2,2,2,2,3,2,2,1,2,2,2,"Tennessee",0
"25500",470133,47,16409,36.17529722,-82.52854722,1,1,3,6,10,3,0,42,0,1,1,0,4,1,2,1,47,1,2,1,1,1,2,2,2,2,2,2,2,1,2,2,2,2,"Tennessee",0
"25501",470134,47,18375,35.28318889,-85.5489,2,2,3,6,6,3,0,12,0,4,1,0,1,1,4,1,47,1,2,1,1,2,2,2,2,2,2,2,2,1,1,2,2,2,"Tennessee",0
"25502",470135,47,16199,36.25791111,-88.1974,1,1,3,1,12,2,0,42,0,1,1,0,4,1,2,1,47,1,2,1,2,1,2,1,2,1,2,1,2,2,2,2,2,2,"Tennessee",1
"25503",470136,47,16645,36.10571111,-87.2729,4,4,3,5,0,2,0,34,0,1,1,0,4,2,4,1,47,1,2,2,1,1,2,2,2,1,2,2,2,1,2,2,2,2,"Tennessee",0
"25504",470137,47,18979,35.07350556,-90.05803056,1,1,3,2,22,2,0,8,0,1,1,0,1,3,1,1,47,2,2,2,1,1,2,2,1,2,2,3,2,2,2,2,2,2,"Tennessee",0
"25505",470139,47,16643,36.10601944,-87.27161944,1,1,3,6,3,2,0,42,0,1,1,0,4,2,2,1,47,1,2,2,1,1,2,2,2,2,2,1,2,2,1,2,2,2,"Tennessee",1
"25506",470140,47,15735,36.53705,-87.18906944,2,2,3,1,18,3,0,1,0,1,1,0,1,5,1,1,47,1,2,2,2,2,1,1,2,2,2,2,2,2,2,2,2,2,"Tennessee",0
"25507",470141,47,15993,36.35743889,-88.82456944,1,1,3,1,3,6,0,53,0,1,1,0,4,2,10,1,47,2,2,2,2,1,2,2,2,1,2,1,2,2,1,2,2,2,"Tennessee",1
"25508",470142,47,17696,35.59391111,-89.3124,2,2,3,3,11,3,0,12,0,1,1,0,1,1,1,2,47,1,2,1,1,2,2,2,2,1,2,2,2,2,2,2,2,2,"Tennessee",0
"25509",470143,47,16043,36.33108056,-88.19068889,1,1,2,5,13,4,0,35,0,1,1,0,4,1,1,1,47,1,2,1,1,1,2,2,2,2,2,3,2,2,2,2,2,2,"Tennessee",0
"25510",470144,47,16001,36.35403056,-88.03153889,2,2,2,6,11,4,0,34,0,1,1,0,4,1,4,1,47,1,2,1,1,1,2,2,2,1,2,2,2,1,2,2,2,2,"Tennessee",0
"25511",470145,47,18217,35.356,-86.02611944,1,1,3,2,0,4,0,42,0,1,1,0,4,2,2,1,47,1,2,2,2,1,2,2,2,2,2,3,2,2,2,2,2,2,"Tennessee",0
"25512",470146,47,16214,36.24998889,-88.7532,1,1,3,2,6,4,0,39,0,1,1,0,4,4,1,1,47,1,2,1,1,1,2,2,2,1,2,3,1,2,2,2,2,2,"Tennessee",0
"25513",470147,47,15766,36.51625833,-87.25744444,3,3,3,2,14,3,0,12,0,1,1,0,1,1,1,1,47,2,2,1,1,2,1,2,2,2,2,2,2,1,2,2,2,2,"Tennessee",1
"25514",470148,47,16482,36.1572,-84.07251111,2,2,3,4,7,4,0,30,0,1,1,0,4,4,2,1,47,1,2,1,1,1,2,2,2,2,2,2,2,1,2,2,2,2,"Tennessee",0
"25515",470149,47,15754,36.5196,-84.21188056,3,3,3,4,23,3,0,12,0,2,3,0,1,2,5,1,47,1,2,2,1,2,2,2,2,2,2,1,2,2,2,2,2,2,"Tennessee",1
"25516",470150,47,15967,36.37581111,-81.93823056,2,2,3,7,20,3,0,35,0,3,3,0,4,2,2,1,47,1,2,2,2,1,2,2,2,1,2,2,2,2,2,2,2,2,"Tennessee",0
"25517",470151,47,16534,36.14257778,-83.32261667,3,3,3,7,16,4,0,12,0,1,1,0,1,1,1,1,47,1,2,1,2,2,1,1,2,2,2,2,2,2,2,2,2,2,"Tennessee",1
"25518",470152,47,18765,35.14893889,-87.15778056,1,1,3,7,20,4,0,31,0,1,1,0,4,2,1,1,47,1,2,2,2,1,2,2,2,1,2,1,2,2,2,2,2,2,"Tennessee",1
"25519",470153,47,16935,36.0089,-87.22663056,1,1,3,7,6,3,0,42,0,1,1,0,4,9,1,1,47,1,2,1,2,1,2,2,2,2,2,2,2,2,1,2,1,2,"Tennessee",0
"25520",470154,47,19045,35.04375,-85.14811944,2,2,3,6,22,6,0,15,0,3,3,0,1,2,1,1,47,2,2,2,2,1,2,2,2,2,2,3,2,1,2,2,2,2,"Tennessee",0
"25521",470155,47,15927,36.39588889,-83.57206944,1,1,3,7,20,4,0,42,0,1,1,0,4,2,1,1,47,1,2,2,2,1,2,1,2,2,2,1,2,2,2,2,2,2,"Tennessee",1
"25522",470156,47,17141,35.90713889,-89.46995,3,3,3,2,7,3,0,12,0,1,1,0,1,1,1,1,47,1,2,1,1,2,2,2,2,2,2,2,2,2,2,2,2,2,"Tennessee",0
"25523",470157,47,15891,36.41905833,-82.99447222,2,2,3,2,11,2,0,12,0,2,2,0,1,1,1,1,47,1,2,1,1,2,2,2,2,2,2,3,2,1,1,2,2,2,"Tennessee",0
"25524",470158,47,15944,36.3874,-82.13873889,2,2,3,2,16,3,0,1,0,1,1,0,1,1,1,1,47,2,2,1,1,2,1,2,2,2,2,1,1,2,2,2,2,2,"Tennessee",1
"25525",470159,47,17936,35.47883056,-84.63543889,4,4,3,7,4,1,0,12,0,1,1,0,1,2,1,1,47,2,1,2,2,2,2,2,2,2,2,3,2,2,2,2,2,2,"Tennessee",0
"25526",470160,47,17075,35.94088056,-86.48138889,1,1,3,5,0,6,0,42,0,1,1,0,4,2,10,1,47,2,2,2,1,1,2,2,2,1,2,1,2,2,2,2,2,2,"Tennessee",1
"25527",470161,47,17598,35.64988889,-84.75528889,1,1,3,5,11,4,0,32,0,1,1,0,4,1,10,1,47,1,2,1,1,1,2,2,2,2,2,2,2,1,2,2,2,2,"Tennessee",0
"25528",470162,47,15945,36.38632778,-84.10081389,1,1,3,1,20,6,0,42,0,1,1,0,4,5,1,1,47,2,2,2,2,1,2,2,2,2,2,3,2,2,2,2,2,2,"Tennessee",0
"25529",470163,47,17521,35.69935556,-85.79483611,1,1,3,2,21,2,0,8,0,2,2,0,1,2,1,1,47,2,2,2,1,1,2,2,1,2,2,3,2,2,2,2,2,2,"Tennessee",0
"25530",470164,47,19120,35.01158889,-85.21423056,1,1,3,3,15,2,0,31,0,1,1,0,4,1,1,1,47,2,2,1,1,1,2,2,2,2,2,3,2,1,2,2,2,2,"Tennessee",0
"25531",470165,47,15845,36.45691944,-83.04171944,1,1,3,7,20,3,0,42,0,1,1,0,4,2,1,1,47,1,2,2,2,1,2,2,2,1,2,2,2,1,2,2,2,2,"Tennessee",0
"25532",470166,47,17826,35.536,-88.66013056,1,1,3,3,22,3,0,53,0,1,1,0,4,2,1,1,47,1,2,2,1,1,2,2,2,2,2,1,2,2,2,2,2,2,"Tennessee",1
"25533",470167,47,18768,35.14799444,-89.95338333,6,6,3,6,14,6,0,12,0,1,1,0,1,1,1,1,47,2,2,1,1,3,2,2,2,1,2,3,2,1,2,2,2,2,"Tennessee",0
"25534",470169,47,15938,36.38915,-84.8884,3,3,3,3,21,3,0,12,0,2,7,0,1,2,1,1,47,1,2,2,1,2,1,2,2,2,2,2,2,2,2,2,2,2,"Tennessee",0
"25535",470170,47,18627,35.19671944,-90.03471944,3,3,3,1,17,2,0,12,0,1,1,0,1,1,1,1,47,2,2,1,2,3,1,2,2,2,2,3,2,2,1,2,2,2,"Tennessee",0