"","ST_CASE","OBJECT_ID","FID","LATITUDE","LONGITUD","PERMVIT","PERSONS","MONTH","DAY_WEEK","HOUR","ROUTE","SP_JUR","HARM_EV","RELJCT1","RELJCT2","TYP_INT","WRK_ZONE","REL_ROAD","LGT_COND","WEATHER","FATALS","STATE","A_RU","A_INTER","A_TOD","A_DOW","A_CT","A_MC","A_SPCRA","A_PED","A_ROLL","A_POLPUR","A_POSBAC","A_D15_20","A_D65PLS","A_D21_24","A_HR","A_DIST","A_DROWSY","STATE_NAME","drunkDr"
"25536",470171,47,16377,36.18536944,-86.86321111,4,4,3,1,18,3,0,12,0,1,1,0,1,5,1,1,47,2,2,2,2,3,1,2,2,2,2,1,2,2,2,2,2,2,"Tennessee",1
"25537",470172,47,18885,35.10398889,-89.87000833,3,3,3,1,2,1,0,12,1,18,1,1,1,3,1,1,47,2,1,2,2,2,2,2,2,2,2,2,2,2,1,1,2,2,"Tennessee",0
"25538",470173,47,16016,36.34623056,-83.30141944,2,2,4,5,6,2,0,8,0,1,1,0,1,2,1,1,47,1,2,1,1,2,2,2,1,2,2,2,2,2,2,2,2,2,"Tennessee",0
"25539",470174,47,15904,36.40871111,-87.03738889,1,1,3,6,13,1,0,21,0,1,1,0,3,1,10,1,47,1,1,1,1,1,2,2,2,2,2,2,1,2,2,2,2,2,"Tennessee",0
"25540",470175,47,18336,35.30453889,-84.80783889,8,8,4,1,3,1,0,12,0,1,1,0,1,2,1,2,47,2,1,2,2,2,2,1,2,2,2,1,2,2,1,2,1,2,"Tennessee",1
"25541",470176,47,19116,35.01456944,-85.27421111,2,2,4,5,23,6,0,33,0,1,1,0,3,3,10,1,47,2,2,2,1,1,2,1,2,2,2,1,2,2,2,2,2,2,"Tennessee",1
"25542",470177,47,16131,36.29163889,-86.81005,7,7,3,1,18,1,0,12,0,1,1,0,1,1,1,1,47,1,1,2,2,3,1,1,2,2,2,1,1,1,1,2,2,2,"Tennessee",1
"25543",470178,47,18948,35.083675,-89.89136389,1,1,3,1,18,1,0,39,0,1,1,0,4,1,1,1,47,2,1,2,2,1,2,1,2,2,2,1,2,2,2,2,2,2,"Tennessee",1
"25544",470179,47,16152,36.28356944,-86.86116944,1,1,3,3,99,6,0,42,0,1,1,0,4,9,1,1,47,1,2,3,1,1,1,2,2,2,2,1,2,1,2,2,2,2,"Tennessee",1
"25545",470180,47,18603,35.20341111,-89.36481944,1,1,3,3,6,3,0,11,0,1,1,0,1,2,1,1,47,1,2,1,1,1,2,2,2,2,2,3,2,2,2,2,2,2,"Tennessee",0
"25546",470181,47,18685,35.17426667,-89.96295556,3,3,4,2,0,6,0,33,0,1,1,0,4,3,1,2,47,2,2,2,2,1,2,1,2,2,2,1,2,2,2,2,2,2,"Tennessee",1
"25547",470182,47,15720,36.54996944,-85.5006,3,3,3,1,10,6,0,53,0,1,1,0,4,1,10,1,47,1,2,1,2,2,2,2,2,2,2,3,2,1,2,2,2,2,"Tennessee",0
"25548",470183,47,17518,35.70113889,-83.67778889,2,2,4,6,1,2,0,12,0,1,1,0,1,2,1,1,47,1,2,2,1,2,1,2,2,2,2,1,1,2,1,2,2,2,"Tennessee",2
"25549",470184,47,17013,35.97143056,-85.85923056,2,2,4,2,14,2,0,12,0,2,2,0,1,1,2,1,47,1,2,1,1,2,2,2,2,2,2,2,2,1,2,2,2,2,"Tennessee",0
"25550",470185,47,17622,35.63718056,-88.35051111,3,3,4,6,17,2,0,12,0,8,1,0,2,1,1,1,47,2,2,1,1,2,1,2,2,2,2,3,2,1,1,2,2,2,"Tennessee",0
"25551",470186,47,16733,36.081575,-85.61388889,1,1,4,7,22,4,0,35,0,1,1,0,4,2,1,1,47,1,2,2,2,1,2,1,2,1,2,1,2,2,2,2,2,2,"Tennessee",1
"25552",470187,47,18488,35.2394,-87.08523056,1,1,4,5,5,3,0,38,0,1,1,0,4,4,1,1,47,1,2,2,1,1,2,2,2,1,2,2,2,2,2,2,2,2,"Tennessee",0
"25553",470188,47,17925,35.48523056,-86.18016111,2,2,4,7,1,4,0,42,0,1,1,0,4,2,1,1,47,1,2,2,2,1,2,2,2,2,2,1,2,2,1,2,2,2,"Tennessee",1
"25554",470189,47,16571,36.13091944,-86.39626944,1,1,4,3,99,3,0,35,1,5,1,0,4,2,10,1,47,2,2,3,1,1,2,2,2,2,2,2,2,2,2,2,2,2,"Tennessee",0
"25555",470190,47,18763,35.14916111,-89.94401944,4,4,4,7,16,2,0,12,0,2,2,0,1,1,1,1,47,2,2,1,2,2,2,2,2,2,2,3,2,1,2,2,2,2,"Tennessee",0
"25556",470191,47,17412,35.76074444,-83.97650278,1,1,4,4,14,6,0,15,0,3,3,0,1,1,1,1,47,2,2,1,1,1,2,2,2,2,2,2,2,2,1,1,2,2,"Tennessee",0
"25557",470192,47,17447,35.74051111,-86.56111944,6,6,4,6,11,3,0,12,0,1,1,0,1,1,10,1,47,1,2,1,1,2,2,1,2,2,2,2,1,2,2,2,1,2,"Tennessee",0
"25558",470193,47,18441,35.25645,-89.99656944,1,1,3,1,19,2,0,42,0,1,1,0,4,2,10,1,47,2,2,2,2,1,1,1,2,2,2,3,1,2,2,2,2,2,"Tennessee",0
"25559",470194,47,17859,35.51686944,-84.50796111,2,2,3,3,18,4,0,42,0,1,1,0,4,1,1,1,47,1,2,2,1,1,2,1,2,2,2,1,2,2,2,2,1,2,"Tennessee",1
"25560",470195,47,18480,35.24215,-87.32983889,2,2,4,5,9,2,0,12,0,2,2,0,1,1,10,1,47,2,2,1,1,2,2,2,2,2,2,2,2,1,2,2,2,2,"Tennessee",0
"25561",470196,47,16300,36.21178889,-84.6905,1,1,1,3,20,4,0,1,0,1,1,0,4,2,5,1,47,1,2,2,1,1,2,2,2,1,2,3,2,2,2,2,2,2,"Tennessee",0
"25562",470197,47,16285,36.2192,-87.0488,4,4,4,1,16,3,0,12,0,1,1,0,1,1,1,1,47,1,2,1,2,2,2,2,2,2,2,2,2,2,2,2,2,2,"Tennessee",0
"25563",470198,47,15823,36.47805833,-82.48558056,1,1,3,6,23,1,0,23,0,1,1,0,4,2,1,1,47,2,1,2,2,1,2,2,2,1,2,3,2,1,2,2,2,2,"Tennessee",0
"25564",470200,47,16696,36.09026111,-87.31458056,2,2,4,6,12,2,0,12,0,2,2,0,1,1,10,1,47,1,2,1,1,2,1,2,2,2,2,3,2,2,2,2,2,2,"Tennessee",0
"25565",470201,47,16828,36.0519,-89.4706,1,1,4,1,0,4,0,34,0,1,1,0,4,2,1,1,47,1,2,2,2,1,2,2,2,2,2,3,1,2,2,2,1,2,"Tennessee",0
"25566",470202,47,15749,36.52338889,-83.75068056,2,2,4,3,15,3,0,12,0,2,2,0,1,1,2,1,47,1,2,1,1,2,2,2,2,2,2,3,1,1,2,2,2,2,"Tennessee",0
"25567",470203,47,16827,36.05228056,-83.41258056,7,7,4,7,3,1,0,12,0,1,1,0,1,2,1,1,47,1,1,2,2,2,2,2,2,1,2,3,2,2,2,2,2,2,"Tennessee",0
"25568",470204,47,18290,35.32091944,-85.30723889,1,1,4,2,11,4,0,42,0,1,1,0,4,1,10,1,47,1,2,1,1,1,2,2,2,2,2,2,1,2,2,2,2,2,"Tennessee",0
"25569",470205,47,17190,35.87753889,-85.09621944,1,1,4,4,12,3,0,32,0,1,1,0,4,1,1,1,47,1,2,1,1,1,2,2,2,1,2,2,2,2,2,2,2,2,"Tennessee",0
"25570",470206,47,16882,36.03341944,-86.42863056,2,2,4,3,7,3,0,12,0,1,1,0,1,1,10,1,47,1,2,1,1,2,2,2,2,1,2,2,2,2,1,2,2,1,"Tennessee",0
"25571",470207,47,19063,35.03648889,-85.28423889,2,2,4,3,15,6,0,12,0,2,2,0,1,1,1,1,47,2,2,1,1,2,2,2,2,1,2,3,2,2,2,2,2,2,"Tennessee",0
"25572",470208,47,18711,35.1661,-85.18763889,5,5,4,6,14,3,0,12,0,1,1,0,1,1,1,1,47,2,2,1,1,2,2,2,2,2,2,3,2,1,2,2,2,2,"Tennessee",0
"25573",470209,47,19131,35.00661944,-85.23173056,1,1,4,2,2,1,0,38,1,19,1,0,4,3,10,1,47,2,1,2,2,1,2,2,2,1,2,2,1,2,2,2,2,2,"Tennessee",0
"25574",470210,47,17735,35.57538889,-84.53773889,1,1,4,1,9,1,0,42,0,1,1,0,4,1,2,1,47,1,1,1,2,1,2,2,2,2,2,2,2,1,2,2,2,2,"Tennessee",0
"25575",470211,47,16289,36.2175,-82.76256944,3,3,4,4,14,4,0,12,0,1,1,0,1,1,2,1,47,1,2,1,1,2,2,2,2,2,2,2,2,1,2,2,2,2,"Tennessee",0
"25576",470212,47,15896,36.41441944,-87.00631944,2,2,4,3,7,3,0,12,0,1,1,0,1,1,10,1,47,1,2,1,1,2,2,2,2,2,2,2,1,2,2,2,2,2,"Tennessee",0
"25577",470213,47,18321,35.30996111,-84.85565,2,2,4,3,9,3,0,12,0,1,1,0,1,1,1,1,47,1,2,1,1,2,2,2,2,2,2,2,2,2,2,2,2,2,"Tennessee",1
"25578",470214,47,17609,35.646,-88.21921944,1,1,4,4,23,4,0,53,0,1,1,0,4,2,1,1,47,1,2,2,1,1,2,2,2,2,2,1,2,1,2,2,2,2,"Tennessee",1
"25579",470215,47,18712,35.16531667,-89.86171944,2,2,4,7,22,1,0,8,0,1,1,1,1,3,1,2,47,2,1,2,2,1,1,1,1,2,2,1,2,2,2,2,2,2,"Tennessee",1
"25580",470216,47,19034,35.05041944,-89.84385833,3,3,4,1,23,6,0,12,0,1,1,0,1,3,2,1,47,2,2,2,2,2,2,1,2,2,2,3,2,2,2,2,2,2,"Tennessee",0
"25581",470217,47,18034,35.43851944,-88.87286944,3,3,4,7,20,3,0,12,0,1,1,0,1,2,1,1,47,1,2,2,2,2,2,1,2,2,2,1,2,2,2,2,2,2,"Tennessee",2
"25582",470218,47,15995,36.35706111,-85.69806944,1,1,4,4,20,3,0,32,0,1,1,0,4,2,1,1,47,1,2,2,1,1,2,2,2,1,2,3,2,1,2,2,2,2,"Tennessee",0
"25583",470219,47,15686,36.57396667,-82.28751944,1,1,4,3,17,4,0,9,0,1,1,0,1,1,1,1,47,2,2,1,1,1,2,2,2,2,2,3,2,2,2,2,2,2,"Tennessee",0
"25584",470220,47,17196,35.87656944,-84.61651944,2,2,4,7,0,2,0,42,0,3,3,0,5,2,1,1,47,2,2,2,2,1,2,2,2,2,2,2,2,2,1,2,2,1,"Tennessee",0
"25585",470221,47,16903,36.02533611,-84.03635833,1,1,4,5,21,3,0,33,0,1,1,0,4,2,1,1,47,2,2,2,1,1,1,2,2,2,2,3,2,2,2,2,2,2,"Tennessee",0
"25586",470222,47,15723,36.54506111,-86.21636111,1,1,4,1,7,3,0,35,0,1,1,0,4,1,2,1,47,1,2,1,2,1,2,2,2,1,2,2,2,2,2,2,2,2,"Tennessee",0
"25587",470223,47,16189,36.26225,-87.72433056,1,1,4,7,99,4,0,42,0,1,1,0,4,2,10,1,47,1,2,3,2,1,2,2,2,1,2,1,2,2,2,2,1,2,"Tennessee",1
"25588",470224,47,17020,35.96736111,-86.52878056,6,6,4,3,18,6,0,12,0,2,3,0,1,1,1,1,47,2,2,2,1,2,2,2,2,1,2,2,2,2,2,2,2,2,"Tennessee",0
"25589",470225,47,18906,35.09654167,-90.07598333,1,1,4,1,21,6,0,42,0,1,1,0,4,3,1,1,47,2,2,2,2,1,2,2,2,2,2,3,2,2,2,2,2,2,"Tennessee",0
"25590",470226,47,16949,35.99828056,-84.06393056,3,3,4,5,18,4,0,12,0,1,1,0,1,1,1,1,47,2,2,2,1,2,2,2,2,1,2,2,1,2,2,2,1,2,"Tennessee",0
"25591",470227,47,17180,35.8844,-85.79881944,4,4,4,3,12,3,0,12,0,1,1,0,1,1,1,1,47,1,2,1,1,3,2,2,2,1,2,2,2,1,2,2,1,2,"Tennessee",0
"25592",470228,47,17271,35.84286111,-86.5262,2,2,4,3,12,3,0,12,0,2,3,0,1,1,1,1,47,1,2,1,1,2,2,2,2,2,2,2,2,1,2,2,2,2,"Tennessee",0
"25593",470229,47,19098,35.02052222,-89.880025,1,1,4,5,22,3,0,8,0,1,1,0,1,3,1,1,47,2,2,2,1,1,2,2,1,2,2,3,2,2,2,2,2,2,"Tennessee",0
"25594",470230,47,18759,35.15078333,-89.89774167,2,2,4,4,16,6,0,1,0,1,1,0,1,1,1,1,47,2,2,1,1,2,1,1,2,2,2,3,2,2,2,2,2,2,"Tennessee",0
"25595",470231,47,16479,36.15778056,-86.80071944,2,2,4,4,5,2,0,12,0,1,1,0,1,1,1,1,47,2,2,2,1,2,2,2,2,2,2,3,2,2,2,2,2,1,"Tennessee",0
"25596",470232,47,15864,36.43571944,-83.61158889,2,2,5,7,13,3,0,12,0,1,1,0,1,1,10,1,47,1,2,1,2,2,2,2,2,2,2,3,2,1,2,2,2,2,"Tennessee",0
"25597",470233,47,16748,36.07478889,-83.77103889,2,2,4,3,20,2,0,12,1,2,2,0,1,2,1,1,47,2,2,2,1,2,1,2,2,2,2,2,2,2,2,2,2,2,"Tennessee",0
"25598",470234,47,16533,36.14331111,-85.37493056,2,2,4,3,15,1,0,12,0,1,1,0,1,1,1,1,47,1,1,1,1,2,2,1,2,2,1,1,2,2,2,2,2,2,"Tennessee",1
"25599",470235,47,17922,35.48706389,-86.44425556,3,3,4,5,7,2,0,12,0,2,2,0,1,1,1,1,47,2,2,1,1,3,2,2,2,1,2,2,2,1,1,2,2,2,"Tennessee",0
"25600",470236,47,16029,36.33855,-87.60473056,4,4,4,7,23,3,0,12,0,2,2,0,1,2,2,1,47,1,2,2,2,2,2,2,2,2,2,1,1,2,2,2,1,2,"Tennessee",1
"25601",470237,47,16319,36.20501111,-82.77205,1,1,4,3,15,4,0,32,0,1,1,0,4,1,1,1,47,2,2,1,1,1,2,2,2,2,2,3,2,1,2,2,2,2,"Tennessee",0
"25602",470238,47,16861,36.04176111,-83.7471,4,4,5,7,12,4,0,12,0,8,1,0,1,1,1,1,47,2,2,1,2,2,2,1,2,2,2,2,2,2,2,2,2,2,"Tennessee",0
"25603",470239,47,16390,36.17983889,-86.79853889,1,1,3,7,20,6,0,8,0,2,2,0,1,3,1,1,47,2,2,2,2,1,2,2,1,2,2,3,2,2,2,2,2,2,"Tennessee",0
"25604",470240,47,15951,36.38333056,-86.52648889,1,1,5,7,17,3,0,34,0,1,1,0,4,1,1,1,47,2,2,1,2,1,2,2,2,1,2,3,2,2,2,2,2,2,"Tennessee",0
"25605",470241,47,17112,35.92148889,-84.06458056,5,5,5,2,20,2,0,12,0,8,1,0,1,3,1,1,47,2,2,2,1,2,1,2,2,2,2,2,2,2,2,2,2,2,"Tennessee",0
"25606",470242,47,16264,36.2269,-83.5165,3,3,4,1,13,3,0,12,0,1,1,0,1,1,1,1,47,1,2,1,2,2,2,2,2,2,2,2,1,1,2,2,2,2,"Tennessee",0
"25607",470243,47,17298,35.82941944,-83.80351111,2,2,5,6,5,2,0,12,0,1,1,0,1,2,5,1,47,1,2,2,1,2,2,2,2,2,2,3,2,1,2,2,2,2,"Tennessee",0
"25608",470244,47,16447,36.16445,-86.61501111,7,7,3,4,6,1,0,12,0,1,1,0,1,6,1,2,47,2,1,1,1,3,2,2,2,1,2,3,2,2,1,2,2,1,"Tennessee",0
"25609",470245,47,16090,36.312675,-82.38355,3,3,5,2,16,2,0,12,0,2,2,0,1,1,1,1,47,2,2,1,1,2,1,2,2,2,2,3,2,2,2,2,2,2,"Tennessee",0
"25610",470246,47,16148,36.28419167,-82.51396667,2,2,5,7,21,2,0,12,0,2,3,0,1,2,1,1,47,1,2,2,2,2,1,2,2,2,2,1,2,2,2,2,2,2,"Tennessee",1
"25611",470247,47,16876,36.03586944,-87.30545,2,2,4,2,16,4,0,34,0,1,1,0,4,1,1,1,47,1,2,1,1,1,2,2,2,1,2,3,2,2,2,2,2,2,"Tennessee",0
"25612",470248,47,16181,36.2688,-83.1516,4,4,5,7,21,2,0,12,0,1,1,0,1,2,1,1,47,2,2,2,2,2,1,2,2,2,2,1,1,2,2,2,2,2,"Tennessee",1
"25613",470249,47,18479,35.24273889,-89.90898889,2,2,4,3,14,6,0,12,0,2,2,0,1,1,1,1,47,2,2,1,1,2,2,2,2,2,2,3,2,1,2,2,2,2,"Tennessee",0
"25614",470250,47,17066,35.94535,-84.11018056,1,1,5,7,2,3,0,33,0,1,1,0,4,3,1,1,47,2,2,2,2,1,2,1,2,1,2,3,2,2,1,2,2,2,"Tennessee",0
"25615",470251,47,15928,36.39553056,-84.43593056,2,2,5,1,10,3,0,16,0,1,1,0,1,1,1,1,47,1,2,1,2,1,2,2,2,2,2,3,2,2,2,2,2,2,"Tennessee",0
"25616",470252,47,17806,35.54494444,-85.99722778,2,2,4,4,11,3,0,12,0,2,2,0,1,1,1,1,47,1,2,1,1,2,2,2,2,2,2,2,2,1,2,2,2,2,"Tennessee",0
"25617",470253,47,19110,35.0176,-85.1206,1,1,5,1,22,6,0,1,0,1,1,0,1,2,1,1,47,2,2,2,2,1,1,1,2,2,2,1,2,2,2,2,2,2,"Tennessee",1
"25618",470254,47,17194,35.87665,-84.51253889,1,1,5,5,21,3,0,8,0,1,1,0,1,3,1,1,47,2,2,2,1,1,2,2,1,2,2,3,2,1,2,2,2,2,"Tennessee",0
"25619",470255,47,18684,35.17491667,-90.03587778,4,4,5,3,7,2,0,12,0,2,3,0,1,1,1,1,47,2,2,1,1,3,2,2,2,2,2,3,2,2,2,2,2,2,"Tennessee",0
"25620",470256,47,15808,36.48986944,-83.59636944,3,3,5,7,15,4,0,9,0,2,2,0,1,1,1,1,47,1,2,1,2,1,2,2,2,2,2,3,2,2,2,2,2,2,"Tennessee",0
"25621",470257,47,18802,35.13383611,-89.96476389,3,3,5,1,8,2,0,12,0,2,3,0,1,1,1,1,47,2,2,1,2,2,2,2,2,2,2,3,2,1,2,2,2,2,"Tennessee",0
"25622",470258,47,17102,35.92821111,-87.86691111,1,1,5,2,99,4,0,42,0,1,1,0,4,9,99,1,47,1,2,3,3,1,2,2,2,2,2,2,2,2,2,2,2,2,"Tennessee",0
"25623",470259,47,16350,36.19428056,-86.2096,4,4,5,2,21,1,0,12,0,1,1,0,1,2,1,1,47,1,1,2,1,2,2,2,2,1,2,3,2,2,2,2,2,1,"Tennessee",0
"25624",470260,47,15624,36.6182,-87.43105278,2,2,5,4,15,2,0,12,0,2,3,0,1,1,1,1,47,2,2,1,1,2,1,1,2,2,2,3,2,2,2,2,2,2,"Tennessee",1
"25625",470261,47,19053,35.04015,-89.80196944,8,8,5,7,15,3,0,57,0,1,1,0,3,1,1,1,47,2,2,1,2,3,2,2,2,2,2,3,1,2,2,2,1,2,"Tennessee",0
"25626",470262,47,18286,35.32263056,-86.78858056,1,1,5,3,18,3,0,24,0,1,1,0,4,1,1,1,47,1,2,2,1,1,1,2,2,2,2,1,2,2,2,2,2,2,"Tennessee",1
"25627",470263,47,17543,35.68393056,-84.06451944,9,9,5,5,22,2,0,12,0,1,1,0,1,2,1,6,47,1,2,2,1,2,2,2,2,2,2,3,2,2,2,2,2,2,"Tennessee",1
"25628",470264,47,19007,35.06082222,-89.86909167,3,3,5,7,12,6,0,12,0,3,3,0,1,1,1,1,47,2,2,1,2,3,2,2,2,2,2,3,1,2,2,2,1,2,"Tennessee",0
"25629",470265,47,18757,35.15265278,-90.00038611,3,3,5,1,20,3,0,12,0,1,1,0,1,3,1,1,47,2,2,2,2,2,2,1,2,2,2,3,1,2,2,2,2,2,"Tennessee",0
"25630",470266,47,16187,36.26282222,-86.68094722,1,1,5,3,3,3,0,8,0,3,2,0,1,2,1,1,47,2,2,2,1,1,2,2,1,2,2,3,2,2,2,2,2,2,"Tennessee",0
"25631",470267,47,18530,35.22513889,-89.65685,1,1,4,4,15,3,0,57,0,1,1,0,3,1,1,1,47,2,2,1,1,1,1,2,2,2,2,3,2,2,2,2,2,2,"Tennessee",0
"25632",470268,47,16950,35.99775,-86.50238889,1,1,3,5,21,3,0,8,0,1,1,0,1,3,10,1,47,2,2,2,1,1,2,1,1,2,2,2,1,2,2,2,1,2,"Tennessee",0
"25633",470269,47,17987,35.46075,-84.42818889,1,1,5,7,1,2,0,1,0,1,1,0,4,2,1,1,47,1,2,2,2,1,2,2,2,1,2,1,2,2,1,2,2,2,"Tennessee",1
"25634",470270,47,15601,36.63043889,-86.56746944,1,1,5,2,12,6,0,38,0,1,1,0,4,1,1,1,47,2,2,1,1,1,2,2,2,2,2,3,2,2,2,2,2,2,"Tennessee",0
"25635",470271,47,18656,35.18716667,-89.88715833,11,11,5,5,17,6,0,12,0,1,1,0,1,1,1,1,47,2,2,1,1,3,2,2,2,1,2,3,2,2,1,2,2,2,"Tennessee",0
"25636",470272,47,17637,35.62778889,-88.30613889,5,5,5,3,7,2,0,12,0,1,1,0,1,1,1,1,47,1,2,1,1,2,2,2,2,2,2,2,2,2,2,2,1,2,"Tennessee",0
"25637",470273,47,16618,36.11541111,-86.91741111,3,3,5,7,2,1,0,12,0,1,1,0,1,3,1,2,47,2,1,2,2,3,2,2,2,2,2,1,2,2,2,2,2,2,"Tennessee",2
"25638",470274,47,19166,34.9899,-84.8741,1,1,5,6,18,4,0,34,0,1,1,0,4,1,1,1,47,1,2,2,2,1,1,2,2,2,2,1,2,2,2,2,2,2,"Tennessee",1
"25639",470276,47,17133,35.91246111,-84.08161111,2,2,5,6,17,6,0,12,0,8,1,0,1,1,1,1,47,2,2,1,1,2,2,2,2,2,2,3,1,1,2,2,2,2,"Tennessee",0
"25640",470278,47,16639,36.10861111,-84.66681111,1,1,5,4,14,4,0,35,0,1,1,0,4,1,1,1,47,1,2,1,1,1,2,2,2,1,2,2,2,2,2,2,2,2,"Tennessee",0
"25641",470279,47,18316,35.31243056,-89.72916111,1,1,5,7,99,4,0,1,1,5,1,0,1,2,2,1,47,1,2,3,2,1,1,2,2,2,2,1,2,2,2,2,1,2,"Tennessee",1
"25642",470280,47,18636,35.19285556,-89.930775,1,1,5,7,22,1,0,14,1,19,1,0,2,3,1,1,47,2,1,2,2,1,2,1,2,2,2,3,2,2,1,2,2,2,"Tennessee",0
"25643",470281,47,16083,36.31393889,-82.84863056,3,3,5,1,14,1,0,18,0,1,1,0,1,1,1,1,47,1,1,1,2,2,1,2,2,2,2,3,2,2,2,2,2,2,"Tennessee",0
"25644",470282,47,17861,35.51581111,-86.45535,2,2,5,3,10,2,0,12,0,8,1,0,1,1,1,1,47,2,2,1,1,2,1,2,2,2,2,3,2,1,2,2,1,2,"Tennessee",0
"25645",470283,47,17950,35.47206944,-84.1956,5,5,5,6,14,3,0,12,0,2,3,0,1,1,1,1,47,1,2,1,1,2,1,2,2,2,2,2,2,2,2,2,2,2,"Tennessee",0
"25646",470284,47,18785,35.14390556,-90.01525833,1,1,4,6,20,6,0,8,0,1,1,0,1,3,2,1,47,2,2,2,2,1,2,2,1,2,2,3,2,2,2,2,2,2,"Tennessee",0
"25647",470285,47,16947,36.00043056,-83.54965,3,3,5,4,22,1,0,12,0,1,1,0,1,2,1,1,47,1,1,2,1,3,2,2,2,2,2,2,2,2,2,2,1,2,"Tennessee",0
"25648",470286,47,18651,35.18836389,-89.80703056,4,4,5,4,22,1,0,8,0,1,1,0,1,3,1,1,47,2,1,2,1,2,2,2,1,2,2,3,2,2,2,2,2,2,"Tennessee",0
"25649",470287,47,16317,36.20533889,-82.1064,2,2,5,5,21,4,0,42,0,1,1,0,4,2,2,1,47,1,2,2,1,1,2,1,2,2,1,2,2,2,1,2,2,2,"Tennessee",1
"25650",470288,47,18868,35.10931111,-86.884,1,1,5,4,19,1,0,1,0,1,1,0,1,1,2,1,47,1,1,2,1,1,2,2,2,1,2,3,2,1,2,2,2,2,"Tennessee",0
"25651",470289,47,16432,36.17121111,-85.6278,3,3,5,4,19,2,0,12,0,2,2,0,1,5,10,1,47,2,2,2,1,2,2,2,2,2,2,2,1,1,2,2,1,2,"Tennessee",0
"25652",470290,47,17478,35.72473889,-88.86338056,1,1,5,7,8,4,0,32,0,1,1,0,4,1,1,1,47,2,2,1,2,1,2,2,2,2,2,3,2,2,2,2,2,2,"Tennessee",0
"25653",470291,47,17261,35.84796667,-83.96472222,2,2,5,5,18,2,0,12,0,2,3,0,1,1,10,1,47,1,2,2,1,2,2,2,2,2,2,3,2,1,2,2,2,2,"Tennessee",0
"25654",470293,47,15667,36.58536111,-86.58463889,5,5,5,6,22,3,0,12,0,1,1,0,1,2,1,1,47,2,2,2,2,2,2,2,2,1,2,1,2,2,2,2,2,2,"Tennessee",1
"25655",470294,47,18801,35.13408056,-84.89851111,3,3,5,6,8,2,0,12,0,2,3,0,1,1,1,1,47,2,2,1,1,3,2,2,2,2,2,2,2,1,2,2,1,2,"Tennessee",0
"25656",470295,47,15852,36.44613889,-84.27511944,1,1,5,3,0,1,0,12,0,1,1,0,1,2,1,1,47,1,1,2,1,2,2,2,1,2,2,2,2,2,2,2,2,2,"Tennessee",0
"25657",470296,47,18442,35.25601944,-87.32536111,4,4,5,2,13,2,0,14,0,1,1,0,6,1,1,1,47,2,2,1,1,3,2,2,2,2,2,3,2,1,2,2,2,2,"Tennessee",0
"25658",470297,47,18884,35.10458611,-90.01250833,4,4,5,6,9,6,0,12,0,2,2,0,1,1,1,1,47,2,2,1,1,2,2,2,2,2,2,3,2,2,1,2,2,2,"Tennessee",0
"25659",470298,47,15946,36.38408889,-83.01361944,2,2,5,6,11,3,0,12,0,2,3,0,1,1,1,1,47,1,2,1,1,2,2,2,2,2,2,2,2,1,2,2,2,2,"Tennessee",0
"25660",470299,47,15711,36.55798056,-86.63011944,1,1,5,7,17,4,0,1,0,1,1,0,4,1,1,1,47,1,2,1,2,1,2,2,2,1,2,2,1,2,2,2,2,2,"Tennessee",0
"25661",470300,47,17752,35.56596944,-86.08993889,1,1,5,5,23,4,0,53,0,1,1,0,4,2,1,1,47,1,2,2,1,1,2,2,2,1,2,1,2,2,2,2,1,2,"Tennessee",1
"25662",470301,47,18551,35.21686944,-84.82893056,2,2,5,4,11,2,0,12,0,2,2,0,1,1,1,1,47,2,2,1,1,2,2,2,2,1,2,2,1,2,2,2,1,2,"Tennessee",0
"25663",470302,47,16735,36.08116111,-84.5498,1,1,5,5,16,2,0,35,0,1,1,0,4,1,1,1,47,1,2,1,1,1,2,2,2,1,2,2,2,2,2,2,2,2,"Tennessee",0
"25664",470303,47,15794,36.49833056,-82.86126944,1,1,5,5,13,4,0,53,0,1,1,0,4,1,1,1,47,1,2,1,1,1,2,2,2,1,2,2,2,2,2,2,2,2,"Tennessee",1
"25665",470304,47,18649,35.18885556,-90.01770278,1,1,5,4,17,1,0,1,0,1,1,0,8,1,10,1,47,2,1,1,1,1,2,2,2,1,2,1,2,2,2,2,2,2,"Tennessee",1
"25666",470305,47,15596,36.63366111,-87.32653889,1,1,5,1,18,1,0,42,0,1,1,0,3,1,1,1,47,2,1,2,2,1,2,1,2,2,2,3,2,2,2,2,2,2,"Tennessee",0
"25667",470306,47,17197,35.87631111,-87.85223889,1,1,5,4,9,1,0,24,0,1,1,0,4,1,1,1,47,1,1,1,1,1,2,2,2,1,2,2,2,2,2,2,2,2,"Tennessee",0
"25668",470307,47,18996,35.06698056,-85.28976944,5,5,5,7,14,6,0,12,0,2,3,0,1,1,1,1,47,2,2,1,2,2,2,2,2,2,2,3,1,2,2,2,2,2,"Tennessee",0
"25669",470308,47,16028,36.33976111,-88.96178889,3,3,5,1,13,4,0,12,0,2,2,0,1,1,1,2,47,1,2,1,2,2,2,2,2,2,2,3,2,1,1,2,2,2,"Tennessee",0
"25670",470309,47,16014,36.3469,-82.6759,1,1,5,2,23,3,0,53,0,1,1,0,4,2,1,1,47,1,2,2,1,1,2,2,2,1,2,1,2,2,2,2,2,2,"Tennessee",1