"","ST_CASE","OBJECT_ID","FID","LATITUDE","LONGITUD","PERMVIT","PERSONS","MONTH","DAY_WEEK","HOUR","ROUTE","SP_JUR","HARM_EV","RELJCT1","RELJCT2","TYP_INT","WRK_ZONE","REL_ROAD","LGT_COND","WEATHER","FATALS","STATE","A_RU","A_INTER","A_TOD","A_DOW","A_CT","A_MC","A_SPCRA","A_PED","A_ROLL","A_POLPUR","A_POSBAC","A_D15_20","A_D65PLS","A_D21_24","A_HR","A_DIST","A_DROWSY","STATE_NAME","drunkDr"
"25806",470454,47,17650,35.61678056,-88.64133889,1,1,7,7,22,3,0,34,0,1,1,0,4,2,1,1,47,1,2,2,2,1,2,2,2,1,2,1,2,2,2,2,2,2,"Tennessee",1
"25807",470455,47,17733,35.57551944,-89.12571944,4,4,7,4,18,1,0,12,0,1,1,0,1,1,1,1,47,1,1,2,1,2,2,2,2,2,2,2,2,2,1,2,2,2,"Tennessee",0
"25808",470456,47,19036,35.05033889,-85.30956111,1,1,7,2,12,2,0,8,0,1,1,0,1,1,1,1,47,2,2,1,1,1,2,2,1,2,2,3,2,2,2,2,2,2,"Tennessee",0
"25809",470457,47,17566,35.6667,-88.84648889,3,3,7,5,21,6,0,12,0,8,1,0,1,3,1,2,47,2,2,2,1,2,2,2,2,2,2,2,1,2,2,2,2,2,"Tennessee",0
"25810",470458,47,18633,35.19498056,-88.47693889,3,3,7,5,13,2,0,35,0,1,1,0,4,1,10,1,47,1,2,1,1,1,2,1,2,1,2,2,2,2,2,2,2,2,"Tennessee",0
"25811",470459,47,15836,36.4639,-86.77003889,2,2,7,5,18,4,0,34,0,1,1,0,4,1,1,2,47,1,2,2,1,1,1,2,2,2,2,1,2,2,2,2,2,2,"Tennessee",1
"25812",470461,47,17454,35.73663889,-88.58421111,1,1,7,2,13,1,0,8,0,1,1,0,1,1,1,1,47,1,1,1,1,1,2,2,1,2,2,2,2,2,1,2,2,2,"Tennessee",0
"25813",470462,47,16057,36.32513056,-86.94488889,3,3,7,5,14,4,0,42,0,1,1,0,4,1,1,1,47,1,2,1,1,1,2,2,2,2,2,3,1,2,2,2,2,2,"Tennessee",0
"25814",470463,47,16044,36.3308,-85.3558,2,2,7,5,5,3,0,12,0,1,1,0,1,4,1,1,47,1,2,2,1,2,2,2,2,2,2,3,2,2,2,2,1,2,"Tennessee",0
"25815",470464,47,16889,36.03111944,-83.89391944,6,6,8,7,17,1,0,1,0,1,1,0,1,1,1,1,47,2,1,1,2,1,2,2,2,1,2,2,2,2,2,2,2,2,"Tennessee",0
"25816",470465,47,18388,35.275,-86.23831944,1,1,8,7,22,4,0,42,0,1,1,0,4,2,1,1,47,1,2,2,2,1,1,2,2,2,2,3,2,2,2,2,2,2,"Tennessee",1
"25817",470466,47,18962,35.07941944,-85.09083889,1,1,6,1,1,1,0,25,0,1,1,1,3,2,10,1,47,2,1,2,2,1,2,2,2,1,2,1,2,2,2,2,2,2,"Tennessee",1
"25818",470467,47,19145,34.99766944,-85.29143056,1,1,7,3,18,2,0,8,0,3,2,0,1,1,10,1,47,2,2,2,1,1,2,2,1,2,2,3,2,2,2,2,2,2,"Tennessee",0
"25819",470468,47,17323,35.81456944,-85.91565,3,3,7,3,10,4,0,12,0,1,1,0,1,1,1,1,47,1,2,1,1,2,2,2,2,2,2,1,2,1,2,2,2,1,"Tennessee",1
"25820",470469,47,18009,35.45221389,-89.778725,11,11,7,7,15,2,0,12,0,3,3,0,1,1,1,1,47,2,2,1,2,3,2,2,2,2,2,3,1,2,2,2,2,2,"Tennessee",0
"25821",470470,47,16313,36.20778889,-83.27575,1,1,7,3,8,6,0,33,0,1,1,0,4,1,1,1,47,2,2,1,1,1,2,1,1,1,2,3,2,2,2,1,2,2,"Tennessee",0
"25822",470471,47,18772,35.14680556,-89.87766944,2,2,8,7,23,1,0,18,1,5,1,1,5,2,1,1,47,2,1,2,2,1,1,2,2,2,2,1,2,2,2,2,2,2,"Tennessee",1
"25823",470472,47,18609,35.20228611,-90.00731667,2,2,8,1,19,6,0,33,0,1,1,0,4,1,1,1,47,2,2,2,2,1,1,2,2,2,2,3,2,1,2,2,2,2,"Tennessee",0
"25824",470473,47,18189,35.36601944,-88.96401944,3,3,7,4,14,3,0,12,0,2,2,0,1,1,1,1,47,1,2,1,1,3,2,2,2,2,2,3,2,1,2,2,2,2,"Tennessee",0
"25825",470474,47,15931,36.391075,-82.35860833,8,8,7,5,17,2,0,12,0,2,2,0,1,1,10,1,47,2,2,1,1,3,2,2,2,2,2,3,2,1,2,2,1,2,"Tennessee",0
"25826",470475,47,18951,35.08253889,-89.98516389,1,1,8,3,22,6,0,8,0,1,1,0,1,3,1,1,47,2,2,2,1,1,2,2,1,2,2,3,2,2,2,2,2,2,"Tennessee",0
"25827",470476,47,17639,35.62496111,-89.61846111,2,2,7,4,20,2,0,12,0,1,1,0,1,2,1,1,47,1,2,2,1,2,1,2,2,2,2,1,2,2,2,2,2,2,"Tennessee",1
"25828",470477,47,18041,35.43461111,-84.85263889,2,2,7,5,7,3,0,12,0,1,1,0,1,1,1,1,47,1,2,1,1,2,2,2,2,2,2,2,2,2,2,2,2,2,"Tennessee",0
"25829",470478,47,16956,35.99621944,-84.37843889,2,2,7,6,12,4,0,12,0,1,1,0,1,1,1,1,47,1,2,1,1,2,2,2,2,1,2,2,2,1,2,2,2,2,"Tennessee",0
"25830",470479,47,17998,35.45871111,-84.65561944,1,1,7,4,13,1,0,42,0,1,1,0,3,1,1,1,47,1,1,1,1,1,2,2,2,2,2,2,2,2,1,2,2,2,"Tennessee",0
"25831",470480,47,16957,35.99586111,-83.5597,11,11,8,1,0,1,0,12,0,1,1,0,1,2,1,2,47,1,1,2,2,2,2,2,2,1,2,3,2,2,1,2,2,2,"Tennessee",0
"25832",470481,47,18498,35.235075,-90.01244167,2,2,8,6,20,6,0,33,0,1,1,0,4,3,1,2,47,2,2,2,2,1,2,1,2,1,2,3,2,2,2,2,2,2,"Tennessee",0
"25833",470482,47,17096,35.93166111,-84.15613889,2,2,8,1,0,6,0,30,0,1,1,0,4,3,1,1,47,2,2,2,2,1,2,1,2,2,2,3,1,2,2,2,2,2,"Tennessee",0
"25834",470483,47,18083,35.40975,-84.66425,1,1,8,7,0,3,0,35,0,1,1,0,4,2,1,1,47,1,2,2,2,1,1,2,2,2,2,1,2,2,2,2,1,2,"Tennessee",1
"25835",470484,47,15916,36.40516111,-87.10818889,2,2,8,6,13,4,0,24,0,1,1,0,4,1,1,1,47,1,2,1,1,2,2,2,2,2,2,1,2,1,2,2,2,2,"Tennessee",1
"25836",470485,47,16456,36.16153056,-86.83633056,3,3,5,7,17,6,0,12,0,2,2,0,1,1,1,1,47,2,2,1,2,2,2,1,2,1,2,3,2,2,2,2,2,2,"Tennessee",0
"25837",470486,47,16455,36.16163889,-86.77988889,2,2,7,3,23,6,0,19,0,1,1,0,4,3,1,1,47,2,2,2,1,1,2,2,2,2,2,3,2,2,2,2,2,2,"Tennessee",0
"25838",470487,47,18845,35.11804167,-90.02663056,2,2,8,1,7,1,0,42,0,1,1,0,4,1,1,1,47,2,1,1,2,1,2,2,2,2,2,1,2,2,2,2,2,2,"Tennessee",1
"25839",470488,47,16087,36.31341667,-82.53261667,5,5,8,7,15,3,0,12,0,2,2,0,1,1,1,1,47,1,2,1,2,2,2,2,2,2,2,3,2,1,2,2,2,2,"Tennessee",0
"25840",470489,47,18956,35.08156111,-89.87611667,2,2,6,7,16,3,0,52,1,5,1,0,8,1,1,1,47,2,2,1,2,1,2,2,2,2,2,1,2,1,2,2,2,2,"Tennessee",1
"25841",470490,47,17885,35.50396111,-84.98148889,1,1,8,3,23,3,0,35,0,1,1,0,4,2,1,1,47,2,2,2,1,1,2,2,2,2,2,3,2,1,2,2,2,2,"Tennessee",0
"25842",470491,47,17255,35.85021111,-83.80945,1,1,5,4,21,4,0,1,0,1,1,0,4,2,1,1,47,2,2,2,1,1,1,2,2,2,2,3,2,2,2,2,2,2,"Tennessee",1
"25843",470492,47,17049,35.95293056,-83.10418056,1,1,8,3,22,2,0,52,0,1,1,0,4,2,1,1,47,1,2,2,1,1,1,1,2,2,2,1,2,2,2,2,2,2,"Tennessee",1
"25844",470493,47,17486,35.72098889,-84.00185,1,1,8,7,2,4,0,38,0,1,1,0,4,2,1,1,47,2,2,2,2,1,2,2,2,1,2,1,2,2,2,2,2,2,"Tennessee",1
"25845",470494,47,18964,35.07873889,-88.54658889,2,2,7,4,13,2,0,12,0,1,1,0,1,1,1,1,47,1,2,1,1,2,2,2,2,2,2,2,2,2,2,2,2,2,"Tennessee",0
"25846",470495,47,18001,35.45733889,-84.38736111,3,3,8,3,18,4,0,34,0,1,1,0,4,1,1,1,47,1,2,2,1,1,2,2,2,1,2,2,2,2,2,2,1,2,"Tennessee",0
"25847",470496,47,17038,35.95873056,-84.97708889,4,4,8,7,14,1,0,12,0,1,1,0,1,1,1,1,47,2,1,1,2,3,2,2,2,1,2,3,2,2,2,2,2,2,"Tennessee",0
"25848",470497,47,18975,35.07438611,-89.93171111,1,1,8,5,22,3,0,8,0,1,1,0,1,3,1,1,47,2,2,2,1,1,2,2,1,2,2,3,2,2,2,2,2,2,"Tennessee",0
"25849",470498,47,17785,35.5538,-88.5834,1,1,8,7,10,3,0,32,0,1,1,0,4,1,10,1,47,1,2,1,2,1,2,2,2,2,2,2,2,1,2,2,2,2,"Tennessee",0
"25850",470499,47,15660,36.58816389,-82.57115,2,2,8,2,18,3,0,12,0,1,1,0,1,1,2,1,47,2,2,2,1,2,2,2,2,2,2,1,2,1,2,2,2,2,"Tennessee",1
"25851",470500,47,16636,36.11018056,-86.73638056,3,3,8,2,18,3,0,12,0,1,1,0,1,1,1,1,47,2,2,2,1,2,2,2,2,2,2,3,2,2,2,2,2,2,"Tennessee",0
"25852",470501,47,16989,35.97981944,-84.16823056,4,4,8,6,22,3,0,12,0,1,1,0,1,2,1,1,47,2,2,2,2,2,2,2,2,2,2,1,2,2,2,2,2,2,"Tennessee",1
"25853",470502,47,18199,35.36333056,-88.22868056,1,1,8,7,21,4,0,41,0,1,1,0,4,2,1,1,47,1,2,2,2,1,2,2,2,1,2,2,1,2,2,2,2,2,"Tennessee",0
"25854",470503,47,16815,36.05608056,-86.71558056,1,1,8,2,4,2,0,32,0,1,1,0,4,3,1,1,47,2,2,2,2,1,2,2,2,2,2,2,2,2,1,2,2,2,"Tennessee",0
"25855",470504,47,18256,35.33498889,-90.00990833,1,1,8,3,99,4,0,32,0,1,1,0,4,2,1,1,47,1,2,3,1,1,2,2,2,1,2,3,2,2,2,2,1,2,"Tennessee",0
"25856",470505,47,18212,35.3591,-89.92362778,1,1,8,5,2,4,0,42,0,1,1,0,4,2,1,1,47,1,2,2,1,1,1,1,2,2,2,3,2,2,1,2,2,2,"Tennessee",1
"25857",470506,47,15996,36.35671944,-83.33686944,2,2,8,6,12,2,0,12,0,2,3,0,1,1,1,1,47,1,2,1,1,2,2,2,2,2,2,2,2,1,2,2,2,2,"Tennessee",0
"25858",470507,47,17368,35.78590278,-85.99181667,3,3,8,2,20,2,0,12,0,2,2,0,1,2,1,1,47,1,2,2,1,2,2,2,2,1,2,3,2,2,2,2,1,2,"Tennessee",0
"25859",470508,47,17264,35.84646111,-84.1757,1,1,5,1,14,6,0,42,0,1,1,0,4,1,10,1,47,2,2,1,2,1,2,1,2,1,2,3,2,2,2,2,2,2,"Tennessee",0
"25860",470509,47,17846,35.52443056,-89.86066944,1,1,8,4,16,3,0,41,0,1,1,0,4,5,2,1,47,1,2,1,1,1,2,2,2,2,2,1,2,2,2,2,2,2,"Tennessee",1
"25861",470510,47,18294,35.31983056,-87.29575,4,4,8,4,17,2,0,12,0,3,3,0,1,1,1,1,47,1,2,1,1,2,2,2,2,2,2,2,2,1,2,2,2,2,"Tennessee",0
"25862",470511,47,16759,36.07153056,-83.96421944,4,4,8,1,16,3,0,12,0,1,1,0,1,1,1,1,47,2,2,1,2,2,2,2,2,2,2,3,2,1,2,2,2,2,"Tennessee",0
"25863",470512,47,18961,35.0798,-84.5063,1,1,8,1,18,2,0,34,0,1,1,0,4,1,1,1,47,1,2,2,2,1,1,1,2,2,2,1,2,2,2,2,2,2,"Tennessee",1
"25864",470513,47,16312,36.20838889,-82.31413889,1,1,8,1,16,4,0,11,0,1,1,0,1,1,1,1,47,1,2,1,2,1,2,1,2,1,2,1,2,2,2,2,2,2,"Tennessee",1
"25865",470514,47,18652,35.18835,-87.0644,2,2,8,7,10,2,0,12,0,2,2,0,1,1,10,1,47,2,2,1,2,2,1,2,2,2,2,2,1,1,2,2,2,2,"Tennessee",0
"25866",470515,47,18202,35.36223889,-86.19646111,1,1,8,7,3,3,0,1,0,1,1,0,4,3,1,1,47,2,2,2,2,1,2,2,2,1,2,1,2,2,1,2,2,2,"Tennessee",1
"25867",470516,47,16224,36.24675,-86.26071111,4,4,8,1,19,4,0,5,0,8,1,0,1,1,1,1,47,1,2,2,2,1,2,2,2,2,2,1,2,2,2,2,2,2,"Tennessee",1
"25868",470517,47,17586,35.65576111,-88.87688056,3,3,8,7,15,1,0,12,0,1,1,0,1,1,1,1,47,2,1,1,2,2,2,2,2,2,2,2,2,2,2,2,1,2,"Tennessee",0
"25869",470518,47,17809,35.54248056,-84.57171111,2,2,8,2,21,1,0,42,0,1,1,0,4,2,2,1,47,1,1,2,1,1,2,2,2,2,2,3,2,2,2,2,2,2,"Tennessee",0
"25870",470519,47,17896,35.50038056,-86.86378889,2,2,8,3,8,3,0,12,0,1,1,0,1,1,2,1,47,1,2,1,1,2,2,2,2,2,2,3,2,2,2,2,2,2,"Tennessee",0
"25871",470520,47,18518,35.23006111,-84.54683889,1,1,8,5,5,3,0,32,0,1,1,0,4,2,5,1,47,1,2,2,1,1,2,1,2,1,2,2,2,2,2,2,1,2,"Tennessee",0
"25872",470521,47,18924,35.0892,-85.06273889,3,3,8,5,0,6,0,12,0,1,1,0,1,2,10,2,47,2,2,2,1,2,2,2,2,2,2,2,2,2,2,2,2,2,"Tennessee",0
"25873",470522,47,18023,35.44415,-86.09876944,1,1,8,6,23,3,0,8,0,1,1,0,1,2,1,1,47,2,2,2,2,1,2,2,1,2,2,2,2,2,2,2,2,2,"Tennessee",0
"25874",470524,47,15952,36.38271944,-85.66046944,2,2,8,2,15,3,0,30,0,1,1,0,4,1,2,1,47,1,2,1,1,1,2,2,2,2,2,2,1,2,2,2,1,2,"Tennessee",0
"25875",470525,47,17794,35.55041944,-85.54051111,2,2,8,3,6,3,0,12,0,1,1,0,1,1,2,1,47,1,2,1,1,2,2,2,2,2,2,2,2,2,2,2,2,2,"Tennessee",0
"25876",470526,47,16435,36.16978889,-86.74696111,1,1,8,2,22,6,0,1,0,1,1,0,1,3,1,1,47,2,2,2,1,2,1,2,2,2,2,1,2,2,2,2,2,2,"Tennessee",1
"25877",470527,47,18691,35.17270556,-89.99552222,3,3,8,4,12,6,0,12,0,2,2,0,1,1,1,1,47,2,2,1,1,3,2,2,2,2,2,3,2,2,2,2,2,2,"Tennessee",0
"25878",470528,47,18976,35.07433333,-89.87249444,1,1,8,2,20,6,0,8,0,1,1,0,1,3,1,1,47,2,2,2,1,1,2,2,1,2,2,3,2,2,2,2,2,2,"Tennessee",0
"25879",470529,47,16288,36.21801111,-86.62391111,3,3,8,4,13,3,0,12,0,8,1,0,1,1,1,1,47,2,2,1,1,2,2,2,2,2,2,3,2,1,1,2,2,2,"Tennessee",0
"25880",470530,47,17103,35.92773056,-85.46473889,2,2,8,3,9,6,0,12,0,2,2,0,1,1,2,1,47,2,2,1,1,2,2,1,2,2,2,3,2,1,2,2,2,2,"Tennessee",0
"25881",470531,47,15699,36.5626,-87.401175,1,1,8,5,20,2,0,8,0,1,1,0,1,3,1,1,47,2,2,2,1,1,2,2,1,2,2,3,1,2,2,2,1,2,"Tennessee",0
"25882",470532,47,16271,36.22356944,-87.34448056,1,1,8,1,3,3,0,42,0,1,1,0,4,2,1,1,47,1,2,2,2,1,2,2,2,1,2,3,2,2,2,2,2,2,"Tennessee",0
"25883",470533,47,19099,35.02043889,-89.80544722,3,3,8,5,14,3,0,5,0,2,2,0,1,1,1,1,47,2,2,1,1,2,1,1,2,2,2,3,1,2,2,2,1,2,"Tennessee",0
"25884",470534,47,17530,35.69426944,-84.08786111,3,3,8,4,12,4,0,12,0,1,1,0,1,1,1,1,47,2,2,1,1,2,2,2,2,2,2,3,2,1,2,2,2,2,"Tennessee",0
"25885",470535,47,18284,35.32341944,-89.807475,1,1,8,6,20,3,0,23,0,1,1,0,4,2,1,1,47,1,2,2,2,1,2,2,2,1,2,1,2,2,2,2,1,2,"Tennessee",1
"25886",470536,47,17456,35.73461111,-86.8996,1,1,8,5,19,3,0,1,1,18,1,0,1,5,1,1,47,2,2,2,1,1,1,2,2,2,2,1,2,2,2,2,2,2,"Tennessee",1
"25887",470537,47,16941,36.00466944,-84.23431111,4,4,8,2,15,3,0,12,0,1,1,0,1,1,1,1,47,2,2,1,1,3,2,2,2,1,2,3,2,1,1,2,2,2,"Tennessee",0
"25888",470538,47,18974,35.07469167,-90.05800833,1,1,8,4,16,2,0,12,0,1,1,0,1,1,1,1,47,2,2,1,1,2,1,2,2,2,2,2,2,2,1,2,2,2,"Tennessee",0
"25889",470539,47,15954,36.38006944,-82.52451111,1,1,8,5,18,4,0,42,0,1,1,0,4,1,1,1,47,2,2,2,1,1,2,1,2,1,2,1,2,2,2,2,2,2,"Tennessee",1
"25890",470540,47,18184,35.36861111,-86.88556944,2,2,8,6,15,1,0,52,0,1,1,0,4,1,1,2,47,1,1,1,1,1,2,2,2,1,2,2,2,1,2,2,2,2,"Tennessee",0
"25891",470541,47,17857,35.5182,-85.041,1,1,8,6,21,3,0,35,0,1,1,0,4,2,1,1,47,1,2,2,2,1,1,2,2,2,2,1,2,2,2,2,2,2,"Tennessee",1
"25892",470542,47,16677,36.09713056,-83.82926111,1,1,8,7,15,4,0,32,0,1,1,0,4,1,1,1,47,2,2,1,2,1,2,2,2,1,2,3,2,2,2,2,2,2,"Tennessee",1
"25893",470543,47,15991,36.35788889,-82.24243889,1,1,8,5,17,3,0,24,0,1,1,0,4,1,1,1,47,2,2,1,1,1,2,1,2,1,2,1,2,1,2,2,2,2,"Tennessee",1
"25894",470544,47,16647,36.10518889,-87.27458889,1,1,8,5,11,2,0,42,0,1,1,0,4,1,1,1,47,1,2,1,1,1,2,2,2,1,2,1,2,2,2,2,2,2,"Tennessee",1
"25895",470545,47,15753,36.51981944,-84.53651944,3,3,8,7,16,4,0,12,0,1,1,0,1,1,1,1,47,1,2,1,2,2,2,2,2,2,2,3,2,1,2,2,2,2,"Tennessee",0
"25896",470546,47,17893,35.50088889,-84.68128056,1,1,8,1,1,4,0,24,0,1,1,0,4,2,5,1,47,1,2,2,2,1,1,2,2,2,2,1,2,2,2,2,2,2,"Tennessee",1
"25897",470547,47,17490,35.72048056,-86.55986944,2,2,8,1,10,4,0,38,0,1,1,0,4,1,1,1,47,1,2,1,2,1,2,2,2,1,2,2,1,2,2,2,2,2,"Tennessee",0
"25898",470548,47,17289,35.83468889,-85.4617,5,5,8,5,18,4,0,8,0,1,1,0,1,1,1,1,47,1,2,2,1,1,2,2,1,2,2,2,2,2,2,2,1,2,"Tennessee",0
"25899",470549,47,18770,35.14723056,-89.87871389,4,4,8,1,20,1,0,12,1,5,1,1,8,2,1,2,47,2,1,2,2,3,2,2,1,2,2,2,2,2,2,2,2,2,"Tennessee",1
"25900",470550,47,17006,35.97313889,-83.21228056,2,2,8,2,12,2,0,12,0,8,1,0,1,1,1,1,47,2,2,1,1,2,2,2,2,1,2,2,2,1,2,2,1,2,"Tennessee",0
"25901",470551,47,16626,36.11356944,-82.94978889,2,2,9,3,12,3,0,38,0,1,1,0,5,1,1,1,47,1,2,1,1,1,1,2,2,2,2,3,2,2,2,2,2,2,"Tennessee",0
"25902",470552,47,16429,36.1722,-83.90448056,2,2,8,4,20,3,0,12,0,1,1,0,1,2,1,1,47,1,2,2,1,2,2,2,2,1,2,1,2,2,2,2,2,2,"Tennessee",1
"25903",470553,47,16585,36.12605,-83.86378056,1,1,8,6,16,4,0,30,0,1,1,0,4,1,1,1,47,2,2,1,1,1,2,2,2,2,2,3,2,2,2,2,2,2,"Tennessee",1
"25904",470554,47,16424,36.17258889,-86.79971944,1,1,8,6,3,1,0,1,0,1,1,0,4,3,1,1,47,2,1,2,1,1,2,2,2,1,2,3,2,2,2,2,1,2,"Tennessee",1
"25905",470555,47,16651,36.10326944,-86.62751944,1,1,8,7,99,6,0,8,0,1,1,0,1,2,1,1,47,2,2,3,2,1,2,2,1,2,2,3,2,2,2,1,2,2,"Tennessee",0
"25906",470556,47,17759,35.56398056,-84.10153056,2,2,8,1,18,3,0,12,0,1,1,0,1,1,1,1,47,1,2,2,2,2,1,1,2,2,2,2,2,2,1,2,1,2,"Tennessee",0
"25907",470557,47,17187,35.8811,-86.48108056,2,2,8,5,11,3,0,12,1,5,1,0,1,1,1,1,47,2,2,1,1,2,2,2,2,2,2,3,2,1,2,2,2,2,"Tennessee",0
"25908",470558,47,17923,35.48608889,-86.61596111,1,1,8,1,16,3,0,1,0,1,1,0,1,1,1,1,47,1,2,1,2,1,2,2,2,1,2,2,2,2,2,2,2,2,"Tennessee",0
"25909",470559,47,15743,36.53301111,-87.43681111,1,1,8,2,20,4,0,32,0,1,1,0,4,2,1,1,47,1,2,2,1,1,1,2,2,2,2,2,2,2,2,2,2,2,"Tennessee",0
"25910",470561,47,17892,35.50101111,-85.03926111,2,2,8,6,15,3,0,1,0,1,1,0,4,1,1,1,47,1,2,1,1,1,2,1,2,1,2,3,2,2,2,2,1,2,"Tennessee",0
"25911",470562,47,17952,35.47106944,-85.91956944,1,1,9,4,16,3,0,1,0,1,1,0,4,1,1,1,47,1,2,1,1,1,2,2,2,1,2,1,2,2,2,2,2,2,"Tennessee",1
"25912",470563,47,17287,35.83536944,-84.20948056,2,2,8,6,0,4,0,12,0,1,1,0,1,2,1,1,47,2,2,2,1,2,1,1,2,2,2,1,2,2,1,2,2,2,"Tennessee",1
"25913",470564,47,18762,35.1492,-85.5355,2,2,8,7,16,4,0,1,0,1,1,0,4,1,1,1,47,1,2,1,2,1,2,2,2,1,2,1,2,2,2,2,2,2,"Tennessee",1
"25914",470565,47,17723,35.58398889,-88.83861944,1,1,9,6,23,4,0,20,0,1,1,0,4,2,1,1,47,2,2,2,2,1,2,2,2,1,2,1,2,2,2,2,2,2,"Tennessee",1
"25915",470566,47,16548,36.13828889,-86.31988056,1,1,9,7,8,2,0,42,0,1,1,0,4,1,1,1,47,1,2,1,2,1,2,2,2,2,2,2,2,2,2,2,2,2,"Tennessee",0
"25916",470567,47,15782,36.50418056,-87.91056111,1,1,9,7,14,3,0,1,0,1,1,0,4,1,1,1,47,1,2,1,2,1,1,1,2,2,2,3,2,2,2,2,2,2,"Tennessee",0
"25917",470568,47,17017,35.96898889,-86.44908889,4,4,9,4,14,3,0,12,0,1,1,0,1,1,1,2,47,1,2,1,1,3,2,2,2,2,2,2,2,2,2,2,2,2,"Tennessee",0
"25918",470569,47,17334,35.80718056,-86.04053056,1,1,9,4,7,4,0,43,0,1,1,0,4,1,1,1,47,1,2,1,1,1,2,2,2,1,2,2,2,2,2,2,2,2,"Tennessee",0
"25919",470570,47,18720,35.16275,-89.95563889,1,1,8,7,18,3,0,33,0,1,1,0,4,1,1,1,47,2,2,2,2,1,2,1,2,2,2,2,2,2,1,2,2,2,"Tennessee",0
"25920",470571,47,18699,35.17031111,-89.32366111,1,1,9,7,15,4,0,42,0,1,1,0,4,1,1,1,47,1,2,1,2,1,2,2,2,1,2,1,2,2,2,2,2,2,"Tennessee",1
"25921",470572,47,16080,36.31465,-86.8841,7,7,6,7,23,2,0,12,0,1,1,0,1,2,1,1,47,1,2,2,2,2,2,2,2,2,2,1,1,2,2,2,2,2,"Tennessee",1
"25922",470573,47,16875,36.03621111,-86.64468889,1,1,8,5,21,1,0,5,0,1,1,0,1,2,1,1,47,2,1,2,1,1,1,1,2,2,2,3,2,2,2,2,2,2,"Tennessee",0
"25923",470574,47,16232,36.24396111,-86.63673889,2,2,8,1,20,3,0,43,0,1,1,1,5,2,1,1,47,2,2,2,2,1,1,2,2,2,2,3,2,2,2,2,2,2,"Tennessee",0
"25924",470575,47,17159,35.89778889,-83.43001111,4,4,8,7,12,2,0,12,0,2,2,0,1,1,1,1,47,1,2,1,2,2,2,2,2,2,2,2,2,1,2,2,2,2,"Tennessee",0
"25925",470576,47,16347,36.19513056,-84.65941944,3,3,9,6,15,2,0,12,0,1,1,0,1,1,1,1,47,1,2,1,1,2,2,2,2,2,2,2,2,2,2,2,2,1,"Tennessee",0
"25926",470577,47,17480,35.72401111,-86.24821944,1,1,9,7,99,4,0,42,0,1,1,0,4,9,99,1,47,1,2,3,2,1,1,2,2,2,2,1,2,2,2,2,2,2,"Tennessee",1
"25927",470578,47,18833,35.12101111,-84.95178056,1,1,8,5,22,2,0,8,0,1,1,0,1,2,1,1,47,2,2,2,1,1,2,2,1,2,2,2,2,2,2,2,2,2,"Tennessee",0
"25928",470579,47,17357,35.79393056,-84.24866944,3,3,9,4,18,2,0,12,0,1,1,0,1,1,10,1,47,2,2,2,1,2,2,2,2,2,2,3,2,2,1,2,2,2,"Tennessee",0
"25929",470580,47,15879,36.42671944,-84.29081944,2,2,9,5,18,1,0,24,0,1,1,0,4,1,2,1,47,1,1,2,1,2,2,2,2,2,2,2,2,2,2,2,2,2,"Tennessee",0
"25930",470581,47,17094,35.93263056,-84.02446944,2,2,8,7,1,1,0,25,0,1,1,0,4,3,1,1,47,2,1,2,2,1,2,2,2,2,2,3,2,2,2,2,2,2,"Tennessee",0
"25931",470582,47,16945,36.00151111,-88.76901944,1,1,9,3,16,4,0,42,0,1,1,0,4,1,1,1,47,1,2,1,1,1,2,2,2,2,2,3,2,2,2,2,2,2,"Tennessee",0
"25932",470583,47,17324,35.81381111,-85.54061111,3,3,9,7,1,2,0,1,0,1,1,0,3,2,1,1,47,1,2,2,2,1,2,2,2,1,2,2,2,2,1,2,2,2,"Tennessee",0
"25933",470584,47,16488,36.15438889,-84.09853056,1,1,9,1,2,3,0,34,0,1,1,0,4,3,1,1,47,1,2,2,2,1,2,1,2,1,2,1,2,2,2,2,1,2,"Tennessee",1
"25934",470585,47,16578,36.12961944,-86.71486944,1,1,9,1,17,2,0,8,0,1,1,0,1,1,1,1,47,2,2,1,2,1,2,2,1,2,2,3,2,2,2,2,2,2,"Tennessee",0
"25935",470586,47,16930,36.01253889,-85.57003889,2,2,9,1,3,4,0,38,0,1,1,0,4,2,1,1,47,1,2,2,2,1,2,1,2,1,2,1,2,2,2,2,2,2,"Tennessee",1
"25936",470587,47,16175,36.27253056,-86.44181111,3,3,8,7,5,3,0,12,0,1,1,0,1,2,1,1,47,1,2,2,2,3,2,1,2,2,2,1,2,2,1,2,2,2,"Tennessee",1
"25937",470588,47,16017,36.3453,-84.08856111,1,1,9,2,2,4,0,35,0,1,1,0,4,2,1,1,47,1,2,2,2,1,2,2,2,1,2,1,2,2,2,2,2,2,"Tennessee",1
"25938",470589,47,15775,36.50868889,-87.67801111,1,1,9,3,17,3,0,30,0,1,1,0,4,1,1,1,47,1,2,1,1,1,1,1,2,2,2,1,2,2,2,2,1,2,"Tennessee",1
"25939",470590,47,16166,36.27680278,-85.87689722,2,2,9,5,21,4,0,1,0,1,1,0,4,2,1,1,47,1,2,2,1,1,2,2,2,1,2,3,2,2,2,2,2,2,"Tennessee",0