"","ST_CASE","OBJECT_ID","FID","LATITUDE","LONGITUD","PERMVIT","PERSONS","MONTH","DAY_WEEK","HOUR","ROUTE","SP_JUR","HARM_EV","RELJCT1","RELJCT2","TYP_INT","WRK_ZONE","REL_ROAD","LGT_COND","WEATHER","FATALS","STATE","A_RU","A_INTER","A_TOD","A_DOW","A_CT","A_MC","A_SPCRA","A_PED","A_ROLL","A_POLPUR","A_POSBAC","A_D15_20","A_D65PLS","A_D21_24","A_HR","A_DIST","A_DROWSY","STATE_NAME","drunkDr"
"26075",470732,47,17283,35.83576944,-86.39291111,6,6,11,2,9,2,0,12,0,1,1,0,1,1,2,1,47,2,2,1,1,2,2,2,2,2,2,3,2,2,1,2,2,2,"Tennessee",0
"26076",470733,47,17313,35.81948889,-88.2587,1,1,11,3,0,1,0,1,0,1,1,0,4,2,5,1,47,1,1,2,1,1,2,2,2,1,2,2,2,2,1,2,2,2,"Tennessee",0
"26077",470734,47,16413,36.17501944,-86.02093056,2,2,10,7,14,1,0,12,0,1,1,0,1,1,10,1,47,1,1,1,2,2,2,2,2,2,2,1,2,2,2,2,2,2,"Tennessee",1
"26078",470735,47,15628,36.61693056,-87.29713056,1,1,10,5,21,1,0,1,0,1,1,0,1,2,1,1,47,2,1,2,1,1,1,1,2,2,2,1,2,2,1,2,2,2,"Tennessee",1
"26079",470736,47,18679,35.17663889,-86.08478889,3,3,11,3,13,2,0,23,0,1,1,0,4,1,10,1,47,2,2,1,1,3,2,2,2,2,2,3,2,1,2,2,2,2,"Tennessee",0
"26080",470737,47,16895,36.02688889,-85.0349,1,1,11,2,11,4,0,34,0,1,1,0,4,1,2,1,47,1,2,1,1,1,2,1,2,1,2,1,2,2,2,2,2,2,"Tennessee",1
"26081",470738,47,17601,35.64908889,-88.83988889,1,1,11,5,19,2,0,19,0,1,1,0,5,3,10,1,47,2,2,2,1,1,2,2,2,2,2,3,2,1,2,2,2,2,"Tennessee",0
"26082",470740,47,16301,36.21155,-87.27878056,1,1,9,2,12,3,0,30,0,1,1,0,4,1,1,1,47,1,2,1,1,1,2,2,2,2,2,3,2,1,2,2,2,2,"Tennessee",0
"26083",470741,47,17403,35.76858056,-88.67501944,4,4,11,3,13,2,0,42,0,1,1,0,4,1,1,1,47,1,2,1,1,1,2,2,2,2,2,2,2,2,2,2,2,1,"Tennessee",0
"26084",470742,47,17459,35.73413889,-89.59953889,2,2,11,4,17,4,0,12,0,1,1,0,1,5,10,1,47,1,2,1,1,2,2,2,2,2,2,1,2,2,2,2,2,2,"Tennessee",1
"26085",470743,47,15725,36.54333056,-87.43126944,1,1,11,2,7,4,0,53,0,1,1,0,4,1,1,1,47,1,2,1,1,1,2,2,2,1,2,2,1,2,2,2,1,2,"Tennessee",0
"26086",470744,47,15773,36.51015,-87.32637778,1,1,11,4,22,6,0,42,0,1,1,0,4,3,1,1,47,2,2,2,1,1,2,1,2,2,2,1,2,2,1,2,1,2,"Tennessee",1
"26087",470745,47,16897,36.02641944,-83.86183056,4,4,11,4,21,6,0,8,0,1,1,0,1,3,1,1,47,2,2,2,1,1,2,2,1,2,2,3,2,2,2,1,2,2,"Tennessee",0
"26088",470746,47,18111,35.39768889,-85.10511944,2,2,11,2,18,2,0,8,0,1,1,0,1,2,2,1,47,1,2,2,1,1,2,2,1,2,2,2,2,2,2,2,2,2,"Tennessee",0
"26089",470747,47,16914,36.02068889,-83.65398056,3,3,10,6,19,2,0,12,0,1,1,0,1,5,1,1,47,1,2,2,2,2,2,1,2,1,2,3,2,2,1,2,2,2,"Tennessee",0
"26090",470748,47,16852,36.04501944,-83.82061111,2,2,11,2,21,2,0,8,0,2,3,0,1,2,2,1,47,2,2,2,1,1,2,2,1,2,2,2,2,2,2,2,2,2,"Tennessee",0
"26091",470749,47,15940,36.38846111,-85.30618889,2,2,11,3,9,3,0,12,0,1,1,0,1,1,1,2,47,1,2,1,1,2,2,2,1,2,2,2,2,1,2,2,2,2,"Tennessee",0
"26092",470750,47,18312,35.31328056,-89.81761111,9,9,11,6,16,3,0,24,0,1,1,0,4,5,1,2,47,1,2,1,1,3,2,2,2,2,2,3,2,2,2,2,2,2,"Tennessee",0
"26093",470751,47,16656,36.10201111,-87.34191111,2,2,11,1,2,4,0,53,0,1,1,0,4,2,1,1,47,1,2,2,2,1,2,2,2,1,2,3,1,2,2,2,2,2,"Tennessee",0
"26094",470752,47,17156,35.89961944,-83.8162,2,2,11,4,13,2,0,12,0,8,1,0,1,1,1,1,47,2,2,1,1,2,2,2,2,2,2,3,2,1,2,2,2,2,"Tennessee",0
"26095",470753,47,17307,35.82283056,-86.91286111,1,1,11,2,9,3,0,14,0,1,1,0,2,1,2,1,47,1,2,1,1,1,2,2,1,2,2,2,2,2,2,2,2,2,"Tennessee",0
"26096",470754,47,17027,35.96226111,-85.03625,3,3,6,2,22,2,0,12,0,2,2,0,1,3,1,1,47,2,2,2,1,2,1,2,2,2,2,2,1,2,2,2,2,2,"Tennessee",0
"26097",470755,47,16173,36.27381389,-82.53068889,3,3,7,4,14,2,0,12,0,2,2,0,1,1,1,1,47,1,2,1,1,2,2,2,2,2,2,3,2,1,2,2,2,2,"Tennessee",0
"26098",470756,47,17039,35.95811944,-83.14558056,4,4,10,3,4,4,0,34,0,1,1,0,4,2,2,1,47,2,2,2,1,1,2,1,2,2,2,2,1,2,2,2,2,2,"Tennessee",1
"26099",470757,47,19073,35.03118333,-90.08697778,2,2,11,7,18,6,0,14,0,1,1,0,7,3,1,1,47,2,2,2,2,1,2,2,1,2,2,2,2,2,1,2,2,2,"Tennessee",1
"26100",470758,47,18760,35.15006111,-89.94444722,1,1,11,5,19,6,0,8,0,1,1,0,1,3,1,1,47,2,2,2,1,1,2,2,1,2,2,1,2,2,2,2,2,2,"Tennessee",1
"26101",470759,47,18796,35.13565278,-90.00541944,1,1,11,3,15,2,0,8,0,2,2,0,1,1,1,1,47,2,2,1,1,1,2,2,1,2,2,3,2,2,1,2,2,2,"Tennessee",0
"26102",470760,47,16062,36.32378611,-82.31939722,6,6,11,5,14,3,0,12,0,1,1,0,1,1,10,1,47,2,2,1,1,2,2,2,2,2,2,2,2,2,2,2,1,2,"Tennessee",0
"26103",470761,47,17078,35.93821111,-83.81253056,2,2,11,7,1,3,0,12,0,1,1,0,1,2,1,1,47,2,2,2,2,2,2,2,2,2,2,3,1,2,2,2,2,2,"Tennessee",1
"26104",470763,47,17472,35.72818056,-88.76198889,2,2,11,5,21,4,0,32,0,1,1,0,4,2,1,1,47,2,2,2,1,1,2,2,2,2,2,3,2,2,2,2,1,2,"Tennessee",0
"26105",470764,47,15680,36.57764722,-87.31510556,3,3,11,7,2,3,0,12,0,3,2,0,1,3,1,1,47,2,2,2,2,2,2,1,2,2,2,1,2,2,2,2,2,1,"Tennessee",1
"26106",470765,47,19160,34.9916,-85.29023056,2,2,10,1,14,2,0,9,0,1,1,0,1,1,10,1,47,2,2,1,2,1,2,2,2,2,2,3,2,2,2,2,2,2,"Tennessee",0
"26107",470766,47,16114,36.29893056,-88.38136111,1,1,11,6,13,3,0,32,0,1,1,0,4,1,10,1,47,1,2,1,1,1,2,2,2,2,2,2,2,1,2,2,2,2,"Tennessee",0
"26108",470767,47,15829,36.46938056,-87.13003056,1,1,11,2,10,1,0,42,0,1,1,0,4,1,2,1,47,1,1,1,1,1,2,2,2,2,2,3,2,1,2,2,2,2,"Tennessee",0
"26109",470768,47,15710,36.55928889,-82.2747,6,6,11,1,17,3,0,12,0,2,2,0,1,2,1,1,47,2,2,1,2,2,2,2,2,2,2,2,2,1,2,2,2,2,"Tennessee",0
"26110",470769,47,17471,35.72991111,-84.75261944,1,1,9,7,20,4,0,34,0,1,1,0,4,2,1,1,47,1,2,2,2,1,1,1,2,2,2,1,2,1,2,2,2,2,"Tennessee",1
"26111",470770,47,16249,36.23481111,-82.32901111,1,1,10,2,23,6,0,35,0,1,1,0,4,2,2,1,47,2,2,2,1,1,2,2,2,2,2,3,2,2,1,2,2,2,"Tennessee",0
"26112",470771,47,17212,35.86936944,-83.10286944,1,1,11,2,99,4,0,1,0,1,1,0,4,2,1,1,47,1,2,3,3,1,2,2,2,1,2,1,2,2,2,2,2,2,"Tennessee",1
"26113",470772,47,17820,35.53748889,-87.48593889,4,4,11,5,14,4,0,42,0,1,1,0,4,1,1,1,47,1,2,1,1,1,2,2,2,2,2,2,2,2,1,2,2,2,"Tennessee",0
"26114",470773,47,17084,35.93641944,-84.07868889,1,1,11,4,2,6,0,53,0,1,1,0,4,2,1,1,47,2,2,2,1,1,2,2,2,2,2,3,2,2,2,2,2,2,"Tennessee",1
"26115",470774,47,18330,35.30601111,-84.80808889,2,2,11,7,14,1,0,12,0,1,1,0,1,1,1,1,47,2,1,1,2,2,2,2,2,2,2,1,2,2,2,2,1,2,"Tennessee",1
"26116",470775,47,17132,35.91268889,-86.45743056,1,1,11,6,21,2,0,42,0,1,1,0,4,2,10,1,47,2,2,2,2,1,2,2,2,2,2,2,2,2,2,2,2,2,"Tennessee",0
"26117",470776,47,16041,36.33208056,-83.12203056,1,1,11,7,19,4,0,42,0,1,1,0,4,2,1,1,47,1,2,2,2,1,2,2,2,2,2,2,2,2,1,2,2,2,"Tennessee",1
"26118",470777,47,17608,35.64703056,-86.99083056,1,1,11,3,11,6,0,42,0,1,1,0,5,1,1,1,47,2,2,1,1,1,2,2,2,2,2,3,2,1,2,2,2,2,"Tennessee",0
"26119",470778,47,16860,36.041775,-84.35581111,1,1,11,5,16,3,0,42,0,1,1,0,4,1,1,1,47,2,2,1,1,1,2,2,2,2,2,3,2,1,2,2,2,2,"Tennessee",0
"26120",470779,47,17451,35.73988056,-86.65008889,1,1,11,7,9,2,0,34,0,1,1,0,4,1,10,1,47,1,2,1,2,1,2,2,2,2,2,3,2,1,2,2,2,2,"Tennessee",0
"26121",470780,47,16140,36.28861944,-86.84463889,2,2,11,5,20,2,0,43,0,1,1,0,4,2,1,1,47,1,2,2,1,1,1,1,2,2,2,1,2,2,2,2,2,2,"Tennessee",1
"26122",470781,47,18344,35.29761944,-84.81158056,3,3,11,7,0,1,0,42,0,1,1,0,3,2,10,1,47,2,1,2,2,1,2,2,2,2,2,2,2,2,2,2,2,2,"Tennessee",0
"26123",470782,47,17145,35.9064,-83.842,4,4,12,4,16,3,0,12,0,2,2,0,1,1,10,1,47,2,2,1,1,2,2,2,2,2,2,3,2,1,1,2,2,2,"Tennessee",0
"26124",470783,47,18848,35.11710556,-90.001825,7,7,11,3,15,2,0,12,0,2,2,0,1,1,1,1,47,2,2,1,1,2,2,2,2,1,2,3,2,2,2,2,2,2,"Tennessee",0
"26125",470784,47,16155,36.28298889,-88.66203889,1,1,11,3,14,3,0,16,0,1,1,0,1,1,6,1,47,1,2,1,1,1,2,2,2,2,2,3,2,2,2,2,2,2,"Tennessee",0
"26126",470785,47,19072,35.03176944,-85.31608056,1,1,11,6,20,1,0,8,0,1,1,0,1,3,1,1,47,2,1,2,2,1,2,2,1,2,2,2,2,2,2,2,2,2,"Tennessee",0
"26127",470786,47,16378,36.18528889,-85.51141111,3,3,11,5,13,3,0,12,0,1,1,0,2,1,1,1,47,2,2,1,1,2,2,2,2,2,2,3,2,2,2,2,2,2,"Tennessee",1
"26128",470787,47,16054,36.32541389,-82.34798056,1,1,12,3,18,6,0,8,0,1,1,0,1,2,2,1,47,2,2,2,1,1,2,2,1,2,2,1,2,2,2,2,2,2,"Tennessee",1
"26129",470788,47,17045,35.95508889,-86.51251111,4,4,11,5,10,3,0,12,1,2,3,0,1,1,1,1,47,2,2,1,1,3,2,2,2,2,2,3,2,1,2,2,2,2,"Tennessee",0
"26130",470789,47,15678,36.57833611,-82.27888611,1,1,12,4,8,4,0,9,0,1,1,0,2,2,1,1,47,2,2,1,1,1,2,1,2,2,2,3,2,2,1,1,2,2,"Tennessee",0
"26131",470790,47,17176,35.88748056,-87.265,3,3,10,4,99,3,0,8,0,1,1,0,1,2,1,1,47,1,2,3,1,2,2,2,1,2,2,3,2,2,2,1,2,2,"Tennessee",0
"26132",470791,47,17085,35.93636944,-84.05395,2,2,11,2,17,6,0,53,0,1,1,0,4,1,1,1,47,2,2,1,1,1,2,2,2,2,2,3,2,1,2,2,2,2,"Tennessee",0
"26133",470792,47,16570,36.13161111,-83.914,3,3,12,3,17,3,0,8,0,1,1,1,1,2,2,1,47,2,2,1,1,2,2,2,1,2,2,2,2,2,2,2,2,2,"Tennessee",0
"26134",470793,47,16791,36.06251944,-86.93341944,1,1,11,3,1,6,0,52,0,1,1,0,4,2,10,1,47,2,2,2,1,1,2,2,2,1,2,1,2,2,2,2,2,2,"Tennessee",1
"26135",470794,47,18004,35.45578889,-84.28083056,2,2,11,1,9,4,0,12,0,1,1,0,1,1,1,1,47,1,2,1,2,2,2,2,2,2,2,1,2,1,1,2,2,2,"Tennessee",2
"26136",470795,47,17606,35.6484,-88.59551111,1,1,11,1,20,4,0,59,0,1,1,0,4,2,2,1,47,1,2,2,2,1,2,2,2,2,2,2,2,1,2,2,2,2,"Tennessee",0
"26137",470796,47,16494,36.15206944,-83.59563889,1,1,12,3,16,4,0,42,0,1,1,0,4,1,2,1,47,1,2,1,1,1,2,1,2,2,2,3,2,2,2,2,2,2,"Tennessee",0
"26138",470797,47,17095,35.93236111,-85.02211944,2,2,12,5,15,3,0,12,0,1,1,0,1,1,1,1,47,2,2,1,1,2,2,2,2,2,2,3,2,2,2,2,2,2,"Tennessee",0
"26139",470798,47,18595,35.20475833,-89.79854722,1,1,10,1,1,2,0,24,0,1,1,0,4,3,1,1,47,2,2,2,2,1,2,2,2,2,2,1,2,2,2,2,2,2,"Tennessee",1
"26140",470799,47,18727,35.16093333,-90.02265833,2,2,11,1,17,6,0,8,0,1,1,0,1,3,1,1,47,2,2,1,2,1,2,2,1,2,2,3,2,2,2,2,2,2,"Tennessee",0
"26141",470801,47,18705,35.16691389,-90.02806111,2,2,12,3,18,6,0,12,0,2,3,0,1,3,1,1,47,2,2,2,1,2,1,2,2,2,2,1,2,2,2,2,2,2,"Tennessee",1
"26142",470802,47,17070,35.94283889,-83.58371944,4,4,12,5,11,3,0,12,0,2,2,1,1,1,1,2,47,2,2,1,1,2,2,2,2,2,2,2,2,2,2,2,2,2,"Tennessee",0
"26143",470803,47,16749,36.07458889,-87.43118056,1,1,11,4,16,4,0,34,0,1,1,0,4,5,1,1,47,1,2,1,1,1,1,2,2,2,2,3,2,2,2,2,2,2,"Tennessee",0
"26144",470804,47,16802,36.05945,-83.93128889,1,1,12,7,19,4,0,34,0,1,1,0,4,2,1,1,47,2,2,2,2,1,2,2,2,2,2,3,2,2,2,2,2,2,"Tennessee",1
"26145",470805,47,16975,35.98836944,-87.10126111,2,2,12,2,16,3,0,12,0,1,1,0,1,5,1,1,47,2,2,1,1,2,2,2,2,2,2,3,2,1,2,2,2,2,"Tennessee",0
"26146",470806,47,16993,35.9787,-84.1748,3,3,11,6,0,3,0,8,1,18,1,0,1,2,1,1,47,2,2,2,1,1,2,2,1,2,2,2,2,2,2,2,2,2,"Tennessee",0
"26147",470807,47,18366,35.29108889,-88.46151111,3,3,11,7,23,3,0,1,0,1,1,0,1,2,1,1,47,1,2,2,2,1,2,1,2,1,2,3,1,2,2,2,2,2,"Tennessee",0
"26148",470808,47,15599,36.63126111,-87.38626389,4,4,12,6,15,3,0,12,0,1,1,0,1,1,1,1,47,2,2,1,1,3,2,2,2,2,2,3,2,2,2,2,2,2,"Tennessee",0
"26149",470809,47,15961,36.37710278,-86.893675,2,2,9,3,14,2,0,12,0,2,3,0,1,1,10,1,47,1,2,1,1,2,2,2,2,2,2,2,2,2,2,2,2,2,"Tennessee",1
"26150",470810,47,18821,35.12541667,-89.86821944,2,2,12,3,10,1,0,12,0,1,1,0,1,1,1,1,47,2,1,1,1,2,2,2,2,2,2,3,2,2,2,2,2,2,"Tennessee",0
"26151",470811,47,16135,36.29015,-84.84608056,1,1,12,5,99,4,0,42,0,1,1,0,4,9,99,1,47,1,2,3,1,1,2,2,2,1,2,1,2,2,2,2,1,2,"Tennessee",1
"26152",470812,47,17054,35.9508,-83.91433056,2,2,12,5,14,2,0,12,0,8,1,0,1,1,10,1,47,2,2,1,1,2,1,2,2,2,2,2,2,2,1,2,2,2,"Tennessee",0
"26153",470813,47,16994,35.97841111,-84.33648056,2,2,12,5,20,3,0,12,0,2,3,0,1,3,1,1,47,2,2,2,1,2,2,2,2,2,2,3,2,1,2,2,2,2,"Tennessee",0
"26154",470814,47,15665,36.58643333,-82.4681,3,3,9,7,15,4,0,32,0,1,1,0,4,1,1,1,47,2,2,1,2,1,2,2,2,2,2,1,2,2,2,2,2,2,"Tennessee",1
"26155",470815,47,17632,35.63088889,-85.85805,2,2,12,4,19,3,0,12,0,4,1,0,1,3,1,1,47,1,2,2,1,2,2,1,2,1,2,2,1,2,2,2,2,2,"Tennessee",0
"26156",470816,47,16004,36.35203889,-82.42438056,2,2,12,6,3,4,0,42,0,1,1,0,4,2,1,1,47,2,2,2,1,1,2,2,2,2,2,1,1,2,2,2,2,2,"Tennessee",1
"26157",470817,47,16965,35.99161944,-86.59718889,1,1,12,2,14,6,0,8,0,2,2,0,1,1,10,1,47,2,2,1,1,1,2,2,1,2,2,3,2,2,2,2,2,2,"Tennessee",0
"26158",470818,47,18723,35.16181944,-88.38598889,4,4,12,3,10,3,0,12,0,2,3,0,1,1,1,3,47,1,2,1,1,2,2,2,2,2,2,2,2,2,2,2,2,2,"Tennessee",0
"26159",470819,47,16103,36.30391944,-87.10341944,1,1,12,6,10,3,0,42,0,1,1,0,4,1,1,1,47,1,2,1,1,1,2,2,2,2,2,2,2,2,2,2,2,2,"Tennessee",0
"26160",470820,47,15742,36.53373889,-87.23305,4,4,11,3,8,1,0,12,0,1,1,0,1,1,1,1,47,2,1,1,1,3,2,2,2,2,2,3,2,1,2,2,2,2,"Tennessee",0
"26161",470821,47,17230,35.86168889,-84.41053889,2,2,12,7,22,1,0,8,0,1,1,0,1,2,1,1,47,1,1,2,2,1,2,2,1,2,2,2,2,2,1,2,2,2,"Tennessee",0
"26162",470822,47,18985,35.07260278,-89.94722778,2,2,12,6,23,2,0,12,0,2,2,0,1,3,10,1,47,2,2,2,2,2,2,2,2,2,2,3,2,2,2,2,2,2,"Tennessee",0
"26163",470823,47,16918,36.01766944,-83.05193056,2,2,12,4,20,4,0,30,0,1,1,0,4,2,1,1,47,2,2,2,1,1,2,2,2,1,2,1,2,2,2,2,2,2,"Tennessee",1
"26164",470824,47,16445,36.16588056,-86.78186111,1,1,11,2,17,6,0,8,0,3,2,0,1,3,2,1,47,2,2,1,1,1,2,2,1,2,2,2,2,2,2,2,2,2,"Tennessee",0
"26165",470825,47,16543,36.14013056,-86.70955,1,1,11,3,21,6,0,8,0,1,1,0,1,3,1,1,47,2,2,2,1,1,2,2,1,2,2,3,2,2,2,2,2,2,"Tennessee",0
"26166",470826,47,18493,35.2367,-85.8407,7,7,12,1,5,1,0,12,0,1,1,0,1,2,1,1,47,1,1,2,2,3,2,2,2,2,2,3,2,1,2,2,1,2,"Tennessee",0
"26167",470827,47,18354,35.29580833,-89.98855,1,1,12,7,15,4,0,43,0,1,1,0,4,1,1,1,47,1,2,1,2,1,1,1,2,2,2,3,2,2,2,2,2,2,"Tennessee",0
"26168",470828,47,18716,35.16372222,-90.03671111,2,2,12,3,19,2,0,8,0,3,2,0,1,3,1,1,47,2,2,2,1,1,2,2,1,2,2,3,2,2,1,2,2,2,"Tennessee",0
"26169",470829,47,18505,35.23329444,-89.92580278,3,3,12,1,2,6,0,12,0,8,1,0,1,3,1,1,47,2,2,2,2,2,2,2,2,2,2,1,2,2,2,1,2,2,"Tennessee",2
"26170",470830,47,18803,35.13346944,-89.54878889,1,1,11,2,19,4,0,42,0,1,1,0,4,2,2,1,47,1,2,2,1,1,2,2,2,2,2,3,2,2,2,2,2,2,"Tennessee",0
"26171",470831,47,17560,35.67058056,-87.00426944,4,4,12,1,15,2,0,12,0,2,2,0,1,1,1,1,47,2,2,1,2,2,2,2,2,2,2,3,1,2,2,2,1,2,"Tennessee",0
"26172",470832,47,19117,35.01286944,-85.2824,4,4,12,4,22,6,0,12,0,2,3,0,1,3,1,1,47,2,2,2,1,2,2,1,2,2,2,1,2,2,1,2,2,2,"Tennessee",1
"26173",470833,47,17832,35.53266944,-86.95296944,5,5,12,2,7,3,0,12,0,3,3,0,1,1,1,1,47,1,2,1,1,2,2,2,2,2,2,2,2,2,1,2,1,2,"Tennessee",0
"26174",470834,47,17695,35.594,-86.26171944,2,2,12,3,14,3,0,12,0,1,1,0,1,1,1,1,47,1,2,1,1,2,2,2,2,2,2,3,1,2,2,2,2,2,"Tennessee",0
"26175",470835,47,18167,35.37641944,-86.2223,1,1,12,2,19,6,0,15,0,1,1,0,1,3,1,1,47,2,2,2,1,1,2,2,2,2,2,3,2,2,1,2,2,2,"Tennessee",0
"26176",470836,47,16188,36.26243056,-87.05573056,1,1,12,2,13,3,0,24,0,1,1,0,4,1,10,1,47,1,2,1,1,1,2,2,2,2,2,2,2,2,2,2,2,2,"Tennessee",0
"26177",470837,47,17514,35.70268889,-83.5152,1,1,12,3,21,6,0,35,0,3,4,0,4,2,2,1,47,1,2,2,1,1,2,1,2,2,1,1,2,2,2,2,2,2,"Tennessee",1
"26178",470838,47,15930,36.39295,-86.3011,2,2,12,7,99,3,0,35,0,1,1,0,4,2,1,1,47,1,2,3,2,1,2,2,2,2,2,2,2,2,2,2,2,2,"Tennessee",0
"26179",470839,47,17423,35.75518889,-84.07778056,2,2,12,2,14,2,0,12,0,2,2,0,1,1,1,1,47,2,2,1,1,2,2,2,2,2,2,1,2,1,2,2,2,2,"Tennessee",1
"26180",470840,47,16818,36.05483056,-86.95811111,3,3,10,1,15,6,0,12,0,1,1,0,1,1,2,2,47,2,2,1,2,2,2,1,2,2,2,1,1,2,2,2,2,2,"Tennessee",1
"26181",470841,47,18800,35.13408889,-89.99034444,1,1,12,5,21,2,0,8,0,2,2,0,1,3,1,1,47,2,2,2,1,1,2,2,1,2,2,3,2,2,2,2,2,2,"Tennessee",0
"26182",470842,47,17856,35.51863056,-85.00113056,1,1,12,4,12,6,0,10,0,6,1,0,1,1,1,1,47,2,2,1,1,1,2,2,2,2,2,3,2,2,2,2,2,2,"Tennessee",0
"26183",470843,47,17358,35.79248889,-84.26358889,1,1,12,3,20,2,0,19,0,1,1,0,4,3,1,1,47,2,2,2,1,1,2,2,2,2,2,2,2,2,2,2,2,2,"Tennessee",0
"26184",470844,47,17319,35.81631944,-86.06686111,1,1,12,4,22,3,0,8,0,1,1,0,1,3,2,1,47,1,2,2,1,1,2,2,1,2,2,2,2,2,2,2,2,2,"Tennessee",0
"26185",470845,47,18839,35.11903056,-86.97276944,1,1,12,7,4,2,0,52,0,1,1,0,4,2,1,1,47,1,2,2,2,1,2,2,2,1,2,2,1,2,2,2,1,2,"Tennessee",0
"26186",470846,47,17947,35.47345,-86.09866111,2,2,12,5,19,6,0,53,0,1,1,0,4,2,1,1,47,2,2,2,1,1,2,1,2,1,2,1,2,2,2,2,2,2,"Tennessee",1
"26187",470847,47,16388,36.18058889,-86.79635,2,2,12,6,17,2,0,8,0,2,2,0,1,3,1,1,47,2,2,1,1,1,2,2,1,2,2,3,2,2,2,2,2,2,"Tennessee",0
"26188",470848,47,16853,36.04493056,-86.66458889,2,2,12,7,0,3,0,12,0,1,1,0,1,3,10,1,47,2,2,2,2,2,2,2,2,2,2,2,1,2,2,2,2,2,"Tennessee",1
"26189",470849,47,15975,36.36938056,-88.86631944,4,4,12,5,15,2,0,12,0,2,3,0,1,1,1,3,47,1,2,1,1,2,2,2,2,2,2,2,2,2,2,2,2,2,"Tennessee",0
"26190",470850,47,15795,36.4975,-83.54152778,1,1,9,5,4,4,0,42,0,1,1,0,4,2,2,1,47,1,2,2,1,1,2,1,2,2,2,3,2,2,2,2,2,2,"Tennessee",0
"26191",470851,47,16146,36.28643056,-86.7451,2,2,12,5,17,2,0,8,0,1,1,0,1,3,1,1,47,2,2,1,1,1,2,2,1,2,2,3,2,2,2,2,2,2,"Tennessee",0
"26192",470852,47,15953,36.38101944,-83.05921111,2,2,12,1,17,2,0,49,0,1,1,0,1,5,1,1,47,1,2,1,2,2,2,2,2,2,2,3,2,2,2,2,2,2,"Tennessee",0
"26193",470853,47,17072,35.9418,-84.002,6,6,12,4,14,1,0,12,0,1,1,0,1,1,1,1,47,2,1,1,1,3,2,2,2,2,2,3,1,2,2,2,1,2,"Tennessee",0
"26194",470854,47,18909,35.09525,-88.2363,2,2,12,4,14,4,0,12,0,1,1,0,1,1,10,1,47,1,2,1,1,2,2,2,2,1,2,2,2,2,2,2,2,2,"Tennessee",0
"26195",470855,47,18700,35.16964444,-89.85043611,2,2,12,4,16,1,0,12,0,1,1,1,1,1,1,1,47,2,1,1,1,2,2,2,2,2,2,3,2,2,2,2,2,2,"Tennessee",0
"26196",470856,47,18767,35.14806111,-84.84006944,2,2,9,4,5,2,0,12,0,2,2,0,1,2,10,1,47,2,2,2,1,2,2,2,2,2,2,3,2,1,2,2,1,2,"Tennessee",0
"26197",470857,47,19004,35.0622,-85.60198889,4,4,11,6,15,2,0,12,0,3,3,0,1,1,10,1,47,1,2,1,1,2,2,2,2,2,2,3,1,2,2,2,1,2,"Tennessee",0
"26198",470858,47,16948,35.99953889,-83.95443056,1,1,12,3,99,6,0,8,0,1,1,0,2,3,2,1,47,2,2,3,1,1,2,2,1,2,2,3,2,2,2,1,2,2,"Tennessee",0
"26199",470859,47,15981,36.3644,-89.46866944,2,2,12,1,20,3,0,12,0,1,1,0,1,2,10,1,47,1,2,2,2,2,2,2,2,2,2,2,1,2,2,2,1,2,"Tennessee",0
"26200",470860,47,16172,36.27383056,-88.20693056,1,1,12,2,7,4,0,42,0,1,1,0,4,1,1,1,47,1,2,1,1,1,2,2,2,2,2,2,2,2,2,2,2,2,"Tennessee",0
"26201",470861,47,19009,35.06021111,-87.68575,3,3,12,3,12,3,0,12,0,1,1,0,1,1,1,1,47,1,2,1,1,2,2,2,2,2,2,3,2,1,2,2,2,2,"Tennessee",0
"26202",470862,47,16646,36.10561944,-86.6718,2,2,12,1,3,2,0,12,0,2,3,0,1,2,1,1,47,2,2,2,2,2,2,1,2,1,2,1,2,2,2,2,2,2,"Tennessee",1
"26203",470863,47,17182,35.88345,-84.81413889,1,1,12,3,21,1,0,57,0,1,1,0,3,2,1,1,47,1,1,2,1,1,2,2,2,2,2,2,2,2,2,2,1,2,"Tennessee",0
"26204",470864,47,18194,35.36523056,-84.76273056,1,1,12,5,18,4,0,42,0,1,1,0,4,2,1,1,47,1,2,2,1,1,2,2,2,2,2,2,2,1,2,2,1,2,"Tennessee",0
"26205",470865,47,16744,36.07611111,-87.3633,1,1,12,7,17,2,0,8,0,1,1,0,1,3,1,1,47,2,2,1,2,1,2,2,1,2,2,3,2,1,2,2,2,2,"Tennessee",0
"26206",470866,47,18756,35.15323333,-90.01051111,5,5,12,7,1,3,0,33,0,1,1,0,4,3,2,3,47,2,2,2,2,1,2,1,2,1,2,1,2,2,1,2,2,2,"Tennessee",1
"26207",470867,47,16736,36.08066111,-86.72666944,1,1,12,3,18,2,0,8,0,1,1,0,1,3,1,1,47,2,2,2,1,1,2,2,1,2,2,3,2,2,2,2,2,2,"Tennessee",0
"26208",470868,47,16674,36.09761944,-83.56456111,2,2,12,5,11,2,0,23,0,1,1,0,4,1,2,1,47,1,2,1,1,1,2,2,2,2,2,2,2,2,2,2,1,2,"Tennessee",0