"","ST_CASE","OBJECT_ID","FID","LATITUDE","LONGITUD","PERMVIT","PERSONS","MONTH","DAY_WEEK","HOUR","ROUTE","SP_JUR","HARM_EV","RELJCT1","RELJCT2","TYP_INT","WRK_ZONE","REL_ROAD","LGT_COND","WEATHER","FATALS","STATE","A_RU","A_INTER","A_TOD","A_DOW","A_CT","A_MC","A_SPCRA","A_PED","A_ROLL","A_POLPUR","A_POSBAC","A_D15_20","A_D65PLS","A_D21_24","A_HR","A_DIST","A_DROWSY","STATE_NAME","drunkDr"
"26209",470869,47,18563,35.21401944,-87.00256111,3,3,12,1,21,2,0,12,0,2,3,0,1,2,2,1,47,1,2,2,2,2,2,2,2,2,2,2,1,1,2,2,2,2,"Tennessee",0
"26210",470870,47,18045,35.43208056,-88.47791944,2,2,12,3,20,3,0,30,0,1,1,0,4,2,2,1,47,1,2,2,1,1,2,2,2,2,2,2,1,2,2,2,2,2,"Tennessee",0
"26211",470871,47,18957,35.08115556,-89.99123056,1,1,12,4,17,6,0,33,0,3,3,0,4,5,1,1,47,2,2,1,1,1,2,2,2,2,2,3,2,2,2,2,2,2,"Tennessee",0
"26212",470872,47,17555,35.67715,-87.00925,3,3,12,5,99,3,0,35,0,1,1,0,4,2,99,3,47,2,2,3,1,1,2,2,2,2,2,2,2,2,2,2,2,2,"Tennessee",0
"26213",470873,47,16351,36.19426944,-83.17173056,2,2,12,6,13,1,0,52,0,1,1,0,4,1,2,2,47,1,1,1,1,1,2,2,2,2,2,2,2,2,2,2,2,2,"Tennessee",1
"26214",470874,47,16730,36.0834,-83.2707,3,3,4,1,14,2,0,12,0,2,2,0,1,1,2,1,47,1,2,1,2,2,2,2,2,2,2,3,2,2,2,2,2,2,"Tennessee",0
"26215",470875,47,18984,35.07275,-85.29898056,1,1,12,7,3,6,0,8,0,1,1,0,1,3,1,1,47,2,2,2,2,1,2,2,1,2,2,3,2,2,2,1,2,2,"Tennessee",0
"26216",470876,47,17318,35.8173,-83.93631944,1,1,12,3,4,3,0,34,0,1,1,0,4,2,1,1,47,2,2,2,1,1,2,2,2,2,2,1,2,2,2,2,2,2,"Tennessee",1
"26217",470877,47,19138,35.00463056,-85.21465,3,3,12,5,2,1,0,24,1,19,1,0,4,3,2,1,47,2,1,2,1,1,2,1,2,2,2,3,2,2,2,2,2,2,"Tennessee",0
"26218",470878,47,19040,35.04591944,-87.08453889,1,1,12,6,8,4,0,23,0,1,1,0,4,1,2,1,47,1,2,1,1,1,2,2,2,1,2,2,2,2,2,2,2,2,"Tennessee",0
"26219",470879,47,17167,35.8929,-85.06081111,2,2,12,3,16,3,0,12,0,2,3,0,1,1,10,2,47,2,2,1,1,2,2,2,2,2,2,2,2,2,2,2,1,2,"Tennessee",0
"26220",470880,47,15789,36.50113611,-87.29883611,3,3,12,6,8,2,0,12,0,2,3,0,1,1,2,1,47,2,2,1,1,2,2,2,2,2,2,3,2,1,2,2,1,2,"Tennessee",0
"26221",470881,47,19132,35.00658056,-85.26208056,1,1,12,7,0,2,0,8,0,2,2,0,1,3,2,1,47,2,2,2,2,1,2,2,1,2,2,3,2,2,2,1,2,2,"Tennessee",0
"26222",470882,47,17541,35.68655,-84.43576944,2,2,12,5,12,1,0,12,0,1,1,0,1,1,1,1,47,1,1,1,1,2,2,2,2,2,2,2,2,2,1,2,2,2,"Tennessee",0
"26223",470883,47,15799,36.49547222,-82.42998611,3,3,12,1,6,3,0,12,0,1,1,0,1,2,5,1,47,2,2,1,2,2,2,2,2,2,2,3,2,2,2,2,2,2,"Tennessee",0
"26224",470884,47,17634,35.6305,-86.24548889,7,7,12,3,10,1,0,12,0,1,1,0,1,1,1,1,47,1,1,1,1,3,2,2,2,2,2,3,2,1,2,2,2,2,"Tennessee",0
"26225",470885,47,17837,35.52778056,-88.26208889,3,3,12,4,13,6,0,5,0,1,1,0,1,1,1,1,47,1,2,1,1,1,2,2,2,2,2,3,2,1,2,2,2,2,"Tennessee",0
"26226",470886,47,16635,36.11056111,-86.92391111,2,2,10,2,2,1,0,12,0,1,1,0,1,2,2,1,47,2,1,2,2,2,2,2,2,1,2,3,2,2,2,2,2,2,"Tennessee",0
"26227",470887,47,17535,35.6911,-84.86176111,1,1,12,3,15,6,0,40,0,1,1,0,4,1,1,1,47,1,2,1,1,1,2,2,2,1,2,2,2,1,2,2,2,2,"Tennessee",0
"26228",470888,47,15925,36.3972,-87.38548889,2,2,12,5,0,3,0,59,0,1,1,0,4,2,10,1,47,1,2,2,1,1,2,2,2,1,2,1,2,2,2,2,2,2,"Tennessee",1
"26229",470889,47,16742,36.07701111,-86.64128889,1,1,12,2,5,2,0,8,0,1,1,0,1,3,2,1,47,2,2,2,2,1,2,2,1,2,2,3,2,2,2,2,2,2,"Tennessee",0
"26230",470890,47,16383,36.18306944,-86.33366944,4,4,12,4,0,1,0,1,0,1,1,0,1,2,1,1,47,2,1,2,1,2,2,1,2,1,2,1,1,2,2,2,2,2,"Tennessee",1
"26231",470891,47,16926,36.01426111,-85.95076111,3,3,12,7,17,2,0,12,0,2,3,0,1,5,1,1,47,1,2,1,2,2,2,2,2,2,2,3,2,2,2,2,2,2,"Tennessee",0
"26232",470892,47,18178,35.37113056,-85.34555,2,2,12,7,11,4,0,12,0,8,1,0,1,1,10,1,47,1,2,1,2,2,1,2,2,2,2,1,2,2,2,2,2,2,"Tennessee",1
"26233",470893,47,16094,36.3114,-84.17801944,3,3,12,2,14,4,0,12,0,1,1,0,1,1,10,1,47,2,2,1,1,2,2,2,2,2,2,2,1,2,2,2,2,2,"Tennessee",0
"26234",470894,47,18791,35.14036944,-84.8297,2,2,12,2,13,4,0,12,0,2,3,0,1,1,10,1,47,2,2,1,1,2,2,1,2,1,1,3,1,2,2,2,2,2,"Tennessee",0
"26235",470895,47,18624,35.19838889,-86.09635,8,8,12,5,10,2,0,12,0,3,2,0,1,1,1,3,47,2,2,1,1,3,2,1,2,2,2,3,2,1,2,2,2,2,"Tennessee",0
"26236",470896,47,15726,36.54248056,-87.23696111,1,1,12,5,17,1,0,1,0,1,1,0,1,2,10,1,47,2,1,1,1,1,1,2,2,2,2,2,2,2,2,2,2,2,"Tennessee",0
"26237",470897,47,18701,35.16946111,-84.84968889,4,4,12,5,21,3,0,34,1,19,1,0,4,3,1,1,47,2,2,2,1,2,1,2,2,2,2,1,2,2,2,2,2,2,"Tennessee",1
"26238",470898,47,16499,36.151,-83.69206944,1,1,12,1,9,6,0,34,0,1,1,0,4,1,1,1,47,1,2,1,2,1,2,2,2,1,2,2,2,1,2,2,2,2,"Tennessee",0
"26239",470899,47,19070,35.03308889,-85.22176944,1,1,11,6,99,6,0,33,0,1,1,0,4,3,1,1,47,2,2,3,3,1,2,2,2,1,2,2,2,2,2,2,2,2,"Tennessee",0
"26240",470900,47,18355,35.29558056,-87.30831111,2,2,12,2,12,2,0,12,0,3,3,0,1,1,2,1,47,2,2,1,1,2,2,2,2,2,2,2,1,2,2,2,2,2,"Tennessee",0
"26241",470901,47,17647,35.62106111,-84.03286111,2,2,12,3,21,3,0,34,0,1,1,0,4,2,1,1,47,1,2,2,1,1,2,1,2,1,1,1,2,2,2,2,1,2,"Tennessee",1
"26242",470902,47,18482,35.24171111,-89.86481389,1,1,12,4,99,4,0,59,0,1,1,0,4,3,1,1,47,2,2,3,1,1,2,1,2,1,2,1,2,2,1,2,2,2,"Tennessee",1
"26243",470903,47,18732,35.15930556,-90.00678056,1,1,12,2,9,3,0,33,0,1,1,0,4,1,1,1,47,2,2,1,1,1,2,2,2,1,2,3,2,2,2,2,2,2,"Tennessee",0
"26244",470904,47,16210,36.2516,-86.71683889,1,1,12,5,18,6,0,8,0,1,1,0,1,3,1,1,47,2,2,2,1,1,2,2,1,2,2,3,2,1,2,2,2,2,"Tennessee",0
"26245",470905,47,16362,36.1899,-82.04478889,4,4,5,7,16,2,0,35,0,1,1,0,4,1,2,1,47,1,2,1,2,1,2,2,2,1,2,3,1,2,2,2,2,2,"Tennessee",0
"26246",470906,47,18415,35.26611111,-84.58831111,1,1,12,3,15,4,0,49,0,1,1,0,1,1,1,1,47,1,2,1,1,1,2,2,2,2,2,1,2,2,2,1,2,2,"Tennessee",1
"26247",470907,47,16074,36.31781111,-88.26298889,3,3,12,7,13,3,0,12,0,1,1,0,1,1,1,2,47,1,2,1,2,2,2,2,2,1,2,2,2,1,2,2,2,2,"Tennessee",0
"26248",470908,47,18597,35.20461389,-89.92978611,2,2,12,7,17,6,0,12,0,1,1,0,1,3,1,1,47,2,2,1,2,2,2,1,2,2,1,3,2,2,2,2,1,2,"Tennessee",0
"26249",470909,47,18398,35.27275,-89.98258056,3,3,12,2,13,2,0,12,0,2,3,0,1,1,1,1,47,2,2,1,1,2,2,2,2,2,2,3,2,2,2,2,2,2,"Tennessee",0
"26250",470910,47,16718,36.08558056,-86.70135,1,1,8,4,15,1,0,33,1,19,1,0,4,1,1,1,47,2,1,1,1,1,2,2,2,1,2,2,2,2,2,2,2,2,"Tennessee",0
"26251",470911,47,15728,36.5391,-86.63865,1,1,12,4,13,1,0,1,0,1,1,0,1,1,1,1,47,1,1,1,1,1,1,2,2,2,2,2,2,1,2,2,2,2,"Tennessee",0
"26252",470912,47,17887,35.50356944,-84.95515,2,2,12,5,3,3,0,3,0,1,1,0,1,2,2,1,47,2,2,2,1,1,2,2,2,2,2,1,2,2,1,2,2,2,"Tennessee",1
"26253",470913,47,18921,35.09083333,-85.32380833,1,1,10,2,12,2,0,57,9,99,1,0,3,1,2,1,47,2,2,1,1,1,2,2,2,2,2,3,2,1,2,2,2,2,"Tennessee",0
"26254",470914,47,17397,35.77106944,-84.14086944,1,1,10,4,11,4,0,42,0,1,1,0,4,1,2,1,47,2,2,1,1,1,2,1,2,2,2,3,2,1,2,2,2,2,"Tennessee",0
"26255",470915,47,16349,36.19455,-86.61851944,3,3,12,3,19,3,0,5,0,1,1,0,1,2,1,1,47,2,2,2,1,2,2,2,2,2,2,3,2,2,2,2,2,2,"Tennessee",0
"26256",470916,47,16916,36.01938889,-84.03116944,1,1,11,3,15,4,0,30,0,1,1,0,4,1,1,1,47,2,2,1,1,1,2,2,2,2,2,3,2,1,2,2,2,2,"Tennessee",0
"26257",470917,47,18790,35.14105,-85.23168889,2,2,11,6,14,3,0,12,0,2,2,0,1,1,1,1,47,2,2,1,1,2,2,2,2,2,2,3,2,1,2,2,2,2,"Tennessee",0
"26258",470918,47,17170,35.89,-84.18381111,2,2,10,4,2,6,0,42,0,1,1,0,4,3,1,1,47,2,2,2,1,1,2,1,2,2,2,1,2,2,2,2,2,2,"Tennessee",1
"26259",470919,47,18873,35.10724722,-89.91856944,2,2,12,5,15,6,0,12,0,2,2,0,1,1,1,1,47,2,2,1,1,2,2,2,2,2,2,3,1,1,2,2,2,2,"Tennessee",0
"26260",470920,47,17303,35.82788889,-85.96136111,1,1,11,6,14,4,0,5,0,3,3,0,1,1,1,1,47,1,2,1,1,1,2,2,2,2,2,3,2,2,2,2,2,2,"Tennessee",0
"26261",480001,48,23432,33.41330833,-94.13593056,2,2,1,5,18,2,0,12,0,8,1,0,1,2,2,1,48,2,2,2,1,2,2,2,2,2,2,3,2,1,2,2,2,2,"Texas",0
"26262",480002,48,26769,31.17823056,-97.93814167,1,1,1,5,15,4,0,41,0,1,1,0,4,1,2,1,48,3,3,1,1,1,2,1,2,1,2,1,2,2,2,2,2,2,"Texas",1
"26263",480003,48,24994,32.67020278,-96.94210278,1,1,1,5,3,1,0,30,0,1,1,0,3,3,2,1,48,2,1,2,1,1,2,1,2,2,2,1,2,2,2,2,2,2,"Texas",1
"26264",480004,48,26188,31.85618056,-106.5749389,2,2,1,5,1,1,0,1,1,20,1,0,1,3,1,1,48,2,1,2,1,1,2,2,2,1,2,1,2,2,2,2,2,2,"Texas",1
"26265",480005,48,26324,31.73853056,-106.361875,1,3,1,5,18,8,0,14,0,1,1,0,2,3,1,1,48,2,2,2,1,1,2,2,1,2,2,3,2,2,1,2,2,2,"Texas",0
"26266",480006,48,29104,29.60831944,-95.49796111,1,1,1,5,18,6,0,33,0,1,1,0,4,3,2,1,48,3,3,2,1,1,2,2,2,2,2,2,2,2,2,2,2,2,"Texas",0
"26267",480007,48,29360,29.40803333,-94.940025,1,1,1,5,19,8,0,8,0,1,1,0,1,2,10,1,48,2,2,2,1,1,2,2,1,2,2,3,2,2,2,2,2,2,"Texas",0
"26268",480008,48,28691,29.84215278,-97.91304444,4,4,1,5,0,8,0,59,0,1,1,0,4,2,10,1,48,2,2,2,1,1,2,1,2,1,2,1,2,2,2,2,2,2,"Texas",1
"26269",480009,48,27883,30.29596389,-95.37448889,2,2,1,5,2,4,0,1,0,1,1,0,4,2,2,1,48,3,3,2,1,1,2,2,2,1,2,1,2,2,2,2,2,2,"Texas",1
"26270",480010,48,28190,30.16416667,-97.50788056,3,3,1,6,19,3,0,8,0,1,1,0,1,2,2,1,48,1,2,2,2,1,2,2,1,2,2,3,2,2,2,2,2,2,"Texas",0
"26271",480011,48,29331,29.42930833,-98.53950556,1,1,1,6,2,6,0,24,0,1,1,0,4,3,2,1,48,3,3,2,1,1,2,2,2,2,2,1,2,2,2,2,1,2,"Texas",1
"26272",480012,48,25951,32.06888889,-102.445,1,1,1,6,5,2,0,1,0,1,1,0,3,2,4,1,48,1,2,2,1,1,2,1,2,1,2,3,2,2,2,2,2,2,"Texas",0
"26273",480013,48,26267,31.7928,-106.2555417,2,2,1,6,7,6,0,1,0,8,1,0,1,1,10,1,48,3,3,1,1,2,1,2,2,2,2,3,2,2,2,2,2,2,"Texas",0
"26274",480014,48,27757,30.35316944,-95.99564167,2,2,1,6,8,3,0,12,0,1,1,0,1,1,2,1,48,1,2,1,1,2,2,2,2,1,2,3,2,2,2,2,2,2,"Texas",0
"26275",480015,48,29736,28.82216111,-95.683625,2,2,1,6,13,4,0,1,0,1,1,0,1,1,2,1,48,3,3,1,1,1,2,1,2,1,2,1,2,2,2,2,2,2,"Texas",1
"26276",480016,48,26945,30.948375,-95.54981944,1,1,1,6,17,8,0,42,0,1,1,0,4,1,2,1,48,1,2,1,1,1,2,1,2,1,2,3,1,2,2,2,2,2,"Texas",0
"26277",480017,48,26145,31.89118611,-102.8654583,6,6,1,6,12,3,0,12,0,1,1,0,1,1,3,1,48,1,2,1,1,2,2,1,2,2,2,3,2,2,2,2,2,2,"Texas",0
"26278",480018,48,29201,29.52986667,-98.60310833,1,1,1,7,7,6,0,33,0,1,1,0,4,3,2,1,48,3,3,1,2,1,2,1,2,1,2,3,2,2,1,2,1,2,"Texas",0
"26279",480019,48,24703,32.76737778,-96.87772778,2,2,1,7,22,1,0,8,1,20,1,1,1,3,1,1,48,2,1,2,2,1,2,2,1,2,2,3,2,2,2,2,2,2,"Texas",0
"26280",480020,48,26369,31.68158056,-106.2621,4,4,1,7,22,1,0,52,0,1,1,0,3,3,1,1,48,2,1,2,2,2,2,1,2,1,2,3,2,2,2,2,2,2,"Texas",1
"26281",480021,48,28804,29.78247222,-95.36461667,1,1,1,7,18,6,0,8,0,1,1,0,1,3,1,1,48,3,3,2,2,1,2,2,1,2,2,3,2,2,2,1,2,2,"Texas",0
"26282",480022,48,17059,35.94930833,-102.6662472,8,8,1,7,11,2,0,12,0,1,1,0,1,1,4,3,48,1,2,1,2,2,2,1,2,2,2,3,2,1,2,2,2,2,"Texas",0
"26283",480023,48,31307,26.22729444,-98.06288333,1,1,1,7,21,4,0,9,0,1,1,0,1,2,1,1,48,3,3,2,2,1,2,1,2,2,2,3,2,2,2,2,2,2,"Texas",0
"26284",480024,48,29399,29.37485556,-98.44132778,1,1,1,1,2,5,0,9,0,1,1,0,1,2,1,1,48,3,3,2,2,1,2,2,2,2,2,3,2,2,2,1,1,2,"Texas",0
"26285",480025,48,28361,30.05462222,-95.08680833,1,1,1,1,0,8,0,34,0,1,1,0,4,2,10,1,48,1,2,2,2,1,2,1,2,1,2,1,2,1,2,2,2,2,"Texas",1
"26286",480026,48,27988,30.25310556,-95.71009167,1,1,1,1,2,4,0,38,0,1,1,0,5,2,1,1,48,3,3,2,2,1,2,1,2,1,2,1,2,2,2,2,2,2,"Texas",1
"26287",480027,48,23947,33.11732222,-94.8697,3,3,1,1,23,3,0,12,0,2,3,0,1,2,1,1,48,1,2,2,2,2,2,2,2,1,2,1,2,2,1,2,2,2,"Texas",1
"26288",480028,48,25634,32.30768889,-99.00928333,1,1,1,2,16,3,0,38,0,1,1,0,5,1,1,1,48,1,2,1,1,1,2,2,2,1,2,1,2,2,2,2,2,2,"Texas",1
"26289",480029,48,24292,32.91488611,-102.9043944,3,3,1,2,18,8,0,1,0,1,1,0,4,2,1,1,48,1,2,2,1,1,2,2,2,1,2,1,2,2,1,2,2,2,"Texas",1
"26290",480030,48,28639,29.88390278,-95.54897222,3,3,1,2,18,4,0,12,0,1,1,0,1,3,10,1,48,3,3,2,1,3,2,1,2,2,2,3,2,2,1,2,2,2,"Texas",0
"26291",480031,48,28863,29.74085833,-95.35594722,2,2,1,2,21,1,0,12,0,1,1,0,1,2,1,1,48,2,1,2,1,2,2,2,2,2,2,2,1,2,2,2,2,2,"Texas",0
"26292",480032,48,23362,33.43837222,-101.8814889,1,1,1,2,18,4,0,8,0,1,1,0,1,2,1,1,48,3,3,2,1,1,2,2,1,2,2,3,2,2,2,2,1,2,"Texas",0
"26293",480033,48,22994,33.55785278,-101.9225083,1,1,1,2,7,6,0,8,0,3,2,0,1,2,1,1,48,3,3,1,1,1,2,2,1,2,2,3,2,1,2,2,2,2,"Texas",0
"26294",480034,48,16105,36.30373056,-100.8022306,2,2,1,2,7,2,0,12,0,2,3,0,1,1,1,1,48,1,2,1,1,2,2,2,2,2,2,3,2,2,2,2,1,2,"Texas",0
"26295",480035,48,25399,32.4337,-95.1698,1,1,1,2,22,2,0,24,0,3,3,0,4,3,1,1,48,1,2,2,1,1,2,2,2,2,2,1,2,2,2,2,2,2,"Texas",1
"26296",480036,48,26587,31.41711944,-94.72188889,1,1,1,3,18,2,0,32,0,1,1,1,4,2,1,1,48,1,2,2,1,1,2,1,2,1,2,1,2,2,2,2,2,2,"Texas",1
"26297",480037,48,27315,30.59,-93.917,2,2,1,3,8,2,0,53,0,1,1,0,4,1,1,1,48,1,2,1,1,1,2,2,2,2,2,2,2,1,2,2,1,2,"Texas",0
"26298",480038,48,29577,29.10866111,-97.78435,7,7,1,3,6,3,0,12,0,3,2,0,1,2,1,1,48,1,2,1,1,3,2,1,2,2,2,3,2,2,1,2,2,1,"Texas",0
"26299",480039,48,27830,30.32055,-97.71593333,3,3,1,3,17,8,0,12,0,1,1,0,1,3,1,1,48,2,2,1,1,2,2,1,2,1,2,1,2,2,2,2,1,2,"Texas",1
"26300",480040,48,29362,29.40558889,-98.24768056,2,2,1,4,18,8,0,12,0,1,1,0,1,2,1,1,48,1,2,2,1,2,2,2,2,1,2,3,2,1,2,2,1,2,"Texas",0
"26301",480041,48,29220,29.519475,-95.3471,3,3,1,4,13,4,0,43,0,1,1,0,4,1,1,3,48,3,3,1,1,1,2,1,2,2,2,2,1,2,2,2,2,2,"Texas",0
"26302",480042,48,24867,32.71943056,-96.64850556,7,7,1,4,12,6,0,12,0,2,2,0,1,1,1,1,48,3,3,1,1,2,2,2,2,2,2,3,2,1,1,2,2,2,"Texas",0
"26303",480044,48,27505,30.47167222,-97.67134167,1,1,1,4,20,1,0,24,0,1,1,0,4,3,1,1,48,2,1,2,1,1,2,1,2,1,2,3,2,2,2,2,2,2,"Texas",0
"26304",480045,48,29187,29.53698333,-98.682575,2,2,1,6,1,8,0,12,1,18,1,0,1,3,1,1,48,2,2,2,1,2,2,1,2,2,2,1,1,2,1,2,2,2,"Texas",2
"26305",480046,48,25211,32.53671944,-102.6180306,7,7,1,6,7,2,0,1,0,1,1,0,4,4,3,2,48,1,2,1,1,1,2,1,2,1,2,3,2,2,2,2,2,2,"Texas",0
"26306",480047,48,29391,29.38173056,-94.94891111,1,1,1,6,18,6,0,9,0,2,2,0,1,5,1,1,48,3,3,2,2,1,2,2,2,2,2,3,2,1,2,1,2,2,"Texas",0
"26307",480048,48,25394,32.43537222,-94.82561667,4,4,1,6,7,1,0,12,1,18,1,0,1,1,10,2,48,1,1,1,1,2,2,1,2,2,2,3,2,2,2,2,1,2,"Texas",0
"26308",480049,48,31335,26.19426667,-98.18411111,1,1,1,6,23,2,0,30,0,1,1,0,4,2,2,1,48,2,2,2,2,1,2,1,2,2,2,3,1,2,2,2,2,2,"Texas",1
"26309",480050,48,27211,30.66691111,-93.9056,1,1,1,6,16,8,0,9,0,1,1,0,1,1,10,1,48,1,2,1,1,1,2,2,2,2,2,3,2,1,2,2,2,2,"Texas",0
"26310",480051,48,30138,28.275175,-97.30166389,2,2,1,6,18,2,0,12,0,1,1,0,1,2,2,1,48,1,2,2,2,2,2,1,2,2,2,3,2,2,2,2,2,2,"Texas",0
"26311",480052,48,26918,30.99483889,-96.52445833,2,2,1,6,6,2,0,12,0,1,1,0,1,2,2,1,48,1,2,1,1,2,2,2,2,2,2,3,2,2,2,2,2,2,"Texas",0
"26312",480053,48,27170,30.70103889,-101.225,2,2,1,7,9,1,0,1,0,1,1,0,3,1,2,1,48,1,1,1,2,1,2,1,2,1,2,3,2,1,2,2,2,2,"Texas",0
"26313",480054,48,27143,30.72966944,-94.97540833,3,3,1,7,1,2,0,12,0,1,1,0,1,2,10,1,48,1,2,2,2,2,2,2,2,2,2,1,1,2,2,2,2,2,"Texas",2
"26314",480055,48,24525,32.81864167,-96.76803056,3,3,1,1,17,6,0,1,0,2,2,0,1,1,10,1,48,3,3,1,2,2,1,2,2,2,2,1,2,2,1,2,2,2,"Texas",1
"26315",480056,48,27809,30.32975833,-95.59551944,4,4,1,1,3,4,0,43,0,1,1,0,4,2,2,2,48,3,3,2,2,1,2,1,2,1,2,1,2,2,2,2,2,2,"Texas",1
"26316",480057,48,24862,32.72088611,-97.54458889,1,1,1,1,20,1,0,57,0,1,1,0,3,2,2,1,48,2,1,2,2,1,2,1,2,2,2,3,2,2,2,2,2,2,"Texas",0
"26317",480058,48,28748,29.811925,-95.34828056,4,4,1,2,2,1,0,12,0,1,1,0,1,3,10,2,48,2,1,2,2,2,2,2,2,2,2,1,2,2,1,2,2,2,"Texas",1
"26318",480059,48,21866,33.89885556,-98.48358056,3,3,1,4,13,8,0,12,0,2,2,0,1,1,10,1,48,2,2,1,1,2,2,2,2,2,2,3,2,1,1,2,1,2,"Texas",0
"26319",480060,48,29209,29.5238,-95.12631944,6,6,1,2,20,1,0,12,1,18,1,0,1,2,1,1,48,2,1,2,1,2,2,2,2,2,2,3,2,2,1,2,2,2,"Texas",0
"26320",480061,48,31332,26.19828056,-98.08448056,1,1,1,2,7,3,0,34,0,3,2,0,4,2,5,1,48,1,2,1,1,1,2,1,2,1,2,1,2,2,2,2,2,2,"Texas",1
"26321",480062,48,28428,30.01035,-95.53699722,1,1,1,3,14,4,0,33,0,1,1,0,3,1,10,1,48,3,3,1,1,1,2,1,2,1,2,2,2,2,2,2,2,2,"Texas",0
"26322",480063,48,29071,29.637375,-95.53078889,1,1,1,3,16,7,0,21,1,19,1,0,4,1,10,1,48,2,2,1,1,1,2,1,2,2,2,3,1,2,2,2,2,2,"Texas",0
"26323",480064,48,28353,30.06256389,-95.43323611,1,1,1,3,4,1,0,8,0,1,1,0,1,3,10,1,48,1,1,2,1,1,2,2,1,2,2,3,2,2,2,2,2,2,"Texas",0
"26324",480065,48,28056,30.23203056,-97.71851389,3,3,1,3,21,5,0,1,0,7,1,0,1,3,1,1,48,2,3,2,1,2,1,2,2,2,2,3,2,2,1,2,2,2,"Texas",0
"26325",480066,48,24772,32.74990278,-96.82791389,1,1,1,4,23,5,0,42,0,1,1,0,3,3,10,1,48,2,3,2,1,1,2,1,2,2,2,1,2,2,1,2,2,2,"Texas",1
"26326",480067,48,18044,35.43276389,-101.6354361,4,4,1,4,8,3,0,1,0,1,1,0,4,1,4,1,48,1,2,1,1,1,2,1,2,1,2,3,2,2,2,2,2,2,"Texas",0
"26327",480068,48,29293,29.45636667,-98.54125278,2,2,1,5,2,5,0,24,0,3,3,1,4,3,10,1,48,2,3,2,1,1,2,1,2,1,2,3,1,2,2,2,1,2,"Texas",0
"26328",480069,48,29221,29.51830833,-98.76704167,2,2,1,5,6,8,0,12,0,2,3,0,1,2,1,1,48,1,2,1,1,2,2,2,2,2,2,3,2,1,2,2,2,2,"Texas",0
"26329",480070,48,23788,33.22079722,-97.12733889,1,1,1,5,19,6,0,8,0,1,1,0,1,3,1,1,48,3,3,2,1,1,2,2,1,2,2,3,2,1,2,2,2,2,"Texas",0
"26330",480071,48,28648,29.87629444,-95.09383889,4,4,1,5,18,8,0,12,0,1,1,0,1,2,10,2,48,1,2,2,1,2,2,2,2,2,2,3,1,2,2,2,2,2,"Texas",0
"26331",480072,48,28492,29.97966667,-95.43821389,3,3,1,6,0,4,0,33,0,1,1,0,4,2,1,1,48,3,3,2,1,1,2,1,2,1,1,2,2,2,1,2,2,2,"Texas",0
"26332",480073,48,29259,29.48235,-98.58648611,2,2,1,7,0,6,0,33,0,1,1,0,4,3,1,1,48,3,3,2,2,1,2,1,2,2,2,1,2,2,2,2,1,2,"Texas",1
"26333",480074,48,24048,33.03856389,-97.00258611,1,1,1,7,0,1,0,8,0,1,1,1,1,3,1,1,48,2,1,2,2,1,2,2,1,2,2,3,2,2,2,1,2,2,"Texas",0
"26334",480075,48,29208,29.52571111,-95.8765,1,1,1,1,7,8,0,1,0,1,1,0,4,1,1,1,48,1,2,1,2,1,1,2,2,2,2,1,2,2,2,2,2,2,"Texas",1
"26335",480076,48,25315,32.47171389,-96.83791389,1,1,1,3,1,1,0,52,0,1,1,0,10,2,1,1,48,2,1,2,1,1,2,2,2,1,2,2,2,2,2,2,2,2,"Texas",0
"26336",480077,48,28300,30.09579444,-94.12341389,1,1,1,5,17,1,0,20,0,1,1,0,8,3,2,1,48,2,1,1,1,1,2,1,2,2,2,3,2,2,2,2,2,2,"Texas",0
"26337",480078,48,29091,29.61599167,-97.13029167,2,2,1,5,0,3,0,1,0,1,1,0,4,2,10,1,48,1,2,2,1,1,2,2,2,1,2,1,2,2,2,2,2,2,"Texas",1
"26338",480079,48,26604,31.38980833,-96.02833056,13,13,1,3,20,1,0,12,0,1,1,0,1,2,1,1,48,1,1,2,1,3,2,1,2,1,2,3,2,2,2,2,2,2,"Texas",0
"26339",480080,48,28368,30.04950278,-95.03091944,3,3,1,3,7,8,0,12,0,3,3,0,4,1,1,1,48,1,2,1,1,2,2,1,2,2,2,3,2,2,2,2,2,2,"Texas",0
"26340",480081,48,27633,30.41457222,-97.67347222,2,2,1,4,18,1,0,8,0,1,1,0,1,3,1,1,48,2,1,2,1,1,2,2,1,2,2,3,2,2,2,2,2,2,"Texas",0
"26341",480082,48,26109,31.92189444,-102.1955583,2,2,1,5,22,1,0,12,0,1,1,0,1,2,1,1,48,2,1,2,1,2,2,2,2,1,2,1,2,2,2,2,2,2,"Texas",1
"26342",480083,48,29395,29.379925,-98.70896389,2,2,1,6,8,2,0,12,0,1,1,0,1,1,2,1,48,2,2,1,1,2,2,2,2,1,2,3,2,2,2,2,2,2,"Texas",0
"26343",480084,48,23945,33.11911111,-97.03213889,2,3,1,6,22,1,0,14,0,1,1,1,3,3,10,1,48,2,1,2,2,1,2,2,2,2,2,3,2,2,2,2,1,2,"Texas",0
"26344",480085,48,24951,32.69061944,-100.374525,3,3,1,6,7,3,0,1,0,1,1,0,4,2,2,1,48,1,2,1,1,1,2,1,2,1,2,3,2,2,2,2,2,2,"Texas",0
"26345",480086,48,28631,29.88931111,-95.39485556,2,2,1,6,20,4,0,59,0,1,1,0,4,2,10,1,48,3,3,2,2,1,2,1,2,2,2,3,1,2,2,2,2,2,"Texas",0