"","ST_CASE","OBJECT_ID","FID","LATITUDE","LONGITUD","PERMVIT","PERSONS","MONTH","DAY_WEEK","HOUR","ROUTE","SP_JUR","HARM_EV","RELJCT1","RELJCT2","TYP_INT","WRK_ZONE","REL_ROAD","LGT_COND","WEATHER","FATALS","STATE","A_RU","A_INTER","A_TOD","A_DOW","A_CT","A_MC","A_SPCRA","A_PED","A_ROLL","A_POLPUR","A_POSBAC","A_D15_20","A_D65PLS","A_D21_24","A_HR","A_DIST","A_DROWSY","STATE_NAME","drunkDr"
"26346",480087,48,26870,31.06613056,-104.2158389,1,1,1,7,7,1,0,1,0,1,1,0,3,4,3,1,48,1,1,1,2,1,2,1,2,1,2,3,2,2,2,2,1,2,"Texas",0
"26347",480088,48,29611,29.04274444,-98.57263056,1,1,1,1,17,8,0,33,0,1,1,0,4,1,1,1,48,1,2,1,2,1,2,2,2,1,2,3,2,2,2,2,2,2,"Texas",0
"26348",480089,48,24291,32.91630278,-96.71778333,5,5,1,1,21,6,0,12,0,2,3,0,1,3,5,1,48,3,3,2,2,2,2,2,2,1,2,3,2,2,2,1,2,2,"Texas",1
"26349",480090,48,21170,34.07327222,-99.01505278,4,4,1,1,1,2,0,12,0,1,1,0,1,2,1,1,48,1,2,2,2,2,2,2,2,2,2,3,2,2,2,2,2,1,"Texas",0
"26350",480091,48,28220,30.15096111,-96.67214722,2,2,1,2,5,2,0,12,0,7,1,0,1,2,5,1,48,1,2,2,2,2,2,1,2,2,2,3,2,2,1,2,1,1,"Texas",0
"26351",480092,48,27270,30.62181389,-96.20362778,3,3,1,3,17,3,0,12,0,2,3,0,1,1,10,1,48,1,2,1,1,3,2,2,2,2,2,3,2,1,2,2,2,2,"Texas",0
"26352",480093,48,26810,31.12885556,-101.2133833,3,3,1,3,6,2,0,12,0,1,1,0,1,2,3,2,48,1,2,1,1,2,2,1,2,2,2,3,2,2,1,2,2,2,"Texas",0
"26353",480094,48,29663,28.94411667,-96.33200278,2,2,1,3,19,3,0,12,0,1,1,0,1,2,1,1,48,1,2,2,1,2,2,2,2,2,2,3,2,2,1,2,1,2,"Texas",0
"26354",480096,48,24588,32.79861667,-96.82534167,2,2,1,4,20,5,0,8,0,1,1,0,1,6,10,1,48,3,3,2,1,1,2,2,1,2,2,3,2,2,2,2,2,2,"Texas",0
"26355",480097,48,26317,31.75073889,-102.5625639,15,15,1,4,7,1,0,18,0,1,1,0,1,1,2,10,48,1,1,1,1,1,2,2,2,1,2,3,2,2,2,2,2,2,"Texas",0
"26356",480098,48,30696,27.54823333,-98.07855,4,4,1,4,13,3,0,12,0,1,1,0,1,1,2,3,48,1,2,1,1,2,2,2,2,2,2,3,2,2,1,2,2,2,"Texas",0
"26357",480099,48,28925,29.71405556,-98.89488056,1,1,1,5,15,3,0,31,0,1,1,0,4,1,1,1,48,1,2,1,1,1,2,2,2,2,2,3,2,2,2,2,2,1,"Texas",0
"26358",480100,48,23908,33.14365833,-94.05289167,2,2,1,5,16,4,0,1,0,1,1,0,1,1,1,1,48,3,3,1,1,1,2,1,2,1,2,2,2,2,2,2,2,2,"Texas",0
"26359",480101,48,22655,33.66662222,-101.5453833,1,1,1,5,1,2,0,1,0,1,1,0,3,2,1,1,48,1,2,2,1,1,2,2,2,1,2,1,2,2,2,2,2,2,"Texas",1
"26360",480102,48,29992,28.46148056,-99.7916,8,8,1,5,6,2,0,12,0,1,1,0,1,2,1,6,48,1,2,1,1,3,2,2,2,2,2,3,2,1,2,2,2,2,"Texas",0
"26361",480103,48,27859,30.30917778,-97.69551111,2,2,1,5,1,5,0,12,0,2,2,0,1,3,1,1,48,3,3,2,1,2,2,2,2,2,2,1,2,2,2,2,2,2,"Texas",1
"26362",480104,48,24602,32.79596667,-96.83421667,5,5,1,6,19,5,0,1,0,1,1,0,3,3,1,2,48,3,3,2,2,2,2,1,2,1,2,1,2,2,1,2,2,2,"Texas",1
"26363",480105,48,22644,33.67085833,-96.75927778,4,4,1,6,18,2,0,12,0,2,2,0,1,2,1,1,48,1,2,2,2,2,2,2,2,1,2,1,2,1,2,2,1,2,"Texas",1
"26364",480106,48,26404,31.63253889,-96.99406111,2,2,1,6,9,2,0,12,0,1,1,0,1,1,1,1,48,1,2,1,1,2,2,2,2,2,2,3,2,1,2,2,2,1,"Texas",0
"26365",480107,48,24661,32.77929722,-97.07309722,1,1,1,6,20,6,0,8,0,3,2,0,1,3,1,1,48,3,3,2,2,1,2,2,1,2,2,3,2,2,2,1,2,2,"Texas",0
"26366",480108,48,25011,32.6653,-97.2413,1,1,1,6,19,1,0,8,0,1,1,0,1,3,1,1,48,2,1,2,2,1,2,2,1,2,2,3,2,1,2,2,2,2,"Texas",0
"26367",480109,48,24029,33.05446944,-97.53395,1,1,1,6,20,8,0,38,0,1,1,1,5,2,1,1,48,1,2,2,2,1,2,1,2,1,1,2,2,2,2,2,2,2,"Texas",0
"26368",480110,48,24913,32.70416667,-96.66508611,1,1,1,7,3,2,0,24,0,1,1,0,10,3,1,1,48,2,2,2,2,1,2,1,2,2,2,1,2,2,2,2,2,2,"Texas",1
"26369",480111,48,29170,29.55179722,-95.02359444,3,3,1,7,20,3,0,12,0,1,1,0,1,3,1,1,48,2,2,2,2,2,2,1,2,2,2,3,1,2,2,2,2,2,"Texas",0
"26370",480112,48,24933,32.69670556,-94.69423611,1,1,1,7,21,4,0,42,0,1,1,0,4,2,1,1,48,3,3,2,2,1,2,1,2,2,2,2,2,2,2,2,1,2,"Texas",0
"26371",480113,48,28206,30.15866944,-95.14676389,1,1,1,7,6,4,0,32,0,1,1,0,4,1,1,1,48,3,3,1,2,1,2,2,2,2,2,2,2,2,2,2,2,2,"Texas",0
"26372",480114,48,25785,32.20709444,-94.41560278,3,3,1,7,22,3,0,12,0,1,1,0,1,2,1,1,48,1,2,2,2,2,2,2,2,1,2,3,1,2,2,2,2,2,"Texas",0
"26373",480115,48,23482,33.39638056,-97.73200556,1,1,1,7,1,2,0,42,0,1,1,0,4,2,1,1,48,1,2,2,2,1,2,2,2,2,2,2,2,1,2,2,2,2,"Texas",1
"26374",480116,48,28365,30.05211111,-95.42739444,3,3,1,1,21,4,0,12,0,8,1,0,1,3,1,1,48,3,3,2,2,2,2,2,2,2,2,1,1,2,2,2,2,2,"Texas",1
"26375",480117,48,28766,29.80329167,-94.98997778,3,3,1,1,4,1,0,12,0,1,1,0,1,3,1,1,48,2,1,2,2,2,2,2,2,1,2,1,2,2,2,2,1,2,"Texas",1
"26376",480118,48,28947,29.70091389,-95.29357222,1,1,1,1,11,1,0,24,0,1,1,0,3,1,1,1,48,2,1,1,2,1,2,1,2,2,2,2,2,2,2,2,2,2,"Texas",0
"26377",480119,48,28168,30.17487778,-97.78464722,1,1,1,1,19,8,0,8,0,1,1,0,1,3,1,1,48,2,2,2,2,1,2,2,1,2,2,3,2,2,2,2,2,2,"Texas",0
"26378",480120,48,26924,30.98381944,-95.14018333,0,0,1,1,19,4,0,8,0,8,1,0,1,2,1,1,48,3,3,2,2,1,2,2,1,2,2,2,2,2,2,2,2,2,"Texas",0
"26379",480121,48,24928,32.69901944,-95.95145,1,1,1,1,1,2,0,32,0,1,1,0,4,2,1,1,48,1,2,2,2,1,2,2,2,1,2,3,2,2,2,2,2,2,"Texas",0
"26380",480122,48,29983,28.46956111,-97.84806111,1,1,1,2,0,8,0,1,0,1,1,0,4,2,1,1,48,1,2,2,2,1,2,2,2,1,2,1,2,2,2,2,1,2,"Texas",1
"26381",480124,48,26873,31.05665,-104.5673694,2,2,1,2,14,1,0,1,0,1,1,0,3,1,1,1,48,1,1,1,1,1,2,2,2,1,2,3,2,2,2,2,2,2,"Texas",0
"26382",480125,48,24694,32.76935278,-96.8365,1,1,1,2,17,6,0,8,0,1,1,0,1,5,1,1,48,3,3,1,1,1,2,2,1,2,2,3,2,1,2,2,2,2,"Texas",0
"26383",480126,48,28665,29.86605833,-97.94255556,1,1,1,2,5,1,0,73,0,1,1,0,2,3,1,1,48,2,1,2,2,1,2,2,1,2,2,3,2,2,2,2,2,2,"Texas",0
"26384",480127,48,16900,36.02561944,-102.0863694,3,3,1,2,4,8,0,12,0,4,1,0,1,3,1,1,48,1,2,2,2,2,2,2,2,2,2,3,1,2,2,2,2,2,"Texas",0
"26385",480128,48,24180,32.96483889,-94.6577,2,2,1,2,17,8,0,12,0,1,1,0,1,2,1,1,48,1,2,1,1,2,1,2,2,2,2,1,1,2,2,2,2,2,"Texas",1
"26386",480129,48,25248,32.51176667,-95.67310833,3,3,1,2,21,1,0,12,0,1,1,0,1,2,1,1,48,1,1,2,1,2,2,2,2,2,2,3,2,2,2,2,2,2,"Texas",0
"26387",480130,48,24264,32.92439167,-96.77574722,1,1,1,3,11,1,0,8,0,1,1,0,2,1,1,1,48,2,1,1,1,1,2,2,1,2,2,3,2,2,2,2,2,2,"Texas",0
"26388",480131,48,28627,29.89020556,-96.87030833,1,1,1,3,16,2,0,35,0,1,1,0,4,1,1,1,48,1,2,1,1,1,2,2,2,1,2,3,2,1,2,2,2,2,"Texas",0
"26389",480132,48,26457,31.56888611,-97.15739444,1,1,1,3,22,8,0,33,0,1,1,0,4,3,1,1,48,2,2,2,1,1,1,1,2,2,2,1,2,2,2,2,2,2,"Texas",1
"26390",480133,48,24665,32.77811389,-97.89531944,1,1,1,3,18,2,0,1,0,1,1,0,3,2,1,1,48,1,2,2,1,1,2,2,2,1,2,3,2,2,2,2,2,2,"Texas",0
"26391",480134,48,25734,32.24310556,-95.35014722,2,2,1,3,7,4,0,12,1,18,1,0,1,1,5,1,48,3,3,1,1,2,2,2,2,2,2,3,2,2,2,2,2,2,"Texas",0
"26392",480135,48,24639,32.78533611,-97.21274167,1,1,1,3,17,1,0,23,0,1,1,0,4,2,1,1,48,2,1,1,1,1,2,1,2,2,2,3,2,2,2,2,2,2,"Texas",1
"26393",480136,48,27785,30.338625,-97.69259444,1,1,1,3,18,5,0,8,0,2,3,0,1,3,1,1,48,3,3,2,1,1,2,2,1,2,2,3,2,1,2,2,2,2,"Texas",0
"26394",480137,48,24447,32.84467222,-96.874075,2,2,1,4,19,5,0,12,0,1,1,0,1,3,2,1,48,3,3,2,1,2,2,1,2,2,2,1,2,2,2,2,2,2,"Texas",1
"26395",480138,48,28979,29.68855833,-95.62355278,2,2,1,4,22,4,0,43,0,1,1,0,5,3,1,2,48,3,3,2,1,1,2,1,2,2,1,2,1,2,2,2,2,2,"Texas",0
"26396",480140,48,24608,32.79457222,-97.29063611,1,1,1,4,15,5,0,8,0,1,1,0,1,1,10,1,48,3,3,1,1,1,2,2,1,2,2,3,1,2,2,1,2,2,"Texas",0
"26397",480141,48,28121,30.19683611,-98.021525,2,2,1,5,10,2,0,12,0,1,1,0,1,1,2,1,48,1,2,1,1,2,2,1,2,2,2,3,2,2,2,2,2,2,"Texas",0
"26398",480142,48,26098,31.93278611,-97.10443056,1,3,1,5,6,1,0,14,0,1,1,0,2,3,10,1,48,1,1,1,1,1,2,2,2,2,2,3,2,2,2,2,2,1,"Texas",0
"26399",480143,48,24189,32.96066389,-97.30179722,1,1,1,5,19,3,0,8,0,1,1,0,1,2,2,1,48,2,2,2,1,1,2,2,1,2,2,3,1,2,2,2,2,2,"Texas",0
"26400",480144,48,29373,29.39705833,-96.07104167,4,4,1,5,22,2,0,12,0,7,1,0,1,2,10,1,48,1,2,2,1,2,2,1,2,2,2,3,2,2,1,2,2,2,"Texas",0
"26401",480145,48,29212,29.52268333,-98.41098889,2,2,1,6,7,8,0,8,0,1,1,0,1,1,2,1,48,2,2,1,1,1,2,2,1,2,2,3,2,2,2,2,2,2,"Texas",0
"26402",480146,48,24554,32.81004444,-96.83483889,1,1,1,6,6,6,0,8,0,3,2,0,1,3,1,1,48,3,3,1,1,1,2,2,1,2,2,3,2,1,2,2,2,2,"Texas",0
"26403",480147,48,29827,28.66761111,-97.45565556,2,2,1,6,13,3,0,54,0,1,1,0,1,1,10,1,48,1,2,1,1,2,2,2,2,2,2,3,2,2,2,2,2,2,"Texas",0
"26404",480148,48,29133,29.58362778,-97.96489722,1,1,1,6,0,6,0,42,0,1,1,0,4,3,2,1,48,3,3,2,1,1,2,1,2,2,2,3,1,2,2,2,2,2,"Texas",0
"26405",480149,48,28773,29.8003,-95.70394722,3,3,1,6,2,4,0,12,0,2,2,0,1,3,10,1,48,3,3,2,1,2,2,1,2,2,2,1,2,2,1,2,2,2,"Texas",2
"26406",480150,48,25084,32.61697778,-97.38300278,2,2,1,6,17,6,0,12,0,2,2,0,1,1,1,1,48,3,3,1,1,2,2,1,2,2,2,3,2,2,2,2,1,2,"Texas",0
"26407",480151,48,29217,29.52096389,-98.39579722,1,1,1,7,3,1,0,23,1,5,1,0,4,3,1,1,48,1,1,2,2,1,2,1,2,1,2,1,2,2,2,2,2,2,"Texas",1
"26408",480152,48,28124,30.19658056,-97.70373889,2,2,1,7,4,5,0,12,0,4,1,0,1,3,1,1,48,3,3,2,2,2,2,2,2,2,2,3,2,2,1,2,2,2,"Texas",0
"26409",480153,48,29402,29.37264722,-98.27091111,3,3,1,1,2,2,0,12,0,2,3,0,1,2,1,1,48,1,2,2,2,2,2,2,2,2,2,3,2,2,1,2,1,2,"Texas",2
"26410",480154,48,27228,30.65255833,-96.39936111,1,1,1,1,0,8,0,8,0,1,1,0,1,2,1,1,48,2,2,2,2,1,2,2,1,2,2,2,2,2,1,2,2,2,"Texas",0
"26411",480155,48,23817,33.20474444,-97.09120278,3,3,1,1,15,8,0,12,0,2,2,0,1,1,1,1,48,2,2,1,2,2,1,2,2,2,2,3,2,2,1,2,2,2,"Texas",0
"26412",480156,48,23888,33.15396944,-96.13473611,2,2,1,1,18,2,0,12,0,1,1,0,1,2,1,1,48,2,2,2,2,2,2,2,2,2,2,1,1,2,2,2,2,2,"Texas",1
"26413",480157,48,29301,29.44596389,-98.49175556,1,1,1,2,2,6,0,8,0,1,1,0,1,3,1,1,48,3,3,2,2,1,2,2,1,2,2,3,2,2,2,1,2,2,"Texas",0
"26414",480158,48,27324,30.58518056,-93.91918056,1,1,1,2,22,2,0,8,0,1,1,0,1,2,1,1,48,1,2,2,1,1,2,2,1,2,2,2,2,1,2,2,2,2,"Texas",0
"26415",480159,48,27140,30.73236111,-94.97975,1,1,1,2,21,2,0,31,0,1,1,0,4,2,1,1,48,1,2,2,1,1,2,1,2,2,2,3,2,2,2,2,2,2,"Texas",0
"26416",480160,48,24961,32.684825,-97.40666389,1,1,1,2,20,1,0,23,1,5,1,0,4,3,1,1,48,2,1,2,1,1,1,1,2,2,2,2,2,2,2,2,2,2,"Texas",0
"26417",480161,48,28965,29.69316389,-96.572725,1,1,1,3,7,1,0,1,1,20,1,0,1,1,1,1,48,1,2,1,1,1,2,1,2,1,2,3,2,2,2,2,2,1,"Texas",0
"26418",480162,48,27766,30.35106667,-97.71354444,1,1,1,3,21,2,0,21,1,19,1,0,4,3,1,1,48,2,2,2,1,1,2,2,2,2,2,3,2,2,2,2,2,2,"Texas",0
"26419",480163,48,27311,30.59676389,-97.53725833,2,2,1,4,8,8,0,12,0,2,2,0,1,1,1,1,48,1,2,1,1,2,2,2,2,2,2,3,2,2,2,2,2,2,"Texas",0
"26420",480164,48,27432,30.50804444,-97.67509444,1,1,1,4,1,6,0,10,0,6,1,0,1,2,1,1,48,3,3,2,1,1,2,2,2,2,2,3,2,2,2,2,2,2,"Texas",0
"26421",480165,48,23208,33.48452778,-96.94606111,3,3,1,5,6,8,0,23,0,1,1,0,4,2,2,1,48,1,2,1,1,2,2,1,2,2,2,2,2,2,2,2,2,2,"Texas",0
"26422",480166,48,28762,29.80532778,-95.56373889,2,2,1,5,1,7,0,12,0,1,1,0,1,3,10,1,48,2,2,2,1,2,2,2,2,1,2,3,2,2,1,2,2,2,"Texas",0
"26423",480167,48,28923,29.71450556,-95.50120833,3,3,1,7,1,7,0,31,0,1,1,0,10,3,2,3,48,2,1,2,2,1,2,2,2,2,2,2,2,2,1,2,2,2,"Texas",0
"26424",480168,48,26402,31.634525,-97.27783889,3,3,1,2,18,8,0,12,0,2,3,0,1,3,1,1,48,2,2,2,1,2,2,2,2,2,2,3,2,1,2,2,2,2,"Texas",0
"26425",480169,48,27648,30.41003333,-97.67473333,1,1,1,6,2,7,0,42,0,1,1,0,10,3,1,1,48,2,1,2,1,1,2,2,2,2,2,1,2,2,2,2,2,2,"Texas",1
"26426",480170,48,26609,31.38685556,-100.3724,1,1,1,7,9,2,0,1,1,19,1,0,3,1,2,1,48,2,2,1,2,1,2,1,2,1,2,3,2,2,2,2,2,2,"Texas",0
"26427",480171,48,27821,30.32373889,-97.67818056,1,1,1,7,3,2,0,8,0,1,1,0,1,3,10,1,48,2,2,2,2,1,2,2,1,2,2,3,2,2,2,1,2,2,"Texas",0
"26428",480172,48,28735,29.81885278,-95.473825,2,2,1,2,4,6,0,33,0,1,1,0,4,2,5,1,48,3,3,2,2,1,2,2,2,1,2,3,1,2,2,2,2,2,"Texas",0
"26429",480173,48,25818,32.18989444,-96.93204444,1,1,1,3,21,4,0,42,0,1,1,0,4,2,1,1,48,3,3,2,1,1,2,1,2,2,2,1,2,2,2,2,2,2,"Texas",1
"26430",480174,48,17763,35.56239722,-100.9674972,3,3,1,3,20,6,0,12,0,2,3,0,1,3,1,1,48,3,3,2,1,2,2,1,2,2,2,3,1,2,2,2,2,2,"Texas",1
"26431",480175,48,29471,29.27886944,-96.06516111,2,2,1,3,7,3,0,12,0,1,1,0,1,1,2,1,48,1,2,1,1,2,2,2,2,2,2,3,2,2,2,2,2,2,"Texas",0
"26432",480176,48,23796,33.218625,-96.73999167,2,2,1,5,6,2,0,12,0,8,1,1,1,2,1,1,48,2,2,1,1,2,1,2,2,2,2,2,2,1,2,2,2,2,"Texas",0
"26433",480177,48,26573,31.43484167,-97.73446389,1,1,1,7,19,2,0,8,0,1,1,0,1,3,1,1,48,2,2,2,2,1,2,2,1,2,2,2,1,2,2,2,1,2,"Texas",0
"26434",480178,48,24574,32.80424444,-96.97693056,1,1,1,7,20,6,0,33,0,1,1,0,4,3,1,1,48,3,3,2,2,1,1,1,2,2,2,3,2,2,2,2,2,2,"Texas",0
"26435",480179,48,28888,29.73098889,-95.21186389,8,8,1,7,22,6,0,12,0,1,1,0,1,3,1,1,48,3,3,2,2,3,2,2,2,2,2,1,2,1,2,2,2,2,"Texas",1
"26436",480180,48,28027,30.23782778,-94.21714444,1,1,1,1,9,8,0,33,0,1,1,0,4,1,1,1,48,2,2,1,2,1,1,2,2,2,2,3,2,1,2,2,2,2,"Texas",0
"26437",480181,48,29159,29.55956389,-95.07404167,1,1,1,1,15,3,0,5,0,1,1,0,1,1,1,1,48,2,2,1,2,1,1,1,2,2,2,3,1,2,2,2,2,2,"Texas",0
"26438",480182,48,27879,30.2986,-97.74734444,1,1,1,1,21,6,0,1,0,1,1,0,4,3,1,1,48,3,3,2,2,1,2,1,2,1,2,3,2,2,1,2,2,2,"Texas",0
"26439",480183,48,29684,28.89435556,-98.99651111,1,1,1,2,13,8,0,38,0,1,1,0,5,1,1,1,48,1,2,1,1,1,1,1,2,2,2,3,2,2,2,2,1,2,"Texas",0
"26440",480184,48,26846,31.08561667,-97.78535833,1,1,1,3,12,8,0,8,0,1,1,0,1,1,1,1,48,2,2,1,1,1,2,2,1,2,2,3,2,1,2,2,2,2,"Texas",0
"26441",480185,48,29179,29.54590556,-98.36923889,4,4,1,4,14,7,0,12,1,2,2,0,1,1,10,1,48,2,1,1,1,3,1,1,2,2,2,3,2,1,1,2,2,2,"Texas",0
"26442",480186,48,24208,32.94859444,-96.89018333,2,2,1,4,11,6,0,12,0,1,1,0,1,1,1,1,48,3,3,1,1,2,2,2,2,2,2,3,2,2,1,2,2,2,"Texas",0
"26443",480187,48,29247,29.49246389,-95.02707222,4,4,1,4,23,8,0,12,0,2,2,0,1,3,1,1,48,2,2,2,1,3,2,2,2,2,2,3,1,2,1,2,1,2,"Texas",0
"26444",480188,48,25830,32.18126944,-95.90273056,2,2,1,4,13,8,0,12,0,1,1,0,1,1,10,2,48,1,2,1,1,2,2,2,2,2,2,3,2,1,2,2,2,2,"Texas",0
"26445",480189,48,25462,32.39741944,-98.7652,1,1,1,5,17,8,0,38,0,1,1,0,5,1,2,1,48,1,2,1,1,1,2,2,2,2,2,2,2,2,2,2,1,2,"Texas",0
"26446",480190,48,28912,29.71910833,-95.49700833,2,2,1,5,3,7,0,8,0,1,1,0,1,3,10,1,48,2,1,2,1,1,2,2,1,2,2,3,2,2,2,1,2,2,"Texas",0
"26447",480191,48,29045,29.65727778,-95.37627778,1,1,1,6,22,6,0,8,0,1,1,0,4,3,1,1,48,3,3,2,2,1,2,2,1,1,2,3,2,2,1,2,2,2,"Texas",0
"26448",480193,48,26645,31.34346944,-95.26631944,4,4,1,6,16,3,0,12,0,1,1,1,4,1,10,2,48,1,2,1,1,2,2,2,2,1,2,3,1,2,2,2,2,2,"Texas",0
"26449",480194,48,27151,30.71723056,-93.91875833,2,2,1,6,13,2,0,12,0,3,3,0,1,1,10,1,48,1,2,1,1,2,2,1,2,1,2,3,2,1,2,2,1,2,"Texas",0
"26450",480195,48,26263,31.79594722,-100.9233194,2,2,1,6,5,2,0,32,0,1,1,0,4,2,4,1,48,1,2,2,1,1,2,1,2,1,2,3,2,2,2,2,2,2,"Texas",0
"26451",480196,48,29563,29.13747222,-95.42688611,1,1,1,7,19,6,0,9,0,1,1,0,1,2,1,1,48,3,3,2,2,1,2,2,2,2,2,2,1,2,2,2,2,2,"Texas",0
"26452",480198,48,27948,30.26891667,-95.83160556,4,4,1,7,16,8,0,12,0,2,3,0,1,1,1,1,48,1,2,1,2,2,2,1,2,2,2,3,1,2,2,2,1,2,"Texas",0
"26453",480199,48,28671,29.86110556,-95.18769167,2,2,1,7,3,7,0,12,0,1,1,0,1,3,10,2,48,2,2,2,2,2,2,1,2,2,2,1,1,2,2,2,2,2,"Texas",1
"26454",480200,48,23993,33.08230833,-96.82469167,2,2,1,1,2,6,0,25,1,5,1,0,4,3,1,1,48,3,3,2,2,1,2,1,2,1,2,1,2,2,1,2,2,2,"Texas",1
"26455",480201,48,24920,32.70173056,-97.00248333,3,3,1,1,16,6,0,12,0,2,2,0,1,1,1,1,48,3,3,1,2,2,2,1,2,2,2,3,1,2,2,2,2,2,"Texas",0
"26456",480202,48,26095,31.93404722,-102.3612028,1,1,1,1,20,6,0,1,0,1,1,0,4,2,1,1,48,3,3,2,2,1,1,1,2,2,2,1,2,2,2,2,2,2,"Texas",1
"26457",480203,48,24387,32.8706,-97.97930278,1,1,1,1,22,8,0,99,0,1,1,0,4,2,1,1,48,1,2,2,2,1,2,2,2,2,2,1,2,2,2,2,1,2,"Texas",1
"26458",480204,48,28410,30.01819444,-94.17723333,2,2,1,2,23,1,0,12,0,1,1,0,1,2,1,1,48,2,1,2,1,2,2,2,2,2,2,1,1,1,2,2,2,2,"Texas",1
"26459",480205,48,26170,31.86833611,-102.3997333,1,1,1,3,8,8,0,8,0,1,1,0,1,1,1,1,48,2,2,1,1,1,2,2,1,2,2,3,2,2,2,2,2,2,"Texas",0
"26460",480206,48,26302,31.75798333,-106.4879278,1,1,1,3,11,6,0,8,0,3,2,0,1,1,1,1,48,3,3,1,1,1,2,2,1,2,2,3,2,1,2,2,1,2,"Texas",0
"26461",480207,48,29000,29.679425,-95.46085278,2,2,1,3,1,6,0,33,0,1,1,0,4,6,1,1,48,3,3,2,1,1,2,2,2,2,2,1,2,2,1,2,2,2,"Texas",1
"26462",480208,48,26090,31.93703056,-97.31778333,2,2,1,3,14,3,0,12,0,2,2,0,1,1,1,1,48,1,2,1,1,2,2,2,2,2,2,3,2,1,2,2,2,2,"Texas",0
"26463",480209,48,24165,32.97390278,-96.71688333,4,4,1,4,23,2,0,12,0,1,1,0,1,3,1,1,48,2,2,2,1,3,2,1,2,2,2,3,2,2,2,2,1,2,"Texas",0
"26464",480210,48,23791,33.21934722,-96.88911944,1,1,1,5,17,2,0,58,0,1,1,0,4,3,1,1,48,2,2,1,1,1,2,2,2,1,2,3,2,2,2,2,2,2,"Texas",0
"26465",480211,48,28306,30.09186111,-98.75175,1,1,1,5,17,8,0,38,0,1,1,0,5,1,10,1,48,1,2,1,1,1,1,1,2,2,2,1,2,1,2,2,2,2,"Texas",1
"26466",480212,48,27796,30.33355,-95.47861389,2,2,1,5,3,7,0,33,1,19,1,0,3,3,1,1,48,2,1,2,1,1,1,1,2,2,2,1,2,2,2,2,2,2,"Texas",1
"26467",480213,48,29219,29.52025556,-98.58850278,4,4,1,6,10,6,0,12,0,2,2,0,1,1,1,1,48,3,3,1,1,3,2,2,2,2,2,3,2,1,1,2,1,2,"Texas",0
"26468",480214,48,24739,32.75948056,-97.09076389,1,1,1,6,21,1,0,31,0,1,1,0,10,3,1,1,48,2,1,2,2,1,2,2,2,2,2,3,2,1,2,2,2,2,"Texas",0
"26469",480215,48,22504,33.71351389,-97.16146944,2,2,1,7,2,1,0,11,0,1,1,0,1,2,1,1,48,1,1,2,2,1,2,2,2,2,2,2,2,1,2,2,2,2,"Texas",1
"26470",480216,48,30506,27.89021389,-98.69339444,4,4,1,7,16,3,0,12,0,1,1,0,1,1,2,1,48,1,2,1,2,2,2,2,2,2,2,3,2,2,2,2,2,2,"Texas",0
"26471",480217,48,26088,31.94061667,-102.3678417,3,3,1,7,11,8,0,12,0,1,1,1,1,1,2,1,48,2,2,1,2,2,2,1,2,1,2,3,2,2,1,2,2,2,"Texas",0
"26472",480218,48,26194,31.85175556,-106.3309944,1,1,1,7,2,8,0,8,0,1,1,0,1,2,2,2,48,1,2,2,2,1,2,2,1,2,2,1,2,2,2,2,2,2,"Texas",1
"26473",480219,48,28847,29.75003611,-95.37237778,3,3,1,7,2,1,0,12,0,1,1,0,1,3,1,1,48,2,1,2,2,2,2,1,1,2,2,3,2,2,2,2,2,2,"Texas",0
"26474",480220,48,28933,29.71109444,-95.32317778,2,2,1,7,2,8,0,33,0,1,1,0,4,3,1,1,48,2,2,2,2,1,2,2,2,2,2,1,2,2,1,2,2,2,"Texas",1
"26475",480221,48,20954,34.13776944,-102.6128861,2,2,1,7,0,2,0,1,0,1,1,0,3,2,2,1,48,1,2,2,2,1,2,1,2,1,2,3,2,2,2,2,2,2,"Texas",0
"26476",480222,48,25710,32.26093889,-102.7761722,3,3,2,1,16,8,0,12,0,2,2,0,1,1,1,2,48,1,2,1,2,2,2,2,2,1,2,3,2,2,2,2,2,2,"Texas",0
"26477",480223,48,24594,32.79744167,-96.85505278,2,2,2,1,1,6,0,8,0,1,1,0,1,3,10,1,48,3,3,2,2,1,2,2,1,2,2,3,2,1,2,2,2,2,"Texas",0
"26478",480224,48,28818,29.77386111,-95.23896944,1,1,2,1,0,1,0,8,0,1,1,0,1,2,1,1,48,2,1,2,2,1,2,2,1,2,2,3,2,2,2,2,2,2,"Texas",0
"26479",480225,48,30053,28.36418889,-98.14108333,4,4,2,1,6,2,0,12,0,8,1,0,1,2,5,1,48,1,2,1,2,2,2,2,2,2,2,3,2,2,2,2,2,2,"Texas",0
"26480",480226,48,26042,31.99347778,-102.1729417,2,2,2,1,23,3,0,12,0,1,1,0,1,2,10,1,48,1,2,2,2,2,2,2,2,2,2,1,2,2,2,2,2,2,"Texas",1
"26481",480227,48,18520,35.22925556,-101.7418194,3,3,2,1,8,8,0,12,0,1,1,0,1,1,10,2,48,2,2,1,2,2,2,2,2,2,2,3,1,2,2,2,2,2,"Texas",0
"26482",480228,48,25452,32.40384444,-95.39012778,4,4,2,1,23,3,0,12,0,1,1,0,1,2,10,3,48,1,2,2,2,2,2,2,2,1,2,1,2,2,2,2,2,2,"Texas",1
"26483",480229,48,28245,30.13353333,-97.81025278,1,1,2,1,5,4,0,1,0,1,1,0,1,2,10,1,48,3,3,2,2,1,1,1,2,2,2,1,2,2,2,2,2,2,"Texas",1