"","ST_CASE","OBJECT_ID","FID","LATITUDE","LONGITUD","PERMVIT","PERSONS","MONTH","DAY_WEEK","HOUR","ROUTE","SP_JUR","HARM_EV","RELJCT1","RELJCT2","TYP_INT","WRK_ZONE","REL_ROAD","LGT_COND","WEATHER","FATALS","STATE","A_RU","A_INTER","A_TOD","A_DOW","A_CT","A_MC","A_SPCRA","A_PED","A_ROLL","A_POLPUR","A_POSBAC","A_D15_20","A_D65PLS","A_D21_24","A_HR","A_DIST","A_DROWSY","STATE_NAME","drunkDr"
"26484",480230,48,28850,29.74823056,-97.70518333,1,1,2,2,10,8,0,1,0,1,1,0,4,1,10,1,48,1,2,1,1,1,2,1,2,1,2,2,2,2,2,2,1,2,"Texas",0
"26485",480231,48,25172,32.55971667,-100.3805833,1,1,2,2,14,3,0,32,0,1,1,0,4,1,1,1,48,1,2,1,1,1,2,1,2,2,2,3,2,2,2,2,2,2,"Texas",0
"26486",480232,48,25957,32.06513611,-94.49036944,1,1,2,2,22,8,0,42,0,1,1,0,4,2,1,1,48,1,2,2,1,1,2,1,2,2,1,3,1,2,2,2,2,2,"Texas",0
"26487",480233,48,24897,32.70741111,-97.47522778,1,1,2,2,2,1,0,59,0,1,1,0,3,3,1,1,48,2,1,2,2,1,2,1,2,2,2,1,2,2,1,2,2,2,"Texas",1
"26488",480234,48,24731,32.75996389,-97.18500833,4,4,2,2,2,1,0,12,0,1,1,0,1,2,1,1,48,2,1,2,2,2,2,1,2,1,2,3,2,2,2,2,2,2,"Texas",0
"26489",480235,48,28870,29.73865833,-96.08968333,2,2,2,3,22,4,0,32,0,1,1,0,4,2,2,2,48,3,3,2,1,1,2,1,2,1,2,2,1,2,2,2,2,2,"Texas",0
"26490",480236,48,25219,32.53066667,-96.71631667,1,1,2,3,10,9,0,42,0,1,1,0,4,1,1,1,48,2,2,1,1,1,2,2,2,2,2,3,2,2,2,2,2,2,"Texas",0
"26491",480237,48,23264,33.46908611,-96.275,2,2,2,3,9,3,0,52,0,1,1,0,4,1,1,1,48,1,2,1,1,1,2,2,2,1,2,3,2,1,2,2,1,2,"Texas",0
"26492",480238,48,22793,33.62406667,-96.89976667,2,2,2,3,7,2,0,12,0,1,1,0,2,1,1,1,48,1,2,1,1,2,2,2,2,2,2,3,2,1,2,2,1,2,"Texas",0
"26493",480239,48,26403,31.63291667,-94.65275,1,1,2,3,18,8,0,8,0,1,1,0,1,3,1,1,48,2,2,2,1,1,2,2,1,2,2,2,2,2,2,2,2,2,"Texas",0
"26494",480240,48,30476,27.91796111,-97.83699444,5,5,2,3,15,8,0,12,0,1,1,0,2,1,2,2,48,1,2,1,1,2,2,2,2,2,2,3,2,2,2,2,2,2,"Texas",0
"26495",480241,48,28239,30.13856944,-97.66581944,1,1,2,3,23,3,0,52,0,1,1,0,4,2,2,1,48,2,2,2,1,1,2,2,2,1,2,3,2,2,2,2,2,1,"Texas",0
"26496",480242,48,23562,33.35916111,-94.07863889,2,2,2,4,17,8,0,12,0,1,1,0,1,1,1,2,48,1,2,1,1,2,2,2,2,2,2,3,2,2,1,2,1,2,"Texas",0
"26497",480243,48,29352,29.41535278,-95.22963611,3,3,2,4,19,3,0,12,0,5,1,0,1,2,1,1,48,2,2,2,1,2,2,2,2,2,2,3,2,1,2,2,1,2,"Texas",0
"26498",480244,48,27303,30.60331111,-98.0863,4,4,2,4,14,8,0,12,0,1,1,0,1,1,1,1,48,1,2,1,1,2,2,2,2,2,2,3,2,2,2,2,2,2,"Texas",0
"26499",480245,48,28679,29.85076667,-94.36563889,2,2,2,4,5,1,0,12,0,1,1,0,1,2,2,1,48,1,1,2,1,2,2,1,2,2,2,3,2,1,2,2,2,2,"Texas",0
"26500",480246,48,24682,32.773,-96.74789167,1,1,2,4,6,6,0,8,0,1,1,0,1,3,10,1,48,3,3,1,1,1,2,2,1,2,2,3,2,2,2,2,2,2,"Texas",0
"26501",480247,48,24406,32.86331944,-96.06848056,1,1,2,4,6,8,0,9,0,1,1,0,1,2,1,1,48,2,2,1,1,1,2,2,2,2,2,2,2,2,2,2,2,2,"Texas",0
"26502",480248,48,22682,33.65774167,-95.55884167,1,1,2,4,10,6,0,30,0,1,1,0,4,1,1,1,48,3,3,1,1,1,2,2,2,1,2,3,2,1,2,2,2,2,"Texas",0
"26503",480249,48,29155,29.56285833,-98.59150556,2,2,2,5,11,7,0,12,0,2,2,1,1,1,10,1,48,2,1,1,1,2,2,2,1,2,2,3,2,2,2,2,2,2,"Texas",0
"26504",480250,48,31255,26.27775278,-98.24571667,1,1,2,5,7,6,0,26,0,1,1,0,4,1,10,1,48,3,3,1,1,1,2,1,2,2,2,3,2,2,2,2,1,2,"Texas",0
"26505",480251,48,25812,32.19385278,-94.80844167,2,2,2,5,5,2,0,1,0,1,1,0,3,2,2,1,48,2,2,2,1,2,2,1,2,1,2,3,2,2,2,2,2,2,"Texas",0
"26506",480252,48,24263,32.92474444,-96.79231944,3,3,2,6,22,1,0,12,1,18,1,1,1,3,1,1,48,2,1,2,2,2,2,1,2,2,2,3,2,2,1,1,2,2,"Texas",0
"26507",480253,48,28635,29.88664722,-95.35156944,1,1,2,6,5,4,0,8,0,1,1,0,1,2,1,1,48,3,3,2,1,1,2,1,1,2,2,3,2,2,2,2,2,2,"Texas",0
"26508",480254,48,28608,29.91110278,-95.479825,2,2,2,6,13,3,0,12,0,1,1,0,1,1,10,1,48,2,2,1,1,2,2,2,2,2,2,3,2,2,2,2,2,2,"Texas",0
"26509",480255,48,25713,32.25966667,-97.26546389,1,1,2,7,11,4,0,38,0,1,1,0,5,1,1,1,48,3,3,1,2,1,2,1,2,1,2,3,2,2,2,2,2,2,"Texas",0
"26510",480256,48,28519,29.96709722,-94.59635833,2,2,2,7,17,3,0,12,0,1,1,1,1,1,1,1,48,1,2,1,2,2,2,2,2,2,2,3,2,1,2,2,2,2,"Texas",0
"26511",480257,48,29396,29.37745,-96.17639167,2,2,2,7,13,8,0,12,0,1,1,0,1,1,1,1,48,1,2,1,2,2,2,2,2,2,2,3,2,1,2,2,2,2,"Texas",0
"26512",480258,48,29300,29.44731389,-98.54702778,2,2,2,1,22,6,0,8,0,1,1,0,1,3,1,1,48,3,3,2,2,1,2,2,1,2,2,3,1,2,2,2,2,2,"Texas",0
"26513",480259,48,25077,32.62058889,-96.9425,2,2,2,1,18,6,0,12,0,2,3,0,1,3,1,1,48,3,3,2,2,2,1,1,2,2,2,3,2,2,2,2,2,2,"Texas",0
"26514",480260,48,23751,33.24013889,-97.13687222,2,2,2,1,12,6,0,42,0,1,1,0,4,1,1,1,48,3,3,1,2,1,2,1,2,2,2,2,2,2,2,2,2,2,"Texas",0
"26515",480261,48,26032,32.00290833,-97.15755833,6,6,2,1,19,3,0,12,0,3,3,0,1,2,1,3,48,1,2,2,2,3,2,1,2,2,2,3,2,1,2,2,1,2,"Texas",0
"26516",480262,48,24368,32.88011389,-94.18118333,2,2,2,1,20,3,0,42,0,1,1,0,4,2,1,1,48,1,2,2,2,1,2,2,2,2,2,3,1,2,2,2,1,2,"Texas",0
"26517",480263,48,25715,32.25705833,-95.34594722,2,2,2,1,1,8,0,9,0,2,3,0,1,2,1,1,48,2,2,2,2,1,2,2,2,2,2,3,2,2,2,2,2,2,"Texas",0
"26518",480264,48,24429,32.85238889,-97.36075833,1,1,2,1,13,8,0,41,0,1,1,0,4,1,1,1,48,2,2,1,2,1,2,2,2,1,2,3,2,1,2,2,2,2,"Texas",0
"26519",480265,48,25516,32.36828611,-95.20392778,1,1,2,2,0,8,0,1,0,1,1,0,4,2,1,1,48,1,2,2,2,1,2,1,2,1,2,3,2,2,2,2,2,2,"Texas",0
"26520",480266,48,29154,29.56587222,-98.65425556,3,3,2,3,16,8,0,25,0,1,1,1,4,1,1,1,48,2,2,1,1,2,2,2,2,2,2,3,2,2,1,2,2,2,"Texas",0
"26521",480267,48,25828,32.18266944,-95.96290556,2,2,2,3,10,3,0,1,0,1,1,0,4,1,1,1,48,1,2,1,1,1,2,2,2,1,2,3,2,2,2,2,2,2,"Texas",0
"26522",480268,48,28392,30.03335,-94.89394722,1,1,2,3,18,3,0,8,0,1,1,0,11,2,1,1,48,1,2,2,1,1,2,2,1,2,2,3,2,2,2,2,2,2,"Texas",0
"26523",480269,48,26591,31.4099,-97.20086389,3,3,2,3,23,1,0,8,0,1,1,1,1,2,1,1,48,1,1,2,1,2,2,2,1,2,2,3,2,2,2,2,2,2,"Texas",0
"26524",480270,48,27464,30.48952778,-95.09632222,1,1,2,3,19,8,0,8,0,1,1,0,1,2,1,1,48,1,2,2,1,1,2,2,1,2,2,3,2,2,2,1,1,2,"Texas",1
"26525",480271,48,24530,32.81481944,-97.41273056,2,3,2,3,16,7,0,14,0,1,1,0,2,1,1,1,48,2,1,1,1,1,2,1,2,2,2,3,1,2,2,2,2,2,"Texas",0
"26526",480272,48,26259,31.799475,-95.61474444,2,2,2,4,7,3,0,1,0,1,1,0,3,4,10,1,48,1,2,1,1,1,2,2,2,1,2,3,1,2,2,2,1,1,"Texas",0
"26527",480273,48,24944,32.692575,-97.24191667,1,1,2,4,19,2,0,24,1,19,1,0,3,3,1,1,48,2,2,2,1,1,2,2,2,1,2,1,2,2,2,2,2,2,"Texas",1
"26528",480274,48,28611,29.90929167,-95.15640278,1,1,2,5,20,6,0,8,0,1,1,0,1,3,1,1,48,3,3,2,1,1,2,2,1,2,2,3,1,2,2,2,2,2,"Texas",0
"26529",480275,48,31311,26.22546111,-97.71005,1,1,2,6,7,8,0,35,0,1,1,0,4,1,1,1,48,2,2,1,1,1,2,2,2,1,2,3,2,2,2,2,2,2,"Texas",0
"26530",480276,48,28233,30.14164444,-96.76861389,3,3,2,6,12,2,0,12,0,2,3,0,1,1,1,1,48,1,2,1,1,2,2,2,2,1,2,1,2,1,2,2,2,2,"Texas",1
"26531",480277,48,27704,30.38451667,-95.66180556,2,2,2,6,6,3,0,12,0,2,3,0,1,2,1,1,48,3,2,1,1,2,1,2,2,2,2,2,1,2,2,2,2,2,"Texas",0
"26532",480278,48,24402,32.864175,-96.68406111,3,3,2,7,6,8,0,59,0,1,1,0,3,4,1,2,48,2,2,1,2,2,2,1,2,1,2,1,1,2,2,2,2,2,"Texas",1
"26533",480279,48,31371,26.16774167,-98.26795556,1,1,2,7,22,8,0,9,0,8,1,0,1,2,1,1,48,2,2,2,2,1,2,2,2,2,2,3,1,2,2,2,2,2,"Texas",0
"26534",480280,48,26684,31.29731111,-95.46530556,1,1,2,7,21,8,0,35,0,1,1,0,4,2,10,1,48,2,2,2,2,1,2,2,2,2,2,3,2,2,2,2,2,2,"Texas",0
"26535",480281,48,20426,34.35502778,-102.9607,2,2,2,7,21,2,0,42,0,1,1,0,3,2,1,1,48,1,2,2,2,1,2,2,2,2,2,2,1,2,2,2,2,2,"Texas",0
"26536",480282,48,24463,32.83868056,-97.31343611,2,2,2,7,4,1,0,12,1,18,1,1,1,2,1,1,48,2,1,2,2,2,2,2,2,2,2,3,2,2,2,2,2,2,"Texas",0
"26537",480283,48,29077,29.62776389,-99.75622222,1,1,2,1,8,2,0,59,0,1,1,0,4,2,10,1,48,1,2,1,2,1,2,2,2,1,2,1,2,2,2,2,2,2,"Texas",1
"26538",480284,48,29226,29.51594722,-98.41109167,1,1,2,2,21,1,0,8,1,18,1,0,1,3,2,1,48,2,2,2,1,1,2,2,1,2,2,3,2,2,2,2,2,2,"Texas",0
"26539",480285,48,24960,32.68485833,-97.010925,2,2,2,2,8,6,0,12,0,2,2,0,1,1,2,1,48,3,3,1,1,2,2,2,2,2,2,3,1,2,2,2,1,2,"Texas",0
"26540",480286,48,24707,32.76673889,-97.105675,1,1,2,2,1,6,0,42,0,1,1,0,4,3,2,1,48,3,3,2,2,1,2,2,2,2,2,1,2,2,1,2,2,2,"Texas",1
"26541",480287,48,26884,31.04478333,-97.34388611,5,5,2,1,22,4,0,1,0,1,1,0,4,2,1,1,48,3,3,2,2,1,2,1,2,1,2,3,1,2,2,2,2,2,"Texas",0
"26542",480288,48,29384,29.38851111,-98.54633333,2,2,2,2,18,8,0,26,0,1,1,0,3,1,10,2,48,2,2,2,1,1,2,1,2,1,2,3,2,2,2,2,2,2,"Texas",0
"26543",480289,48,24850,32.72567778,-102.8132694,2,2,2,2,17,2,0,12,0,1,1,0,1,1,1,1,48,1,2,1,1,2,2,1,2,2,2,3,2,2,2,2,1,2,"Texas",0
"26544",480290,48,25832,32.18078611,-95.86436944,2,2,2,2,17,8,0,12,0,2,3,0,1,1,1,1,48,2,2,1,1,2,2,2,2,2,2,3,2,1,2,2,2,2,"Texas",0
"26545",480291,48,28250,30.13158333,-95.28465278,1,1,2,2,20,8,0,42,0,1,1,0,4,3,1,1,48,1,2,2,1,1,2,2,2,2,2,2,2,2,2,2,2,2,"Texas",0
"26546",480292,48,30663,27.63400556,-97.87856667,1,1,2,5,21,8,0,1,0,1,1,0,4,2,10,1,48,1,2,2,1,1,2,1,2,1,2,1,2,2,2,2,2,1,"Texas",1
"26547",480293,48,24597,32.79671944,-96.68825556,2,2,2,6,15,1,0,8,0,1,1,0,1,1,1,1,48,2,1,1,1,2,2,2,1,2,2,3,2,2,2,2,2,2,"Texas",0
"26548",480294,48,28875,29.736975,-95.36937222,4,4,2,6,8,7,0,12,0,2,2,0,1,1,10,1,48,2,2,1,1,2,2,2,1,2,2,3,2,2,2,2,2,2,"Texas",0
"26549",480295,48,26193,31.8523,-103.0686,3,3,2,6,6,3,0,12,0,3,3,0,1,2,1,1,48,1,2,1,1,2,2,2,2,2,2,3,2,2,2,2,2,2,"Texas",0
"26550",480296,48,24472,32.83723056,-101.9862,1,1,2,1,16,4,0,1,0,1,1,0,4,1,1,1,48,3,3,1,2,1,1,1,2,2,2,2,2,2,2,2,2,2,"Texas",0
"26551",480297,48,26149,31.88936944,-102.3526694,2,2,2,1,22,3,0,12,0,8,1,0,1,3,1,1,48,2,2,2,2,2,1,2,2,2,2,3,2,2,1,2,2,2,"Texas",0
"26552",480298,48,27876,30.30046111,-95.97308056,1,1,2,1,17,8,0,1,0,1,1,0,4,1,1,1,48,1,2,1,2,1,1,1,2,2,2,3,2,2,2,2,1,2,"Texas",0
"26553",480299,48,28682,29.84920556,-95.40296111,2,2,2,1,22,6,0,12,0,2,3,0,1,3,10,1,48,3,3,2,2,2,1,1,2,2,2,1,2,2,2,2,2,2,"Texas",2
"26554",480300,48,31340,26.18991667,-98.11361944,1,1,2,1,18,1,0,8,0,1,1,0,1,1,1,1,48,2,1,2,2,1,2,2,1,2,2,3,2,2,2,2,2,2,"Texas",0
"26555",480301,48,26429,31.59649167,-97.34709722,4,4,2,1,2,3,0,1,0,1,1,0,4,2,1,1,48,1,2,2,2,1,2,2,2,1,2,3,1,2,2,2,2,2,"Texas",0
"26556",480302,48,29612,29.04269722,-97.19039722,2,2,2,2,15,2,0,12,0,1,1,0,1,1,1,1,48,1,2,1,1,2,2,1,2,2,2,3,2,2,2,2,1,2,"Texas",0
"26557",480303,48,24533,32.81375278,-96.79229722,1,1,2,3,17,6,0,12,0,1,1,0,1,5,1,1,48,3,3,1,1,2,2,1,1,2,2,1,2,2,1,2,1,2,"Texas",1
"26558",480304,48,26100,31.9316,-102.3903278,6,6,2,3,21,4,0,12,0,2,2,0,1,2,1,1,48,3,3,2,1,2,2,2,2,2,2,3,2,2,1,2,2,2,"Texas",0
"26559",480305,48,27759,30.35220556,-97.59152778,3,3,2,3,12,7,0,12,1,2,2,1,1,1,1,1,48,2,2,1,1,2,1,2,2,2,2,3,2,2,2,2,2,1,"Texas",0
"26560",480306,48,26613,31.38063056,-96.90531111,1,1,2,4,17,4,0,10,0,6,1,0,1,1,1,1,48,3,3,1,1,1,2,2,2,2,2,2,2,2,2,2,1,2,"Texas",0
"26561",480307,48,29263,29.479375,-98.48154444,2,2,2,5,13,2,0,23,0,1,1,0,4,1,1,1,48,2,2,1,1,1,2,2,2,1,2,3,1,2,2,2,1,2,"Texas",0
"26562",480308,48,24251,32.92771389,-97.02907222,2,2,2,5,6,3,0,8,0,1,1,0,1,2,10,1,48,2,2,1,1,3,2,2,1,2,2,3,2,1,2,2,1,2,"Texas",0
"26563",480309,48,24022,33.06211667,-96.10988056,3,3,2,5,10,3,0,12,0,2,2,0,1,1,1,1,48,1,2,1,1,2,2,2,2,2,2,3,2,2,2,2,2,2,"Texas",0
"26564",480310,48,27801,30.33143056,-95.30298889,2,2,2,5,12,3,0,42,0,1,1,0,4,1,1,2,48,1,2,1,1,1,2,2,2,1,2,2,2,1,2,2,2,2,"Texas",0
"26565",480311,48,27941,30.27165833,-97.81781944,2,2,2,5,12,8,0,12,0,2,3,0,1,1,1,1,48,2,2,1,1,2,2,2,2,2,2,3,2,1,2,2,2,2,"Texas",0
"26566",480312,48,29002,29.67900833,-98.14851667,1,1,2,6,20,7,0,8,0,1,1,0,1,3,1,1,48,2,1,2,2,1,2,2,1,2,2,3,2,2,2,1,1,2,"Texas",0
"26567",480313,48,24784,32.74646111,-96.60584167,3,3,2,6,14,6,0,12,0,8,1,0,1,1,1,1,48,3,3,1,1,2,2,1,2,2,2,1,1,2,2,2,2,2,"Texas",1
"26568",480314,48,31383,26.16066111,-98.07787778,4,4,2,6,19,8,0,8,0,1,1,0,1,2,1,1,48,2,2,2,2,1,2,2,1,2,2,3,2,2,1,2,2,2,"Texas",0
"26569",480315,48,25136,32.58358056,-94.91742222,3,3,2,6,7,2,0,12,0,2,2,0,1,1,1,1,48,1,2,1,1,3,2,1,2,2,1,3,1,2,2,2,2,2,"Texas",0
"26570",480316,48,23994,33.08133333,-97.62786667,2,2,2,6,23,4,0,38,0,1,1,0,5,2,1,1,48,3,3,2,2,1,2,1,2,1,2,1,2,2,1,2,2,2,"Texas",1
"26571",480317,48,23765,33.23364167,-96.37397222,3,3,2,7,16,3,0,12,0,8,1,0,1,1,1,1,48,1,2,1,2,3,1,1,2,2,2,3,2,1,2,2,2,2,"Texas",0
"26572",480318,48,26885,31.04464444,-104.77535,2,2,2,7,17,1,0,12,0,1,1,0,1,1,1,1,48,1,1,1,2,2,2,2,2,2,2,3,2,2,2,2,2,2,"Texas",0
"26573",480319,48,19331,34.91464722,-102.1897833,1,1,2,7,4,2,0,8,0,1,1,0,1,2,1,1,48,1,2,2,2,1,2,2,1,2,2,3,2,2,2,2,2,2,"Texas",0
"26574",480320,48,26364,31.69128333,-106.3264944,3,3,2,7,5,3,0,12,0,1,1,0,1,3,1,1,48,2,2,2,2,2,2,1,2,2,2,3,2,2,2,2,2,1,"Texas",0
"26575",480321,48,28559,29.94217778,-93.98868611,3,3,2,7,1,2,0,8,0,1,1,0,1,2,1,1,48,2,2,2,2,1,2,2,1,2,2,3,2,2,2,2,2,2,"Texas",0
"26576",480322,48,26006,32.02395833,-96.44,2,2,2,7,3,7,0,53,0,1,1,0,4,2,1,1,48,1,1,2,2,1,2,2,2,2,2,1,2,2,2,2,2,2,"Texas",1
"26577",480323,48,24230,32.93840278,-98.39288056,1,1,2,7,19,3,0,39,0,1,1,0,4,2,1,1,48,1,2,2,2,1,2,1,2,2,2,3,2,2,2,2,2,2,"Texas",0
"26578",480324,48,26478,31.54260556,-100.4960917,3,3,2,7,1,2,0,12,0,1,1,0,1,2,1,1,48,1,2,2,2,2,2,2,2,2,2,3,1,2,1,2,2,2,"Texas",0
"26579",480325,48,24476,32.8368,-96.95740278,3,3,2,1,1,3,0,34,0,1,1,0,4,3,1,1,48,2,2,2,2,1,2,2,2,2,2,3,2,2,1,2,2,2,"Texas",0
"26580",480326,48,26177,31.86478889,-102.3969833,6,6,2,1,19,8,0,12,0,3,2,0,1,3,1,1,48,2,2,2,2,3,1,2,2,2,2,1,2,2,2,2,2,2,"Texas",1
"26581",480327,48,28406,30.02180556,-95.38691111,3,3,2,1,3,8,0,31,0,3,2,0,4,3,1,1,48,2,2,2,2,1,2,2,2,2,2,2,1,2,2,2,2,2,"Texas",1
"26582",480328,48,23105,33.51976944,-101.887725,5,5,2,1,1,6,0,12,0,2,2,0,1,3,10,1,48,3,3,2,2,2,2,1,2,2,2,3,2,2,1,1,2,2,"Texas",0
"26583",480329,48,24244,32.93191667,-97.36683056,3,3,2,1,16,8,0,1,0,1,1,0,1,1,1,1,48,2,2,1,2,1,2,1,2,1,2,3,2,2,2,2,2,2,"Texas",0
"26584",480330,48,28809,29.77815,-95.41819167,9,9,2,2,15,6,0,12,0,1,1,0,1,1,10,1,48,3,3,1,1,3,2,2,2,2,2,3,2,1,1,2,2,2,"Texas",0
"26585",480331,48,23962,33.10869167,-98.04031111,2,2,2,2,9,3,0,32,0,1,1,0,4,1,10,1,48,1,2,1,1,1,2,2,2,1,2,3,2,2,1,2,2,1,"Texas",0
"26586",480332,48,28957,29.69643333,-97.12355,2,2,2,3,21,1,0,8,0,1,1,0,1,2,1,1,48,1,1,2,1,1,2,2,1,2,2,3,2,2,2,2,2,2,"Texas",0
"26587",480333,48,29660,28.95468611,-97.98731944,3,3,2,3,9,2,0,12,0,1,1,1,1,1,10,1,48,1,2,1,1,2,2,2,2,2,2,3,2,2,2,2,2,1,"Texas",0
"26588",480334,48,26585,31.41933889,-96.52398611,1,1,2,3,21,4,0,1,0,1,1,0,1,2,1,1,48,3,3,2,1,1,2,1,2,1,2,1,2,2,2,2,2,2,"Texas",1
"26589",480335,48,26517,31.49651667,-96.09621667,2,2,2,4,8,1,0,57,0,1,1,0,3,1,10,1,48,1,1,1,1,2,2,2,2,1,2,2,2,2,2,2,1,2,"Texas",0
"26590",480336,48,19018,35.05721389,-102.0963611,1,1,2,4,16,8,0,1,0,1,1,0,4,1,1,1,48,1,2,1,1,1,2,1,2,1,2,1,2,2,2,2,2,2,"Texas",1
"26591",480337,48,29250,29.49058056,-100.910675,2,2,2,4,11,2,0,12,0,1,1,0,1,1,1,1,48,1,2,1,1,2,2,2,2,2,2,3,2,2,2,2,2,2,"Texas",0
"26592",480338,48,24910,32.70456111,-97.23319167,2,2,2,4,19,8,0,8,1,20,1,0,1,2,1,1,48,2,1,2,1,2,2,2,1,2,2,3,2,2,2,1,2,2,"Texas",0
"26593",480339,48,28503,29.97375556,-98.42153889,1,1,2,5,15,8,0,1,0,1,1,0,4,1,1,1,48,1,2,1,1,1,1,2,2,2,2,2,2,2,2,2,2,2,"Texas",0
"26594",480340,48,25034,32.65409167,-102.6444111,3,3,2,5,10,2,0,1,0,1,1,0,1,1,1,1,48,1,2,1,1,1,2,2,2,1,2,3,2,2,2,2,2,2,"Texas",0
"26595",480341,48,23019,33.54883056,-101.8248028,2,2,2,5,20,8,0,12,0,2,3,0,1,3,1,1,48,2,2,2,1,2,2,1,2,2,2,1,2,2,2,2,2,2,"Texas",1
"26596",480342,48,26420,31.60683333,-94.663825,1,1,2,5,18,6,0,8,0,1,1,0,1,3,1,1,48,3,3,2,1,1,2,2,1,2,2,1,2,2,1,1,1,2,"Texas",1
"26597",480343,48,29566,29.13335,-98.49733333,1,1,2,6,18,4,0,11,0,1,1,0,1,2,1,1,48,3,3,2,2,1,1,2,2,2,2,3,2,2,2,2,2,2,"Texas",0
"26598",480344,48,29084,29.62324444,-95.618925,1,1,2,6,5,8,0,33,0,3,2,0,3,3,1,1,48,2,2,2,1,1,2,2,2,2,2,1,2,2,2,2,2,2,"Texas",1
"26599",480345,48,28351,30.06288056,-95.49615278,2,2,2,6,2,4,0,34,0,1,1,0,4,6,10,1,48,3,3,2,1,1,2,1,2,1,2,1,2,2,2,2,2,2,"Texas",1
"26600",480346,48,29019,29.67345556,-95.29039444,1,1,2,6,12,6,0,8,0,1,1,0,1,1,10,1,48,3,3,1,1,1,2,2,1,2,2,2,1,2,2,2,2,2,"Texas",0
"26601",480347,48,28779,29.79327778,-95.52211389,1,1,2,6,13,6,0,8,0,3,2,0,1,1,10,1,48,3,3,1,1,1,2,2,1,2,2,3,2,1,2,2,2,2,"Texas",0
"26602",480348,48,16107,36.30265556,-100.5288806,1,1,2,6,8,3,0,1,0,1,1,0,4,1,1,1,48,1,2,1,1,1,2,2,2,1,2,3,2,2,2,2,2,2,"Texas",0
"26603",480349,48,25976,32.05017778,-98.16075556,1,1,2,7,8,3,0,35,0,1,1,0,4,1,1,1,48,1,2,1,2,1,2,2,2,1,2,1,2,2,1,2,2,1,"Texas",1
"26604",480350,48,28423,30.01213333,-95.37535556,1,1,2,7,2,6,0,1,0,1,1,0,4,2,1,1,48,3,3,2,2,1,2,2,2,1,2,1,2,2,2,2,2,2,"Texas",1
"26605",480351,48,31252,26.28331944,-98.09619167,3,3,2,7,21,4,0,52,0,1,1,0,4,2,1,1,48,3,3,2,2,1,2,1,2,1,2,3,2,2,2,1,2,2,"Texas",1
"26606",480352,48,26508,31.51086111,-94.24281944,1,1,2,7,16,3,0,42,0,1,1,0,4,1,2,1,48,1,2,1,2,1,2,1,2,2,2,3,2,2,2,2,2,2,"Texas",0
"26607",480353,48,26168,31.87051389,-94.21009722,2,2,2,7,18,2,0,12,0,1,1,0,1,2,10,1,48,1,2,2,2,2,2,1,2,2,2,3,1,2,1,2,2,2,"Texas",0
"26608",480354,48,26726,31.23980278,-95.00517778,1,3,2,7,17,8,0,14,0,1,1,0,4,1,10,1,48,1,2,1,2,1,2,1,2,2,2,3,2,1,2,2,2,2,"Texas",0
"26609",480355,48,29792,28.73488889,-98.23366667,1,1,2,1,20,8,0,1,0,1,1,0,4,2,10,1,48,1,2,2,2,1,2,1,2,1,2,3,2,2,2,2,1,2,"Texas",0
"26610",480356,48,29160,29.55949444,-98.40233333,2,2,2,1,20,6,0,12,0,2,2,0,1,2,10,1,48,3,3,2,2,2,2,1,2,2,2,3,2,2,2,1,2,2,"Texas",0
"26611",480357,48,25999,32.03045556,-102.4325833,3,3,2,1,21,2,0,1,0,1,1,0,4,2,3,1,48,1,2,2,2,1,2,1,2,1,2,2,2,2,2,2,2,2,"Texas",0
"26612",480358,48,21967,33.87156667,-101.8536278,3,3,2,1,13,1,0,1,0,1,1,0,3,1,10,1,48,1,1,1,2,1,2,1,2,1,2,3,2,2,2,2,2,2,"Texas",0
"26613",480359,48,28496,29.97611389,-95.48949167,1,1,2,1,3,4,0,32,0,1,1,0,4,3,10,1,48,3,3,2,2,1,2,2,2,2,2,3,2,2,1,2,2,2,"Texas",0
"26614",480360,48,29513,29.2065,-98.81391944,1,1,2,1,22,7,0,8,0,1,1,0,1,2,1,1,48,1,1,2,2,1,2,2,1,2,2,3,2,2,2,2,2,2,"Texas",0
"26615",480361,48,26053,31.98775833,-102.1952444,2,2,2,1,16,3,0,1,0,1,1,0,10,1,3,1,48,1,2,1,2,1,2,1,2,1,2,3,1,2,2,2,2,2,"Texas",0
"26616",480362,48,28472,29.98970556,-93.84942778,1,1,2,1,3,4,0,1,0,1,1,0,4,2,10,1,48,3,3,2,2,1,2,1,2,1,2,1,2,2,2,2,2,2,"Texas",1
"26617",480363,48,27629,30.41588889,-97.69619444,3,3,2,1,6,8,0,12,0,1,1,0,1,3,10,1,48,2,2,1,2,2,2,2,2,2,2,3,2,2,2,1,1,2,"Texas",0
"26618",480364,48,24212,32.94724444,-96.92755278,1,2,2,2,4,3,0,14,0,1,1,0,2,2,3,1,48,2,2,2,2,1,2,1,2,2,2,3,2,2,2,2,2,2,"Texas",0
"26619",480365,48,18536,35.2219,-101.6536889,2,2,2,2,14,8,0,12,0,2,2,0,1,1,10,1,48,2,2,1,1,2,2,2,2,2,2,3,2,2,2,2,2,2,"Texas",0
"26620",480366,48,28842,29.75284444,-96.27218333,1,1,2,3,16,7,0,1,1,19,1,0,4,1,10,1,48,1,1,1,1,1,2,1,2,1,2,2,2,2,1,2,2,2,"Texas",0
"26621",480367,48,24349,32.88999167,-101.8142028,2,2,2,3,8,8,0,1,0,3,3,0,4,1,1,1,48,1,2,1,1,1,2,2,2,1,2,2,2,2,2,2,2,2,"Texas",0