"","ST_CASE","OBJECT_ID","FID","LATITUDE","LONGITUD","PERMVIT","PERSONS","MONTH","DAY_WEEK","HOUR","ROUTE","SP_JUR","HARM_EV","RELJCT1","RELJCT2","TYP_INT","WRK_ZONE","REL_ROAD","LGT_COND","WEATHER","FATALS","STATE","A_RU","A_INTER","A_TOD","A_DOW","A_CT","A_MC","A_SPCRA","A_PED","A_ROLL","A_POLPUR","A_POSBAC","A_D15_20","A_D65PLS","A_D21_24","A_HR","A_DIST","A_DROWSY","STATE_NAME","drunkDr"
"27591",481365,48,24319,32.90323056,-96.00500833,1,1,6,4,2,2,0,32,0,1,1,0,4,2,1,1,48,1,2,2,1,1,2,2,2,1,2,1,2,2,2,2,2,2,"Texas",1
"27592",481366,48,29389,29.38263889,-97.10536944,4,4,6,4,14,8,0,12,0,1,1,0,1,1,1,2,48,1,2,1,1,2,2,1,2,2,2,2,2,2,1,2,2,2,"Texas",0
"27593",481367,48,27935,30.27471667,-98.35604722,2,2,6,7,15,8,0,11,0,1,1,0,1,1,1,1,48,1,2,1,2,1,1,2,2,2,2,3,2,2,2,2,2,2,"Texas",0
"27594",481368,48,24136,32.98983333,-97.18146944,1,1,6,7,2,3,0,23,1,19,1,0,4,3,10,1,48,2,2,2,2,1,2,1,2,1,2,3,2,2,1,2,2,2,"Texas",0
"27595",481369,48,25017,32.66120278,-97.33288889,5,5,6,1,12,6,0,12,0,3,2,0,1,1,1,1,48,3,3,1,2,2,2,2,2,2,2,3,2,2,2,2,2,2,"Texas",0
"27596",481370,48,28951,29.69866944,-95.17993056,4,4,6,2,15,6,0,42,0,3,2,0,4,1,2,2,48,3,3,1,1,1,2,1,2,2,2,3,1,2,2,2,2,2,"Texas",0
"27597",481371,48,28768,29.80279167,-95.4754,1,1,6,2,19,6,0,9,0,1,1,0,1,1,10,1,48,3,3,2,1,1,2,2,2,2,2,3,2,2,2,2,2,2,"Texas",0
"27598",481372,48,26071,31.96579167,-102.0718472,2,2,6,2,0,3,0,12,0,2,2,0,1,3,2,1,48,2,2,2,2,2,2,2,2,2,2,3,1,2,2,2,2,2,"Texas",0
"27599",481373,48,28224,30.14787778,-95.16812778,4,4,6,3,14,8,0,12,0,1,1,0,1,1,2,1,48,1,2,1,1,2,2,1,2,2,2,3,2,2,2,2,2,2,"Texas",0
"27600",481374,48,26566,31.44088889,-100.4988583,1,1,6,3,0,7,0,8,1,2,3,0,1,2,2,1,48,2,2,2,1,1,2,2,1,2,2,3,1,2,2,1,1,2,"Texas",1
"27601",481375,48,26126,31.89979444,-102.4080028,2,2,6,4,21,8,0,12,0,8,1,0,1,2,1,1,48,2,2,2,1,2,1,1,2,2,2,1,2,2,2,2,2,2,"Texas",1
"27602",481376,48,30234,28.104725,-99.57925833,4,4,6,4,10,2,0,12,0,1,1,0,1,1,1,3,48,1,2,1,1,2,2,2,2,1,2,3,2,2,2,2,2,1,"Texas",1
"27603",481377,48,24922,32.70069167,-96.50741389,4,4,6,5,20,1,0,12,0,1,1,0,1,2,2,1,48,2,1,2,1,3,2,2,2,2,2,3,2,2,2,2,2,2,"Texas",0
"27604",481378,48,23328,33.45166389,-96.60549167,4,4,6,6,7,2,0,12,0,1,1,0,1,1,1,2,48,1,2,1,1,2,2,2,2,2,2,3,2,2,2,2,1,2,"Texas",0
"27605",481379,48,21948,33.87632778,-101.9060694,1,1,6,6,12,8,0,1,0,1,1,0,1,1,10,1,48,1,2,1,1,1,2,1,2,1,2,1,2,2,2,2,1,2,"Texas",1
"27606",481380,48,28922,29.71459167,-95.59640278,2,2,6,6,21,6,0,1,0,2,3,0,1,3,10,1,48,3,3,2,2,2,1,1,2,2,2,3,2,2,1,2,2,2,"Texas",0
"27607",481381,48,25558,32.34807222,-97.38029167,3,3,6,6,12,6,0,9,0,2,3,0,1,1,1,1,48,3,3,1,1,1,2,2,2,2,2,3,2,2,2,2,2,2,"Texas",0
"27608",481382,48,18541,35.2206,-101.6002,3,3,6,7,9,1,0,12,0,1,1,0,1,1,1,1,48,1,1,1,2,2,2,2,2,1,2,2,2,1,1,2,1,2,"Texas",0
"27609",481383,48,23973,33.095275,-96.53913889,1,1,6,7,11,8,0,42,0,1,1,0,4,1,10,1,48,2,2,1,2,1,2,1,2,2,2,3,2,1,2,2,1,2,"Texas",0
"27610",481384,48,28871,29.7386,-94.948375,1,1,6,7,22,6,0,42,0,1,1,0,4,3,1,1,48,3,3,2,2,1,2,1,2,2,2,3,2,2,1,2,2,2,"Texas",0
"27611",481385,48,28911,29.71946944,-95.47637222,4,4,6,7,20,6,0,12,0,1,1,0,1,3,10,1,48,3,3,2,2,2,2,2,1,2,2,1,2,2,2,1,2,2,"Texas",1
"27612",481386,48,29003,29.67893333,-95.40241389,3,3,6,7,22,1,0,5,0,1,1,0,1,3,10,1,48,2,1,2,2,3,1,1,2,2,2,1,2,2,2,1,2,2,"Texas",1
"27613",481387,48,28500,29.97417222,-98.09268333,1,1,6,7,0,8,0,1,0,1,1,0,4,2,10,1,48,1,2,2,2,1,2,1,2,1,2,1,2,2,2,2,2,2,"Texas",1
"27614",481388,48,25542,32.35613056,-95.0902,1,1,6,7,20,4,0,44,0,1,1,0,1,5,1,1,48,3,3,2,2,1,2,1,2,2,2,3,2,2,2,2,2,2,"Texas",0
"27615",481389,48,29743,28.81198611,-96.97443333,3,3,6,7,6,8,0,12,0,2,2,0,1,1,1,1,48,2,2,1,2,2,2,2,2,2,2,3,2,1,2,2,2,2,"Texas",0
"27616",481390,48,27368,30.54985556,-97.50794722,4,4,6,7,21,2,0,12,0,2,3,0,1,2,10,1,48,2,2,2,2,2,2,2,2,2,2,3,2,2,2,2,2,2,"Texas",0
"27617",481391,48,29346,29.42173889,-98.75996111,5,5,6,1,23,8,0,12,0,1,1,0,1,2,10,3,48,1,2,2,2,2,2,1,2,2,2,1,2,2,2,2,2,2,"Texas",2
"27618",481392,48,26132,31.89838333,-106.5829806,3,3,6,1,2,1,0,12,0,1,1,0,1,3,1,1,48,2,1,2,2,2,2,2,2,2,2,1,2,2,1,2,2,2,"Texas",1
"27619",481393,48,28945,29.70265,-95.94438056,5,5,6,1,22,4,0,8,0,1,1,0,1,2,1,1,48,3,3,2,2,1,2,2,1,2,2,3,2,1,2,2,2,2,"Texas",0
"27620",481395,48,22803,33.62085833,-101.8400111,2,2,6,1,17,7,0,12,0,8,1,0,1,1,1,1,48,2,1,1,2,2,1,1,2,2,2,3,2,2,2,2,2,2,"Texas",0
"27621",481396,48,26373,31.67163056,-95.5853,2,2,6,2,12,2,0,12,0,1,1,0,1,1,1,1,48,1,2,1,1,2,2,1,2,1,2,2,2,1,2,2,2,2,"Texas",0
"27622",481397,48,26292,31.76931111,-106.4774472,1,1,6,2,6,1,0,25,0,1,1,0,3,1,1,1,48,2,1,1,1,1,2,2,2,2,2,3,2,1,2,2,2,2,"Texas",0
"27623",481399,48,22648,33.66967222,-99.13955278,4,4,6,3,17,2,0,12,0,2,2,0,1,1,1,2,48,1,2,1,1,2,2,2,2,2,2,3,2,1,1,2,2,2,"Texas",0
"27624",481400,48,26135,31.89787222,-106.4563306,1,1,6,3,19,8,0,34,0,1,1,0,3,1,1,1,48,1,2,2,1,1,1,2,2,2,2,2,2,2,2,2,2,2,"Texas",0
"27625",481401,48,28023,30.24220278,-95.18458889,1,1,6,3,10,8,0,38,0,1,1,0,5,1,1,1,48,1,2,1,1,1,2,2,2,1,2,3,2,1,2,2,2,2,"Texas",0
"27626",481402,48,26027,32.00588056,-97.12154444,1,1,6,4,23,3,0,8,0,1,1,0,1,2,1,1,48,2,2,2,1,1,2,2,1,2,2,3,2,2,2,1,1,2,"Texas",0
"27627",481403,48,27344,30.57032222,-93.92434444,7,7,6,4,16,2,0,12,0,2,3,0,1,1,10,2,48,1,2,1,1,3,2,2,2,1,2,3,2,1,2,2,2,2,"Texas",0
"27628",481404,48,27001,30.87748056,-94.42465278,6,6,6,4,15,2,0,12,0,1,1,0,1,1,1,6,48,1,2,1,1,2,2,2,2,1,2,3,2,2,2,2,2,2,"Texas",0
"27629",481405,48,27106,30.76006111,-98.46121944,1,1,6,5,0,3,0,31,0,1,1,0,4,2,1,1,48,1,2,2,1,1,2,2,2,1,2,1,2,2,2,2,2,2,"Texas",1
"27630",481406,48,25826,32.18400278,-95.25724167,1,1,6,5,6,8,0,42,0,1,1,0,4,1,1,1,48,1,2,1,1,1,2,1,2,2,2,1,2,2,2,2,2,2,"Texas",1
"27631",481407,48,24456,32.84104444,-97.12156944,3,3,6,5,11,6,0,12,0,2,2,0,1,1,1,1,48,3,3,1,1,2,2,1,2,2,1,3,2,2,2,2,2,2,"Texas",0
"27632",481408,48,24989,32.67355,-97.35650278,3,3,6,5,20,6,0,12,0,2,2,0,1,3,1,1,48,3,3,2,1,2,2,1,2,1,2,3,2,1,2,2,2,2,"Texas",0
"27633",481409,48,26581,31.42375833,-100.4652167,3,3,6,5,18,8,0,12,0,8,1,0,1,1,1,1,48,2,2,2,1,2,1,2,2,2,2,3,2,2,2,2,1,2,"Texas",0
"27634",481410,48,29443,29.32883333,-98.43254722,2,2,6,6,18,6,0,53,0,1,1,0,4,1,1,2,48,3,3,2,2,1,2,1,2,2,2,3,1,2,2,2,2,2,"Texas",0
"27635",481411,48,27129,30.74235278,-96.38888889,1,1,6,6,20,8,0,1,0,1,1,0,1,5,1,1,48,1,2,2,2,1,2,1,2,1,2,3,2,2,2,2,2,2,"Texas",1
"27636",481412,48,24840,32.73001389,-96.76408611,1,1,6,6,22,1,0,24,0,1,1,0,4,3,2,1,48,2,1,2,2,1,2,1,2,2,2,1,2,2,2,2,2,2,"Texas",1
"27637",481413,48,24360,32.886375,-96.87006389,5,5,6,6,1,6,0,33,0,1,1,0,4,3,1,1,48,3,3,2,1,1,2,1,2,1,2,3,1,2,2,2,2,2,"Texas",0
"27638",481414,48,28908,29.72104444,-95.49399444,1,1,6,6,1,1,0,8,0,1,1,0,1,3,1,1,48,2,1,2,1,1,2,2,1,2,2,3,2,2,2,2,2,2,"Texas",0
"27639",481415,48,29646,28.98254444,-95.94196389,1,1,6,6,17,3,0,30,0,1,1,0,4,1,1,1,48,2,2,1,1,1,2,2,2,2,2,3,2,2,2,2,2,2,"Texas",0
"27640",481416,48,17536,35.69044444,-101.9644194,4,4,6,6,6,2,0,12,0,2,2,0,1,1,1,2,48,1,2,1,1,2,2,2,2,1,2,1,2,2,2,2,2,2,"Texas",1
"27641",481417,48,26431,31.59626667,-94.14451389,5,5,6,6,21,2,0,12,0,1,1,0,1,2,1,1,48,1,2,2,2,2,2,2,2,2,2,1,2,2,2,2,2,2,"Texas",1
"27642",481418,48,26823,31.10883056,-97.71445,1,1,6,7,0,8,0,9,0,2,2,0,1,2,1,1,48,2,2,2,2,1,2,2,2,2,2,3,2,2,2,2,2,2,"Texas",0
"27643",481419,48,27581,30.43971667,-96.52816111,1,1,6,7,17,8,0,5,0,2,3,0,1,1,1,1,48,1,2,1,2,1,2,1,2,2,2,1,2,1,2,2,2,2,"Texas",1
"27644",481420,48,26156,31.88284167,-106.4404,4,4,6,7,23,7,0,12,1,2,2,0,1,3,1,1,48,2,2,2,2,3,2,2,2,2,2,3,2,2,1,2,2,2,"Texas",0
"27645",481421,48,31265,26.27037222,-98.23591944,1,1,6,7,4,6,0,30,0,1,1,0,4,3,1,1,48,3,3,2,2,1,1,1,2,2,2,3,2,2,2,2,2,2,"Texas",0
"27646",481422,48,29511,29.21200278,-100.7278861,4,4,6,7,15,2,0,1,0,1,1,0,4,1,1,1,48,1,2,1,2,1,2,2,2,1,2,3,2,2,2,2,2,2,"Texas",0
"27647",481423,48,23083,33.526525,-101.905175,2,2,6,7,23,6,0,8,0,1,1,0,1,3,1,1,48,3,3,2,2,1,2,2,1,2,2,3,2,2,1,2,2,2,"Texas",0
"27648",481424,48,26392,31.64778889,-97.28528611,2,2,6,7,9,8,0,12,0,8,1,0,1,1,10,1,48,2,2,1,2,2,1,2,2,2,2,3,2,2,2,2,2,2,"Texas",0
"27649",481425,48,27833,30.31987222,-95.57809722,4,4,6,7,15,8,0,12,0,1,1,0,1,1,1,1,48,1,2,1,2,3,2,2,2,1,2,3,1,2,2,2,1,2,"Texas",0
"27650",481426,48,18733,35.15889444,-101.8840611,2,2,6,7,21,6,0,15,0,1,1,0,1,2,1,1,48,3,3,2,2,1,2,2,2,2,2,3,1,2,2,2,2,2,"Texas",0
"27651",481427,48,22750,33.63953333,-95.20809167,4,4,6,7,21,2,0,8,0,1,1,0,1,2,1,1,48,1,2,2,2,1,2,2,1,2,2,3,2,2,2,2,2,2,"Texas",0
"27652",481428,48,24955,32.68905,-97.23670556,1,1,6,7,1,6,0,8,0,1,1,0,1,3,10,1,48,3,3,2,2,1,2,2,1,2,2,3,2,2,2,2,2,2,"Texas",1
"27653",481429,48,25798,32.20281667,-99.75107222,3,3,6,7,15,2,0,12,0,1,1,0,1,1,1,1,48,1,2,1,2,2,2,2,2,2,2,3,2,2,2,2,2,2,"Texas",0
"27654",481430,48,25403,32.432275,-99.76420278,3,3,6,7,1,6,0,12,0,2,2,0,1,3,10,1,48,3,3,2,2,2,2,2,2,1,2,1,2,2,1,2,2,2,"Texas",1
"27655",481431,48,29193,29.53459444,-98.40125833,2,2,6,1,7,8,0,59,0,3,4,0,4,1,1,1,48,2,2,1,2,1,2,1,2,1,2,1,2,2,1,2,1,2,"Texas",1
"27656",481432,48,25594,32.32723611,-96.71989167,1,1,6,1,14,2,0,1,0,1,1,0,1,1,1,1,48,2,2,1,2,1,1,2,2,2,2,2,2,2,2,2,2,2,"Texas",0
"27657",481433,48,28759,29.80669167,-95.36101944,1,1,6,1,2,6,0,8,0,1,1,0,1,3,10,1,48,3,3,2,2,1,1,1,1,2,2,1,2,2,2,2,1,2,"Texas",1
"27658",481434,48,27895,30.28843333,-97.664725,2,2,6,1,1,2,0,12,0,1,1,0,1,2,10,1,48,2,2,2,2,2,2,2,2,2,2,3,1,2,2,2,2,2,"Texas",1
"27659",481435,48,27142,30.73056111,-94.97637778,1,1,6,2,21,2,0,53,0,1,1,0,4,2,1,1,48,1,2,2,1,1,2,2,2,1,2,3,2,2,2,2,2,2,"Texas",0
"27660",481436,48,30519,27.87985278,-97.32050278,2,2,6,2,21,2,0,12,1,18,1,0,1,3,10,1,48,2,2,2,1,2,2,2,2,2,2,3,2,1,2,2,2,2,"Texas",0
"27661",481437,48,27347,30.56864722,-97.89971944,1,1,6,2,3,8,0,32,0,1,1,0,4,2,10,1,48,3,3,2,2,1,2,2,2,2,2,1,1,2,2,2,2,2,"Texas",1
"27662",481438,48,29239,29.49928889,-94.99550556,1,1,6,3,9,3,0,8,0,1,1,0,4,1,10,1,48,2,2,1,1,1,2,2,1,2,2,3,2,2,2,2,2,2,"Texas",0
"27663",481439,48,28692,29.84106944,-95.44178889,1,1,6,3,0,6,0,8,0,1,1,0,1,2,10,1,48,3,3,2,1,1,2,2,1,2,2,3,2,2,2,1,2,2,"Texas",0
"27664",481440,48,26693,31.28409444,-95.89604444,2,2,6,3,9,3,0,51,0,1,1,0,1,1,10,1,48,1,2,1,1,2,2,2,2,2,2,3,2,1,2,2,2,2,"Texas",0
"27665",481441,48,28294,30.10158333,-94.00673611,5,5,5,2,18,8,0,12,0,8,1,0,1,1,1,1,48,2,2,2,1,2,2,2,2,2,2,3,2,2,2,2,2,2,"Texas",0
"27666",481442,48,28736,29.81861667,-95.26988611,5,5,6,6,14,6,0,12,0,2,2,0,1,1,1,1,48,3,3,1,1,2,1,1,2,2,2,3,2,2,2,2,2,2,"Texas",0
"27667",481443,48,31362,26.176075,-98.08155,2,2,6,5,1,8,0,38,0,1,1,0,5,2,2,1,48,2,2,2,1,1,2,1,2,1,2,3,2,2,2,1,2,2,"Texas",0
"27668",481444,48,26107,31.92366111,-104.4371389,1,1,6,6,6,8,0,1,0,1,1,0,4,2,1,1,48,1,2,1,1,1,2,2,2,1,2,3,2,2,2,2,2,2,"Texas",0
"27669",481445,48,27555,30.45101111,-96.13803889,3,3,6,7,13,3,0,1,0,1,1,0,3,1,1,1,48,1,2,1,2,1,2,2,2,1,2,3,1,2,2,2,2,2,"Texas",0
"27670",481446,48,22363,33.74861944,-102.3278,2,2,6,1,20,2,0,12,0,1,1,1,1,1,1,2,48,1,2,2,2,2,2,2,2,2,2,1,2,2,2,2,2,2,"Texas",1
"27671",481447,48,25120,32.59215556,-96.76341389,1,1,6,4,19,6,0,42,0,1,1,0,4,1,1,1,48,3,3,2,1,1,2,1,2,2,2,3,2,2,2,2,1,2,"Texas",0
"27672",481448,48,28757,29.80756111,-94.9652,3,3,6,7,23,7,0,12,0,2,2,0,1,3,10,1,48,2,1,2,2,2,2,2,2,1,2,3,2,2,2,2,2,2,"Texas",0
"27673",481449,48,26985,30.89545,-102.3447611,6,6,6,1,10,1,0,1,0,1,1,0,3,1,1,4,48,1,1,1,2,1,2,2,2,1,2,3,2,2,2,2,2,2,"Texas",0
"27674",481450,48,27159,30.71022778,-97.64895278,5,5,1,7,20,1,0,8,0,1,1,0,1,2,1,1,48,1,1,2,2,2,2,2,1,2,2,3,2,2,2,2,2,2,"Texas",0
"27675",481451,48,27961,30.26523889,-97.74386667,1,1,6,2,5,6,0,8,0,3,2,0,1,3,1,1,48,3,3,2,2,1,2,2,1,2,2,3,2,2,2,2,1,2,"Texas",0
"27676",481452,48,27974,30.25937222,-97.749525,1,1,6,2,9,6,0,8,0,1,1,0,1,1,1,1,48,3,3,1,1,1,2,2,1,2,2,3,2,1,2,2,2,2,"Texas",0
"27677",481453,48,31350,26.18638333,-98.08451667,1,1,6,7,3,7,0,31,0,1,1,0,4,2,1,1,48,2,1,2,2,1,2,1,2,2,2,3,2,2,2,2,2,2,"Texas",0
"27678",481454,48,22485,33.71968056,-96.58423056,1,1,6,5,3,2,0,8,1,20,1,0,1,2,2,1,48,2,2,2,1,1,2,2,1,2,2,2,2,2,2,1,2,2,"Texas",0
"27679",481455,48,23580,33.34641667,-96.96815833,3,3,6,3,20,2,0,12,0,3,2,0,1,2,1,1,48,1,2,2,1,2,2,2,2,2,2,3,1,2,2,2,2,2,"Texas",0
"27680",481456,48,24826,32.7327,-98.74148056,4,4,6,6,22,2,0,12,0,1,1,0,1,2,1,2,48,1,2,2,2,2,1,2,2,2,2,2,2,2,1,2,2,2,"Texas",0
"27681",481457,48,29156,29.56159444,-98.34208889,3,3,6,7,21,7,0,12,0,1,1,0,1,5,10,1,48,2,1,2,2,2,1,2,2,1,2,3,2,2,2,2,1,2,"Texas",0
"27682",481458,48,30635,27.72431667,-97.361275,1,1,6,7,1,6,0,42,0,1,1,0,4,3,10,1,48,3,3,2,2,1,2,1,2,2,2,1,2,2,2,2,2,2,"Texas",1
"27683",481459,48,25130,32.58518889,-94.85901111,1,1,6,7,6,6,0,42,0,1,1,0,4,4,2,1,48,3,3,1,2,1,2,1,2,2,2,2,2,2,2,2,2,1,"Texas",0
"27684",481460,48,29347,29.42156944,-95.47811944,2,2,6,2,18,8,0,12,0,1,1,0,1,1,1,1,48,1,2,2,1,2,2,1,2,2,2,3,2,2,2,2,2,2,"Texas",0
"27685",481461,48,24005,33.07229444,-97.95487778,5,5,6,2,7,3,0,1,0,1,1,0,4,1,1,1,48,1,2,1,1,1,2,2,2,1,2,2,1,2,2,2,1,2,"Texas",0
"27686",481462,48,22268,33.77509722,-96.53256111,1,1,6,3,21,2,0,1,0,1,1,0,1,2,1,1,48,2,2,2,1,1,2,2,2,1,2,1,2,2,2,2,2,2,"Texas",1
"27687",481463,48,26561,31.44462222,-100.1407889,2,2,6,3,22,4,0,1,0,1,1,0,4,2,1,1,48,3,3,2,1,1,2,1,2,1,1,3,2,2,2,2,2,2,"Texas",0
"27688",481464,48,26348,31.71316111,-95.07949444,1,1,7,4,19,8,0,42,0,1,1,0,4,1,10,1,48,1,2,2,1,1,2,1,2,2,2,3,2,2,2,2,2,2,"Texas",0
"27689",481465,48,19491,34.84456667,-100.180675,1,1,7,4,12,8,0,1,0,1,1,0,4,1,1,1,48,1,2,1,1,1,2,2,2,1,2,1,2,2,2,2,2,2,"Texas",1
"27690",481466,48,26103,31.92835833,-101.8445139,4,4,7,4,18,3,0,12,0,1,1,0,1,1,1,1,48,1,2,2,1,2,2,2,2,2,2,3,2,2,2,2,2,2,"Texas",0
"27691",481467,48,18545,35.21889167,-101.7417222,3,3,7,4,17,8,0,12,0,2,4,0,1,1,1,1,48,2,2,1,1,2,2,2,2,2,2,3,2,2,1,2,2,2,"Texas",0
"27692",481468,48,18629,35.19653056,-101.8168833,5,5,7,4,21,6,0,12,0,2,3,0,1,3,1,1,48,3,3,2,1,2,1,2,2,2,2,3,2,2,1,2,2,2,"Texas",0
"27693",481470,48,26637,31.34989167,-94.70484167,1,1,7,5,8,3,0,15,0,8,1,0,2,1,1,1,48,2,2,1,1,1,2,2,2,2,2,3,2,2,2,2,2,2,"Texas",0
"27694",481471,48,22285,33.77032222,-96.73424722,1,1,7,5,1,4,0,38,0,1,1,0,4,2,1,1,48,3,3,2,1,1,1,1,2,2,2,3,1,2,2,2,2,2,"Texas",1
"27695",481472,48,26411,31.62753056,-97.09566111,2,2,7,5,20,1,0,1,1,18,1,1,1,3,1,1,48,2,1,2,1,1,1,2,2,2,2,3,2,2,2,2,2,2,"Texas",0
"27696",481473,48,28262,30.12388333,-95.64853889,1,1,7,5,22,3,0,42,0,1,1,0,4,2,1,1,48,2,2,2,1,1,2,1,2,2,2,1,1,2,2,2,2,2,"Texas",1
"27697",481474,48,30649,27.68825278,-97.45434722,1,1,7,5,8,3,0,8,0,3,2,1,1,1,1,1,48,1,2,1,1,1,2,2,1,2,2,3,2,2,2,2,2,2,"Texas",0
"27698",481475,48,26972,30.91368056,-102.2936556,2,2,7,5,12,8,0,1,0,1,1,0,4,1,1,1,48,1,2,1,1,1,2,2,2,1,2,2,2,2,2,2,2,2,"Texas",0
"27699",481476,48,27826,30.32196111,-97.70866944,2,2,7,5,18,8,0,12,1,20,1,0,1,1,1,1,48,2,2,2,1,2,2,2,2,2,2,3,2,2,2,2,2,1,"Texas",0
"27700",481477,48,21943,33.87796944,-98.49426389,2,2,7,5,17,8,0,12,0,2,3,0,1,1,10,1,48,2,2,1,1,2,1,1,2,2,2,3,2,1,2,2,2,2,"Texas",0
"27701",481478,48,25613,32.32390556,-102.5158806,2,2,7,6,5,3,0,46,0,3,2,0,4,4,1,2,48,2,2,2,1,1,2,2,2,2,2,3,1,2,2,2,2,2,"Texas",0
"27702",481479,48,29329,29.42955556,-98.62548333,2,2,7,6,16,6,0,12,0,2,2,0,1,1,1,1,48,3,3,1,1,2,2,2,2,2,2,3,2,2,2,2,1,2,"Texas",0
"27703",481480,48,28943,29.70511111,-94.91545,2,2,7,6,3,8,0,30,0,1,1,0,4,2,1,1,48,2,2,2,1,1,2,1,2,2,2,1,2,2,1,2,2,2,"Texas",1
"27704",481481,48,28694,29.84052778,-95.33974167,3,3,7,6,23,6,0,12,0,1,1,0,1,3,1,1,48,3,3,2,2,2,2,2,2,2,2,3,2,2,2,2,2,2,"Texas",0
"27705",481482,48,26965,30.926475,-95.82008889,1,1,7,6,3,1,0,14,0,1,1,0,2,2,1,1,48,1,1,2,1,1,2,2,1,2,2,3,2,2,2,2,2,1,"Texas",0
"27706",481483,48,24805,32.74223333,-97.17320833,1,1,7,6,23,6,0,33,0,1,1,0,4,2,1,1,48,3,3,2,2,1,2,1,2,2,2,1,1,2,2,2,2,2,"Texas",1
"27707",481484,48,27958,30.26597778,-97.70218333,2,2,7,6,13,6,0,12,0,2,2,0,1,1,1,1,48,3,3,1,1,2,2,2,2,2,2,3,2,2,2,2,1,2,"Texas",0
"27708",481485,48,24457,32.84090556,-96.86106667,1,1,7,7,23,6,0,8,0,1,1,0,1,3,1,1,48,3,3,2,2,1,2,2,1,2,2,3,2,2,2,2,2,2,"Texas",0
"27709",481486,48,25919,32.098575,-98.39824444,1,1,7,7,1,3,0,14,0,1,1,0,4,2,1,1,48,1,2,2,2,1,2,2,2,2,2,3,1,2,2,2,2,2,"Texas",1
"27710",481487,48,29246,29.49453333,-98.10247222,4,4,7,7,11,4,0,12,0,2,4,0,1,1,10,1,48,3,3,1,2,2,1,2,2,2,2,3,2,1,2,2,2,2,"Texas",0
"27711",481488,48,26695,31.27804167,-98.13671944,5,5,7,7,19,8,0,35,0,1,1,0,4,1,10,1,48,1,2,2,2,1,2,1,2,1,2,2,2,2,1,2,2,2,"Texas",0
"27712",481489,48,29897,28.56259167,-99.20208611,1,1,7,7,19,1,0,8,0,1,1,0,1,1,1,1,48,1,1,2,2,1,2,2,1,2,1,3,2,2,2,2,2,2,"Texas",0
"27713",481490,48,26445,31.58249722,-94.622925,4,4,7,7,7,8,0,12,0,1,1,0,1,1,1,1,48,2,2,1,2,2,2,2,2,2,2,3,2,2,2,2,2,2,"Texas",0
"27714",481491,48,25537,32.35783611,-95.19519444,3,3,7,7,22,3,0,12,0,1,1,0,1,2,1,1,48,1,2,2,2,2,1,2,2,2,2,3,1,2,2,2,2,2,"Texas",0
"27715",481492,48,27321,30.58791944,-97.568775,1,1,7,7,1,4,0,8,0,2,2,0,1,2,1,1,48,3,3,2,2,1,2,2,1,2,2,3,2,2,2,1,2,2,"Texas",0
"27716",481493,48,29166,29.55460556,-98.34800833,3,3,7,1,1,7,0,12,1,2,2,0,1,3,1,1,48,2,1,2,2,2,2,1,2,2,2,1,2,2,1,2,2,2,"Texas",1
"27717",481494,48,29123,29.59288611,-98.34958056,4,4,7,1,16,8,0,12,0,8,1,0,1,1,1,1,48,2,2,1,2,2,1,2,2,2,2,1,2,2,2,2,2,2,"Texas",1
"27718",481495,48,23672,33.29133611,-96.73126389,3,3,7,1,5,8,0,41,0,3,2,0,4,3,1,1,48,1,2,2,2,1,2,1,2,1,2,1,1,2,2,2,2,2,"Texas",1
"27719",481496,48,24676,32.77423333,-96.77826389,1,1,7,1,7,1,0,24,0,1,1,0,4,1,1,1,48,2,1,1,2,1,1,1,2,2,2,2,2,2,2,2,2,2,"Texas",0
"27720",481497,48,24524,32.81901667,-96.86943611,1,1,7,1,20,1,0,8,1,18,1,0,1,3,1,1,48,2,1,2,2,1,2,2,1,2,2,3,2,1,2,2,2,2,"Texas",0
"27721",481498,48,26158,31.88170278,-98.11790556,2,2,7,1,21,8,0,12,0,1,1,0,1,1,1,1,48,1,2,2,2,2,2,2,2,2,2,1,2,2,2,2,2,1,"Texas",1
"27722",481499,48,29074,29.63040833,-95.17126667,2,2,7,1,7,7,0,12,1,2,2,0,1,1,1,1,48,2,2,1,2,2,1,2,2,2,2,1,2,2,2,2,2,2,"Texas",1
"27723",481500,48,28729,29.82241111,-95.28432778,2,2,7,1,16,6,0,38,0,1,1,0,5,1,1,1,48,3,3,1,2,1,2,1,2,1,2,1,2,2,2,2,2,2,"Texas",1
"27724",481501,48,25709,32.26179444,-96.05674444,3,3,7,1,9,3,0,12,0,1,1,0,1,1,1,1,48,1,2,1,2,2,1,1,2,2,2,3,2,1,2,2,2,2,"Texas",0
"27725",481502,48,28613,29.90798333,-93.92026389,4,4,7,1,6,3,0,43,0,1,1,0,5,1,1,1,48,2,2,1,2,1,2,1,2,1,2,3,2,2,2,2,2,2,"Texas",0
"27726",481503,48,27749,30.35645833,-95.77656944,3,3,7,1,9,8,0,32,0,1,1,0,4,1,1,1,48,1,2,1,2,1,2,1,2,1,2,2,1,2,2,2,2,2,"Texas",0
"27727",481504,48,26461,31.56494444,-97.11640278,2,2,7,1,2,1,0,24,0,1,1,0,4,3,1,1,48,2,1,2,2,1,2,2,2,2,2,1,2,2,2,2,2,2,"Texas",1
"27728",481505,48,26187,31.85638056,-101.1121639,2,2,7,1,15,3,0,12,0,1,1,1,1,1,10,1,48,1,2,1,2,2,2,2,2,1,2,3,2,2,2,2,2,2,"Texas",0