"","ST_CASE","OBJECT_ID","FID","LATITUDE","LONGITUD","PERMVIT","PERSONS","MONTH","DAY_WEEK","HOUR","ROUTE","SP_JUR","HARM_EV","RELJCT1","RELJCT2","TYP_INT","WRK_ZONE","REL_ROAD","LGT_COND","WEATHER","FATALS","STATE","A_RU","A_INTER","A_TOD","A_DOW","A_CT","A_MC","A_SPCRA","A_PED","A_ROLL","A_POLPUR","A_POSBAC","A_D15_20","A_D65PLS","A_D21_24","A_HR","A_DIST","A_DROWSY","STATE_NAME","drunkDr"
"27729",481506,48,28727,29.823575,-94.87743333,1,1,7,2,16,1,0,14,0,1,1,0,2,1,1,2,48,2,1,1,1,1,2,2,1,2,2,2,2,2,2,2,2,2,"Texas",0
"27730",481507,48,23175,33.49508333,-96.16291111,2,2,7,2,13,3,0,12,0,1,1,0,1,1,1,1,48,1,2,1,1,2,2,2,2,2,2,3,2,1,2,2,2,2,"Texas",0
"27731",481508,48,24318,32.90338889,-96.05869167,1,1,7,2,21,3,0,8,0,1,1,0,1,2,1,1,48,1,2,2,1,1,2,2,1,2,2,3,2,2,2,1,2,2,"Texas",0
"27732",481509,48,24462,32.83924167,-94.51313889,8,8,7,2,14,3,0,12,0,8,1,0,1,1,1,1,48,1,2,1,1,2,2,2,2,2,2,3,2,1,2,2,2,2,"Texas",0
"27733",481510,48,26236,31.82090556,-104.02185,1,1,7,2,6,8,0,1,0,1,1,0,4,4,1,1,48,1,2,1,1,1,2,2,2,1,2,3,2,2,2,2,2,1,"Texas",0
"27734",481511,48,24695,32.76898056,-96.803175,2,2,7,3,2,1,0,23,1,19,1,1,4,3,1,1,48,2,1,2,1,2,1,1,2,2,2,1,2,2,2,2,2,2,"Texas",1
"27735",481512,48,24717,32.76343333,-96.69395278,2,2,7,3,21,3,0,12,0,2,3,0,1,3,1,1,48,2,2,2,1,2,1,2,2,2,2,1,2,2,2,2,2,2,"Texas",1
"27736",481513,48,29397,29.37510278,-98.75854722,3,3,7,4,6,2,0,9,1,20,1,0,1,1,1,1,48,1,2,1,1,1,2,2,2,2,2,3,2,2,2,2,2,2,"Texas",0
"27737",481514,48,29377,29.39436944,-98.47967778,3,3,7,4,22,1,0,8,1,18,1,0,1,3,10,1,48,2,1,2,1,1,2,2,1,2,2,3,2,2,2,2,2,2,"Texas",0
"27738",481515,48,24569,32.80575556,-96.83896667,1,1,7,4,21,1,0,8,0,1,1,0,1,3,1,1,48,2,1,2,1,1,2,2,1,2,2,3,2,2,2,2,2,2,"Texas",0
"27739",481516,48,26590,31.41253056,-95.56026111,1,1,7,4,15,4,0,42,0,1,1,0,4,1,10,1,48,3,3,1,1,1,2,1,2,1,2,3,2,2,2,2,2,2,"Texas",0
"27740",481517,48,28045,30.23535556,-97.75645556,2,2,7,4,21,6,0,8,0,3,3,0,1,3,1,1,48,3,3,2,1,2,2,2,1,2,2,3,2,2,1,1,2,2,"Texas",0
"27741",481518,48,27541,30.45585,-97.75271944,2,2,7,4,8,8,0,12,0,2,3,0,1,1,1,1,48,2,2,1,1,2,1,2,2,2,2,3,2,2,2,2,2,2,"Texas",0
"27742",481519,48,26386,31.65336389,-95.76126944,4,4,7,5,10,3,0,12,0,1,1,0,1,1,1,2,48,1,2,1,1,2,2,2,2,2,2,3,2,2,1,2,2,2,"Texas",0
"27743",481520,48,29313,29.43814722,-98.38085,2,2,7,5,13,7,0,12,0,2,2,0,1,1,1,1,48,2,1,1,1,2,1,2,2,2,2,3,2,2,2,2,2,2,"Texas",0
"27744",481521,48,29419,29.35444167,-98.48123889,1,1,7,5,21,8,0,8,0,1,1,0,1,3,1,1,48,2,2,2,1,1,2,2,1,2,2,3,1,2,2,2,2,2,"Texas",0
"27745",481522,48,29206,29.52688611,-98.56646667,1,1,7,5,23,6,0,8,0,1,1,0,1,3,1,1,48,3,3,2,1,1,2,2,1,2,2,3,2,2,2,2,2,2,"Texas",0
"27746",481523,48,30487,27.90088333,-98.58158889,3,3,7,5,0,2,0,24,0,1,1,0,4,2,1,1,48,1,2,2,1,2,2,2,2,2,2,3,2,2,2,2,2,1,"Texas",0
"27747",481524,48,18638,35.19270833,-101.689375,5,5,7,5,22,2,0,12,0,3,3,0,1,2,2,1,48,2,2,2,1,2,2,2,2,1,2,3,2,2,2,2,2,2,"Texas",0
"27748",481525,48,28929,29.71257778,-98.46499444,4,4,7,6,11,4,0,12,0,1,1,1,1,1,1,1,48,3,3,1,1,2,2,2,2,2,2,3,2,2,2,2,2,1,"Texas",0
"27749",481526,48,27736,30.36426389,-96.50661389,1,1,7,6,7,8,0,1,0,1,1,0,4,4,1,1,48,1,2,1,1,1,2,2,2,1,2,3,2,2,2,2,2,2,"Texas",0
"27750",481527,48,26595,31.39736667,-102.4485778,2,2,7,6,17,3,0,12,0,2,4,0,1,1,1,1,48,1,2,1,1,2,2,2,2,1,2,3,1,2,2,2,2,2,"Texas",0
"27751",481528,48,25989,32.0367,-98.08345556,1,1,7,6,7,2,0,59,0,1,1,0,4,1,1,1,48,1,2,1,1,1,2,1,2,1,2,2,2,1,2,2,1,2,"Texas",0
"27752",481529,48,25916,32.09972222,-96.44134167,4,4,7,6,20,1,0,12,0,1,1,0,1,1,1,1,48,2,1,2,2,2,2,2,2,2,2,3,2,2,1,2,2,2,"Texas",0
"27753",481531,48,26253,31.8077,-106.2565694,3,3,7,7,12,2,0,12,0,8,1,0,1,1,1,1,48,2,2,1,2,2,1,1,2,2,2,3,1,2,2,2,2,2,"Texas",0
"27754",481532,48,27302,30.60343333,-96.17234444,3,3,7,7,0,3,0,12,0,2,3,0,1,2,1,1,48,1,2,2,2,2,2,2,2,2,2,1,1,2,2,2,1,2,"Texas",1
"27755",481533,48,30552,27.84046944,-98.08488889,5,5,7,1,16,2,0,12,0,1,1,0,1,1,1,1,48,1,2,1,2,2,2,2,2,1,2,3,2,2,2,2,2,2,"Texas",0
"27756",481534,48,25319,32.46808056,-95.18993056,1,1,7,1,19,4,0,23,0,1,1,0,4,1,1,1,48,3,3,2,2,1,2,1,2,1,2,3,2,2,2,2,2,2,"Texas",0
"27757",481535,48,23107,33.51948889,-99.27096944,1,1,7,2,15,2,0,59,0,1,1,0,4,1,1,1,48,1,2,1,1,1,2,2,2,1,2,1,2,1,2,2,2,2,"Texas",1
"27758",481536,48,24104,33.00587222,-96.70783333,3,3,7,2,21,2,0,12,1,18,1,0,1,3,1,2,48,2,2,2,1,3,2,2,2,2,2,3,2,1,2,2,1,2,"Texas",0
"27759",481538,48,24807,32.74158333,-97.22794722,2,2,7,2,19,6,0,9,0,2,2,0,1,1,1,1,48,3,3,2,1,1,2,2,2,2,2,3,2,2,2,2,2,2,"Texas",0
"27760",481539,48,26817,31.11322222,-97.40032222,2,2,7,3,23,8,0,12,0,2,2,0,1,3,1,1,48,2,2,2,1,2,2,2,2,2,2,3,1,2,2,2,2,2,"Texas",0
"27761",481540,48,23877,33.16783056,-99.78176944,2,2,7,3,21,2,0,12,0,1,1,0,1,2,1,1,48,1,2,2,1,2,2,2,2,2,2,1,2,2,2,2,2,2,"Texas",1
"27762",481541,48,24844,32.72923333,-97.19208333,3,3,7,3,16,3,0,12,0,1,1,0,1,1,1,2,48,2,2,1,1,2,2,2,2,2,2,2,2,2,2,2,2,2,"Texas",0
"27763",481542,48,24587,32.79877778,-95.37517778,1,1,7,3,17,3,0,32,0,1,1,0,4,1,1,1,48,1,2,1,1,1,2,2,2,2,2,2,2,2,2,2,2,2,"Texas",0
"27764",481543,48,23854,33.17701389,-97.19306111,1,1,7,4,13,8,0,42,0,1,1,0,4,1,1,1,48,2,2,1,1,1,2,2,2,1,2,2,2,1,2,2,2,2,"Texas",0
"27765",481544,48,25362,32.45212222,-99.78408056,1,1,7,4,0,8,0,8,0,1,1,0,1,2,1,1,48,2,2,2,1,1,2,2,1,2,2,1,2,2,2,2,2,2,"Texas",1
"27766",481545,48,27873,30.30253611,-97.66112778,1,1,7,5,2,2,0,8,0,1,1,0,1,3,1,1,48,2,2,2,1,1,2,2,1,2,2,3,2,2,2,1,2,2,"Texas",0
"27767",481546,48,28775,29.80002778,-95.01681667,2,2,7,6,2,1,0,12,0,1,1,0,1,3,1,1,48,2,1,2,1,2,2,2,2,2,2,3,2,2,1,2,2,2,"Texas",0
"27768",481547,48,28008,30.24723056,-97.69053333,5,5,5,6,9,8,0,12,1,18,1,0,1,1,1,1,48,2,2,1,1,3,2,2,2,2,2,3,2,2,2,2,2,2,"Texas",0
"27769",481548,48,28982,29.68675833,-95.27905278,7,7,6,3,13,1,0,12,0,1,1,0,1,1,10,1,48,2,1,1,1,3,2,2,2,2,2,3,2,2,2,2,2,2,"Texas",0
"27770",481549,48,29007,29.67746944,-95.45823889,1,1,6,6,6,7,0,9,0,1,1,0,1,1,1,1,48,2,1,1,1,1,2,2,2,2,2,3,2,2,2,2,2,2,"Texas",0
"27771",481550,48,28279,30.11073611,-97.77777778,2,2,6,6,22,8,0,12,0,1,1,0,1,2,10,1,48,2,2,2,2,2,2,1,2,2,2,3,1,2,2,2,2,2,"Texas",0
"27772",481551,48,25108,32.60475278,-94.91410833,1,1,6,1,1,2,0,1,0,1,1,0,4,2,10,1,48,1,2,2,2,1,1,2,2,2,2,3,2,2,2,2,2,2,"Texas",1
"27773",481552,48,28742,29.81378611,-95.36577222,3,3,6,5,23,1,0,12,1,18,1,0,1,3,1,1,48,2,1,2,1,2,2,2,2,2,2,2,2,2,1,2,2,2,"Texas",0
"27774",481553,48,26779,31.16328333,-96.67703056,1,1,6,6,15,8,0,8,0,1,1,0,1,1,10,1,48,1,2,1,1,1,2,2,1,2,2,3,2,2,2,2,2,2,"Texas",0
"27775",481554,48,22908,33.58605556,-102.3129278,2,2,6,7,0,4,0,1,0,1,1,0,4,2,1,1,48,3,3,2,2,1,2,1,2,1,2,1,2,2,2,2,1,2,"Texas",1
"27776",481555,48,28950,29.69929444,-95.45119722,1,1,6,1,21,6,0,9,0,1,1,0,1,2,1,1,48,3,3,2,2,1,2,2,2,2,2,3,2,2,2,2,2,2,"Texas",0
"27777",481556,48,23555,33.36237222,-97.22195556,2,2,1,6,22,8,0,38,0,1,1,0,4,2,1,1,48,1,2,2,2,1,2,1,2,2,2,1,2,2,2,2,2,2,"Texas",1
"27778",481557,48,28676,29.85327778,-96.72920556,3,3,7,6,11,3,0,12,0,2,3,1,1,1,1,1,48,1,2,1,1,2,2,2,2,1,2,3,2,1,2,2,2,2,"Texas",0
"27779",481558,48,26862,31.07141667,-105.0063639,1,1,7,6,2,1,0,1,1,19,1,0,10,2,10,1,48,1,1,2,1,1,2,1,2,1,2,3,2,1,2,2,2,1,"Texas",0
"27780",481559,48,29028,29.66571667,-97.50521944,3,3,7,7,22,8,0,10,0,6,1,0,1,2,1,3,48,1,2,2,2,1,2,2,2,2,2,1,2,2,2,2,1,2,"Texas",1
"27781",481560,48,31222,26.33088056,-98.409175,1,1,7,7,19,4,0,53,0,1,1,0,4,1,1,1,48,3,3,2,2,1,2,1,2,1,2,1,2,2,2,2,2,2,"Texas",1
"27782",481561,48,19185,34.97958333,-101.8759889,2,2,7,7,17,3,0,12,0,8,1,0,1,1,1,1,48,1,2,1,2,2,1,2,2,2,2,3,2,2,2,2,2,2,"Texas",0
"27783",481562,48,27326,30.58388333,-96.74916111,3,3,7,2,9,3,0,12,0,1,1,0,1,1,10,1,48,1,2,1,1,3,2,2,2,2,2,3,1,2,2,2,1,2,"Texas",0
"27784",481563,48,29062,29.6463,-95.34759722,4,4,7,2,22,6,0,33,0,1,1,0,4,3,10,1,48,3,3,2,1,1,2,1,2,2,2,2,1,2,2,2,2,2,"Texas",0
"27785",481564,48,29180,29.54545,-100.89635,3,3,7,3,13,8,0,12,0,1,1,0,1,1,1,1,48,1,2,1,1,2,2,2,2,2,2,3,2,1,2,2,2,1,"Texas",0
"27786",481565,48,28207,30.15819167,-96.6216,2,2,7,4,6,2,0,12,0,2,3,0,1,4,10,1,48,1,2,1,1,2,1,2,2,2,2,3,2,2,2,2,2,2,"Texas",0
"27787",481566,48,25096,32.61187778,-97.36514167,1,1,7,5,21,6,0,30,0,1,1,0,4,3,1,1,48,3,3,2,1,1,1,1,2,2,2,3,2,2,2,2,2,2,"Texas",0
"27788",481567,48,29165,29.55475833,-98.48598056,1,1,7,7,13,2,0,25,1,19,1,1,4,1,1,1,48,2,2,1,2,1,1,2,2,2,2,1,2,2,2,2,2,2,"Texas",1
"27789",481568,48,26064,31.97969167,-97.93808333,2,2,7,7,10,3,0,12,0,8,1,0,1,1,1,1,48,1,2,1,2,2,1,2,2,2,2,2,2,2,2,2,2,2,"Texas",0
"27790",481569,48,23716,33.26480278,-96.59731111,1,1,7,7,20,3,0,25,1,5,1,1,4,2,1,1,48,2,2,2,2,1,2,1,2,1,2,3,1,2,2,2,2,2,"Texas",0
"27791",481570,48,26152,31.88496111,-106.4409556,1,1,7,7,20,2,0,1,0,1,1,0,99,5,1,1,48,2,2,2,2,1,2,1,2,1,2,3,2,2,1,2,2,2,"Texas",0
"27792",481571,48,29058,29.649775,-97.48519167,8,8,7,7,17,1,0,12,0,1,1,0,1,1,1,1,48,1,1,1,2,3,2,1,2,2,2,3,2,1,2,2,2,2,"Texas",0
"27793",481572,48,27769,30.34991389,-95.82804722,3,3,7,7,13,3,0,12,0,1,1,0,1,1,10,1,48,1,2,1,2,2,2,2,2,1,2,3,1,1,2,2,2,2,"Texas",0
"27794",481573,48,26400,31.63739722,-97.96046111,3,3,7,7,21,3,0,1,0,1,1,0,4,2,1,2,48,1,2,2,2,1,2,2,2,1,2,2,2,2,2,2,2,2,"Texas",0
"27795",481574,48,26459,31.56511944,-101.6072583,2,2,7,7,13,3,0,12,0,2,2,0,1,1,1,2,48,1,2,1,2,2,2,2,2,1,2,1,2,2,2,2,2,2,"Texas",1
"27796",481575,48,27949,30.26853056,-97.72744444,2,2,7,7,3,6,0,5,0,8,1,0,1,3,1,1,48,3,3,2,2,1,2,2,2,2,2,3,2,2,2,2,2,2,"Texas",0
"27797",481576,48,29455,29.30957222,-95.10571389,2,2,7,1,20,8,0,1,0,1,1,0,4,2,10,1,48,1,2,2,2,2,1,2,2,2,2,1,2,2,2,2,2,2,"Texas",1
"27798",481577,48,28885,29.73236389,-95.38326944,4,4,7,1,2,2,0,12,0,1,1,0,1,3,1,1,48,2,2,2,2,2,1,1,2,2,2,1,2,2,1,2,2,2,"Texas",1
"27799",481578,48,23646,33.30603333,-99.67838611,1,1,7,1,22,2,0,11,0,1,1,0,1,2,1,1,48,1,2,2,2,1,2,2,2,2,2,3,2,2,2,2,2,2,"Texas",0
"27800",481579,48,25374,32.44607222,-102.5880083,1,1,7,2,0,2,0,59,0,1,1,0,4,2,1,1,48,1,2,2,2,1,2,2,2,1,2,3,2,2,1,2,2,2,"Texas",0
"27801",481580,48,27091,30.775675,-101.9530528,1,1,7,2,7,1,0,1,0,1,1,0,4,4,1,1,48,1,1,1,1,1,2,2,2,1,2,3,1,2,2,2,2,1,"Texas",0
"27802",481581,48,29279,29.46877222,-95.36088611,3,3,7,3,21,3,0,8,0,1,1,0,1,2,1,1,48,2,2,2,1,2,2,2,1,2,2,3,2,1,2,2,2,2,"Texas",0
"27803",481582,48,24678,32.77413889,-97.87866667,1,1,7,3,1,2,0,8,0,1,1,0,1,2,1,1,48,1,2,2,1,1,2,2,1,2,2,3,2,2,2,2,2,2,"Texas",0
"27804",481583,48,29624,29.01816389,-98.05218889,2,2,7,3,23,2,0,12,0,1,1,0,1,2,1,1,48,1,2,2,1,2,2,2,2,2,2,3,2,2,2,2,2,1,"Texas",0
"27805",481584,48,24821,32.73426111,-96.67429722,1,1,7,4,18,6,0,9,0,2,2,0,1,1,1,1,48,3,3,2,1,1,2,2,2,2,2,3,1,2,2,1,2,2,"Texas",0
"27806",481585,48,28565,29.93917222,-95.31648889,1,1,7,4,1,8,0,8,0,1,1,0,1,2,1,1,48,2,2,2,1,2,2,1,1,1,2,2,2,2,2,2,2,2,"Texas",0
"27807",481586,48,24014,33.06796667,-97.522275,2,2,7,4,5,3,0,12,0,1,1,0,1,2,1,1,48,1,2,2,1,2,2,2,2,1,2,3,2,2,1,2,2,2,"Texas",0
"27808",481587,48,29271,29.47359167,-98.40538333,3,3,7,5,9,1,0,12,0,1,1,1,1,1,10,1,48,2,1,1,1,2,2,2,2,2,2,3,2,2,2,2,2,2,"Texas",0
"27809",481588,48,28601,29.91401389,-94.050325,1,1,7,5,12,8,0,1,0,1,1,0,1,1,1,1,48,1,2,1,1,1,2,2,2,1,2,2,2,2,2,2,2,2,"Texas",0
"27810",481589,48,24978,32.67760556,-97.07883889,1,1,7,5,1,1,0,14,0,1,1,0,2,2,1,1,48,2,1,2,1,1,2,2,2,2,2,1,2,2,2,2,2,2,"Texas",1
"27811",481590,48,26528,31.48479444,-94.82589722,3,3,7,6,12,3,0,12,0,1,1,0,1,1,1,1,48,1,2,1,1,3,2,2,2,2,2,3,2,1,2,2,2,2,"Texas",0
"27812",481591,48,26920,30.99311389,-97.5921,1,1,7,6,1,8,0,34,0,1,1,0,4,2,1,1,48,1,2,2,1,1,2,1,2,1,2,1,2,2,2,2,2,2,"Texas",1
"27813",481592,48,25006,32.66664444,-96.582375,1,1,7,6,2,2,0,1,0,1,1,0,4,2,1,1,48,2,2,2,1,1,1,1,2,2,2,1,2,2,2,2,1,2,"Texas",1
"27814",481593,48,26306,31.75523333,-97.94132222,1,1,7,6,10,3,0,38,0,1,1,0,5,1,1,1,48,1,2,1,1,1,2,1,2,1,2,2,1,2,2,2,1,2,"Texas",0
"27815",481594,48,29629,29.00823056,-95.90016389,1,1,7,6,0,3,0,8,0,1,1,0,1,2,1,1,48,2,2,2,1,1,2,2,1,2,2,3,2,2,2,2,2,2,"Texas",0
"27816",481595,48,25549,32.353175,-95.26214722,3,3,7,6,7,8,0,12,0,2,3,0,1,2,1,1,48,2,2,1,1,2,2,2,2,2,2,3,2,2,2,2,1,2,"Texas",0
"27817",481596,48,28764,29.80353333,-94.86851111,2,2,7,7,7,3,0,12,0,2,2,0,1,1,1,2,48,1,2,1,2,2,2,2,2,1,2,3,2,2,2,2,2,2,"Texas",0
"27818",481597,48,29213,29.52165556,-95.48865556,2,2,7,7,22,3,0,12,0,1,1,0,1,6,1,1,48,2,2,2,2,2,2,1,2,1,2,3,1,2,2,2,2,2,"Texas",0
"27819",481598,48,26033,32.00244167,-102.0607639,3,3,7,7,17,6,0,43,0,6,1,0,1,1,1,1,48,3,3,1,2,1,2,1,2,2,2,1,2,2,2,2,2,2,"Texas",1
"27820",481599,48,27195,30.68199167,-95.73842778,1,1,7,7,21,8,0,1,0,1,1,0,1,2,1,1,48,1,2,2,2,1,2,2,2,1,2,1,2,2,2,2,1,2,"Texas",1
"27821",481600,48,26601,31.39294167,-94.78323889,3,3,7,1,6,2,0,34,0,1,1,0,4,4,1,1,48,1,2,1,2,1,2,2,2,1,2,1,2,2,2,2,2,2,"Texas",1
"27822",481601,48,29126,29.59071944,-98.51227778,2,2,7,1,7,8,0,42,0,1,1,0,4,1,10,1,48,2,2,1,2,1,2,2,2,1,2,2,2,2,2,2,1,2,"Texas",0
"27823",481602,48,24942,32.69315556,-96.77469722,1,1,7,1,22,8,0,8,0,1,1,0,1,3,1,1,48,2,2,2,2,1,2,2,1,2,2,3,1,2,2,2,2,2,"Texas",0
"27824",481603,48,25471,32.38869722,-96.82732778,1,1,7,1,23,8,0,1,0,3,3,0,1,3,1,1,48,2,2,2,2,1,1,1,2,2,2,1,2,2,2,2,2,2,"Texas",1
"27825",481604,48,27939,30.27288611,-97.75766944,1,1,7,1,3,6,0,8,0,1,1,0,1,3,1,1,48,3,3,2,2,1,2,2,1,2,2,3,2,2,2,1,2,2,"Texas",0
"27826",481605,48,29675,28.91731667,-96.818225,1,1,7,1,16,8,0,1,0,1,1,0,5,1,1,1,48,1,2,1,2,1,2,1,2,1,2,2,2,2,2,2,2,2,"Texas",0
"27827",481606,48,23906,33.14485833,-96.64023889,1,1,7,2,1,3,0,1,0,1,1,0,4,2,1,1,48,2,2,2,2,1,1,1,2,2,2,1,2,2,2,2,2,2,"Texas",1
"27828",481607,48,28449,30.00108056,-94.19471944,5,6,7,2,1,1,0,14,0,1,1,0,2,2,1,1,48,1,1,2,2,2,2,2,2,2,2,3,2,2,2,2,2,2,"Texas",0
"27829",481608,48,24403,32.86363056,-95.29706944,1,1,7,2,13,8,0,1,0,1,1,0,1,1,1,1,48,1,2,1,1,1,1,2,2,2,2,2,2,2,2,2,2,2,"Texas",1
"27830",481609,48,24709,32.76640278,-97.06331389,1,1,7,3,22,3,0,8,0,1,1,0,1,2,1,1,48,2,2,2,1,1,2,2,1,2,2,3,2,2,2,1,1,2,"Texas",0
"27831",481610,48,23143,33.50785,-101.8704167,3,3,7,5,13,6,0,12,0,2,3,0,1,1,1,1,48,3,3,1,1,2,2,2,2,2,2,3,2,2,2,2,2,2,"Texas",0
"27832",481611,48,24827,32.73255,-97.37449444,1,1,7,5,1,1,0,14,0,5,1,0,8,3,1,1,48,2,1,2,1,1,2,1,2,2,2,1,2,2,2,2,2,2,"Texas",1
"27833",481612,48,24858,32.72246667,-97.51766944,3,3,2,7,21,1,0,23,1,19,1,0,4,2,99,2,48,2,1,2,2,1,2,1,2,1,2,3,2,1,2,2,2,2,"Texas",0
"27834",481613,48,29319,29.43626389,-95.13895,1,1,3,4,14,4,0,1,0,1,1,0,4,1,1,1,48,3,3,1,1,1,2,1,2,1,2,3,2,1,2,2,2,2,"Texas",0
"27835",481614,48,24681,32.77355833,-97.31923333,1,1,4,4,1,1,0,5,0,1,1,0,1,2,1,1,48,2,1,2,1,1,1,1,2,2,2,3,2,2,2,2,2,2,"Texas",0
"27836",481615,48,26834,31.09720833,-97.343075,1,1,6,6,9,8,0,46,0,3,2,0,4,1,1,1,48,2,2,1,1,1,2,2,2,2,2,2,2,1,2,2,2,2,"Texas",0
"27837",481616,48,24299,32.91140833,-96.93804444,5,5,6,5,6,1,0,12,1,20,1,0,1,1,1,1,48,2,1,1,1,3,2,1,2,2,2,3,2,2,2,2,2,2,"Texas",0
"27838",481617,48,29435,29.33395278,-98.45342778,2,2,6,1,5,6,0,24,0,1,1,0,4,3,1,2,48,3,3,2,2,1,2,1,2,2,2,3,1,2,2,2,2,2,"Texas",0
"27839",481618,48,28821,29.77244444,-95.83778611,3,3,6,3,5,8,0,12,0,8,1,0,1,2,1,1,48,1,2,2,1,2,2,1,2,2,2,3,1,2,2,2,1,2,"Texas",0
"27840",481619,48,23901,33.14905278,-97.58448333,2,2,7,5,2,8,0,12,0,1,1,0,1,2,1,1,48,2,2,2,1,2,2,2,2,2,2,3,2,1,2,2,2,2,"Texas",0
"27841",481620,48,24389,32.86997222,-97.14923333,1,1,7,6,15,6,0,33,0,3,3,0,4,1,10,1,48,3,3,1,1,1,2,2,2,2,2,3,2,1,2,2,2,2,"Texas",0
"27842",481621,48,29411,29.36285556,-94.98885556,1,1,7,7,19,1,0,1,0,1,1,0,10,1,1,1,48,2,1,2,2,1,1,1,2,2,1,3,2,2,1,2,2,2,"Texas",0
"27843",481622,48,16287,36.21818333,-101.3297306,1,1,7,6,14,3,0,14,0,1,1,0,2,1,1,1,48,1,2,1,1,1,2,2,2,2,2,3,2,1,2,2,2,2,"Texas",0
"27844",481623,48,24831,32.73179722,-97.30941944,3,3,7,7,22,8,0,12,0,2,2,0,1,3,1,1,48,2,2,2,2,2,1,1,2,2,2,3,2,1,2,2,2,2,"Texas",0
"27845",481624,48,23955,33.11385,-97.66133889,6,6,7,7,9,3,0,12,0,1,1,0,1,1,1,1,48,1,2,1,2,3,2,2,2,2,2,3,2,2,2,2,2,1,"Texas",0
"27846",481625,48,27417,30.51578333,-95.989225,3,3,7,2,20,3,0,12,0,1,1,0,2,5,1,1,48,1,2,2,1,2,2,2,2,2,2,3,2,1,2,2,2,2,"Texas",0
"27847",481626,48,27819,30.32641389,-97.66948333,1,1,7,2,23,2,0,8,0,5,1,0,1,3,1,1,48,2,2,2,1,1,2,2,1,2,2,3,2,2,2,2,2,2,"Texas",0
"27848",481627,48,29310,29.43877778,-95.13509722,1,1,7,4,19,8,0,59,0,1,1,0,4,1,1,1,48,2,2,2,1,1,1,1,2,2,2,1,2,2,2,2,2,2,"Texas",1
"27849",481628,48,31086,26.61422778,-98.11495,2,2,7,4,23,2,0,42,0,1,1,0,3,2,1,1,48,1,2,2,1,1,2,2,2,2,2,3,2,2,2,2,2,1,"Texas",0
"27850",481629,48,29465,29.28975833,-95.98085278,4,4,7,5,15,8,0,12,0,3,2,0,1,1,1,1,48,1,2,1,1,2,2,1,2,2,2,3,2,1,2,2,2,2,"Texas",0
"27851",481630,48,27296,30.60575,-95.054675,3,3,7,6,20,8,0,12,1,8,1,0,1,1,1,1,48,1,2,2,2,2,2,1,2,2,2,1,2,2,2,2,2,2,"Texas",1
"27852",481632,48,28916,29.71613611,-94.97595,1,1,7,7,0,8,0,8,0,1,1,0,1,2,1,1,48,2,2,2,2,1,2,2,1,2,2,1,2,2,2,2,2,2,"Texas",1
"27853",481633,48,24816,32.73635833,-94.56756389,1,1,7,7,4,8,0,8,0,1,1,0,1,2,1,1,48,1,2,2,2,1,2,2,1,2,2,2,2,2,2,2,2,2,"Texas",0
"27854",481634,48,26215,31.8371,-96.28818889,16,16,7,2,11,1,0,12,0,1,1,0,1,1,1,3,48,1,1,1,1,3,2,2,2,1,2,3,1,1,2,2,2,2,"Texas",0
"27855",481635,48,28973,29.69041667,-97.24826667,5,5,7,2,12,1,0,57,0,1,1,0,3,1,1,3,48,1,1,1,1,2,2,2,2,1,2,3,2,2,2,2,2,2,"Texas",0
"27856",481636,48,29210,29.52307778,-98.50497222,3,3,7,3,16,8,0,12,0,2,2,0,1,1,1,1,48,2,2,1,1,3,2,2,2,2,2,3,2,1,2,2,2,2,"Texas",0
"27857",481637,48,28854,29.74675556,-99.17061944,1,1,7,4,11,3,0,11,0,1,1,0,1,1,1,1,48,1,2,1,1,1,1,2,2,2,2,3,2,2,2,2,2,2,"Texas",0
"27858",481638,48,26257,31.80286111,-102.5020889,2,2,7,4,17,4,0,1,0,2,3,0,1,1,1,1,48,3,3,1,1,2,1,2,2,2,2,3,2,2,1,2,2,2,"Texas",0
"27859",481639,48,28765,29.80353333,-94.86851667,4,4,7,5,11,3,0,12,0,2,2,0,1,1,1,2,48,1,2,1,1,2,2,2,2,2,2,3,2,2,2,2,2,2,"Texas",0
"27860",481640,48,23584,33.34463611,-96.60928889,2,2,7,5,18,8,0,12,0,1,1,0,1,1,1,1,48,1,2,2,1,2,1,1,2,2,2,3,2,2,1,2,2,2,"Texas",0
"27861",481641,48,26861,31.07182222,-95.703875,2,2,7,6,18,3,0,12,0,1,1,0,1,1,1,1,48,1,2,2,2,2,2,2,2,2,2,3,1,2,2,2,2,2,"Texas",0
"27862",481642,48,25040,32.64829722,-97.368825,6,6,7,6,9,6,0,12,0,1,1,0,1,1,1,1,48,3,3,1,1,2,2,2,2,2,2,3,2,1,2,2,2,2,"Texas",0
"27863",481643,48,29289,29.46276667,-98.75541389,1,1,7,7,9,6,0,33,0,1,1,0,4,1,1,1,48,3,3,1,2,1,2,2,2,1,2,2,1,2,2,2,2,2,"Texas",0
"27864",481644,48,24019,33.06472222,-96.79605278,2,2,7,1,1,3,0,46,0,1,1,0,4,2,1,1,48,2,2,2,2,1,2,1,2,2,2,2,1,2,2,2,2,2,"Texas",0
"27865",481645,48,25205,32.54166111,-94.80869167,3,3,7,1,22,8,0,30,0,1,1,0,4,2,1,1,48,2,2,2,2,1,2,1,2,2,2,1,2,2,1,2,2,2,"Texas",1
"27866",481646,48,25223,32.52975278,-94.38564722,1,1,7,1,20,6,0,33,0,1,1,0,4,3,1,1,48,3,3,2,2,1,1,1,2,2,2,3,2,2,2,2,2,2,"Texas",1