"","ST_CASE","OBJECT_ID","FID","LATITUDE","LONGITUD","PERMVIT","PERSONS","MONTH","DAY_WEEK","HOUR","ROUTE","SP_JUR","HARM_EV","RELJCT1","RELJCT2","TYP_INT","WRK_ZONE","REL_ROAD","LGT_COND","WEATHER","FATALS","STATE","A_RU","A_INTER","A_TOD","A_DOW","A_CT","A_MC","A_SPCRA","A_PED","A_ROLL","A_POLPUR","A_POSBAC","A_D15_20","A_D65PLS","A_D21_24","A_HR","A_DIST","A_DROWSY","STATE_NAME","drunkDr"
"28006",481787,48,26786,31.15115278,-93.83170278,3,3,8,7,3,4,0,1,0,3,3,0,1,2,1,1,48,3,3,2,2,1,2,1,2,1,2,1,1,2,2,2,2,2,"Texas",1
"28007",481788,48,23845,33.18141944,-94.92951111,7,7,8,7,12,2,0,12,0,2,2,0,1,1,1,3,48,1,2,1,2,2,2,2,2,2,2,3,2,1,1,2,2,2,"Texas",0
"28008",481789,48,29330,29.42935556,-98.73302222,1,1,8,1,1,6,0,8,0,1,1,0,4,2,10,1,48,3,3,2,2,1,2,2,1,2,2,3,2,2,2,1,2,2,"Texas",0
"28009",481790,48,24260,32.92593889,-96.63951667,2,2,8,1,7,6,0,12,0,1,1,0,1,1,1,1,48,3,3,1,2,2,2,2,2,2,2,3,2,2,2,1,2,2,"Texas",1
"28010",481791,48,24535,32.81344444,-96.95416389,1,1,8,1,1,3,0,43,0,1,1,0,3,3,1,1,48,2,2,2,2,1,1,1,2,2,2,1,2,2,2,2,1,2,"Texas",1
"28011",481792,48,26384,31.65868056,-106.2421028,2,2,8,1,20,8,0,8,0,1,1,0,1,3,10,1,48,2,2,2,2,1,2,2,1,2,2,3,1,2,2,1,2,2,"Texas",0
"28012",481793,48,29013,29.67598056,-95.21711389,1,1,8,1,2,6,0,8,0,3,3,0,1,3,1,1,48,3,3,2,2,1,2,2,1,2,2,3,2,2,1,2,2,2,"Texas",0
"28013",481794,48,28010,30.246975,-94.74212778,3,3,8,1,22,3,0,12,0,2,2,0,1,3,1,1,48,1,2,2,2,2,2,2,2,2,2,1,2,2,2,2,2,2,"Texas",1
"28014",481795,48,23108,33.51933333,-101.7778306,4,4,8,1,3,2,0,12,0,1,1,0,1,3,10,1,48,2,2,2,2,2,2,2,2,2,2,3,2,2,1,2,2,2,"Texas",0
"28015",481796,48,25010,32.665375,-97.20119444,1,1,8,1,4,7,0,8,0,1,1,0,1,2,1,1,48,2,2,2,2,1,2,1,1,2,2,3,2,2,2,2,2,2,"Texas",0
"28016",481797,48,26556,31.44816111,-100.4345806,2,2,8,1,2,6,0,15,0,1,1,0,1,2,1,1,48,3,3,2,2,1,2,2,2,2,2,3,2,2,2,1,2,2,"Texas",0
"28017",481798,48,29748,28.80905,-98.35013611,3,3,8,2,9,1,0,57,0,1,1,0,3,1,1,1,48,1,1,1,1,1,2,2,2,1,2,3,2,2,2,2,2,2,"Texas",0
"28018",481799,48,28387,30.03713333,-98.18420833,1,1,8,2,2,8,0,38,0,1,1,0,5,2,1,1,48,1,2,2,2,1,2,1,2,2,2,2,1,2,2,2,2,2,"Texas",0
"28019",481800,48,24809,32.73941667,-96.37234444,2,2,8,2,15,2,0,12,0,1,1,0,1,1,1,1,48,2,2,1,1,2,2,2,2,2,2,2,2,2,2,2,2,2,"Texas",0
"28020",481801,48,25009,32.66548889,-97.34343889,2,2,8,2,2,1,0,12,0,1,1,0,1,3,1,1,48,2,1,2,2,2,2,1,1,1,2,1,2,2,2,2,2,2,"Texas",1
"28021",481802,48,20025,34.57719167,-102.3127167,3,3,8,3,13,2,0,12,0,1,1,0,1,1,1,1,48,1,2,1,1,2,2,2,2,2,2,3,2,1,2,2,2,2,"Texas",0
"28022",481803,48,23457,33.406475,-96.37500833,1,1,8,3,10,3,0,42,0,1,1,0,4,1,1,1,48,1,2,1,1,1,2,2,2,1,2,3,1,2,2,2,2,2,"Texas",0
"28023",481805,48,29025,29.67026111,-95.27463056,1,1,8,3,17,6,0,33,0,1,1,0,4,1,1,1,48,3,3,1,1,1,2,2,2,2,2,1,2,2,2,2,2,2,"Texas",1
"28024",481806,48,25198,32.54494722,-99.71909722,6,6,8,3,6,8,0,32,0,1,1,0,4,6,10,2,48,1,2,1,1,1,2,2,2,1,2,2,2,2,2,2,2,2,"Texas",0
"28025",481807,48,22702,33.65181111,-95.52706389,2,2,8,3,17,8,0,12,0,2,2,0,1,1,1,1,48,2,2,1,1,2,2,2,2,2,2,3,2,1,2,2,1,2,"Texas",0
"28026",481808,48,24505,32.825975,-94.36010833,1,1,8,4,2,2,0,38,0,1,1,0,5,2,1,1,48,1,2,2,1,1,2,1,2,1,2,1,2,2,2,2,2,2,"Texas",1
"28027",481809,48,26532,31.47914167,-94.72424444,1,1,8,4,1,2,0,1,0,1,1,0,4,2,1,1,48,1,2,2,1,1,2,2,2,1,2,1,2,2,2,2,2,2,"Texas",1
"28028",481810,48,23995,33.08054444,-96.42434167,2,2,8,5,14,3,0,12,0,2,2,0,1,1,1,1,48,1,2,1,1,2,2,2,2,2,2,1,2,2,2,2,2,2,"Texas",1
"28029",481812,48,28653,29.87326944,-95.49313611,1,1,8,5,2,6,0,33,0,1,1,0,4,3,1,1,48,3,3,2,1,1,2,2,2,2,2,1,2,2,1,2,2,2,"Texas",1
"28030",481813,48,28301,30.09578889,-94.11092778,7,7,8,5,23,7,0,12,1,2,2,0,1,3,1,1,48,2,1,2,1,2,1,1,2,2,1,1,2,2,2,2,2,2,"Texas",1
"28031",481814,48,24700,32.76806111,-97.86415,1,1,8,5,19,2,0,53,0,1,1,0,4,1,1,1,48,1,2,2,1,1,2,2,2,2,2,1,2,2,2,2,2,2,"Texas",1
"28032",481815,48,26176,31.86518611,-95.72515833,3,3,8,6,8,3,0,12,0,1,1,0,1,1,1,1,48,1,2,1,1,2,2,2,2,1,2,3,2,2,2,2,2,2,"Texas",0
"28033",481816,48,29579,29.10545,-98.48868889,2,2,8,6,17,2,0,12,0,8,1,0,1,1,1,1,48,1,2,1,1,2,2,1,2,2,2,3,2,2,2,2,2,2,"Texas",0
"28034",481817,48,25041,32.64730833,-96.53439444,2,2,8,6,19,2,0,1,0,1,1,0,1,1,1,1,48,2,2,2,2,2,1,2,2,2,2,3,1,2,1,2,2,2,"Texas",0
"28035",481818,48,27774,30.34607222,-94.24253333,2,2,8,6,16,3,0,1,0,1,1,0,4,1,1,1,48,1,2,1,1,1,2,2,2,1,2,3,2,2,2,2,2,2,"Texas",0
"28036",481819,48,24932,32.69804444,-94.16934444,4,4,8,6,0,4,0,5,0,1,1,0,1,2,1,1,48,3,3,2,1,1,2,2,2,2,2,1,2,2,1,2,2,2,"Texas",1
"28037",481820,48,23922,33.13328889,-96.035425,7,7,8,6,1,1,0,12,0,1,1,0,1,2,1,4,48,1,1,2,1,3,2,2,2,2,2,2,1,1,2,2,2,2,"Texas",0
"28038",481821,48,25654,32.297125,-94.56048333,2,2,8,6,6,3,0,12,0,1,1,0,1,4,1,1,48,1,2,1,1,2,2,2,2,2,2,3,2,1,2,2,2,2,"Texas",0
"28039",481823,48,27034,30.83728333,-96.54873333,5,5,8,7,2,2,0,12,0,1,1,0,1,2,1,1,48,1,2,2,2,2,2,2,2,2,2,3,2,1,2,2,2,2,"Texas",0
"28040",481824,48,27365,30.550575,-95.2391,1,1,8,7,18,8,0,42,0,1,1,0,4,1,1,1,48,1,2,2,2,1,1,2,2,2,2,3,2,2,2,2,2,2,"Texas",0
"28041",481825,48,27591,30.43732778,-97.90368056,2,2,8,7,8,8,0,12,0,1,1,0,1,1,1,1,48,1,2,1,2,2,1,1,2,2,2,3,1,2,2,2,2,2,"Texas",0
"28042",481826,48,29184,29.539775,-98.49339444,1,1,8,1,17,6,0,5,0,1,1,0,5,1,1,1,48,3,3,1,2,1,2,2,2,2,2,2,2,1,2,2,2,2,"Texas",0
"28043",481827,48,24186,32.96154167,-94.95443333,1,1,8,1,3,2,0,42,0,1,1,0,4,2,1,1,48,1,2,2,2,1,2,2,2,1,2,2,2,2,1,2,2,1,"Texas",0
"28044",481828,48,25082,32.61743611,-96.974225,1,1,8,1,14,8,0,33,0,1,1,0,4,1,1,1,48,2,2,1,2,1,2,2,2,2,2,2,2,1,2,2,1,2,"Texas",0
"28045",481829,48,26723,31.24500556,-96.96840833,1,1,8,1,15,8,0,24,0,1,1,0,4,1,1,1,48,1,2,1,2,1,2,2,2,1,2,1,2,2,2,2,2,2,"Texas",1
"28046",481830,48,25491,32.37796667,-97.45815556,1,1,8,1,11,8,0,38,0,1,1,0,5,1,1,1,48,1,2,1,2,1,1,2,2,2,2,3,2,2,2,2,2,2,"Texas",0
"28047",481831,48,26479,31.54228056,-94.57966944,1,1,8,1,4,8,0,1,0,1,1,1,4,2,1,1,48,1,2,2,2,1,2,1,2,1,2,2,2,2,2,2,2,2,"Texas",0
"28048",481832,48,27207,30.67426944,-94.15431944,1,1,8,1,6,4,0,43,0,1,1,0,5,9,1,1,48,3,3,1,2,1,2,1,2,2,2,3,2,2,2,2,2,2,"Texas",1
"28049",481833,48,28034,30.23664722,-95.46855556,1,1,8,2,20,8,0,8,0,1,1,0,11,2,1,1,48,2,2,2,1,1,2,2,1,2,2,2,2,2,2,2,2,2,"Texas",0
"28050",481834,48,26101,31.92883056,-97.31976944,2,2,8,3,8,3,0,1,0,2,3,0,1,1,1,1,48,1,2,1,1,2,1,2,2,2,2,3,2,1,2,2,1,2,"Texas",0
"28051",481835,48,24704,32.76735,-97.31152778,1,1,8,3,22,3,0,8,0,1,1,1,1,3,1,1,48,2,2,2,1,1,2,2,1,2,2,3,2,2,2,2,2,2,"Texas",0
"28052",481836,48,29442,29.32970556,-98.50380278,2,2,8,5,0,6,0,30,0,1,1,0,4,3,10,1,48,3,3,2,1,1,2,1,2,2,2,1,2,2,2,2,1,2,"Texas",1
"28053",481837,48,31385,26.16009444,-97.69039444,1,1,8,2,10,6,0,34,0,1,1,0,4,1,1,1,48,3,3,1,1,1,2,2,2,1,2,3,2,1,2,2,2,2,"Texas",0
"28054",481838,48,23112,33.51801111,-95.21381944,1,1,8,4,23,3,0,34,0,1,1,0,4,2,1,1,48,1,2,2,1,1,2,2,2,1,2,1,2,2,2,2,2,1,"Texas",1
"28055",481839,48,29169,29.55198056,-98.32183056,2,2,8,6,7,8,0,12,0,1,1,0,1,1,1,1,48,2,2,1,1,2,2,2,2,2,2,3,2,2,2,2,2,2,"Texas",0
"28056",481840,48,24070,33.02640278,-96.73354444,2,2,8,6,6,6,0,12,0,2,2,0,1,4,1,1,48,3,3,1,1,2,1,2,2,2,2,3,1,2,2,2,2,2,"Texas",0
"28057",481841,48,25100,32.60981667,-97.32133889,3,3,8,6,19,1,0,12,0,1,1,0,1,1,1,1,48,2,1,2,2,3,1,1,2,2,2,1,2,2,1,1,2,2,"Texas",1
"28058",481842,48,29459,29.29379722,-98.36220833,2,2,8,1,2,2,0,12,0,3,3,0,1,3,1,1,48,1,2,2,2,2,2,1,2,2,2,3,2,2,2,2,2,2,"Texas",1
"28059",481843,48,18666,35.18366389,-101.8697028,1,1,8,1,3,6,0,42,0,1,1,0,4,3,1,1,48,3,3,2,2,1,2,1,2,2,2,3,2,2,2,2,2,2,"Texas",0
"28060",481844,48,28222,30.14898056,-93.78206389,4,4,3,7,13,8,0,12,0,8,1,0,1,1,1,1,48,2,2,1,2,2,2,1,2,2,2,3,2,2,2,2,2,2,"Texas",0
"28061",481846,48,28747,29.8122,-95.43273611,3,3,7,5,2,1,0,8,0,1,1,0,1,3,1,1,48,2,1,2,1,3,2,1,1,2,2,3,2,2,2,1,2,2,"Texas",0
"28062",481847,48,30580,27.80401667,-97.64310278,3,3,5,4,19,1,0,12,0,8,1,0,1,5,1,1,48,2,1,2,1,3,1,1,2,2,2,1,2,2,1,2,1,2,"Texas",1
"28063",481848,48,24549,32.81086944,-96.65287778,1,1,7,3,2,1,0,8,0,1,1,0,1,3,1,1,48,2,1,2,1,1,2,2,1,2,2,3,2,2,2,2,2,2,"Texas",0
"28064",481849,48,29052,29.65385556,-95.56505278,3,3,7,3,4,7,0,8,0,1,1,0,1,3,10,1,48,2,1,2,1,1,2,2,1,2,2,3,2,2,2,2,2,2,"Texas",0
"28065",481850,48,26575,31.42993889,-101.4825806,2,2,7,3,2,8,0,12,0,1,1,1,1,2,1,1,48,1,2,2,1,2,2,2,2,2,2,3,2,2,2,2,2,2,"Texas",0
"28066",481851,48,27316,30.58939167,-100.6725778,5,5,7,6,10,1,0,1,0,1,1,0,4,1,1,1,48,1,1,1,1,1,2,2,2,1,2,3,2,2,2,2,2,2,"Texas",0
"28067",481852,48,28851,29.74745556,-95.35469444,6,6,8,7,18,6,0,12,0,2,2,0,1,1,1,1,48,3,3,2,2,3,2,2,2,2,2,3,2,1,1,2,1,2,"Texas",0
"28068",481853,48,25629,32.30935,-94.69363333,1,1,8,1,18,8,0,32,0,1,1,0,4,1,1,1,48,1,2,2,2,1,2,1,2,1,2,1,2,2,2,2,2,2,"Texas",1
"28069",481854,48,28226,30.14663611,-95.66144444,4,4,8,2,12,3,0,12,0,1,1,0,1,1,1,1,48,1,2,1,1,2,2,1,2,2,2,3,2,2,1,2,1,2,"Texas",0
"28070",481855,48,28733,29.82016111,-97.89006389,2,2,8,3,8,8,0,12,0,1,1,0,1,2,1,1,48,1,2,1,1,2,2,2,2,2,2,1,2,2,2,2,2,2,"Texas",2
"28071",481856,48,29115,29.60143333,-98.59686389,2,2,8,6,9,6,0,12,0,1,1,0,1,1,1,1,48,3,3,1,1,2,2,1,2,2,2,1,2,2,1,2,2,2,"Texas",1
"28072",481857,48,18612,35.20190278,-100.7931889,1,1,8,6,17,1,0,1,0,1,1,0,4,1,1,1,48,1,1,1,1,1,2,2,2,1,2,3,2,2,2,2,2,1,"Texas",0
"28073",481858,48,26950,30.94409444,-95.36304167,1,1,8,6,20,8,0,8,0,1,1,0,1,2,1,1,48,1,2,2,2,1,2,2,1,2,2,3,2,2,2,2,2,2,"Texas",0
"28074",481859,48,25552,32.35082778,-95.23476667,4,4,8,7,12,3,0,12,0,1,1,0,1,1,1,3,48,1,2,1,2,2,2,2,2,1,2,2,2,2,2,2,2,2,"Texas",0
"28075",481860,48,28607,29.91288333,-95.61691667,4,4,8,1,17,6,0,12,0,1,1,0,1,1,1,1,48,3,3,1,2,2,2,2,2,1,2,1,2,2,1,2,2,2,"Texas",1
"28076",481861,48,28527,29.9638,-98.44331111,1,1,8,1,20,8,0,38,0,1,1,0,5,2,1,1,48,1,2,2,2,1,1,1,2,2,2,1,2,2,2,2,2,2,"Texas",1
"28077",481862,48,24278,32.91988056,-96.59691111,3,3,8,2,12,9,0,12,0,1,1,0,1,1,1,1,48,3,3,1,1,2,1,2,2,2,2,3,2,2,2,2,1,2,"Texas",0
"28078",481863,48,28980,29.68776111,-97.96413056,5,5,8,2,17,3,0,12,0,3,3,0,1,1,1,1,48,1,2,1,1,3,2,1,2,2,2,3,1,1,2,2,2,2,"Texas",0
"28079",481864,48,25004,32.66691667,-95.47519722,3,3,8,2,8,8,0,12,0,2,3,0,1,1,1,1,48,1,2,1,1,2,2,2,2,2,2,3,2,1,2,2,2,2,"Texas",0
"28080",481865,48,26349,31.71231944,-94.04853056,2,2,8,3,13,3,0,12,0,1,1,0,1,1,1,1,48,1,2,1,1,2,2,2,2,1,2,3,2,1,2,2,2,2,"Texas",0
"28081",481866,48,28376,30.04265278,-97.68922222,9,9,8,5,8,3,0,1,0,1,1,0,4,1,1,4,48,1,2,1,1,1,2,2,2,1,2,3,2,2,2,2,1,2,"Texas",0
"28082",481867,48,24582,32.80230556,-97.26273889,1,1,8,5,4,3,0,9,0,1,1,1,1,3,1,1,48,2,2,2,1,1,2,2,2,2,2,1,2,2,1,2,2,2,"Texas",1
"28083",481868,48,28408,30.01918056,-97.71445,4,4,8,6,13,3,0,12,0,2,3,0,1,1,1,1,48,1,2,1,1,3,2,2,2,2,2,3,1,2,2,2,2,2,"Texas",0
"28084",481869,48,28646,29.8765,-94.05904444,2,2,8,7,13,3,0,12,0,1,1,0,1,1,1,1,48,2,2,1,2,2,2,1,2,1,2,3,2,2,2,2,2,1,"Texas",0
"28085",481870,48,24906,32.70603889,-97.06773889,2,2,8,7,22,6,0,12,0,2,2,0,1,2,1,1,48,3,3,2,2,2,1,1,2,2,2,3,1,2,2,2,2,2,"Texas",0
"28086",481871,48,29306,29.44443611,-98.47755278,1,1,8,1,21,2,0,24,0,1,1,0,4,3,1,1,48,2,2,2,2,1,1,1,2,2,2,1,2,2,2,2,2,2,"Texas",1
"28087",481872,48,28800,29.78328056,-96.44964722,1,1,8,1,15,4,0,32,0,1,1,0,4,1,1,1,48,3,3,1,2,1,2,1,2,2,2,3,2,2,2,2,2,2,"Texas",0
"28088",481873,48,27932,30.27557778,-97.73483333,5,5,8,1,18,6,0,12,0,2,2,0,1,1,1,1,48,3,3,2,2,2,1,2,2,2,2,3,2,2,2,2,2,2,"Texas",0
"28089",481874,48,19177,34.98534444,-101.9458556,6,6,6,6,15,2,0,12,0,2,2,0,1,1,1,1,48,2,2,1,1,2,2,2,2,2,2,1,2,1,2,2,2,2,"Texas",1
"28090",481875,48,28597,29.91737222,-97.68029444,3,3,7,1,6,3,0,1,1,5,1,0,4,2,1,1,48,2,2,1,2,1,2,1,2,1,2,3,1,2,2,2,2,2,"Texas",0
"28091",481876,48,31248,26.28968611,-98.06428333,4,4,7,2,20,8,0,12,0,2,2,0,1,2,1,1,48,2,2,2,1,2,2,2,2,2,2,3,2,2,2,1,2,2,"Texas",0
"28092",481877,48,22266,33.77661667,-101.8374639,6,6,7,2,8,1,0,1,0,1,1,0,3,1,1,1,48,1,1,1,1,1,2,2,2,1,2,3,2,2,2,2,1,2,"Texas",0
"28093",481878,48,29628,29.00980833,-95.41299444,8,8,7,6,22,3,0,12,0,1,1,0,1,2,1,1,48,2,2,2,2,3,2,1,2,2,2,3,1,2,1,2,2,2,"Texas",0
"28094",481879,48,28934,29.71039444,-95.26674167,1,1,7,6,18,7,0,21,1,19,1,0,10,1,1,1,48,2,1,2,2,1,2,2,2,2,2,3,2,2,2,2,2,2,"Texas",1
"28095",481880,48,27329,30.58148889,-96.96741111,1,1,8,7,20,4,0,32,0,1,1,0,4,2,1,1,48,3,3,2,2,1,2,1,2,2,2,1,2,2,2,2,2,2,"Texas",1
"28096",481881,48,24753,32.75643333,-97.47876667,5,5,8,2,16,1,0,12,0,1,1,0,1,1,1,2,48,2,1,1,1,2,2,2,2,2,2,3,2,2,2,2,2,2,"Texas",0
"28097",481882,48,26618,31.37273333,-94.71771389,3,3,8,4,13,2,0,12,0,1,1,0,1,1,1,1,48,2,2,1,1,2,2,2,2,1,1,3,2,1,2,2,2,2,"Texas",0
"28098",481884,48,27286,30.61181111,-98.26762778,1,1,8,5,22,2,0,12,0,1,1,0,1,2,1,1,48,1,2,2,1,2,2,2,1,2,2,3,2,2,2,2,1,2,"Texas",0
"28099",481885,48,24529,32.81558611,-96.99371944,2,2,8,5,21,6,0,12,0,2,2,0,1,3,1,1,48,3,3,2,1,2,2,2,2,2,2,3,2,1,2,2,2,2,"Texas",0
"28100",481886,48,23939,33.12255556,-97.03246944,1,1,8,5,8,6,0,43,0,6,1,0,1,1,1,1,48,3,3,1,1,1,2,2,2,2,2,3,2,1,2,2,2,2,"Texas",0
"28101",481887,48,29439,29.33010556,-100.5096528,3,3,8,5,15,2,0,12,0,1,1,0,1,1,1,1,48,1,2,1,1,2,2,2,2,2,2,3,1,2,2,2,1,2,"Texas",0
"28102",481888,48,29553,29.15713889,-96.33101111,4,4,8,6,22,2,0,1,0,1,1,0,3,2,1,3,48,1,2,2,2,1,2,2,2,1,2,3,2,2,2,2,2,2,"Texas",0
"28103",481889,48,26138,31.89588889,-102.3173722,6,6,8,7,23,7,0,12,1,2,2,0,1,3,1,2,48,2,2,2,2,2,2,2,2,1,2,1,2,2,1,2,2,2,"Texas",1
"28104",481890,48,28684,29.84690556,-95.393925,2,2,8,7,22,1,0,8,0,1,1,0,1,3,1,1,48,2,1,2,2,2,2,2,1,2,2,3,2,2,2,1,2,2,"Texas",0
"28105",481891,48,28095,30.20970833,-97.10088889,2,2,8,2,20,2,0,8,0,1,1,0,1,2,1,1,48,1,2,2,1,1,2,2,1,2,2,3,1,2,2,2,2,2,"Texas",0
"28106",481892,48,24730,32.76019167,-96.85660833,5,5,8,2,21,6,0,1,0,2,2,0,1,3,1,1,48,3,3,2,1,2,1,1,2,2,2,3,2,2,2,2,2,2,"Texas",0
"28107",481893,48,24391,32.86748333,-96.89933611,1,1,8,3,2,8,0,1,0,1,1,0,1,3,1,1,48,2,2,2,1,1,2,2,2,1,2,1,2,2,2,2,2,2,"Texas",1
"28108",481894,48,29282,29.46802778,-95.09220278,2,2,8,3,2,1,0,12,0,1,1,0,1,3,1,1,48,2,1,2,1,2,1,2,2,2,2,1,2,2,2,2,1,2,"Texas",1
"28109",481895,48,29046,29.6569,-95.29415833,2,2,8,3,1,6,0,42,0,1,1,0,4,2,1,1,48,3,3,2,1,1,2,1,2,2,2,1,2,2,2,2,2,2,"Texas",1
"28110",481896,48,24701,32.76801944,-96.46107222,4,4,8,3,21,8,0,12,0,1,1,1,1,2,1,1,48,2,2,2,1,2,2,2,2,2,2,1,1,2,2,2,2,2,"Texas",1
"28111",481897,48,25884,32.13795278,-96.45865278,3,3,8,5,0,1,0,1,0,1,1,0,3,2,1,1,48,1,1,2,1,1,2,2,2,1,2,3,2,2,1,2,1,1,"Texas",0
"28112",481898,48,24993,32.67098333,-96.76161667,1,1,8,6,16,6,0,8,0,1,1,0,1,1,1,1,48,3,3,1,1,1,2,2,1,2,2,3,1,2,2,2,2,2,"Texas",0
"28113",481899,48,28693,29.84088056,-95.33325,2,2,8,6,3,1,0,12,0,1,1,0,1,3,10,1,48,2,1,2,1,2,2,2,2,2,2,1,2,2,1,2,2,2,"Texas",1
"28114",481901,48,23140,33.50905833,-97.16502222,3,3,8,7,14,1,0,57,0,1,1,0,3,1,1,3,48,1,1,1,2,2,2,2,2,2,2,2,2,1,2,2,2,2,"Texas",0
"28115",481902,48,24634,32.78624444,-96.79163889,4,4,8,7,9,1,0,12,1,18,1,0,1,1,1,1,48,2,1,1,2,3,1,2,2,2,2,3,2,2,2,1,1,2,"Texas",0
"28116",481903,48,24785,32.74635278,-96.944375,1,1,8,7,0,6,0,43,0,1,1,0,4,2,1,1,48,3,3,2,2,1,2,2,2,1,2,1,1,2,2,2,2,2,"Texas",1
"28117",481904,48,24604,32.79589444,-97.39822222,6,6,8,7,13,3,0,12,0,2,2,0,1,1,1,1,48,2,2,1,2,3,2,2,2,2,2,3,2,1,2,2,1,2,"Texas",0
"28118",481905,48,29993,28.461225,-98.11269167,4,4,8,1,16,1,0,12,0,1,1,0,1,1,10,1,48,1,1,1,2,3,2,1,2,2,2,3,1,2,1,2,2,2,"Texas",0
"28119",481906,48,27617,30.42369167,-95.79123611,1,1,8,1,2,8,0,42,0,1,1,0,4,2,1,1,48,1,2,2,2,1,2,1,2,1,2,1,2,2,2,2,2,2,"Texas",1
"28120",481907,48,27356,30.55954722,-95.09178889,1,1,8,1,15,3,0,42,0,1,1,0,4,1,10,1,48,1,2,1,2,1,2,2,2,2,2,2,1,2,2,2,2,2,"Texas",0
"28121",481908,48,25525,32.36374444,-99.78118333,2,2,8,2,19,8,0,12,0,2,3,0,1,1,1,1,48,2,2,2,1,2,2,2,2,2,2,2,1,2,2,2,2,2,"Texas",0
"28122",481909,48,22887,33.59574722,-101.7970167,4,4,8,3,15,2,0,1,1,99,1,0,99,1,1,2,48,2,2,1,1,1,2,2,2,1,2,2,2,2,1,2,2,2,"Texas",0
"28123",481910,48,24689,32.77039444,-98.06613611,1,1,8,3,6,8,0,15,0,1,1,0,1,2,1,1,48,1,2,1,1,1,2,2,2,2,2,3,2,2,2,2,2,2,"Texas",0
"28124",481912,48,27868,30.30401667,-97.71399444,3,3,8,4,2,1,0,12,0,1,1,0,1,3,1,1,48,2,1,2,1,2,2,2,2,2,2,3,2,2,1,2,2,2,"Texas",1
"28125",481913,48,28189,30.16434722,-95.20976667,1,2,7,4,13,1,0,14,0,1,1,0,2,1,1,1,48,2,1,1,1,1,2,2,2,2,2,2,2,2,2,2,2,2,"Texas",0
"28126",481914,48,27177,30.69485556,-97.84760833,3,3,8,5,8,4,0,58,0,1,1,0,4,1,1,3,48,3,3,1,1,1,2,2,2,1,2,3,2,2,2,2,2,1,"Texas",0
"28127",481915,48,29444,29.32686944,-98.911475,1,1,8,6,19,8,0,38,0,1,1,0,5,1,1,1,48,1,2,2,2,1,2,2,2,1,2,1,2,1,2,2,2,1,"Texas",1
"28128",481916,48,29721,28.84415833,-96.46917778,11,11,8,2,6,8,0,12,0,1,1,0,1,1,5,1,48,1,2,1,1,2,2,2,2,2,2,3,2,1,2,2,2,2,"Texas",0
"28129",481917,48,29434,29.33507222,-99.25883611,4,4,8,2,20,2,0,12,0,1,1,0,1,5,1,2,48,1,2,2,1,2,2,1,2,2,2,3,1,2,2,2,1,2,"Texas",0
"28130",481918,48,25930,32.08821944,-94.49901667,4,4,8,4,13,3,0,12,0,1,1,0,1,1,1,2,48,1,2,1,1,2,2,2,2,2,2,2,2,2,2,2,2,2,"Texas",0
"28131",481919,48,23561,33.35960833,-95.59764444,3,3,8,5,7,3,0,12,0,1,1,0,1,1,1,2,48,1,2,1,1,2,2,2,2,1,2,3,2,2,2,2,2,2,"Texas",0
"28132",481920,48,26214,31.83756111,-98.28658056,5,5,8,6,16,3,0,12,0,1,1,1,1,1,1,1,48,1,2,1,1,3,2,2,2,2,2,3,2,1,2,2,2,2,"Texas",0
"28133",481921,48,24508,32.82520278,-96.68388611,5,5,8,6,13,6,0,12,0,2,3,0,1,1,1,1,48,3,3,1,1,2,2,2,2,2,2,3,2,1,2,2,2,2,"Texas",0
"28134",481922,48,25752,32.22974722,-95.45120278,2,2,8,6,21,8,0,12,0,1,1,0,1,2,1,1,48,1,2,2,2,2,1,2,2,2,2,3,1,2,2,2,2,2,"Texas",0
"28135",481923,48,29841,28.64268889,-99.17856944,1,1,8,7,17,1,0,1,0,1,1,0,10,1,1,1,48,1,1,1,2,1,2,1,2,1,2,1,2,2,1,2,2,2,"Texas",1
"28136",481924,48,26078,31.95614444,-94.69987778,3,3,8,7,12,2,0,12,0,1,1,1,1,1,1,1,48,1,2,1,2,2,2,1,2,2,2,3,2,1,2,2,1,2,"Texas",0
"28137",481925,48,26113,31.91676389,-102.6262556,2,2,8,2,23,3,0,8,0,1,1,0,1,2,1,1,48,1,2,2,1,1,2,2,1,2,2,1,2,2,2,2,2,2,"Texas",1
"28138",481926,48,18419,35.26391111,-101.745175,1,1,8,3,20,8,0,1,1,19,1,0,3,1,1,1,48,2,2,2,1,1,2,1,2,1,2,1,2,1,2,2,2,2,"Texas",1
"28139",481927,48,28954,29.697275,-95.77573056,1,1,8,5,7,7,0,33,0,1,1,0,4,4,10,1,48,2,2,1,1,1,1,1,2,2,2,1,2,2,2,2,2,2,"Texas",1
"28140",481928,48,26820,31.11061667,-97.77901111,3,3,8,6,22,6,0,12,0,1,1,0,1,2,1,1,48,3,3,2,2,2,2,1,2,2,2,3,2,2,1,2,2,2,"Texas",0
"28141",481930,48,28054,30.23269444,-97.06522778,2,2,8,6,10,3,0,12,0,1,1,0,1,1,2,1,48,1,2,1,1,2,2,1,2,2,2,1,2,2,1,2,2,2,"Texas",0
"28142",481931,48,28416,30.01463056,-95.14996111,1,1,8,7,15,4,0,33,0,1,1,0,3,1,1,1,48,3,3,1,2,1,1,1,2,2,2,3,2,2,1,2,2,2,"Texas",0
"28143",481932,48,26044,31.99141944,-102.1797417,3,3,8,1,18,3,0,1,0,1,1,0,3,1,2,1,48,1,2,2,2,1,2,1,2,1,2,3,1,2,2,2,2,2,"Texas",0