"","ST_CASE","OBJECT_ID","FID","LATITUDE","LONGITUD","PERMVIT","PERSONS","MONTH","DAY_WEEK","HOUR","ROUTE","SP_JUR","HARM_EV","RELJCT1","RELJCT2","TYP_INT","WRK_ZONE","REL_ROAD","LGT_COND","WEATHER","FATALS","STATE","A_RU","A_INTER","A_TOD","A_DOW","A_CT","A_MC","A_SPCRA","A_PED","A_ROLL","A_POLPUR","A_POSBAC","A_D15_20","A_D65PLS","A_D21_24","A_HR","A_DIST","A_DROWSY","STATE_NAME","drunkDr"
"28282",482073,48,28475,29.98714167,-95.57153056,2,2,9,3,12,3,0,25,0,1,1,0,10,1,10,1,48,2,2,1,1,2,2,2,2,2,2,3,2,2,2,2,2,2,"Texas",0
"28283",482074,48,26303,31.75798056,-106.4879389,1,1,9,4,14,6,0,8,0,2,2,0,1,1,1,1,48,3,3,1,1,1,2,2,1,2,2,3,2,2,2,2,2,2,"Texas",0
"28284",482075,48,28740,29.81433611,-95.25283333,1,1,9,4,8,8,0,8,0,1,1,0,2,1,1,1,48,2,2,1,1,1,2,2,1,2,2,3,2,2,2,1,2,2,"Texas",0
"28285",482076,48,28879,29.73549722,-95.65398056,4,4,9,4,13,8,0,33,0,1,1,0,3,1,10,1,48,2,2,1,1,2,2,2,2,2,2,1,1,2,2,2,2,2,"Texas",1
"28286",482077,48,17415,35.76003333,-102.3247417,3,3,9,4,1,2,0,12,0,1,1,0,1,3,1,3,48,1,2,2,1,2,2,2,2,2,2,3,2,2,2,2,1,1,"Texas",0
"28287",482078,48,26290,31.77127222,-95.62965,1,1,9,5,4,2,0,46,0,3,2,0,4,3,1,1,48,2,2,2,1,1,2,1,2,2,2,3,2,2,2,2,2,2,"Texas",0
"28288",482079,48,28619,29.90414722,-95.33236389,1,1,9,6,8,4,0,8,0,1,1,0,1,1,2,1,48,3,3,1,1,1,2,2,1,2,2,3,2,2,1,2,2,2,"Texas",0
"28289",482080,48,23651,33.30303333,-95.60846111,3,3,9,6,21,4,0,42,0,1,1,0,4,2,1,1,48,3,3,2,2,1,2,1,2,1,2,3,1,2,2,2,2,2,"Texas",0
"28290",482081,48,24636,32.78613889,-99.88548056,3,3,9,6,9,2,0,12,0,2,3,0,1,1,1,1,48,1,2,1,1,2,2,2,2,2,2,3,2,2,1,2,1,2,"Texas",0
"28291",482082,48,24833,32.73155556,-96.68283056,1,1,9,7,23,8,0,8,0,1,1,0,1,3,1,1,48,2,2,2,2,1,2,2,1,2,2,3,2,2,2,2,2,2,"Texas",0
"28292",482083,48,27996,30.25056111,-95.08718056,1,1,9,7,19,8,0,30,0,1,1,1,4,2,1,1,48,1,2,2,2,1,1,1,2,2,2,3,2,2,2,2,2,2,"Texas",0
"28293",482084,48,23066,33.53210278,-101.7979167,1,1,9,7,14,8,0,1,0,1,1,0,3,1,1,1,48,2,2,1,2,1,2,2,2,1,2,3,2,2,1,2,2,2,"Texas",0
"28294",482085,48,27409,30.51963611,-97.83368333,1,1,9,7,23,2,0,8,0,1,1,0,1,2,1,1,48,2,2,2,2,1,2,2,1,2,2,2,2,2,2,2,2,2,"Texas",0
"28295",482086,48,24139,32.986025,-96.99243611,1,1,9,1,17,6,0,25,1,19,1,0,3,1,1,1,48,3,3,1,2,1,2,2,2,2,2,2,2,2,2,2,2,2,"Texas",0
"28296",482087,48,24414,32.86053333,-97.25171667,1,1,9,1,13,6,0,8,0,1,1,1,1,1,1,1,48,3,3,1,2,1,2,2,1,2,2,3,2,2,2,2,2,2,"Texas",0
"28297",482088,48,23913,33.13883056,-97.58513056,2,2,9,1,6,8,0,38,0,1,1,0,4,1,2,1,48,1,2,1,2,1,2,2,2,1,2,3,1,2,2,2,2,2,"Texas",0
"28298",482089,48,29068,29.639,-98.2131,3,3,9,3,15,1,0,12,0,1,1,0,2,1,1,1,48,2,1,1,1,3,2,2,2,2,2,3,2,2,1,2,2,2,"Texas",0
"28299",482090,48,29205,29.52702222,-98.44563889,2,2,9,4,14,6,0,1,0,1,1,0,1,1,1,1,48,3,3,1,1,1,2,2,2,1,2,3,2,2,1,2,2,2,"Texas",0
"28300",482091,48,28886,29.73195,-95.45974722,1,1,9,4,6,7,0,8,1,2,2,0,1,3,1,1,48,2,1,1,1,1,2,2,1,2,2,3,2,2,2,1,2,2,"Texas",0
"28301",482092,48,26472,31.54959722,-97.18657778,1,1,9,4,2,6,0,33,0,1,1,0,4,2,1,1,48,3,3,2,1,1,2,1,2,1,2,1,2,2,2,2,2,2,"Texas",1
"28302",482093,48,26917,30.99691389,-94.82725833,1,1,5,2,21,2,0,8,0,2,2,0,1,3,1,1,48,1,2,2,1,1,2,2,1,2,2,3,2,2,2,2,2,2,"Texas",0
"28303",482094,48,28864,29.74076944,-95.355725,2,3,6,5,4,1,0,12,0,1,1,0,1,3,1,1,48,2,1,2,1,2,2,1,2,1,2,3,2,2,1,2,2,2,"Texas",0
"28304",482095,48,29407,29.36543611,-94.76939722,10,10,7,5,10,3,0,12,0,1,1,0,1,1,1,2,48,1,2,1,1,3,2,1,2,2,2,3,2,2,2,2,2,2,"Texas",0
"28305",482096,48,25656,32.29427778,-96.56252778,1,1,8,1,23,1,0,52,0,1,1,0,10,2,1,1,48,2,1,2,2,1,2,2,2,1,2,1,2,2,1,2,2,2,"Texas",1
"28306",482097,48,24163,32.97616389,-101.8321444,6,6,8,1,2,2,0,12,0,2,2,0,1,2,1,1,48,1,2,2,2,3,2,2,2,2,2,3,2,2,2,2,2,2,"Texas",0
"28307",482099,48,25381,32.44313889,-96.66391389,1,1,8,7,10,1,0,5,0,1,1,0,1,1,1,1,48,1,1,1,2,1,1,2,2,2,2,2,1,2,2,2,2,2,"Texas",0
"28308",482100,48,29309,29.43950278,-95.449825,1,1,8,1,10,4,0,34,0,1,1,0,4,1,1,1,48,3,3,1,2,1,2,1,2,1,2,1,2,2,2,2,2,2,"Texas",1
"28309",482101,48,27685,30.38977222,-97.73383056,4,4,8,1,4,7,0,39,1,3,3,0,4,3,1,4,48,2,2,2,2,1,2,1,2,2,2,1,2,2,2,2,1,2,"Texas",1
"28310",482102,48,29047,29.65593333,-95.50852222,1,1,8,2,5,6,0,8,0,3,2,0,1,1,1,1,48,3,3,2,2,1,2,2,1,2,2,2,2,2,2,2,2,2,"Texas",0
"28311",482103,48,31344,26.18831111,-98.22490556,1,1,8,2,5,1,0,8,0,1,1,0,1,3,1,1,48,2,1,2,2,1,2,2,1,2,2,3,2,2,2,2,2,2,"Texas",0
"28312",482104,48,23540,33.371475,-97.13247222,2,2,9,5,13,8,0,12,0,1,1,0,1,1,1,1,48,1,2,1,1,2,2,1,2,2,2,3,2,1,1,2,2,2,"Texas",0
"28313",482105,48,24630,32.78805,-102.64045,4,4,9,6,20,2,0,32,0,1,1,0,4,2,1,1,48,1,2,2,2,1,2,2,2,1,2,3,2,2,1,2,2,2,"Texas",0
"28314",482106,48,27775,30.34551944,-95.84881944,5,5,9,6,20,3,0,12,0,1,1,0,1,2,10,1,48,1,2,2,2,3,2,2,2,2,2,3,1,2,2,2,2,1,"Texas",0
"28315",482107,48,28298,30.0986,-97.46448056,1,1,9,7,22,4,0,49,0,1,1,0,1,2,1,1,48,3,3,2,2,1,2,2,2,2,2,3,2,2,2,2,1,2,"Texas",0
"28316",482108,48,28164,30.17731389,-97.75675556,1,1,9,7,6,6,0,42,0,1,1,0,5,6,1,1,48,3,3,1,2,1,2,1,2,1,2,3,2,2,1,2,2,2,"Texas",0
"28317",482109,48,26903,31.014,-103.8671611,2,2,9,2,15,1,0,1,0,1,1,0,4,1,1,1,48,1,1,1,1,1,2,2,2,1,2,3,2,1,2,2,2,1,"Texas",0
"28318",482110,48,28649,29.87569444,-98.40912222,2,2,9,5,18,2,0,12,0,2,2,0,1,1,10,1,48,1,2,2,1,2,2,2,2,2,2,3,2,1,2,2,2,2,"Texas",0
"28319",482111,48,26189,31.85500833,-102.3937917,1,1,9,5,5,8,0,15,0,1,1,0,1,2,1,1,48,2,2,2,1,1,2,2,2,2,2,3,2,2,2,2,2,2,"Texas",0
"28320",482112,48,31449,26.11146944,-97.60611944,3,3,9,6,5,8,0,12,0,2,2,0,1,3,1,1,48,2,2,2,1,2,2,2,2,2,2,3,1,2,2,2,2,2,"Texas",0
"28321",482113,48,28899,29.725525,-95.48858333,2,2,9,6,8,1,0,25,1,19,1,0,3,1,2,1,48,2,1,1,1,1,2,2,2,2,2,2,2,2,2,2,2,2,"Texas",0
"28322",482114,48,25291,32.48056389,-94.35918889,1,1,9,6,2,2,0,8,0,1,1,0,1,2,1,1,48,1,2,2,1,1,2,2,1,2,2,3,2,2,2,1,2,2,"Texas",0
"28323",482115,48,26127,31.89951667,-100.2859111,7,7,9,7,11,2,0,12,0,1,1,0,4,1,1,1,48,1,2,1,2,2,2,2,2,2,2,3,2,2,1,2,2,2,"Texas",0
"28324",482116,48,25455,32.40278611,-96.65600833,3,3,9,7,10,1,0,12,0,1,1,0,1,1,1,1,48,1,1,1,2,2,1,1,2,2,1,3,2,2,2,2,2,2,"Texas",0
"28325",482117,48,28402,30.02474722,-95.56712222,2,2,9,7,20,4,0,12,0,2,3,0,1,2,1,1,48,3,3,2,2,2,2,2,2,2,2,3,2,1,1,2,2,2,"Texas",0
"28326",482118,48,29342,29.42424722,-95.25972778,1,1,9,1,2,6,0,1,0,1,1,0,1,3,10,1,48,3,3,2,2,1,1,2,2,2,2,1,2,2,2,2,2,2,"Texas",1
"28327",482119,48,29810,28.69598056,-97.38802222,2,2,9,1,2,2,0,42,0,1,1,0,4,2,10,1,48,1,2,2,2,1,2,2,2,2,2,3,2,2,2,1,1,2,"Texas",1
"28328",482120,48,28722,29.82641667,-94.23744444,1,1,9,1,6,3,0,1,0,1,1,0,4,2,1,1,48,1,2,1,2,1,1,2,2,2,2,2,2,2,2,2,2,2,"Texas",0
"28329",482122,48,29990,28.46288333,-97.85575556,4,4,9,4,23,8,0,1,0,1,1,0,4,2,10,1,48,1,2,2,1,1,2,2,2,1,2,3,2,2,1,2,2,2,"Texas",0
"28330",482123,48,25293,32.48002222,-95.49163056,1,1,9,4,23,1,0,1,0,1,1,0,3,2,1,1,48,1,1,2,1,1,2,2,2,1,2,3,2,2,2,2,2,2,"Texas",0
"28331",482124,48,26072,31.96467778,-96.09301111,1,1,9,2,6,8,0,1,0,1,1,0,1,4,10,1,48,1,2,1,1,1,2,2,2,1,2,3,2,2,2,2,2,1,"Texas",0
"28332",482125,48,28958,29.69569444,-95.30066389,6,6,9,3,7,1,0,12,1,18,1,0,1,1,1,2,48,2,1,1,1,2,2,2,2,1,2,2,2,2,2,2,2,2,"Texas",0
"28333",482126,48,25016,32.66164167,-97.26138611,1,2,9,4,12,1,0,14,0,1,1,0,2,1,1,1,48,2,1,1,1,1,2,2,2,2,2,3,2,2,2,2,1,2,"Texas",0
"28334",482127,48,25675,32.28402222,-99.930325,2,2,9,4,20,2,0,12,0,1,1,0,1,2,1,1,48,1,2,2,1,2,2,2,2,2,2,2,2,2,1,2,2,1,"Texas",0
"28335",482128,48,29338,29.4263,-98.5272,1,1,9,5,23,6,0,8,0,1,1,0,1,3,1,1,48,3,3,2,1,1,2,2,1,2,2,3,1,2,2,1,1,2,"Texas",0
"28336",482129,48,27835,30.31903889,-94.99663611,2,2,9,5,7,3,0,1,0,3,3,0,1,4,5,1,48,1,2,1,1,2,2,2,2,1,2,3,2,2,2,2,2,2,"Texas",0
"28337",482130,48,29178,29.54646111,-98.31524722,1,1,9,6,15,7,0,8,1,18,1,0,1,2,1,1,48,2,2,1,1,1,2,2,1,2,2,3,2,2,2,2,2,2,"Texas",0
"28338",482131,48,24096,33.01275,-96.70818889,2,2,9,6,0,2,0,12,0,1,1,0,1,3,1,1,48,2,2,2,1,2,2,1,2,2,2,1,2,2,2,2,2,2,"Texas",1
"28339",482132,48,25114,32.59628889,-96.8571,1,1,9,6,18,6,0,42,0,1,1,0,3,5,1,1,48,3,3,2,2,1,2,2,2,2,2,1,2,1,2,2,2,2,"Texas",1
"28340",482133,48,28952,29.69791111,-95.33664444,2,2,9,6,9,6,0,12,0,2,2,0,1,1,1,1,48,3,3,1,1,2,2,2,2,2,2,3,2,1,2,2,2,2,"Texas",0
"28341",482134,48,28556,29.94546667,-93.88808611,4,4,9,6,5,3,0,12,0,20,1,0,1,2,1,1,48,2,2,2,1,2,2,1,2,2,2,3,2,2,2,2,2,2,"Texas",0
"28342",482135,48,25139,32.58042778,-94.91138611,3,3,9,7,15,8,0,12,0,2,2,1,1,1,1,1,48,1,2,1,2,2,2,2,2,2,2,3,1,2,2,2,2,2,"Texas",0
"28343",482136,48,23589,33.34078056,-97.52352222,2,2,9,7,17,4,0,42,0,1,1,0,4,1,1,1,48,3,3,1,2,1,2,1,2,2,2,2,1,2,2,2,2,2,"Texas",0
"28344",482137,48,24937,32.69566389,-96.90873611,5,5,9,1,15,6,0,12,0,2,3,0,1,1,1,1,48,3,3,1,2,2,2,2,2,2,2,3,2,1,2,2,2,2,"Texas",0
"28345",482138,48,24101,33.00923611,-96.3724,4,4,9,7,13,8,0,12,0,1,1,0,1,1,2,1,48,1,2,1,2,2,2,1,2,1,2,3,2,2,1,2,2,2,"Texas",0
"28346",482139,48,28673,29.85656389,-95.22371389,1,1,9,7,0,4,0,34,0,1,1,0,4,2,1,1,48,3,3,2,2,1,2,2,2,2,2,1,2,2,2,2,2,2,"Texas",1
"28347",482140,48,25000,32.66814167,-97.23533056,3,3,9,7,8,1,0,12,1,18,1,0,1,1,10,1,48,1,1,1,2,3,2,2,2,1,2,3,2,1,2,2,1,2,"Texas",0
"28348",482141,48,29298,29.44849167,-98.58823611,1,1,9,1,20,6,0,8,0,1,1,0,1,2,1,1,48,3,3,2,2,1,2,2,1,2,2,3,2,2,2,2,1,2,"Texas",0
"28349",482142,48,29295,29.45100278,-98.63117222,1,1,9,1,23,7,0,8,1,18,1,0,1,2,1,1,48,2,1,2,2,1,2,2,1,2,2,3,2,2,1,2,2,2,"Texas",0
"28350",482143,48,28643,29.879525,-95.610625,2,2,9,1,2,8,0,12,0,1,1,0,1,3,1,2,48,2,2,2,2,2,2,2,2,2,2,1,2,2,2,2,2,2,"Texas",2
"28351",482144,48,27743,30.36057778,-95.60206111,7,7,9,1,12,3,0,12,0,1,1,0,1,1,1,4,48,1,2,1,2,3,2,2,2,1,2,3,1,1,2,2,2,2,"Texas",0
"28352",482145,48,29181,29.54483889,-98.57855278,10,10,9,2,19,7,0,12,1,2,2,0,1,3,1,1,48,2,1,2,1,3,2,1,2,1,1,3,2,2,2,2,2,2,"Texas",0
"28353",482146,48,25062,32.63571111,-96.7009,2,2,9,2,20,1,0,12,0,1,1,0,3,3,1,1,48,2,1,2,1,2,2,2,2,2,2,1,2,2,2,2,1,2,"Texas",1
"28354",482147,48,30935,26.87956389,-97.7881,2,2,9,2,4,2,0,1,0,1,1,0,3,2,1,1,48,1,2,2,2,1,2,2,2,1,2,2,2,2,2,2,2,1,"Texas",0
"28355",482148,48,24274,32.92189722,-95.73783056,2,2,9,2,12,3,0,12,0,1,1,0,1,1,1,1,48,1,2,1,1,2,2,2,2,2,2,3,2,2,2,2,2,2,"Texas",0
"28356",482149,48,31459,26.09715278,-97.74428333,2,2,8,5,2,8,0,12,0,1,1,0,1,2,1,1,48,1,2,2,1,2,2,2,2,1,2,1,2,2,1,2,2,2,"Texas",1
"28357",482150,48,25441,32.40871389,-96.2785,1,1,9,4,20,8,0,24,0,1,1,0,4,2,10,1,48,1,2,2,1,1,2,2,2,2,2,2,2,2,2,2,2,2,"Texas",0
"28358",482151,48,29737,28.82114722,-98.36164722,4,4,9,2,17,1,0,1,0,1,1,0,3,1,1,1,48,1,1,1,1,1,2,2,2,1,2,3,2,2,2,2,2,1,"Texas",0
"28359",482152,48,25313,32.472175,-99.75889722,1,1,9,2,6,6,0,14,0,1,1,0,7,1,1,1,48,3,3,1,1,1,2,2,2,2,2,3,2,2,2,2,2,2,"Texas",0
"28360",482153,48,29617,29.02609722,-95.32794444,1,1,9,3,11,8,0,38,0,1,1,0,4,1,1,1,48,2,2,1,1,1,2,2,2,2,2,3,2,1,2,2,2,2,"Texas",0
"28361",482154,48,23430,33.41440556,-101.8247111,2,2,9,4,8,2,0,12,0,2,2,0,1,1,1,1,48,1,2,1,1,2,2,2,2,2,2,3,2,2,1,2,2,2,"Texas",0
"28362",482155,48,27604,30.42990278,-93.91226944,1,1,9,6,8,8,0,24,0,1,1,0,4,1,5,1,48,1,2,1,1,1,2,2,2,1,2,2,2,2,1,2,2,1,"Texas",0
"28363",482156,48,25365,32.45119167,-98.22095833,2,2,9,1,19,8,0,11,0,1,1,0,1,5,1,1,48,1,2,2,2,1,1,2,2,2,2,2,2,2,2,2,2,2,"Texas",1
"28364",482157,48,25180,32.55585833,-95.35946389,1,1,9,1,17,4,0,1,0,1,1,0,4,1,1,1,48,3,3,1,2,1,1,1,2,2,2,3,2,2,2,2,2,2,"Texas",0
"28365",482158,48,27772,30.34751667,-97.69444722,2,2,9,2,5,7,0,12,0,1,1,0,1,3,1,1,48,2,1,2,2,2,2,2,2,2,2,3,2,2,1,2,1,2,"Texas",0
"28366",482159,48,27611,30.42668056,-97.67666389,1,1,9,2,20,6,0,8,0,3,2,0,1,2,1,1,48,3,3,2,1,1,2,2,1,2,2,3,2,2,2,2,2,2,"Texas",0
"28367",482160,48,29008,29.67729722,-98.96326389,2,2,9,4,17,8,0,12,0,2,3,0,1,1,1,1,48,1,2,1,1,2,2,2,2,2,2,3,2,1,2,2,2,2,"Texas",0
"28368",482161,48,24936,32.69582222,-96.39585278,3,3,9,4,17,1,0,12,0,1,1,0,1,1,1,1,48,1,1,1,1,2,2,1,2,2,2,3,2,1,2,2,1,2,"Texas",0
"28369",482162,48,24876,32.71444444,-96.31208333,6,6,9,4,10,1,0,12,0,1,1,0,1,1,1,1,48,2,1,1,1,3,2,2,2,2,2,3,2,1,1,2,1,2,"Texas",0
"28370",482163,48,29196,29.53227778,-95.86025,4,4,9,5,21,1,0,12,0,2,3,0,1,2,1,1,48,1,2,2,1,2,2,2,2,2,2,3,2,2,1,2,2,2,"Texas",0
"28371",482164,48,29038,29.660475,-95.25622778,1,1,9,5,5,7,0,33,0,1,1,0,4,6,10,1,48,2,1,2,1,1,2,2,2,2,2,2,1,2,2,2,2,2,"Texas",0
"28372",482165,48,28876,29.73677222,-95.77279444,8,8,9,6,16,3,0,12,0,1,1,0,1,1,1,1,48,2,2,1,1,3,2,1,2,2,2,3,2,2,2,1,2,2,"Texas",0
"28373",482166,48,29769,28.78168611,-99.13023611,2,2,9,6,20,8,0,1,0,1,1,0,4,2,1,1,48,1,2,2,2,1,2,1,2,1,2,1,2,1,2,2,1,2,"Texas",1
"28374",482167,48,29238,29.50011667,-95.048225,1,1,9,6,5,3,0,8,0,1,1,0,1,2,1,1,48,2,2,2,1,1,2,2,1,2,2,3,2,2,2,2,2,2,"Texas",0
"28375",482168,48,25708,32.26235,-101.5120361,2,2,9,6,12,3,0,12,0,1,1,0,1,1,1,1,48,2,2,1,1,2,2,2,2,2,2,3,2,1,2,2,2,2,"Texas",0
"28376",482169,48,27164,30.70552222,-97.99869722,5,5,9,6,21,3,0,12,0,8,1,1,1,2,1,1,48,1,2,2,2,2,2,1,2,2,2,3,2,2,2,2,2,2,"Texas",0
"28377",482170,48,26826,31.10544167,-98.23236667,7,7,9,7,22,2,0,12,0,1,1,0,1,2,1,4,48,1,2,2,2,2,2,2,2,2,2,2,2,2,2,2,2,1,"Texas",0
"28378",482171,48,29037,29.66060556,-95.35549722,2,2,9,1,12,8,0,12,0,2,2,0,1,1,1,1,48,2,2,1,2,2,1,1,2,2,2,1,2,2,1,2,2,2,"Texas",1
"28379",482172,48,27730,30.36816667,-95.09397778,1,1,9,1,23,8,0,1,0,1,1,0,4,2,1,1,48,1,2,2,2,1,2,1,2,1,2,1,2,2,2,2,2,2,"Texas",1
"28380",482173,48,26504,31.51303611,-97.12889167,2,2,9,1,20,2,0,8,0,1,1,0,1,2,1,1,48,2,2,2,2,1,2,2,1,2,2,3,1,2,2,2,2,2,"Texas",0
"28381",482174,48,23395,33.42639167,-97.17469444,2,2,9,2,3,1,0,12,0,1,1,0,1,2,1,1,48,2,1,2,2,2,2,2,2,1,2,3,2,1,1,2,2,2,"Texas",0
"28382",482176,48,28680,29.85052222,-95.33392778,1,2,9,2,22,1,0,14,0,1,1,0,8,3,10,1,48,2,1,2,1,1,2,2,1,2,2,1,2,2,2,2,2,2,"Texas",1
"28383",482177,48,28242,30.13685833,-94.00261111,3,3,9,2,18,3,0,12,0,2,2,0,1,1,1,1,48,2,2,2,1,2,2,2,2,2,2,3,2,1,2,2,1,2,"Texas",0
"28384",482178,48,29242,29.49729167,-94.92705833,1,1,9,3,20,8,0,8,0,3,2,0,1,3,1,1,48,2,2,2,1,1,2,2,1,2,2,2,2,2,2,2,2,2,"Texas",0
"28385",482179,48,29463,29.29106944,-97.79657222,4,4,9,3,5,3,0,12,0,1,1,0,1,2,1,3,48,1,2,2,1,2,2,2,2,2,2,3,2,2,1,2,2,2,"Texas",0
"28386",482180,48,25367,32.45086111,-95.28316111,1,1,9,3,20,8,0,1,0,8,1,1,1,2,1,1,48,1,2,2,1,1,1,2,2,2,2,3,2,2,2,2,2,2,"Texas",0
"28387",482181,48,28136,30.18975556,-97.77104444,1,1,9,3,8,1,0,8,0,1,1,0,1,1,1,1,48,2,1,1,1,1,2,2,1,2,2,3,2,2,2,2,2,2,"Texas",0
"28388",482182,48,28770,29.80139444,-95.45991944,2,2,9,4,8,6,0,12,0,2,3,0,1,1,1,1,48,3,3,1,1,2,2,2,2,2,2,2,2,2,2,2,2,2,"Texas",0
"28389",482183,48,25263,32.49786944,-95.58166944,3,3,9,5,11,1,0,12,0,1,1,1,1,1,1,1,48,1,1,1,1,2,2,1,2,2,2,3,2,2,2,2,1,2,"Texas",0
"28390",482184,48,29723,28.84089167,-96.15268056,1,1,9,6,10,8,0,1,0,1,1,0,1,1,10,1,48,1,2,1,1,1,2,2,2,1,2,2,2,2,2,2,2,2,"Texas",0
"28391",482185,48,24956,32.689,-97.24073889,1,1,9,6,2,1,0,14,1,19,1,0,4,3,1,1,48,2,1,2,1,1,2,2,1,2,2,3,2,2,2,2,2,2,"Texas",0
"28392",482186,48,25756,32.22826944,-99.40331111,4,4,9,6,0,2,0,12,0,2,2,0,1,3,1,4,48,1,2,2,1,2,2,2,2,1,2,2,2,1,1,2,1,2,"Texas",0
"28393",482187,48,28052,30.23341667,-97.81291667,1,1,9,6,6,2,0,8,0,1,1,0,1,2,1,1,48,2,2,1,1,1,2,2,1,2,2,3,2,2,2,2,2,2,"Texas",0
"28394",482188,48,31210,26.3526,-98.33306944,7,7,9,1,18,8,0,12,0,2,3,0,1,1,1,1,48,2,2,2,2,2,2,2,2,2,2,1,2,2,2,2,2,2,"Texas",1
"28395",482189,48,23356,33.44077222,-94.08253889,3,3,9,7,14,6,0,12,0,2,2,0,1,1,1,1,48,3,3,1,2,2,1,2,2,2,2,2,2,2,2,2,2,2,"Texas",0
"28396",482190,48,24790,32.74548889,-96.97895833,1,1,9,7,5,6,0,24,0,1,1,1,4,2,1,1,48,3,3,2,2,1,2,2,2,1,2,1,2,2,1,2,2,2,"Texas",1
"28397",482191,48,29117,29.597775,-98.28099167,2,2,9,7,2,1,0,12,0,1,1,0,1,3,1,1,48,2,1,2,2,2,2,2,2,2,2,3,2,2,1,2,2,2,"Texas",1
"28398",482192,48,28535,29.95644444,-99.56145556,1,1,9,7,16,3,0,11,0,1,1,0,1,1,1,1,48,1,2,1,2,1,1,2,2,2,2,2,2,1,2,2,2,2,"Texas",0
"28399",482193,48,23893,33.15175833,-96.89090278,3,3,9,7,15,8,0,12,0,1,1,0,1,1,1,1,48,2,2,1,2,3,2,2,2,2,2,3,2,2,2,2,2,2,"Texas",0
"28400",482194,48,29844,28.63692778,-100.1472278,1,1,9,7,20,2,0,1,0,1,1,0,4,2,10,1,48,1,2,2,2,1,2,2,2,1,2,3,2,1,2,2,2,1,"Texas",0
"28401",482195,48,25967,32.05706389,-96.45167778,1,1,9,7,5,7,0,32,0,1,1,0,4,2,1,1,48,2,1,2,2,1,2,2,2,2,2,1,2,2,2,2,2,2,"Texas",1
"28402",482196,48,25230,32.52313889,-95.70585833,3,3,9,7,14,1,0,1,0,1,1,0,4,1,1,1,48,1,1,1,2,1,2,2,2,1,2,3,1,2,2,2,2,2,"Texas",0
"28403",482197,48,29252,29.48953333,-98.56868056,2,2,9,1,5,1,0,20,0,1,1,0,8,2,1,2,48,2,1,2,2,1,2,2,2,2,2,1,2,2,1,2,2,1,"Texas",1
"28404",482198,48,26133,31.89834167,-106.5990528,1,1,9,1,19,3,0,8,0,1,1,0,2,3,1,1,48,2,2,2,2,1,2,2,1,2,2,3,2,2,2,2,2,2,"Texas",0
"28405",482199,48,26296,31.76513056,-106.3190944,4,4,9,1,2,6,0,12,0,2,2,0,1,3,1,1,48,3,3,2,2,2,2,2,2,2,2,1,2,2,1,2,2,2,"Texas",1
"28406",482200,48,28710,29.83147778,-95.77280556,1,1,9,1,5,4,0,42,0,1,1,0,4,2,1,1,48,3,3,2,2,1,2,1,2,1,2,1,2,2,2,2,2,2,"Texas",1
"28407",482201,48,25070,32.62554167,-94.04304167,4,4,9,1,10,4,0,1,0,1,1,0,4,1,1,1,48,3,3,1,2,1,2,2,2,1,2,3,1,2,2,2,2,2,"Texas",0
"28408",482202,48,24911,32.70436944,-97.32051389,4,4,9,1,17,1,0,12,0,1,1,0,1,1,1,1,48,2,1,1,2,2,2,2,2,2,2,1,2,1,2,2,2,2,"Texas",1
"28409",482203,48,22901,33.58754722,-101.8552167,3,3,9,2,22,2,0,8,0,1,1,0,1,3,1,1,48,2,2,2,1,1,2,2,1,2,2,3,2,2,1,2,2,2,"Texas",0
"28410",482204,48,26271,31.78963611,-94.77655833,2,2,9,2,11,3,0,12,0,1,1,0,1,1,1,1,48,1,2,1,1,2,2,2,2,2,2,3,2,1,2,2,2,2,"Texas",0
"28411",482205,48,29055,29.65096111,-95.09783889,5,5,1,7,10,6,0,12,0,2,2,0,1,1,10,1,48,3,3,1,2,3,2,1,2,2,2,3,2,2,1,2,2,2,"Texas",0
"28412",482206,48,28915,29.71638056,-94.99718611,5,5,4,2,11,3,0,12,1,2,2,0,1,1,1,1,48,2,2,1,1,2,2,2,2,2,2,3,1,2,2,2,2,2,"Texas",0
"28413",482207,48,27705,30.38325833,-97.81798889,5,5,7,4,20,8,0,12,0,1,1,0,1,1,1,1,48,2,2,2,1,3,2,1,2,2,2,3,2,2,2,2,2,2,"Texas",0
"28414",482208,48,27092,30.77421944,-95.54140833,1,1,8,4,2,8,0,34,0,1,1,0,4,2,1,1,48,1,2,2,1,1,2,2,2,2,2,3,2,2,1,2,2,2,"Texas",1
"28415",482209,48,26761,31.19328056,-105.535275,4,4,8,7,0,1,0,12,0,1,1,0,1,2,1,1,48,1,1,2,2,2,2,2,2,1,2,1,2,2,2,1,2,2,"Texas",1
"28416",482210,48,25443,32.408425,-100.8442194,1,1,9,2,1,1,0,24,1,19,1,0,4,2,1,1,48,2,1,2,2,1,2,2,2,1,2,1,2,2,2,2,2,1,"Texas",1
"28417",482211,48,26222,31.83331944,-105.745775,5,5,9,6,4,2,0,8,0,1,1,0,1,2,1,1,48,1,2,2,1,1,2,2,1,2,2,3,2,2,2,2,2,2,"Texas",0
"28418",482212,48,27155,30.71147778,-97.64816111,2,2,9,6,3,1,0,12,0,1,1,0,1,3,10,1,48,1,1,2,1,2,2,1,2,2,2,1,2,2,1,2,2,2,"Texas",1
"28419",482213,48,23329,33.45162778,-97.29066944,1,1,9,7,16,8,0,1,0,1,1,0,4,1,1,1,48,1,2,1,2,1,1,1,2,2,2,3,2,2,2,2,2,2,"Texas",0
"28420",482214,48,24154,32.97926667,-96.78574722,4,4,9,1,14,6,0,12,0,2,2,0,1,1,1,1,48,3,3,1,2,2,2,2,2,2,2,3,2,1,2,2,2,2,"Texas",0