"","ST_CASE","OBJECT_ID","FID","LATITUDE","LONGITUD","PERMVIT","PERSONS","MONTH","DAY_WEEK","HOUR","ROUTE","SP_JUR","HARM_EV","RELJCT1","RELJCT2","TYP_INT","WRK_ZONE","REL_ROAD","LGT_COND","WEATHER","FATALS","STATE","A_RU","A_INTER","A_TOD","A_DOW","A_CT","A_MC","A_SPCRA","A_PED","A_ROLL","A_POLPUR","A_POSBAC","A_D15_20","A_D65PLS","A_D21_24","A_HR","A_DIST","A_DROWSY","STATE_NAME","drunkDr"
"28559",482355,48,28961,29.69400833,-95.85463056,3,3,9,7,18,8,0,12,0,2,3,0,1,5,1,1,48,1,2,2,2,2,2,2,2,2,2,3,2,2,2,2,2,2,"Texas",0
"28560",482356,48,28562,29.94033889,-95.28628611,3,3,9,7,13,8,0,12,1,18,1,0,1,1,1,1,48,2,2,1,2,2,1,2,2,2,2,3,2,1,2,2,2,2,"Texas",0
"28561",482357,48,29031,29.66518889,-95.18273889,2,2,9,1,0,6,0,9,0,1,1,0,1,3,1,1,48,3,3,2,2,1,2,2,2,2,2,3,1,2,2,1,1,2,"Texas",0
"28562",482358,48,28283,30.11034722,-95.71554444,1,1,10,6,12,4,0,38,0,1,1,0,5,1,1,1,48,3,3,1,1,1,2,1,2,2,2,2,2,2,2,2,2,2,"Texas",0
"28563",482359,48,23028,33.54418611,-96.91055278,3,3,10,7,12,2,0,12,0,8,1,0,2,1,1,1,48,1,2,1,2,2,1,2,2,2,2,1,2,2,2,1,2,2,"Texas",1
"28564",482360,48,29348,29.41878056,-98.53013333,1,1,10,1,23,6,0,26,0,1,1,0,4,3,1,1,48,3,3,2,2,1,2,1,2,1,2,1,2,2,2,2,1,1,"Texas",1
"28565",482361,48,29303,29.44573611,-98.53106944,1,1,10,1,2,8,0,8,0,1,1,0,1,2,1,1,48,2,2,2,2,1,2,1,1,2,2,3,2,2,2,1,2,2,"Texas",0
"28566",482362,48,27936,30.27456944,-96.00206944,1,1,10,1,17,8,0,35,0,1,1,0,4,1,1,1,48,1,2,1,2,1,2,2,2,2,2,3,2,2,2,2,2,2,"Texas",0
"28567",482363,48,23413,33.41940833,-94.09110278,1,1,10,2,4,2,0,8,0,1,1,0,1,3,1,1,48,2,2,2,2,1,2,2,1,2,2,2,2,2,2,2,2,2,"Texas",0
"28568",482364,48,25046,32.64260556,-96.82250833,5,5,10,2,6,1,0,12,1,20,1,0,1,4,1,4,48,2,1,1,1,2,2,2,2,2,2,3,1,2,2,2,2,2,"Texas",0
"28569",482365,48,26397,31.63919167,-98.15000278,1,1,10,2,19,2,0,53,0,1,1,0,4,5,1,1,48,1,2,2,1,1,2,2,2,1,2,2,2,1,2,2,2,2,"Texas",0
"28570",482366,48,29015,29.67543889,-95.33635833,1,1,10,2,20,6,0,8,0,1,1,0,1,2,10,1,48,3,3,2,1,1,2,2,1,2,2,3,2,2,2,1,2,2,"Texas",0
"28571",482367,48,27235,30.64844722,-96.26105833,1,1,10,3,16,3,0,33,0,8,1,0,4,1,1,1,48,2,2,1,1,1,2,2,2,1,2,3,1,2,2,2,2,2,"Texas",0
"28572",482368,48,27911,30.28486389,-94.82476389,3,3,10,3,9,3,0,12,0,1,1,0,1,1,1,1,48,1,2,1,1,3,2,2,2,2,2,3,2,2,2,2,2,2,"Texas",0
"28573",482369,48,24204,32.95087222,-96.36029722,9,9,10,3,19,1,0,12,0,1,1,1,1,5,1,1,48,1,1,2,1,3,2,2,2,2,2,3,2,1,2,2,1,2,"Texas",0
"28574",482370,48,17928,35.48129444,-101.8889667,2,2,10,4,13,2,0,12,0,1,1,0,1,1,1,1,48,1,2,1,1,2,2,1,2,2,2,3,2,2,2,2,2,2,"Texas",0
"28575",482371,48,25363,32.4521,-95.2534,3,3,10,4,22,1,0,12,0,1,1,0,1,2,1,2,48,1,1,2,1,2,2,1,2,2,2,3,2,2,1,2,2,2,"Texas",0
"28576",482372,48,24126,32.99624722,-96.73160556,2,2,10,5,16,6,0,12,0,8,1,0,1,1,1,1,48,3,3,1,1,2,1,2,2,2,2,3,2,1,1,2,2,2,"Texas",0
"28577",482373,48,24896,32.70751111,-96.80147778,6,6,10,5,18,6,0,12,0,3,3,0,1,1,10,1,48,3,3,2,1,3,1,1,2,2,2,1,2,2,1,2,2,2,"Texas",1
"28578",482374,48,25030,32.65489722,-96.88553056,1,1,10,5,21,6,0,8,0,3,2,0,1,3,1,1,48,3,3,2,1,1,2,2,1,2,2,3,2,2,1,2,2,2,"Texas",0
"28579",482375,48,24708,32.76667778,-96.62970833,7,7,10,6,12,6,0,12,0,2,2,0,1,1,1,1,48,3,3,1,1,3,2,2,2,2,2,3,1,1,2,2,2,2,"Texas",0
"28580",482376,48,24853,32.72454167,-96.27486111,1,1,10,6,5,6,0,8,0,1,1,0,1,2,1,1,48,3,3,2,1,1,2,2,1,2,2,3,2,2,2,2,2,2,"Texas",0
"28581",482377,48,25885,32.13784722,-95.121275,1,1,10,6,20,3,0,42,0,1,1,0,4,2,1,1,48,1,2,2,2,1,2,1,2,1,2,3,2,2,2,2,2,2,"Texas",0
"28582",482378,48,23820,33.20388889,-94.65261111,1,1,10,7,19,3,0,1,0,1,1,0,1,2,1,1,48,1,2,2,2,1,2,1,2,1,2,1,1,2,2,2,2,2,"Texas",1
"28583",482379,48,26602,31.39095556,-95.071175,3,3,10,7,19,3,0,12,0,2,2,0,1,2,1,1,48,1,2,2,2,2,1,2,2,2,2,3,2,1,2,2,2,2,"Texas",0
"28584",482380,48,29167,29.55450556,-98.48630278,1,1,10,1,1,7,0,25,1,3,3,0,4,3,1,1,48,2,2,2,2,1,2,1,2,1,2,1,2,2,2,2,2,2,"Texas",1
"28585",482381,48,23193,33.48978333,-97.11099722,1,1,10,1,20,8,0,59,0,1,1,0,4,2,1,1,48,1,2,2,2,1,1,1,2,2,2,1,2,2,2,2,2,2,"Texas",1
"28586",482382,48,24918,32.70195,-96.61326111,4,4,10,1,0,1,0,8,0,1,1,0,1,3,1,1,48,2,1,2,2,1,2,2,1,2,2,3,2,2,2,2,2,2,"Texas",0
"28587",482383,48,24557,32.80895278,-96.84615833,1,1,10,1,2,7,0,31,0,1,1,0,10,3,1,1,48,2,1,2,2,1,2,2,2,2,2,1,2,2,1,2,2,2,"Texas",1
"28588",482384,48,24547,32.81104444,-96.70245,1,1,10,1,4,6,0,30,0,1,1,0,3,3,1,1,48,3,3,2,2,1,2,2,2,2,2,1,1,2,2,2,2,2,"Texas",1
"28589",482385,48,28518,29.96736944,-97.09866111,4,4,10,1,12,3,0,32,0,1,1,0,3,1,1,2,48,1,2,1,2,1,2,2,2,1,2,2,2,1,2,2,2,2,"Texas",0
"28590",482386,48,27881,30.29818889,-96.04584167,3,3,10,1,1,3,0,12,0,2,3,0,1,2,10,2,48,1,2,2,2,2,2,2,2,2,2,3,2,2,2,2,2,2,"Texas",0
"28591",482387,48,21164,34.07533611,-99.01977222,1,1,10,1,9,2,0,1,0,1,1,0,10,1,1,1,48,1,2,1,2,1,2,2,2,1,2,3,2,2,2,2,2,2,"Texas",0
"28592",482388,48,24021,33.06428056,-96.33818056,5,5,10,2,7,4,0,12,0,1,1,0,1,1,1,1,48,3,3,1,1,2,2,2,2,2,2,3,2,2,2,2,2,2,"Texas",0
"28593",482389,48,28507,29.97213056,-95.48646111,7,7,10,2,9,4,0,12,0,2,2,0,1,1,1,1,48,3,3,1,1,3,2,2,2,2,1,3,2,2,1,2,2,2,"Texas",0
"28594",482390,48,23748,33.2457,-94.85753889,3,3,10,3,3,1,0,12,0,1,1,0,1,2,1,1,48,1,1,2,1,2,2,2,2,2,2,3,2,2,1,2,2,2,"Texas",0
"28595",482391,48,26678,31.30595556,-94.53185,2,2,10,4,7,8,0,1,0,1,1,0,1,1,1,1,48,1,2,1,1,2,1,2,2,2,2,3,2,2,2,2,2,2,"Texas",0
"28596",482392,48,29355,29.41153889,-98.43258611,1,1,10,4,22,7,0,33,0,1,1,0,3,2,1,1,48,2,1,2,1,1,2,1,2,1,2,1,1,2,2,2,2,2,"Texas",1
"28597",482393,48,23450,33.40751944,-94.37225556,5,5,10,4,15,8,0,12,0,2,3,0,1,1,1,1,48,1,2,1,1,2,2,2,2,2,2,1,2,2,1,2,1,2,"Texas",1
"28598",482394,48,24693,32.76943889,-102.6744361,2,2,10,4,14,4,0,12,0,2,2,0,1,1,1,1,48,3,3,1,1,2,2,2,2,1,2,3,2,1,2,2,2,2,"Texas",0
"28599",482395,48,31251,26.28590556,-98.39903056,2,2,10,4,21,4,0,1,0,1,1,0,4,2,1,1,48,3,3,2,1,1,2,2,2,1,2,1,2,2,2,2,2,2,"Texas",1
"28600",482396,48,30395,27.98001667,-97.08783611,2,2,10,5,5,8,0,8,0,1,1,0,1,2,1,1,48,1,2,2,1,1,2,2,1,2,2,3,1,2,2,2,2,2,"Texas",0
"28601",482397,48,31363,26.17562778,-97.76731111,2,2,10,5,7,8,0,8,0,1,1,0,1,2,1,1,48,2,2,1,1,2,2,2,1,2,2,3,2,2,2,2,1,2,"Texas",0
"28602",482398,48,28715,29.82862778,-94.81892222,4,4,10,5,13,1,0,12,0,1,1,0,1,1,1,1,48,1,1,1,1,2,2,1,2,2,2,3,2,2,2,2,2,2,"Texas",0
"28603",482399,48,25595,32.32722778,-96.71972222,3,3,10,5,9,2,0,12,0,2,2,0,1,1,1,1,48,2,2,1,1,2,1,2,2,2,2,3,2,1,2,2,2,2,"Texas",0
"28604",482400,48,29506,29.214325,-97.52186667,2,2,10,5,6,2,0,12,0,2,2,0,1,4,1,1,48,1,2,1,1,2,1,1,2,2,2,3,2,2,2,2,2,2,"Texas",0
"28605",482401,48,22415,33.73773056,-96.58595833,1,1,10,5,23,7,0,8,0,1,1,0,1,2,1,1,48,2,2,2,1,1,2,2,1,2,2,2,2,2,2,2,2,2,"Texas",0
"28606",482402,48,18592,35.20605,-101.88815,1,1,10,5,20,8,0,33,0,3,7,0,4,3,1,1,48,2,2,2,1,1,1,2,2,2,2,3,2,2,2,2,2,2,"Texas",0
"28607",482403,48,24811,32.73806944,-97.46369444,2,2,10,5,22,7,0,8,0,8,1,0,1,2,1,1,48,2,1,2,1,1,2,2,1,2,2,3,2,2,2,2,2,2,"Texas",0
"28608",482404,48,25377,32.44470556,-99.78663889,4,4,10,5,8,2,0,24,1,19,1,0,4,1,1,1,48,2,2,1,1,1,2,2,2,1,2,2,2,2,1,2,1,2,"Texas",0
"28609",482405,48,26355,31.70203056,-98.96831389,2,2,10,6,21,6,0,14,0,1,1,0,1,2,1,1,48,3,3,2,2,1,1,2,2,2,2,1,2,2,2,2,2,2,"Texas",1
"28610",482406,48,31465,26.0888,-97.82311667,2,2,10,7,23,8,0,12,0,1,1,0,1,2,1,1,48,1,2,2,2,2,1,2,2,2,2,3,1,2,2,2,2,2,"Texas",0
"28611",482407,48,25246,32.51368611,-94.53764444,1,1,10,7,4,4,0,42,0,1,1,0,4,2,1,1,48,3,3,2,2,1,2,1,2,2,2,1,2,2,1,2,2,2,"Texas",1
"28612",482408,48,27538,30.45659444,-97.63596944,1,1,10,7,3,6,0,42,0,1,1,0,4,3,1,1,48,3,3,2,2,1,2,2,2,1,2,1,2,2,1,2,2,2,"Texas",1
"28613",482409,48,27275,30.61711944,-96.34685556,1,1,10,1,0,8,0,8,0,3,3,0,1,3,1,2,48,2,2,2,2,1,2,1,1,2,2,1,2,2,1,2,2,2,"Texas",1
"28614",482410,48,24012,33.06900833,-96.70335556,4,4,10,1,19,6,0,12,0,2,3,0,1,3,1,1,48,3,3,2,2,2,1,1,2,2,2,3,2,2,2,2,2,2,"Texas",0
"28615",482411,48,27678,30.39284444,-95.48682222,1,1,10,1,2,7,0,34,1,19,1,0,10,2,1,1,48,2,1,2,2,1,2,2,2,1,2,1,2,2,2,2,2,2,"Texas",1
"28616",482412,48,25605,32.32603889,-99.80821111,1,1,10,1,6,8,0,8,0,2,3,0,1,2,1,1,48,1,2,1,2,1,2,2,1,2,2,1,2,2,2,2,2,2,"Texas",1
"28617",482413,48,27242,30.64165,-96.29114722,1,1,10,2,6,3,0,31,0,1,1,0,4,2,1,1,48,2,2,1,1,1,1,1,2,2,2,3,2,2,1,2,2,2,"Texas",0
"28618",482414,48,23611,33.32628889,-96.55467778,3,3,10,2,18,2,0,12,0,1,1,0,1,1,1,1,48,1,2,2,1,2,2,2,2,2,2,3,2,2,2,2,1,2,"Texas",0
"28619",482415,48,29366,29.40112222,-98.38977222,1,1,10,3,7,7,0,40,0,1,1,0,4,1,10,1,48,2,1,1,1,1,2,1,2,1,2,1,2,2,2,2,2,2,"Texas",1
"28620",482416,48,26824,31.10774444,-98.11627778,1,1,10,3,6,8,0,42,0,1,1,0,4,2,1,1,48,1,2,1,1,1,2,2,2,2,2,2,1,2,2,2,2,2,"Texas",0
"28621",482417,48,26408,31.63025833,-97.24393611,2,2,9,1,23,8,0,1,0,1,1,0,5,3,1,1,48,2,2,2,2,1,2,2,2,1,2,1,2,2,2,2,2,2,"Texas",1
"28622",482418,48,30575,27.81517222,-97.39373889,3,3,9,5,20,2,0,12,0,1,1,1,1,3,1,1,48,2,2,2,1,2,1,2,2,2,2,3,2,2,2,2,1,2,"Texas",0
"28623",482419,48,25497,32.37591944,-96.89865,2,2,9,4,14,8,0,12,0,1,1,0,1,1,1,1,48,1,2,1,1,2,2,2,2,2,2,3,2,2,2,2,2,2,"Texas",0
"28624",482420,48,28230,30.143225,-97.64657778,1,1,10,7,22,4,0,1,0,1,1,0,4,2,1,1,48,3,3,2,2,1,1,1,2,2,2,3,2,1,2,2,2,2,"Texas",0
"28625",482421,48,28214,30.15303056,-97.69617222,4,4,10,2,6,2,0,12,0,1,1,0,1,2,10,1,48,2,2,1,1,3,2,2,2,2,2,3,2,2,1,2,2,2,"Texas",0
"28626",482422,48,24143,32.98326111,-96.27019444,3,3,10,3,23,1,0,12,0,1,1,0,1,2,1,1,48,1,1,2,1,2,2,2,2,2,2,3,2,2,2,2,2,2,"Texas",0
"28627",482423,48,23557,33.36162222,-94.13028056,1,1,10,5,23,4,0,1,0,1,1,0,1,2,10,1,48,3,3,2,1,1,1,1,2,2,2,3,2,2,2,2,2,2,"Texas",0
"28628",482424,48,28683,29.84825833,-95.46368056,1,1,10,6,2,6,0,46,0,3,2,0,3,3,1,1,48,3,3,2,1,1,2,2,2,1,2,2,2,2,2,2,2,2,"Texas",0
"28629",482425,48,26178,31.86433333,-102.3991111,2,2,10,7,20,6,0,9,0,3,3,0,1,3,1,1,48,3,3,2,2,1,2,2,2,2,2,3,2,2,2,2,2,2,"Texas",0
"28630",482426,48,26182,31.86113889,-102.4136861,2,2,10,2,20,8,0,12,0,3,3,0,1,2,1,1,48,2,2,2,1,2,1,2,2,2,2,3,2,2,2,2,2,2,"Texas",0
"28631",482427,48,28569,29.93804722,-96.87313889,1,1,10,2,14,4,0,1,0,1,1,0,4,1,1,1,48,3,3,1,1,1,1,2,2,2,2,3,2,2,2,2,1,2,"Texas",0
"28632",482428,48,29082,29.62482778,-95.35555278,3,3,10,2,10,8,0,12,0,2,2,0,1,1,1,1,48,2,2,1,1,2,2,2,2,2,2,3,2,2,2,2,2,2,"Texas",0
"28633",482429,48,26108,31.92201944,-100.2855278,2,2,10,3,8,2,0,12,0,1,1,0,1,1,1,1,48,1,2,1,1,2,2,2,2,1,2,3,2,1,2,2,1,2,"Texas",0
"28634",482430,48,26768,31.18160833,-100.5046778,1,1,10,3,2,2,0,18,0,1,1,0,4,2,1,1,48,1,2,2,1,1,2,1,2,2,2,1,1,2,2,2,2,2,"Texas",1
"28635",482431,48,30408,27.96993889,-99.37661389,7,7,10,3,4,1,0,1,0,1,1,1,1,2,1,1,48,1,1,2,1,1,2,2,2,1,2,2,1,2,2,2,2,1,"Texas",0
"28636",482432,48,29639,28.98902778,-95.35232222,4,4,10,5,15,3,0,12,0,1,1,0,11,1,1,2,48,2,2,1,1,3,2,2,2,1,2,3,2,2,2,2,2,1,"Texas",0
"28637",482433,48,27103,30.76174444,-98.0288,1,1,10,5,0,8,0,11,0,1,1,1,1,2,10,1,48,1,2,2,1,1,1,2,2,2,2,1,2,2,2,2,2,2,"Texas",1
"28638",482434,48,26059,31.98414722,-101.4837972,1,1,10,5,4,8,0,8,0,1,1,0,1,2,1,1,48,1,2,2,1,1,2,2,1,2,2,3,2,2,2,2,2,2,"Texas",0
"28639",482435,48,22999,33.55675556,-96.54366111,3,3,10,5,9,3,0,12,0,1,1,0,1,1,1,3,48,1,2,1,1,2,2,2,2,2,2,3,2,1,2,2,2,2,"Texas",0
"28640",482436,48,29065,29.64284722,-95.38698889,2,2,10,5,21,3,0,12,1,18,1,0,1,3,1,1,48,2,2,2,1,2,2,2,2,2,2,3,2,2,2,2,2,2,"Texas",0
"28641",482437,48,23838,33.19012778,-98.13498611,3,3,10,6,18,2,0,12,0,2,3,0,1,1,1,3,48,1,2,2,2,2,2,2,2,1,2,3,1,2,2,2,2,2,"Texas",0
"28642",482438,48,24493,32.83035833,-97.16787778,1,1,10,6,7,6,0,8,0,1,1,0,1,1,1,1,48,3,3,1,1,1,2,2,1,2,2,3,2,2,2,1,2,2,"Texas",0
"28643",482439,48,29668,28.92885833,-98.37611111,3,3,10,7,23,6,0,5,0,2,3,0,1,2,1,1,48,3,3,2,2,1,2,2,2,2,2,1,2,2,1,2,2,2,"Texas",1
"28644",482440,48,29592,29.07353056,-98.97763889,3,3,10,7,2,1,0,12,0,1,1,0,1,2,1,2,48,1,1,2,2,3,2,1,2,2,2,1,1,1,2,2,1,2,"Texas",1
"28645",482441,48,24093,33.01436944,-96.94783611,1,1,10,1,10,6,0,33,0,1,1,0,4,1,1,1,48,3,3,1,2,1,1,2,2,2,2,3,2,2,2,2,2,2,"Texas",0
"28646",482442,48,25210,32.53810278,-94.72327778,3,3,10,1,21,7,0,12,1,2,2,0,1,3,1,2,48,2,2,2,2,2,2,2,2,1,2,3,2,2,2,2,2,2,"Texas",0
"28647",482443,48,26709,31.263825,-95.47659722,5,5,10,1,16,3,0,12,0,3,3,0,1,1,1,1,48,1,2,1,2,3,2,2,2,2,2,3,2,1,1,2,2,2,"Texas",0
"28648",482444,48,28615,29.90593611,-96.913425,1,1,10,2,4,3,0,59,1,19,1,0,4,3,1,1,48,1,2,2,2,1,2,2,2,1,2,1,2,2,1,2,2,1,"Texas",1
"28649",482445,48,29257,29.48409444,-95.40566111,2,2,10,4,18,3,0,12,0,1,1,0,11,5,1,1,48,1,2,2,1,2,2,2,2,2,2,3,2,1,2,2,2,2,"Texas",0
"28650",482446,48,28144,30.18811667,-97.99241111,1,1,10,4,6,4,0,33,0,1,1,0,4,2,2,1,48,3,3,1,1,1,2,1,2,2,2,3,2,2,2,2,2,2,"Texas",0
"28651",482447,48,30080,28.342025,-97.98288333,1,1,10,4,12,2,0,1,0,1,1,0,1,1,10,1,48,1,2,1,1,1,2,1,2,1,2,2,2,2,2,2,2,2,"Texas",0
"28652",482448,48,26542,31.46401111,-96.92396667,1,1,10,4,2,3,0,8,0,1,1,0,1,2,1,1,48,1,2,2,1,1,2,1,1,2,2,3,2,2,2,2,2,2,"Texas",0
"28653",482449,48,24338,32.894725,-96.71175,3,3,10,5,15,1,0,12,1,18,1,0,1,1,2,1,48,2,1,1,1,2,2,1,2,1,2,3,2,2,2,2,2,2,"Texas",0
"28654",482450,48,26034,32.00236389,-98.05306389,1,1,10,5,11,2,0,53,0,1,1,0,4,1,2,1,48,1,2,1,1,1,2,1,2,2,2,2,2,2,2,2,2,2,"Texas",0
"28655",482451,48,29437,29.33323889,-97.37511111,2,2,10,5,6,8,0,12,0,1,1,0,1,2,10,1,48,1,2,1,1,2,2,2,2,2,2,3,2,2,2,2,2,2,"Texas",0
"28656",482452,48,25125,32.59036944,-94.33993889,3,3,10,5,18,2,0,12,0,2,3,0,1,5,10,1,48,1,2,2,1,2,1,2,2,2,2,1,2,2,2,2,2,2,"Texas",1
"28657",482453,48,18521,35.22925556,-101.788775,1,1,10,6,9,6,0,42,0,3,2,0,4,1,1,1,48,3,3,1,1,1,2,1,2,2,2,3,1,2,2,2,2,2,"Texas",0
"28658",482454,48,27778,30.34296944,-96.97461944,3,3,10,7,9,2,0,12,0,1,1,0,1,1,2,2,48,1,2,1,2,2,2,1,2,2,2,3,2,2,1,2,2,2,"Texas",0
"28659",482455,48,28822,29.77226944,-96.06438056,1,1,10,1,5,1,0,8,0,1,1,0,1,2,2,1,48,1,1,2,2,1,2,2,1,2,2,3,2,2,2,2,2,2,"Texas",0
"28660",482456,48,29374,29.39604722,-98.51533889,1,1,10,3,0,1,0,31,1,5,1,0,8,3,1,1,48,2,1,2,1,1,1,2,2,2,2,1,2,2,2,2,2,2,"Texas",1
"28661",482457,48,28185,30.16878333,-95.61311111,1,1,9,5,18,4,0,1,0,1,1,0,4,1,1,1,48,3,3,2,1,1,1,2,2,2,2,3,2,2,2,2,2,2,"Texas",0
"28662",482458,48,28758,29.80676667,-95.45489722,1,1,9,4,20,2,0,8,0,1,1,1,1,3,1,1,48,2,2,2,1,1,2,2,1,2,2,3,2,2,2,2,2,2,"Texas",0
"28663",482459,48,28903,29.72334444,-95.49734167,4,4,10,1,19,6,0,12,0,3,3,0,1,3,1,1,48,3,3,2,2,3,2,2,2,1,2,3,2,2,1,2,2,2,"Texas",0
"28664",482461,48,28268,30.11995556,-93.74108889,1,1,10,4,13,1,0,31,0,5,1,1,4,1,1,1,48,2,1,1,1,1,2,2,2,2,2,3,2,2,1,2,1,2,"Texas",0
"28665",482462,48,27679,30.39274444,-97.45339167,1,1,10,6,22,4,0,14,0,8,1,0,5,3,1,1,48,3,3,2,2,1,2,1,1,2,2,3,1,2,2,2,1,2,"Texas",0
"28666",482463,48,28048,30.23461111,-97.74045278,3,3,10,7,21,1,0,1,0,20,1,0,1,3,10,1,48,2,1,2,2,2,1,2,2,2,2,3,2,2,2,2,2,2,"Texas",0
"28667",482464,48,27396,30.52465278,-97.63339167,9,9,10,7,18,2,0,12,0,2,3,0,1,5,1,2,48,2,2,2,2,2,2,2,2,2,2,3,2,2,2,2,2,2,"Texas",0
"28668",482465,48,24052,33.035125,-97.33198056,2,2,10,1,17,3,0,1,0,1,1,0,1,1,1,1,48,2,2,1,2,1,1,2,2,2,2,3,2,2,2,2,2,2,"Texas",0
"28669",482466,48,28600,29.91441944,-98.21555833,2,2,10,4,15,8,0,12,0,1,1,0,1,1,1,1,48,2,2,1,1,2,2,2,2,2,2,3,2,1,2,2,2,2,"Texas",0
"28670",482467,48,29083,29.62376667,-95.52621667,2,2,10,4,12,6,0,10,0,6,1,0,1,1,1,1,48,3,3,1,1,1,2,2,2,2,2,3,2,1,2,2,2,2,"Texas",0
"28671",482468,48,28814,29.77621667,-98.98501389,1,1,10,5,11,4,0,42,0,1,1,0,4,1,1,1,48,3,3,1,1,1,2,1,2,2,2,1,2,2,2,2,2,2,"Texas",1
"28672",482469,48,24468,32.83796111,-96.60047778,4,4,10,5,18,1,0,12,0,1,1,0,1,3,1,1,48,2,1,2,1,2,2,1,2,2,2,3,2,2,2,2,2,2,"Texas",0
"28673",482470,48,20826,34.18818889,-101.9268028,3,3,10,5,14,2,0,12,0,8,1,0,1,1,10,1,48,1,2,1,1,2,2,2,2,2,2,3,2,1,2,2,2,2,"Texas",0
"28674",482471,48,24191,32.96056111,-96.68206667,3,3,10,6,19,6,0,8,0,1,1,0,1,2,1,1,48,3,3,2,2,1,2,2,1,2,2,3,2,2,2,2,2,2,"Texas",0
"28675",482472,48,28754,29.80950556,-95.12526944,1,1,10,6,5,4,0,8,0,1,1,0,1,2,1,1,48,3,3,2,1,1,2,2,1,2,2,3,2,2,2,1,2,2,"Texas",0
"28676",482473,48,25857,32.162,-94.40269722,1,1,10,7,7,2,0,59,0,1,1,0,4,1,1,1,48,1,2,1,2,1,2,1,2,1,2,3,2,2,2,2,2,2,"Texas",0
"28677",482474,48,28305,30.09348611,-97.67830833,1,1,10,7,1,3,0,59,1,19,1,0,8,3,1,1,48,1,2,2,2,1,2,2,2,2,2,3,2,2,2,2,2,1,"Texas",0
"28678",482475,48,28282,30.11040278,-95.50486944,3,3,10,1,1,4,0,8,0,1,1,0,1,3,1,1,48,3,3,2,2,1,2,2,1,2,2,3,2,2,2,2,2,2,"Texas",0
"28679",482476,48,29798,28.72702222,-97.95531944,1,1,10,1,18,3,0,32,0,1,1,0,4,2,1,1,48,1,2,2,2,1,2,2,2,2,2,3,2,2,2,2,2,2,"Texas",0
"28680",482477,48,26230,31.82555278,-97.09576111,6,6,10,1,22,1,0,12,0,1,1,0,1,3,1,2,48,1,1,2,2,2,2,1,2,1,2,3,2,2,2,2,2,2,"Texas",0
"28681",482478,48,25970,32.05611667,-97.74946389,1,1,10,2,9,3,0,15,0,1,1,0,1,1,1,1,48,1,2,1,1,1,2,2,2,2,2,3,2,2,2,2,2,2,"Texas",0
"28682",482479,48,17602,35.64898889,-101.4617611,1,2,10,2,8,3,0,14,0,1,1,0,2,1,1,1,48,2,2,1,1,1,2,2,2,2,2,2,2,2,2,2,1,2,"Texas",0
"28683",482480,48,28898,29.72563056,-95.50121389,1,1,10,3,21,6,0,8,0,3,3,0,1,3,10,1,48,3,3,2,1,1,2,2,1,2,2,2,2,2,2,2,2,2,"Texas",0
"28684",482481,48,26546,31.46176111,-100.5166,2,2,10,3,7,8,0,12,0,1,1,0,1,2,1,2,48,1,2,1,1,2,2,2,2,2,2,3,1,2,2,2,2,2,"Texas",0
"28685",482482,48,28909,29.72063056,-98.91706944,3,3,10,5,7,3,0,12,0,2,3,0,1,4,2,1,48,1,2,1,1,3,2,2,2,2,2,3,2,1,2,2,1,2,"Texas",0
"28686",482483,48,24647,32.78217222,-96.72018056,3,3,10,5,19,6,0,12,0,1,1,0,1,3,2,1,48,3,3,2,1,2,2,2,2,2,2,1,2,2,2,2,2,2,"Texas",1
"28687",482484,48,24644,32.78280278,-96.74030556,1,1,10,5,21,6,0,18,0,2,3,0,1,3,2,1,48,3,3,2,1,1,2,2,2,2,2,1,2,2,1,2,2,2,"Texas",1
"28688",482485,48,28605,29.91300556,-95.33742778,5,5,10,5,0,4,0,23,0,1,1,0,4,2,10,1,48,3,3,2,1,1,2,1,2,1,2,1,2,2,2,2,2,2,"Texas",1
"28689",482486,48,19985,34.59998056,-102.7754806,5,5,10,5,6,2,0,12,0,1,1,0,1,2,10,1,48,1,2,1,1,2,2,1,2,2,2,3,2,1,2,2,2,2,"Texas",0
"28690",482487,48,28349,30.06351111,-97.56293889,3,3,10,6,1,8,0,12,0,1,1,0,1,2,10,2,48,1,2,2,1,2,1,2,2,2,2,1,2,2,2,2,2,2,"Texas",1
"28691",482488,48,29262,29.47993333,-98.63780833,5,5,10,6,0,8,0,12,0,1,1,0,1,2,10,1,48,2,2,2,1,2,1,1,2,2,2,1,2,2,2,2,2,2,"Texas",2
"28692",482489,48,22227,33.78576944,-97.7794,4,4,10,6,23,2,0,12,0,1,1,0,1,2,2,2,48,1,2,2,2,2,2,2,2,2,2,1,1,2,2,2,2,2,"Texas",1
"28693",482490,48,27768,30.35103056,-97.49035278,3,3,10,6,16,2,0,12,0,1,1,2,1,1,10,1,48,1,2,1,1,3,2,1,2,1,2,3,2,1,2,2,2,2,"Texas",0
"28694",482491,48,28896,29.72728889,-95.55759444,3,3,10,7,16,8,0,24,1,19,1,0,4,1,2,1,48,2,2,1,2,1,2,2,2,2,2,3,2,2,1,2,2,2,"Texas",0
"28695",482492,48,29795,28.73163056,-97.94943889,2,2,10,7,13,3,0,12,0,1,1,0,1,1,2,1,48,1,2,1,2,2,2,1,2,1,2,3,2,2,2,2,2,2,"Texas",0