"","ST_CASE","OBJECT_ID","FID","LATITUDE","LONGITUD","PERMVIT","PERSONS","MONTH","DAY_WEEK","HOUR","ROUTE","SP_JUR","HARM_EV","RELJCT1","RELJCT2","TYP_INT","WRK_ZONE","REL_ROAD","LGT_COND","WEATHER","FATALS","STATE","A_RU","A_INTER","A_TOD","A_DOW","A_CT","A_MC","A_SPCRA","A_PED","A_ROLL","A_POLPUR","A_POSBAC","A_D15_20","A_D65PLS","A_D21_24","A_HR","A_DIST","A_DROWSY","STATE_NAME","drunkDr"
"28834",482631,48,26018,32.0133,-96.80529167,1,1,11,3,17,8,0,1,0,1,1,0,1,2,10,1,48,1,2,1,1,1,1,2,2,2,2,3,2,1,2,2,2,2,"Texas",0
"28835",482633,48,27797,30.33344444,-97.61393333,4,4,11,3,0,7,0,31,0,1,1,0,4,3,1,1,48,2,2,2,1,1,2,2,2,2,2,3,1,2,2,2,2,2,"Texas",0
"28836",482634,48,27312,30.595175,-97.81327222,2,2,11,3,6,6,0,12,0,2,3,0,1,4,5,1,48,3,3,1,1,2,2,2,2,2,2,3,2,2,2,2,2,2,"Texas",0
"28837",482635,48,25288,32.48285,-94.67014444,2,2,11,4,19,8,0,12,0,2,2,0,1,2,10,1,48,1,2,2,1,2,1,2,2,2,2,3,2,2,1,2,2,2,"Texas",0
"28838",482636,48,24108,33.00391111,-96.71979444,5,5,11,5,8,3,0,25,0,1,1,0,3,1,10,1,48,2,2,1,1,3,2,2,2,2,2,3,2,2,2,2,2,2,"Texas",0
"28839",482637,48,31254,26.28083611,-98.19922222,2,2,11,4,4,8,0,12,0,1,1,0,1,3,1,1,48,2,2,2,1,2,2,2,2,2,2,3,2,2,2,2,2,2,"Texas",0
"28840",482638,48,30611,27.76398611,-98.05755,2,2,11,4,0,6,0,44,0,2,2,0,1,3,1,1,48,3,3,2,1,1,2,1,2,2,2,3,2,2,2,2,2,2,"Texas",1
"28841",482639,48,27466,30.48904444,-99.74238889,1,1,11,4,5,1,0,14,0,1,1,0,2,2,1,1,48,1,1,2,1,1,2,2,1,2,2,3,2,2,2,1,2,2,"Texas",0
"28842",482640,48,25069,32.62669444,-98.48161389,1,1,11,4,9,3,0,42,0,1,1,0,4,1,10,1,48,1,2,1,1,1,2,2,2,2,2,3,2,2,2,2,2,1,"Texas",0
"28843",482641,48,25860,32.15945278,-95.164575,4,4,11,4,17,3,0,12,0,1,1,0,1,2,10,1,48,1,2,1,1,2,2,2,2,2,2,1,2,2,2,2,2,2,"Texas",1
"28844",482642,48,28231,30.14280833,-97.8429,6,6,11,4,14,8,0,1,0,1,1,0,1,1,10,1,48,2,2,1,1,3,1,1,2,2,2,3,2,1,1,2,2,2,"Texas",0
"28845",482643,48,28514,29.96854722,-97.85421944,2,2,11,4,13,8,0,12,0,2,3,0,1,1,1,1,48,1,2,1,1,2,2,2,2,2,2,1,2,1,2,2,2,2,"Texas",1
"28846",482644,48,26217,31.83596111,-106.5692528,8,8,11,5,17,1,0,12,0,1,1,0,1,3,1,1,48,2,1,1,1,3,2,1,2,1,2,3,1,2,2,2,2,2,"Texas",0
"28847",482645,48,28840,29.75370278,-95.87009722,1,1,11,5,10,4,0,8,0,8,1,0,1,1,10,1,48,3,3,1,1,1,2,2,1,2,2,3,2,2,2,2,2,2,"Texas",0
"28848",482646,48,29163,29.55904167,-95.82391111,3,3,11,5,17,8,0,12,0,2,3,0,1,2,1,1,48,2,2,1,1,3,2,1,2,2,2,3,2,2,1,2,2,2,"Texas",0
"28849",482647,48,25388,32.43846667,-94.74225278,3,3,11,5,8,1,0,12,0,1,1,1,1,1,10,1,48,1,1,1,1,2,2,1,2,2,2,3,2,2,2,2,1,2,"Texas",0
"28850",482648,48,26026,32.007925,-97.06866944,3,3,11,5,12,3,0,32,0,1,1,0,4,1,10,2,48,1,2,1,1,1,2,2,2,1,2,1,2,2,1,2,2,2,"Texas",1
"28851",482649,48,31178,26.42369444,-98.13606667,3,3,11,6,13,2,0,14,0,1,1,0,2,1,2,1,48,2,2,1,1,1,2,2,2,2,2,3,2,2,2,2,2,2,"Texas",0
"28852",482650,48,26407,31.63049444,-96.5159,5,5,11,6,23,3,0,12,0,3,2,0,1,2,2,1,48,1,2,2,2,2,2,1,2,2,2,3,2,2,2,2,1,2,"Texas",0
"28853",482651,48,28071,30.22232778,-97.68058056,1,1,11,6,2,2,0,30,0,1,1,0,3,3,1,1,48,2,2,2,1,1,2,1,2,1,2,3,2,2,2,2,2,1,"Texas",0
"28854",482652,48,30042,28.37926944,-98.05463333,1,1,11,7,3,1,0,1,0,1,1,0,10,2,2,1,48,1,1,2,2,1,2,1,2,1,2,3,2,2,2,2,2,2,"Texas",0
"28855",482653,48,25019,32.660625,-97.08978056,7,7,11,7,9,6,0,30,0,1,1,0,4,1,2,1,48,3,3,1,2,1,2,2,2,2,2,2,2,2,2,2,2,2,"Texas",0
"28856",482654,48,25328,32.46200833,-99.83681667,1,1,11,7,6,1,0,1,0,1,1,0,10,3,10,1,48,2,1,1,2,1,2,2,2,1,2,2,1,2,2,2,2,2,"Texas",0
"28857",482655,48,25466,32.39471111,-99.78901389,1,1,11,7,13,6,0,52,0,1,1,0,4,9,99,1,48,3,3,1,2,1,2,2,2,2,2,1,2,2,2,2,2,2,"Texas",1
"28858",482657,48,28458,29.99678333,-95.271525,1,1,11,1,4,1,0,8,0,1,1,0,8,3,1,1,48,2,1,2,2,1,2,2,1,2,2,1,2,2,2,2,2,2,"Texas",1
"28859",482658,48,22855,33.606975,-101.9215417,1,1,11,1,2,6,0,8,0,1,1,0,1,2,1,1,48,3,3,2,2,1,2,2,1,2,2,3,2,2,2,1,2,2,"Texas",0
"28860",482659,48,24824,32.73313889,-97.37481944,1,1,11,1,19,1,0,42,0,1,1,0,10,2,1,1,48,2,1,2,2,1,2,1,2,2,2,3,2,2,2,2,2,2,"Texas",0
"28861",482660,48,28195,30.16263889,-97.68923056,1,1,11,1,9,8,0,8,0,1,1,0,1,9,1,2,48,2,2,1,2,1,2,2,1,2,2,3,2,2,2,1,2,2,"Texas",0
"28862",482661,48,27708,30.38002222,-97.68736944,7,7,11,1,23,6,0,12,0,1,1,0,1,3,1,1,48,3,3,2,2,3,2,1,2,2,1,1,1,2,1,2,2,2,"Texas",1
"28863",482662,48,28028,30.23771389,-97.72562778,1,1,11,1,5,6,0,8,0,3,2,0,1,3,10,1,48,3,3,2,2,1,2,2,1,2,2,3,2,2,2,1,1,2,"Texas",1
"28864",482663,48,28545,29.95066944,-95.5728,1,1,11,2,0,4,0,1,0,1,1,0,4,2,1,1,48,3,3,2,2,1,2,2,2,1,2,1,2,2,1,2,2,2,"Texas",1
"28865",482664,48,28991,29.68236944,-98.52298889,6,6,11,2,18,4,0,12,0,1,1,0,1,2,1,1,48,3,3,2,1,2,2,1,2,2,2,3,2,2,1,2,2,2,"Texas",0
"28866",482665,48,22875,33.60063889,-101.9171833,1,1,11,2,18,7,0,8,0,1,1,0,1,2,1,1,48,2,2,2,1,1,2,2,1,2,2,3,2,1,2,2,2,2,"Texas",0
"28867",482666,48,27720,30.37341389,-97.72707222,2,2,11,2,0,2,0,12,1,18,1,0,1,3,1,1,48,2,2,2,2,2,2,2,2,2,2,3,2,2,2,2,2,2,"Texas",1
"28868",482667,48,24499,32.82823333,-96.97674167,1,1,11,3,18,3,0,8,0,1,1,0,1,2,1,1,48,2,2,2,1,1,2,2,1,2,2,3,1,2,2,1,2,2,"Texas",0
"28869",482668,48,25212,32.53647778,-94.34981111,9,9,11,3,16,2,0,12,0,1,1,0,1,1,10,2,48,2,2,1,1,3,2,2,2,2,2,3,2,1,2,2,2,2,"Texas",0
"28870",482669,48,26840,31.09048333,-97.334675,1,1,11,4,16,6,0,1,0,1,1,0,4,1,10,1,48,3,3,1,1,1,2,1,2,1,2,3,2,2,2,2,2,2,"Texas",0
"28871",482670,48,28315,30.08806111,-95.4351,1,1,11,3,22,7,0,33,0,1,1,0,4,3,1,1,48,2,1,2,1,1,1,1,2,2,2,2,2,2,2,2,2,2,"Texas",0
"28872",482671,48,26198,31.84995,-94.1277,1,1,11,4,18,3,0,8,0,1,1,0,1,2,10,1,48,1,2,2,1,1,2,2,1,2,2,3,2,2,2,2,2,2,"Texas",0
"28873",482672,48,25251,32.51081944,-94.99498056,2,2,11,4,9,2,0,12,0,1,1,0,1,1,10,1,48,2,2,1,1,2,2,2,2,2,2,3,2,2,2,2,2,2,"Texas",0
"28874",482673,48,26868,31.06769167,-97.74248056,6,6,11,6,12,6,0,12,0,2,3,0,1,1,1,2,48,3,3,1,1,2,2,1,2,1,2,3,1,2,2,2,2,2,"Texas",0
"28875",482674,48,26337,31.72758889,-106.3290889,3,3,11,6,6,6,0,12,0,2,3,0,1,3,1,1,48,3,3,1,1,2,2,2,2,1,2,3,2,1,1,2,2,2,"Texas",0
"28876",482675,48,28927,29.71384722,-94.99503056,1,1,11,6,19,8,0,8,0,3,2,0,1,3,1,1,48,2,2,2,2,1,2,2,1,2,2,2,2,2,2,2,2,2,"Texas",0
"28877",482676,48,24889,32.71238611,-97.06486667,5,5,11,6,10,7,0,12,0,2,2,0,1,1,1,1,48,2,2,1,1,2,2,2,2,2,2,3,2,2,2,2,2,2,"Texas",0
"28878",482677,48,28112,30.20090278,-97.86683611,3,3,11,7,1,8,0,12,0,2,2,0,1,3,1,1,48,2,2,2,2,3,2,1,2,2,2,3,2,2,1,2,2,2,"Texas",1
"28879",482678,48,28582,29.92873889,-98.2262,1,1,11,1,7,8,0,1,0,1,1,0,1,4,10,1,48,2,2,1,2,1,1,1,2,2,2,1,2,2,2,2,2,2,"Texas",1
"28880",482679,48,28948,29.70048889,-98.12690278,1,1,11,1,1,6,0,8,0,1,1,0,1,3,1,1,48,3,3,2,2,1,2,1,1,2,2,3,2,2,2,1,1,2,"Texas",0
"28881",482680,48,24907,32.70599722,-96.81213611,4,4,11,1,18,6,0,8,0,2,2,0,1,3,10,1,48,3,3,2,2,1,2,2,1,2,2,3,2,2,2,2,2,2,"Texas",0
"28882",482681,48,28744,29.81324722,-95.05718056,1,1,11,1,13,4,0,8,0,1,1,0,1,1,1,1,48,3,3,1,2,1,2,2,1,2,2,3,2,1,2,2,2,2,"Texas",0
"28883",482682,48,24659,32.77955278,-97.32015833,5,5,11,1,2,1,0,12,1,18,1,0,1,3,1,1,48,2,1,2,2,3,2,1,2,2,2,1,2,1,2,1,1,2,"Texas",1
"28884",482683,48,28730,29.82192222,-95.53255833,1,1,11,2,13,6,0,42,0,1,1,0,3,1,10,1,48,3,3,1,1,1,2,2,2,2,2,2,2,2,2,2,2,2,"Texas",0
"28885",482684,48,29800,28.72563889,-96.88333056,1,1,11,2,19,2,0,8,0,1,1,0,1,2,10,1,48,1,2,2,1,1,2,2,1,2,2,3,2,2,2,2,2,2,"Texas",0
"28886",482685,48,29484,29.26036389,-94.83766667,1,1,10,5,14,8,0,8,0,1,1,0,1,1,1,1,48,2,2,1,1,1,2,2,1,2,2,3,2,2,2,2,2,2,"Texas",0
"28887",482686,48,29451,29.312125,-94.78063056,1,1,10,4,2,3,0,1,0,1,1,0,5,2,1,1,48,2,2,2,1,1,2,2,2,1,2,1,2,2,2,2,2,2,"Texas",1
"28888",482687,48,28932,29.71120556,-95.13409167,2,2,10,5,22,3,0,25,0,1,1,0,3,3,10,1,48,2,2,2,1,1,2,2,2,2,2,3,2,2,1,2,2,2,"Texas",1
"28889",482688,48,29235,29.50305556,-98.05149444,1,1,11,6,3,8,0,38,0,1,1,0,5,2,2,1,48,1,2,2,1,1,2,1,2,1,2,3,2,2,1,2,2,1,"Texas",0
"28890",482689,48,31242,26.29975833,-98.10065,1,1,11,2,18,8,0,8,0,2,3,0,1,2,1,1,48,2,2,2,1,1,2,2,1,2,2,3,2,2,2,1,2,2,"Texas",0
"28891",482690,48,31243,26.29975278,-98.10057778,1,1,11,2,18,8,0,8,0,1,1,0,1,2,1,1,48,2,2,2,1,1,2,2,1,2,2,3,2,2,2,1,2,2,"Texas",0
"28892",482691,48,24544,32.81172778,-96.85218333,2,2,11,3,5,1,0,8,0,1,1,0,1,3,1,1,48,2,1,2,1,3,2,2,1,2,2,3,2,1,1,2,2,2,"Texas",0
"28893",482692,48,24232,32.93745556,-96.74871111,5,5,11,3,12,2,0,12,0,1,1,0,1,1,10,1,48,2,2,1,1,3,2,2,2,2,2,3,2,2,2,2,2,2,"Texas",0
"28894",482693,48,24216,32.94432778,-96.740275,2,2,11,3,12,2,0,8,0,1,1,0,1,1,10,1,48,2,2,1,1,1,2,2,1,2,2,3,2,2,2,2,2,2,"Texas",0
"28895",482694,48,27395,30.52594722,-97.69024167,4,4,11,4,4,1,0,12,0,1,1,1,1,3,1,1,48,2,1,2,1,3,1,2,2,2,2,1,2,2,2,1,2,2,"Texas",1
"28896",482695,48,23757,33.23813611,-97.0426,4,4,11,5,7,2,0,12,0,1,1,0,1,1,1,1,48,2,2,1,1,3,2,2,2,2,2,3,2,2,1,2,2,2,"Texas",0
"28897",482696,48,29681,28.89731389,-97.03096389,1,1,11,6,1,4,0,1,0,1,1,0,4,2,10,1,48,3,3,2,1,1,2,2,2,1,2,1,2,2,2,2,2,2,"Texas",1
"28898",482697,48,28745,29.81300278,-95.20093889,1,1,11,4,21,4,0,33,0,1,1,0,4,3,1,1,48,3,3,2,1,1,1,2,2,2,2,3,2,2,2,2,2,2,"Texas",0
"28899",482698,48,25588,32.33033611,-95.34076944,3,3,11,4,12,8,0,12,0,1,1,0,1,1,1,1,48,2,2,1,1,2,2,2,2,1,2,3,2,2,2,2,2,2,"Texas",0
"28900",482699,48,24164,32.976125,-96.92421389,1,1,11,4,18,7,0,8,0,1,1,0,1,3,1,1,48,2,1,2,1,1,2,2,1,2,2,3,2,2,2,2,2,2,"Texas",0
"28901",482700,48,28143,30.18822778,-94.02281389,2,2,11,4,18,8,0,12,0,1,1,0,1,2,1,1,48,1,2,2,1,2,1,2,2,2,2,3,2,2,2,1,2,2,"Texas",0
"28902",482701,48,27739,30.36283611,-97.82128333,2,2,11,1,15,6,0,1,0,1,1,0,1,1,1,1,48,3,3,1,2,2,1,1,2,2,2,3,2,2,2,2,2,2,"Texas",0
"28903",482702,48,24534,32.81356667,-97.41359167,1,1,11,2,3,1,0,52,1,19,1,0,3,3,1,1,48,2,1,2,2,1,2,1,2,2,2,3,2,2,2,2,2,2,"Texas",0
"28904",482704,48,25981,32.04235556,-100.2513889,3,3,11,5,6,2,0,11,0,1,1,0,2,4,1,1,48,1,2,1,1,1,2,2,2,1,2,3,2,2,2,2,2,2,"Texas",0
"28905",482705,48,24621,32.79179167,-96.80701111,4,4,11,6,19,6,0,12,0,2,2,0,1,3,1,2,48,3,3,2,2,2,2,1,1,2,2,3,2,2,2,2,2,2,"Texas",1
"28906",482706,48,29079,29.62548056,-95.32754722,1,1,11,1,6,6,0,33,0,1,1,0,3,4,1,1,48,3,3,1,2,1,2,1,2,2,2,1,2,2,2,2,2,2,"Texas",1
"28907",482707,48,22873,33.60096111,-99.65736111,3,3,11,1,19,2,0,38,0,1,1,0,5,2,10,1,48,1,2,2,2,1,2,1,2,1,2,1,2,2,2,2,2,2,"Texas",1
"28908",482708,48,23497,33.39108333,-97.72611389,3,3,11,1,19,2,0,1,0,1,1,0,4,2,2,1,48,1,2,2,2,2,2,1,2,1,2,3,2,2,2,2,2,2,"Texas",0
"28909",482709,48,24044,33.03940278,-97.57735,1,1,11,2,20,8,0,8,0,1,1,0,1,2,10,1,48,1,2,2,1,1,2,2,1,2,2,3,2,2,2,2,2,2,"Texas",0
"28910",482710,48,28612,29.90871389,-97.32552222,1,1,11,3,14,3,0,1,0,1,1,0,1,1,10,1,48,1,2,1,1,1,2,2,2,1,2,3,2,2,2,2,2,1,"Texas",0
"28911",482711,48,24972,32.67952778,-96.749125,4,4,11,4,18,6,0,12,0,1,1,0,1,3,1,1,48,3,3,2,1,2,1,1,2,2,2,3,1,2,2,2,2,2,"Texas",0
"28912",482712,48,26048,31.9893,-102.0655583,2,2,11,4,18,3,0,12,0,2,2,0,1,3,1,1,48,2,2,2,1,2,1,2,2,2,2,3,2,2,2,2,1,2,"Texas",0
"28913",482713,48,28047,30.23466111,-97.72205556,5,5,11,4,19,6,0,12,0,8,1,0,1,3,1,1,48,3,3,2,1,2,1,2,2,2,2,3,2,2,2,2,1,2,"Texas",0
"28914",482714,48,27424,30.51358889,-97.5338,2,2,11,4,9,8,0,12,0,4,1,0,1,1,1,1,48,2,2,1,1,2,1,2,2,2,2,3,2,2,1,2,2,2,"Texas",0
"28915",482715,48,29420,29.35425556,-95.53649722,3,3,11,5,8,8,0,12,0,1,1,0,2,1,1,1,48,1,2,1,1,3,2,2,2,2,2,3,2,2,2,2,2,2,"Texas",0
"28916",482716,48,23974,33.09515833,-94.22700833,5,5,11,5,7,2,0,12,0,2,3,0,1,1,1,2,48,1,2,1,1,2,2,2,2,2,2,3,2,1,2,2,2,2,"Texas",0
"28917",482717,48,28457,29.99755833,-95.76537778,4,4,11,5,4,2,0,12,0,1,1,0,1,2,1,2,48,1,2,2,1,2,2,2,2,1,2,2,2,2,2,2,2,2,"Texas",0
"28918",482718,48,26765,31.18590278,-99.49509722,1,1,11,5,14,4,0,1,0,1,1,0,4,1,1,1,48,3,3,1,1,1,2,2,2,1,2,3,2,2,2,2,2,2,"Texas",0
"28919",482720,48,25947,32.07261389,-96.50458611,3,3,11,6,17,8,0,12,0,8,1,0,1,2,1,1,48,2,2,1,1,2,1,2,2,2,2,3,2,2,2,2,2,2,"Texas",0
"28920",482721,48,24325,32.90071667,-96.71731389,2,2,11,7,1,7,0,59,1,19,1,0,10,3,10,1,48,2,1,2,2,1,2,1,2,1,2,2,2,2,2,2,2,2,"Texas",0
"28921",482722,48,26308,31.75509167,-106.3500194,2,2,11,1,1,7,0,12,1,3,2,0,1,3,1,1,48,2,1,2,2,2,2,2,2,2,2,3,2,2,2,1,2,2,"Texas",0
"28922",482723,48,26549,31.45790556,-100.4864972,4,4,11,1,17,6,0,15,0,1,1,0,1,5,1,1,48,3,3,1,2,1,2,2,2,2,2,3,2,2,2,2,2,2,"Texas",0
"28923",482724,48,24945,32.69230278,-97.09779167,1,1,11,4,21,6,0,8,0,1,1,0,1,2,10,1,48,3,3,2,1,1,2,2,1,2,2,3,2,2,2,1,2,2,"Texas",0
"28924",482725,48,25800,32.20094722,-98.15175833,2,2,11,5,14,2,0,14,0,1,1,0,5,1,2,1,48,1,2,1,1,1,2,1,2,2,2,3,1,2,2,2,2,2,"Texas",0
"28925",482726,48,28541,29.95291111,-95.29065556,2,2,10,4,14,7,0,8,0,1,1,0,4,1,1,1,48,2,1,1,1,2,2,1,1,2,2,3,2,2,2,2,2,2,"Texas",0
"28926",482727,48,29418,29.3554,-95.46273889,1,1,10,5,19,8,0,9,0,1,1,0,1,2,1,1,48,1,2,2,1,1,2,2,2,2,2,3,2,1,2,2,2,2,"Texas",0
"28927",482728,48,28393,30.032475,-95.42961944,1,1,10,6,16,7,0,33,0,3,3,0,4,1,10,1,48,2,1,1,1,1,2,2,2,2,2,2,2,2,2,2,2,2,"Texas",0
"28928",482729,48,30593,27.78366944,-97.60372222,2,2,11,1,18,3,0,12,0,2,2,0,1,3,1,1,48,1,2,2,2,2,2,2,2,1,2,3,2,1,2,2,2,2,"Texas",0
"28929",482730,48,25507,32.371425,-95.35434722,1,1,11,3,13,3,0,5,0,1,1,0,1,1,10,1,48,2,2,1,1,1,1,1,2,2,2,3,2,2,2,2,2,2,"Texas",0
"28930",482731,48,28906,29.72198056,-95.46016667,3,3,11,5,19,1,0,1,0,1,1,0,1,3,1,1,48,2,1,2,1,2,1,2,2,2,2,3,2,1,2,2,2,2,"Texas",0
"28931",482732,48,25684,32.27839722,-101.2304528,2,2,11,2,8,8,0,12,0,1,1,0,1,1,1,1,48,1,2,1,1,2,2,2,2,1,2,3,2,1,2,2,2,2,"Texas",0
"28932",482733,48,29826,28.66866944,-100.4534722,3,3,11,2,14,7,0,12,0,2,2,0,1,1,10,1,48,2,2,1,1,2,2,2,2,2,2,3,2,2,2,2,2,2,"Texas",0
"28933",482734,48,30576,27.80975278,-99.492875,13,13,11,3,6,3,0,1,0,1,1,0,4,3,10,1,48,1,2,1,1,1,2,2,2,1,2,3,2,2,2,1,1,2,"Texas",0
"28934",482735,48,29114,29.60164722,-95.200775,1,1,11,5,7,7,0,24,0,5,1,0,4,1,10,1,48,2,1,1,1,1,1,2,2,2,2,3,1,2,2,2,2,2,"Texas",0
"28935",482736,48,29149,29.568075,-97.86209722,2,2,11,6,19,8,0,12,0,1,1,0,1,2,1,1,48,1,2,2,2,2,1,2,2,2,2,2,2,1,2,2,2,2,"Texas",0
"28936",482737,48,28792,29.78570278,-95.70618333,8,8,11,6,19,7,0,12,0,3,2,0,1,2,1,1,48,2,1,2,2,3,2,1,2,2,2,3,2,2,1,2,2,2,"Texas",0
"28937",482738,48,28741,29.81408333,-95.45389444,1,1,11,6,21,6,0,8,0,1,1,0,1,2,1,1,48,3,3,2,2,1,2,2,1,2,2,3,2,2,2,1,2,2,"Texas",0
"28938",482739,48,25705,32.26503889,-94.61524167,2,2,11,6,6,3,0,12,0,1,1,0,1,2,1,2,48,1,2,1,1,2,2,2,2,2,2,2,2,2,2,2,2,2,"Texas",0
"28939",482740,48,29351,29.41674722,-95.21295833,2,2,11,7,10,3,0,12,0,8,1,0,1,1,1,1,48,2,2,1,2,2,2,2,2,2,2,3,2,1,2,2,2,2,"Texas",0
"28940",482741,48,27209,30.67073333,-96.40190278,3,3,11,1,21,3,0,8,0,1,1,0,1,3,1,1,48,2,2,2,2,2,2,2,1,2,2,3,2,2,2,2,2,2,"Texas",0
"28941",482742,48,24724,32.76091667,-96.96871944,2,2,11,1,2,1,0,12,0,1,1,1,1,2,1,1,48,2,1,2,2,2,2,1,2,2,2,3,1,2,1,2,2,2,"Texas",1
"28942",482743,48,24565,32.80685556,-98.12919444,1,1,11,1,2,2,0,8,0,1,1,0,1,2,1,1,48,2,2,2,2,1,2,2,1,2,2,3,2,2,1,2,2,2,"Texas",0
"28943",482744,48,26043,31.9922,-99.96068889,2,2,11,1,1,2,0,1,0,1,1,0,4,2,1,1,48,1,2,2,2,1,2,2,2,1,2,1,1,2,2,2,2,2,"Texas",1
"28944",482745,48,29840,28.64363889,-99.17826944,2,2,11,2,11,1,0,21,0,1,1,0,3,1,10,1,48,1,1,1,1,1,2,2,2,1,2,3,2,1,2,2,2,1,"Texas",0
"28945",482746,48,28614,29.90766667,-95.408575,2,2,11,2,15,6,0,40,0,1,1,0,4,1,1,1,48,3,3,1,1,1,2,1,2,2,2,1,2,2,2,2,2,2,"Texas",1
"28946",482747,48,29251,29.49043889,-97.01611111,2,2,11,6,3,8,0,1,0,1,1,0,4,2,10,1,48,1,2,2,1,1,2,2,2,1,2,3,2,2,1,2,1,2,"Texas",0
"28947",482748,48,27605,30.42921944,-95.75215,2,2,11,2,15,4,0,12,0,1,1,0,1,1,1,1,48,3,3,1,1,2,2,2,2,2,2,2,2,2,1,2,2,2,"Texas",0
"28948",482749,48,26363,31.69153056,-96.16763889,2,2,11,4,7,1,0,1,0,1,1,0,3,1,1,1,48,1,1,1,1,1,2,2,2,1,2,2,2,2,1,2,2,1,"Texas",0
"28949",482750,48,29426,29.34476944,-100.8650111,5,5,11,4,19,2,0,12,0,1,1,0,1,2,10,1,48,1,2,2,1,2,2,2,2,2,2,3,2,2,2,2,1,2,"Texas",0
"28950",482751,48,29090,29.61656944,-95.37099722,1,1,11,2,0,6,0,1,0,1,1,0,4,2,1,1,48,3,3,2,2,1,2,2,2,1,2,1,2,2,2,2,2,2,"Texas",1
"28951",482752,48,28476,29.98649444,-98.12025556,3,3,11,2,16,4,0,12,0,1,1,0,1,1,2,1,48,3,3,1,1,2,2,1,2,2,2,3,2,1,2,2,2,2,"Texas",0
"28952",482753,48,25611,32.32495,-101.2007361,3,3,11,2,11,1,0,1,0,1,1,0,4,1,6,1,48,1,1,1,1,1,2,1,2,1,2,3,2,2,2,2,2,2,"Texas",0
"28953",482754,48,24326,32.90036667,-97.72699167,4,4,11,2,16,8,0,12,0,3,3,0,1,1,2,1,48,1,2,1,1,3,2,1,2,1,2,3,2,2,2,2,2,2,"Texas",0
"28954",482755,48,25142,32.57900556,-98.11392778,4,4,11,2,13,2,0,12,0,1,1,0,1,1,2,1,48,1,2,1,1,3,2,1,2,2,2,3,1,2,2,2,2,2,"Texas",0
"28955",482756,48,29152,29.56721111,-98.38399444,3,3,11,3,17,6,0,12,0,8,1,0,1,1,1,1,48,3,3,1,1,2,1,2,2,2,2,3,2,1,2,2,2,2,"Texas",0
"28956",482757,48,26533,31.47385833,-100.539075,5,5,11,3,17,8,0,54,0,1,1,0,1,5,1,1,48,1,2,1,1,3,2,2,2,2,1,3,2,1,2,2,2,2,"Texas",0
"28957",482758,48,28560,29.94210278,-97.58679444,4,4,11,4,16,8,0,12,0,2,2,0,1,1,10,1,48,1,2,1,1,2,2,2,2,2,2,3,2,1,2,2,2,2,"Texas",0
"28958",482759,48,24348,32.89017778,-96.65199444,4,4,11,4,21,3,0,8,0,1,1,0,1,3,1,1,48,2,2,2,1,1,2,2,1,2,2,3,2,2,2,2,2,2,"Texas",0
"28959",482760,48,26208,31.84006111,-102.2984111,2,2,11,4,5,8,0,12,0,1,1,0,1,2,1,1,48,2,2,2,1,2,2,2,2,1,2,3,2,2,2,2,2,2,"Texas",0
"28960",482761,48,28171,30.17412778,-95.50522222,1,1,11,4,10,4,0,9,0,3,3,0,1,1,1,1,48,3,3,1,1,1,2,2,2,2,2,3,2,1,2,2,2,2,"Texas",0
"28961",482762,48,25416,32.42548056,-103.0132306,3,3,11,5,14,3,0,12,0,1,1,0,1,1,1,1,48,1,2,1,1,2,2,2,2,1,2,3,2,2,2,2,2,2,"Texas",0
"28962",482763,48,29192,29.53477778,-96.03803056,1,1,11,5,6,2,0,9,0,1,1,0,1,2,1,1,48,1,2,1,1,1,2,2,2,2,2,3,2,2,2,2,2,2,"Texas",0
"28963",482764,48,22238,33.78295,-96.63271667,1,1,11,5,6,4,0,53,0,1,1,0,4,2,1,1,48,3,3,1,1,1,2,1,2,1,2,3,2,2,2,2,2,2,"Texas",0
"28964",482765,48,30719,27.48162222,-97.86774167,2,2,11,5,17,8,0,12,0,1,1,0,1,1,1,1,48,2,2,1,1,2,2,2,2,2,2,3,2,2,2,2,2,2,"Texas",0
"28965",482766,48,29358,29.40904722,-98.43681667,1,1,11,6,3,6,0,21,0,1,1,0,4,3,1,1,48,3,3,2,1,1,2,1,2,2,2,1,2,2,2,2,2,2,"Texas",1
"28966",482767,48,26904,31.01215556,-103.7951417,1,1,11,6,17,1,0,1,0,1,1,1,3,1,1,1,48,1,1,1,1,1,2,2,2,1,2,2,2,2,2,2,2,2,"Texas",0
"28967",482768,48,29304,29.44556111,-98.64204167,1,1,11,7,7,6,0,33,0,1,1,0,4,4,1,1,48,3,3,1,2,1,2,2,2,1,2,3,2,2,2,2,2,2,"Texas",0
"28968",482769,48,29116,29.60001944,-98.56404722,3,3,11,7,10,7,0,12,1,2,2,0,1,1,1,1,48,2,2,1,2,2,2,2,2,2,2,3,2,1,2,2,2,2,"Texas",0
"28969",482770,48,27292,30.60898056,-96.33429167,2,2,11,7,0,8,0,8,0,3,2,0,1,3,1,1,48,2,2,2,2,1,2,2,1,2,2,1,2,2,1,2,2,2,"Texas",1
"28970",482771,48,24234,32.93508333,-96.99368056,2,2,11,7,10,6,0,33,0,3,3,0,3,1,1,1,48,3,3,1,2,2,2,2,2,2,2,1,2,2,2,2,2,2,"Texas",2