"","ST_CASE","OBJECT_ID","FID","LATITUDE","LONGITUD","PERMVIT","PERSONS","MONTH","DAY_WEEK","HOUR","ROUTE","SP_JUR","HARM_EV","RELJCT1","RELJCT2","TYP_INT","WRK_ZONE","REL_ROAD","LGT_COND","WEATHER","FATALS","STATE","A_RU","A_INTER","A_TOD","A_DOW","A_CT","A_MC","A_SPCRA","A_PED","A_ROLL","A_POLPUR","A_POSBAC","A_D15_20","A_D65PLS","A_D21_24","A_HR","A_DIST","A_DROWSY","STATE_NAME","drunkDr"
"29246",483055,48,26418,31.60771111,-99.369,3,3,12,7,19,2,0,12,0,1,1,0,1,2,1,3,48,1,2,2,2,2,2,2,2,2,2,2,2,2,2,2,2,2,"Texas",0
"29247",483056,48,24138,32.98829444,-97.22580278,1,1,12,7,10,3,0,8,0,1,1,0,1,1,1,1,48,2,2,1,2,3,2,2,1,1,2,3,2,2,2,2,1,2,"Texas",0
"29248",483057,48,25661,32.29111944,-98.59638889,4,4,12,7,22,8,0,12,0,1,1,1,1,2,1,1,48,1,2,2,2,2,2,2,2,2,2,2,2,2,2,2,2,2,"Texas",0
"29249",483058,48,27964,30.26359722,-94.22115,1,1,12,7,18,2,0,24,0,1,1,0,4,2,1,1,48,2,2,2,2,1,1,1,2,2,2,3,2,1,2,2,2,2,"Texas",1
"29250",483059,48,24444,32.84603056,-97.86291944,1,1,12,7,5,8,0,1,0,1,1,0,4,2,1,1,48,1,2,2,2,1,2,2,2,1,2,3,2,2,1,2,2,2,"Texas",0
"29251",483060,48,29323,29.43209167,-98.52652778,1,1,12,1,18,6,0,8,0,3,2,0,1,2,10,1,48,3,3,2,2,1,2,2,1,2,2,3,2,2,2,2,2,2,"Texas",0
"29252",483061,48,22850,33.60806111,-97.1726,1,1,12,1,3,8,0,8,0,1,1,0,1,2,1,1,48,1,2,2,2,1,2,2,1,2,2,2,2,2,2,2,2,2,"Texas",0
"29253",483062,48,26896,31.02298889,-95.29326944,2,2,12,1,23,3,0,1,0,1,1,0,1,2,2,1,48,1,2,2,2,1,1,2,2,2,2,1,2,2,2,2,2,2,"Texas",1
"29254",483063,48,19537,34.82313056,-102.4877694,2,2,12,2,17,8,0,12,0,8,1,0,1,1,1,1,48,1,2,1,1,2,2,2,2,1,2,3,2,2,2,2,2,2,"Texas",0
"29255",483064,48,26252,31.80988889,-102.5571,6,6,12,2,11,8,0,12,0,8,1,0,1,1,1,2,48,2,2,1,1,3,2,1,2,2,2,3,2,2,1,2,1,2,"Texas",0
"29256",483065,48,29078,29.62550556,-95.36828889,1,1,12,2,15,6,0,33,0,1,1,0,3,1,10,1,48,3,3,1,1,1,1,2,2,2,2,2,1,2,2,2,2,2,"Texas",0
"29257",483066,48,28209,30.15793056,-95.4493,1,1,12,2,2,1,0,31,1,19,1,0,8,3,10,1,48,2,1,2,2,1,1,2,2,2,2,1,2,2,2,2,2,2,"Texas",1
"29258",483067,48,29467,29.28905,-95.32433056,3,3,12,3,16,3,0,12,0,1,1,0,1,1,5,2,48,1,2,1,1,2,2,2,2,1,2,1,2,2,1,2,2,2,"Texas",1
"29259",483068,48,25195,32.54620833,-96.82183889,2,2,12,3,15,7,0,32,0,3,3,0,4,1,1,1,48,2,1,1,1,1,2,2,2,2,2,3,2,1,2,2,2,2,"Texas",0
"29260",483069,48,28677,29.85311111,-96.72936111,2,2,12,3,6,3,0,12,0,2,2,0,1,2,5,1,48,1,2,1,1,2,2,2,2,2,2,3,2,2,2,2,2,2,"Texas",0
"29261",483070,48,29011,29.67677778,-96.90322222,1,1,12,3,22,2,0,19,0,1,1,0,5,3,10,1,48,1,2,2,1,1,2,2,2,2,2,3,2,2,2,2,2,2,"Texas",1
"29262",483071,48,29162,29.55924722,-95.63995,3,3,12,3,10,6,0,9,0,2,2,0,1,1,1,1,48,3,3,1,1,1,2,2,2,2,2,3,2,2,1,2,2,2,"Texas",0
"29263",483072,48,28160,30.181,-97.85143056,1,1,12,3,6,6,0,9,0,1,1,0,1,4,1,1,48,3,3,1,1,1,2,2,2,2,2,3,2,2,2,2,2,2,"Texas",0
"29264",483073,48,28913,29.71715,-94.67529444,3,3,12,4,21,8,0,12,0,2,3,0,1,2,10,1,48,1,2,2,1,2,1,2,2,2,2,3,2,1,2,2,2,2,"Texas",0
"29265",483074,48,26495,31.52563056,-94.97595,1,1,12,4,9,8,0,1,0,1,1,0,4,1,10,1,48,1,2,1,1,1,2,2,2,1,2,2,2,2,2,2,2,2,"Texas",0
"29266",483075,48,17569,35.66505,-101.3522611,4,4,12,4,20,3,0,24,0,1,1,0,4,2,1,1,48,1,2,2,1,1,2,1,2,1,2,3,1,2,2,2,1,2,"Texas",0
"29267",483076,48,29522,29.19928056,-98.82355,1,1,12,4,15,1,0,1,0,1,1,0,3,1,1,1,48,1,1,1,1,1,2,2,2,1,2,3,2,2,2,2,2,2,"Texas",0
"29268",483077,48,28284,30.11016944,-94.34341111,2,2,12,4,15,4,0,1,0,1,1,0,4,1,1,1,48,3,3,1,1,1,2,1,2,1,2,2,1,2,2,2,1,2,"Texas",0
"29269",483078,48,28963,29.69336944,-96.61873056,2,2,12,5,8,1,0,31,0,1,1,0,4,1,10,1,48,1,1,1,1,2,2,2,2,2,2,3,2,2,1,2,2,1,"Texas",0
"29270",483079,48,25802,32.20078056,-96.47488056,1,1,12,5,6,7,0,8,0,5,1,0,1,2,1,1,48,1,1,1,1,1,2,2,1,2,2,3,2,2,2,2,2,2,"Texas",0
"29271",483080,48,24190,32.96061111,-96.46474167,3,3,12,5,0,3,0,12,0,1,1,0,1,2,1,1,48,2,2,2,1,2,2,2,2,2,2,3,2,1,2,2,2,2,"Texas",1
"29272",483081,48,28473,29.98841111,-97.12369167,1,1,12,6,11,3,0,1,0,1,1,0,3,1,10,1,48,1,2,1,1,1,2,1,2,1,2,3,1,2,2,2,2,2,"Texas",0
"29273",483082,48,24142,32.98393889,-96.71227222,7,7,12,6,11,2,0,43,1,19,1,0,10,1,1,1,48,2,2,1,1,2,2,2,2,1,2,3,2,2,1,1,2,2,"Texas",0
"29274",483083,48,29145,29.57195556,-95.19792222,1,1,12,6,19,6,0,8,0,1,1,0,1,2,10,1,48,3,3,2,2,1,2,2,1,2,2,3,2,2,2,2,2,2,"Texas",0
"29275",483084,48,25793,32.20602222,-97.360625,2,2,12,6,2,4,0,59,0,1,1,0,4,2,1,1,48,3,3,2,1,1,2,1,2,1,2,3,1,2,2,2,2,2,"Texas",0
"29276",483085,48,24953,32.69009444,-96.23085556,3,3,12,6,10,1,0,12,0,1,1,0,1,1,10,1,48,2,1,1,1,2,2,2,2,1,2,3,2,1,2,2,2,2,"Texas",0
"29277",483086,48,30926,26.90926389,-98.98506944,3,3,12,6,15,8,0,1,0,1,1,0,4,1,1,3,48,1,2,1,1,1,2,2,2,1,2,3,2,2,2,2,2,2,"Texas",0
"29278",483087,48,26211,31.83904167,-102.5055722,1,1,12,7,2,4,0,38,0,1,1,0,5,2,1,1,48,3,3,2,2,1,2,1,2,1,2,1,2,2,1,2,2,2,"Texas",1
"29279",483088,48,27878,30.29956111,-99.00485833,1,1,12,7,9,2,0,24,0,1,1,0,4,1,10,1,48,1,2,1,2,1,2,2,2,1,2,3,2,2,2,2,1,1,"Texas",0
"29280",483089,48,28313,30.08880556,-95.57168056,1,1,12,7,23,8,0,8,0,1,1,0,1,2,2,1,48,2,2,2,2,1,2,2,1,2,2,3,2,2,2,1,2,2,"Texas",0
"29281",483090,48,28797,29.785,-95.68664722,5,5,12,7,18,1,0,25,0,1,1,0,3,3,10,1,48,2,1,2,2,3,2,1,2,1,2,3,2,1,2,2,2,2,"Texas",0
"29282",483091,48,28524,29.96445278,-95.4293,1,1,12,7,23,6,0,42,0,1,1,0,3,3,2,1,48,3,3,2,2,1,2,2,2,2,2,1,2,2,1,2,2,2,"Texas",1
"29283",483092,48,23949,33.11668333,-95.61566944,3,3,12,7,21,1,0,12,0,1,1,0,1,2,1,1,48,2,1,2,2,2,2,2,2,2,2,3,2,2,2,2,1,2,"Texas",0
"29284",483093,48,25086,32.61646389,-97.16323333,1,1,12,7,0,2,0,8,0,1,1,0,1,2,1,1,48,2,2,2,2,1,2,2,1,2,2,3,2,2,2,2,2,2,"Texas",0
"29285",483094,48,28170,30.17428611,-97.27403611,1,1,12,1,3,8,0,42,0,1,1,0,4,2,2,1,48,1,2,2,2,1,2,2,2,2,2,1,2,2,2,2,2,2,"Texas",1
"29286",483095,48,27703,30.38471667,-97.67298889,1,1,12,4,5,1,0,1,0,1,1,0,4,2,1,1,48,2,1,2,1,1,2,2,2,1,2,3,2,2,2,2,2,2,"Texas",0
"29287",483096,48,27737,30.36343611,-97.73258611,6,6,12,4,19,6,0,1,0,2,3,0,1,2,1,1,48,3,3,2,1,2,1,1,2,2,2,3,2,2,2,2,2,2,"Texas",0
"29288",483097,48,25162,32.56543056,-95.13739167,2,2,12,4,23,3,0,12,0,3,2,1,1,2,1,1,48,1,2,2,1,2,2,2,2,1,2,3,2,2,1,2,2,2,"Texas",0
"29289",483098,48,28959,29.69466944,-95.17301944,3,3,12,5,9,6,0,12,0,2,2,0,1,1,1,2,48,3,3,1,1,2,2,2,2,2,2,3,1,1,2,2,2,2,"Texas",0
"29290",483099,48,27582,30.4397,-97.77903056,1,1,12,5,11,7,0,1,0,3,3,0,1,9,1,1,48,2,2,1,1,1,1,2,2,2,2,1,2,2,2,2,2,2,"Texas",1
"29291",483100,48,29569,29.12550833,-98.20938056,1,1,12,5,5,8,0,32,0,1,1,0,4,2,1,1,48,1,2,2,1,1,2,1,2,1,2,3,2,1,2,2,2,2,"Texas",0
"29292",483101,48,30722,27.47449167,-99.46536389,1,1,5,6,21,6,0,8,0,1,1,0,1,2,10,1,48,3,3,2,2,1,2,2,1,2,2,3,2,2,2,2,2,2,"Texas",0
"29293",483102,48,29314,29.43720556,-98.52586944,2,2,5,1,2,6,0,8,0,1,1,0,1,3,1,1,48,3,3,2,2,1,2,2,1,2,2,3,2,2,2,2,2,2,"Texas",0
"29294",483103,48,28061,30.22999444,-97.78804722,3,3,6,6,0,2,0,12,0,1,1,0,1,3,1,1,48,2,2,2,1,2,2,2,2,2,2,3,2,2,1,2,2,2,"Texas",1
"29295",483104,48,31186,26.41339722,-99.01346389,3,3,7,7,1,6,0,42,0,3,2,0,4,3,1,1,48,3,3,2,2,1,2,1,2,2,2,1,1,2,2,2,1,2,"Texas",1
"29296",483105,48,26327,31.73762222,-98.94227778,1,1,8,7,19,6,0,1,0,1,1,0,1,1,1,1,48,3,3,2,2,1,2,2,2,1,2,1,2,2,2,2,2,2,"Texas",1
"29297",483106,48,30692,27.56136944,-99.47074722,1,1,8,7,7,6,0,30,0,1,1,0,4,1,1,2,48,3,3,1,2,1,2,2,1,2,2,2,2,2,1,2,2,2,"Texas",0
"29298",483107,48,25472,32.38863333,-100.947325,2,2,11,5,3,1,0,12,0,1,1,0,1,2,1,1,48,1,1,2,1,2,2,2,2,2,2,2,2,2,2,2,1,2,"Texas",0
"29299",483108,48,27804,30.33044444,-97.71558611,1,1,11,7,17,6,0,42,0,1,1,0,4,1,1,1,48,3,3,1,2,1,2,2,2,2,2,3,2,2,2,2,1,2,"Texas",0
"29300",483109,48,28660,29.86823889,-93.92853056,1,1,11,1,17,6,0,1,0,3,2,0,4,3,1,1,48,3,3,1,2,1,2,2,2,1,2,3,2,2,2,2,2,2,"Texas",1
"29301",483110,48,28974,29.69034167,-96.93066111,1,1,11,3,4,1,0,8,0,1,1,0,1,2,1,1,48,1,1,2,1,1,2,2,1,2,2,3,2,2,2,2,2,2,"Texas",0
"29302",483111,48,24977,32.67777778,-97.1548,2,2,11,4,16,6,0,12,0,1,1,0,1,1,10,1,48,3,3,1,1,2,1,1,2,2,2,3,2,1,2,2,2,2,"Texas",0
"29303",483112,48,28243,30.13631111,-98.402125,3,3,11,1,12,2,0,12,0,1,1,0,1,1,2,1,48,1,2,1,2,2,2,2,2,2,2,3,2,2,2,2,2,2,"Texas",0
"29304",483113,48,26447,31.5759,-102.9402083,2,2,12,1,17,1,0,12,0,1,1,0,1,1,1,1,48,2,1,1,2,2,2,2,2,1,2,3,2,1,2,2,2,2,"Texas",0
"29305",483114,48,26265,31.79459444,-94.18960278,3,3,12,6,12,2,0,12,1,2,2,0,1,1,1,1,48,2,2,1,1,2,2,2,2,2,2,3,2,1,2,2,2,2,"Texas",0
"29306",483115,48,28102,30.20579444,-97.64434167,1,1,12,4,20,3,0,8,0,1,1,1,1,6,1,1,48,2,2,2,1,1,2,2,1,2,2,3,2,2,2,1,1,2,"Texas",0
"29307",483116,48,24273,32.92253056,-96.80360833,2,2,12,3,19,3,0,12,0,2,2,0,1,3,1,1,48,2,2,2,1,2,1,2,2,2,2,3,2,2,2,2,1,2,"Texas",0
"29308",483118,48,28984,29.68512222,-95.83985833,2,2,12,2,5,8,0,12,0,1,1,0,1,2,2,1,48,1,2,2,2,2,2,1,2,2,2,3,2,2,2,2,2,2,"Texas",0
"29309",483119,48,31141,26.51826111,-97.81609722,1,1,12,3,4,8,0,11,0,1,1,0,1,2,1,1,48,1,2,2,1,1,2,2,2,2,2,3,2,2,2,2,2,2,"Texas",0
"29310",483120,48,28858,29.74319167,-95.35916944,2,2,12,5,2,1,0,12,1,5,1,0,1,3,5,1,48,2,1,2,1,2,2,1,2,2,2,3,2,2,2,2,2,2,"Texas",0
"29311",483121,48,28574,29.93361111,-95.58386944,1,1,12,6,19,8,0,30,0,1,1,0,4,2,10,1,48,2,2,2,2,1,2,2,2,1,2,2,2,2,2,2,2,2,"Texas",1
"29312",483122,48,29280,29.46846111,-98.61645,1,1,12,7,14,1,0,1,0,1,1,0,10,1,1,1,48,2,1,1,2,1,2,2,2,1,2,3,2,2,2,2,2,2,"Texas",0
"29313",483123,48,24613,32.79296389,-96.74629167,1,1,12,7,23,6,0,8,0,1,1,0,1,3,2,1,48,3,3,2,2,1,2,2,1,2,2,3,2,2,2,1,2,2,"Texas",0
"29314",483124,48,29122,29.59420278,-98.28796389,3,3,12,7,19,1,0,8,0,1,1,0,1,2,10,1,48,2,1,2,2,1,2,2,1,2,2,3,2,2,2,2,2,2,"Texas",0
"29315",483125,48,28330,30.07881944,-95.75436944,8,8,12,1,15,8,0,12,0,1,1,0,1,1,2,2,48,1,2,1,2,3,2,1,2,2,2,3,2,1,2,2,2,2,"Texas",0
"29316",483126,48,28022,30.24308889,-95.5662,2,2,12,3,22,4,0,8,0,1,1,0,1,2,10,1,48,3,3,2,1,1,2,2,1,2,2,2,2,2,2,2,2,2,"Texas",0
"29317",483127,48,23954,33.11486944,-97.4382,1,1,12,3,4,8,0,1,0,1,1,1,4,2,1,1,48,1,2,2,1,1,2,1,2,1,2,2,2,2,2,2,2,2,"Texas",0
"29318",483128,48,28238,30.13965,-96.35553056,1,1,12,4,18,2,0,8,0,1,1,0,1,2,10,1,48,1,2,2,1,1,2,2,1,2,2,3,2,2,2,2,2,2,"Texas",0
"29319",483129,48,26353,31.70818889,-97.54536944,4,4,12,5,11,3,0,12,0,1,1,0,4,1,10,1,48,1,2,1,1,2,2,2,2,2,2,3,1,1,2,2,2,2,"Texas",0
"29320",483130,48,24475,32.83707778,-96.99553611,2,2,12,5,21,3,0,12,1,18,1,0,1,3,1,1,48,2,2,2,1,2,2,1,2,1,2,1,2,2,2,2,2,2,"Texas",1
"29321",483131,48,17833,35.53236111,-101.0666694,1,1,12,5,2,3,0,38,0,1,1,0,5,2,5,1,48,1,2,2,1,1,2,1,2,1,2,1,2,2,1,2,2,2,"Texas",1
"29322",483132,48,29153,29.56666111,-95.05906111,2,2,12,5,22,3,0,12,0,8,1,0,1,3,1,1,48,1,2,2,1,2,1,2,2,2,2,1,2,1,2,2,2,2,"Texas",1
"29323",483133,48,25239,32.51793056,-95.69685,3,3,12,5,15,7,0,12,0,2,2,0,1,1,1,1,48,1,1,1,1,2,2,2,2,1,2,3,2,2,2,2,1,2,"Texas",0
"29324",483134,48,29744,28.81184722,-96.98291944,2,2,12,1,19,6,0,12,0,1,1,0,1,3,1,1,48,3,3,2,2,2,2,1,2,2,2,3,2,2,2,2,2,2,"Texas",1
"29325",483135,48,28154,30.18383611,-97.85013333,4,4,8,2,8,6,0,12,0,8,1,0,1,1,1,1,48,3,3,1,1,2,2,2,2,2,2,3,2,2,2,2,2,2,"Texas",0
"29326",483136,48,24336,32.8954,-96.97354444,2,2,12,3,12,7,0,12,1,2,2,0,1,1,1,1,48,2,2,1,1,2,2,2,2,2,2,3,2,1,2,2,2,2,"Texas",0
"29327",483137,48,26551,31.45535556,-97.38405833,1,1,12,2,15,6,0,1,0,8,1,0,1,1,10,1,48,3,3,1,1,1,2,1,2,1,2,3,1,2,2,2,2,2,"Texas",0
"29328",483138,48,23980,33.09102778,-96.82249722,1,1,12,3,14,6,0,50,1,19,1,0,8,1,1,1,48,3,3,1,1,1,2,2,2,2,2,3,2,2,2,2,2,2,"Texas",0
"29329",483139,48,27967,30.26218333,-97.76172778,1,1,12,4,2,6,0,42,0,1,1,0,3,3,2,1,48,3,3,2,1,1,2,2,2,2,2,3,2,2,2,2,2,1,"Texas",1
"29330",483140,48,31400,26.15062778,-98.25638056,1,1,12,5,20,8,0,8,0,1,1,0,1,2,2,1,48,2,2,2,1,1,2,2,1,2,2,3,1,2,2,2,2,2,"Texas",0
"29331",483141,48,24219,32.94384167,-96.60828056,3,3,6,1,21,6,0,12,0,2,2,0,1,3,1,1,48,3,3,2,2,2,2,2,2,2,2,3,2,1,2,2,1,2,"Texas",0
"29332",483142,48,27254,30.63403889,-95.69758889,2,2,9,1,14,8,0,1,0,1,1,0,4,1,1,1,48,1,2,1,2,1,2,1,2,1,2,3,2,2,2,2,2,2,"Texas",0
"29333",483143,48,31287,26.24113889,-98.3608,5,5,9,7,21,6,0,12,0,1,1,0,1,3,1,1,48,3,3,2,2,3,2,2,2,2,2,3,2,1,2,2,2,2,"Texas",0
"29334",483144,48,24459,32.84008056,-97.31658889,3,3,11,5,10,1,0,12,1,5,1,1,1,1,10,1,48,2,1,1,1,2,2,1,2,1,2,3,1,1,2,2,2,2,"Texas",0
"29335",483145,48,23783,33.223225,-97.75704167,7,7,11,6,20,2,0,8,0,1,1,0,1,2,1,1,48,1,2,2,2,1,2,2,1,2,2,3,2,2,2,2,2,2,"Texas",0
"29336",483146,48,24185,32.96183333,-97.67759444,2,2,11,4,13,3,0,12,0,8,1,0,1,1,10,1,48,1,2,1,1,2,2,2,2,2,2,3,2,1,2,2,2,2,"Texas",0
"29337",483147,48,28362,30.05406111,-95.91693056,3,3,11,5,21,8,0,8,0,1,1,0,1,2,10,1,48,1,2,2,1,1,2,2,1,2,2,3,2,2,2,2,2,2,"Texas",0
"29338",483148,48,31469,26.0867,-97.48574722,2,2,11,1,4,6,0,42,0,1,1,0,4,2,2,1,48,3,3,2,2,1,2,1,2,1,2,3,2,2,2,2,2,2,"Texas",1
"29339",483149,48,24946,32.6922,-97.24099167,1,1,11,1,9,1,0,24,1,19,1,0,4,1,2,1,48,2,1,1,2,1,2,1,2,2,2,3,2,2,2,2,2,2,"Texas",0
"29340",483150,48,28528,29.96212778,-93.94688889,2,2,12,4,7,8,0,12,0,1,1,0,1,1,1,1,48,2,2,1,1,2,2,2,2,2,2,3,2,2,2,2,2,2,"Texas",0
"29341",483151,48,26946,30.94817222,-95.91419722,1,1,12,5,13,6,0,8,0,2,2,0,1,1,1,1,48,3,3,1,1,1,2,2,1,2,2,3,2,1,2,2,1,2,"Texas",0
"29342",483152,48,22801,33.62172222,-100.8442139,2,2,12,2,8,2,0,12,0,2,2,0,1,1,1,1,48,1,2,1,1,2,2,2,2,2,2,3,2,2,2,2,2,2,"Texas",0
"29343",483153,48,26161,31.87729167,-102.3396778,2,2,12,4,2,6,0,12,0,1,1,0,1,3,1,1,48,3,3,2,1,2,2,1,2,2,2,1,1,2,1,2,2,2,"Texas",1
"29344",483154,48,27972,30.25999167,-97.70486944,2,2,12,4,2,6,0,33,0,1,1,0,4,3,1,1,48,3,3,2,1,1,2,1,2,2,2,3,2,2,2,1,1,2,"Texas",1
"29345",483155,48,29747,28.81112778,-96.93074722,2,2,12,7,6,2,0,12,0,1,1,0,1,1,1,1,48,2,2,1,2,2,2,1,2,2,2,3,2,1,2,2,1,2,"Texas",0
"29346",483156,48,20445,34.34314167,-99.92043333,2,2,12,6,20,2,0,31,0,1,1,0,3,2,10,1,48,1,2,2,2,1,2,2,2,1,2,2,2,2,1,2,1,2,"Texas",0
"29347",483157,48,25434,32.41459444,-94.84745556,2,2,12,3,6,3,0,12,0,1,1,0,1,3,1,1,48,2,2,1,1,2,2,2,2,2,2,3,2,2,2,2,2,2,"Texas",0
"29348",483158,48,31217,26.34285556,-98.34695556,1,1,12,3,7,4,0,30,0,1,1,0,4,2,1,1,48,3,3,1,1,1,2,1,2,2,2,1,2,2,2,2,2,2,"Texas",1
"29349",483159,48,26295,31.76793333,-94.98986944,1,1,12,6,3,8,0,42,0,1,1,0,4,2,10,1,48,1,2,2,1,1,2,2,2,2,2,3,2,2,2,2,2,1,"Texas",0
"29350",483160,48,25569,32.34285556,-97.43708333,3,3,12,6,17,3,0,12,0,1,1,0,1,5,1,1,48,2,2,1,1,3,1,2,2,2,2,3,2,2,2,2,2,2,"Texas",0
"29351",483161,48,25470,32.39109444,-95.29570833,3,3,12,6,1,8,0,8,0,1,1,0,1,2,1,1,48,1,2,2,1,1,2,2,1,2,2,3,2,2,2,2,2,2,"Texas",0
"29352",483162,48,28474,29.98770833,-94.96558611,6,6,12,7,21,2,0,12,0,2,2,0,1,2,2,1,48,1,2,2,2,2,2,2,2,2,2,1,1,2,2,2,2,2,"Texas",1
"29353",483163,48,29285,29.46418889,-100.0240861,2,2,12,7,7,3,0,12,0,1,1,0,1,1,1,1,48,1,2,1,2,2,2,2,2,1,2,3,2,2,1,2,2,2,"Texas",0
"29354",483164,48,20980,34.13065278,-99.16130278,11,11,12,1,5,2,0,57,1,19,1,0,3,2,2,1,48,1,2,2,2,1,2,2,2,1,2,3,2,2,2,2,2,2,"Texas",0
"29355",483165,48,25340,32.45653889,-97.28485556,5,5,12,3,21,8,0,12,0,8,1,0,1,2,1,1,48,1,2,2,1,2,2,2,2,2,2,3,2,2,2,2,2,2,"Texas",0
"29356",483166,48,25587,32.33088889,-96.14358611,5,5,12,3,16,3,0,12,0,3,3,0,1,1,1,1,48,2,2,1,1,3,2,2,2,2,2,3,2,1,2,2,1,2,"Texas",0
"29357",483167,48,23630,33.31561389,-96.55902778,5,5,12,4,19,3,0,12,0,2,2,0,1,2,1,1,48,1,2,2,1,2,2,2,2,2,2,3,2,2,2,2,2,2,"Texas",0
"29358",483168,48,29752,28.80427778,-97.85660833,2,2,12,3,18,2,0,12,0,2,2,0,1,3,1,1,48,1,2,2,1,2,2,2,2,2,2,1,2,2,1,2,2,2,"Texas",1
"29359",483169,48,26165,31.87475556,-102.3193278,1,1,12,5,19,6,0,14,0,1,1,0,7,2,1,1,48,3,3,2,1,1,1,2,2,2,2,1,2,2,2,2,1,2,"Texas",1
"29360",483170,48,26886,31.044475,-104.7632889,1,1,12,1,8,1,0,1,0,1,1,0,10,1,4,1,48,1,1,1,2,1,2,2,2,1,2,3,2,2,2,2,2,2,"Texas",0
"29361",483172,48,29441,29.3298,-94.9326,1,1,7,2,2,1,0,8,1,18,1,0,1,2,1,1,48,2,1,2,2,1,2,2,1,2,2,3,2,2,2,1,2,2,"Texas",0
"29362",483173,48,24210,32.9483,-96.7139,2,2,7,3,9,6,0,12,0,2,2,0,1,1,1,1,48,3,3,1,1,2,2,2,2,2,2,3,2,1,2,2,2,2,"Texas",0
"29363",483174,48,26307,31.7551,-106.4837,1,1,11,2,16,6,0,8,0,3,2,0,1,1,1,1,48,3,3,1,1,1,2,2,1,2,2,3,2,1,2,2,2,2,"Texas",0
"29364",483175,48,29249,29.4912,-95.107,1,1,12,3,0,7,0,59,1,19,1,0,4,3,2,1,48,2,1,2,1,1,2,1,2,2,2,2,2,2,2,2,2,2,"Texas",0
"29365",483176,48,27770,30.3493,-97.5403,2,2,12,4,18,2,0,12,0,3,2,0,1,2,1,1,48,2,2,2,1,2,2,1,2,2,2,1,2,2,2,2,2,2,"Texas",1
"29366",483177,48,24572,32.8051,-97.346,3,3,12,6,19,6,0,12,0,2,2,0,1,3,1,1,48,3,3,2,2,2,2,2,2,2,2,3,1,2,2,2,2,2,"Texas",0
"29367",483178,48,26805,31.132,-94.81018889,2,2,11,7,5,2,0,35,0,1,1,0,3,2,10,1,48,1,2,2,2,1,2,2,2,2,2,3,2,2,1,2,2,2,"Texas",0
"29368",483179,48,26121,31.9085,-102.2212,2,2,12,7,5,1,0,12,0,1,1,0,1,2,1,1,48,1,1,2,2,2,2,2,2,1,2,1,2,2,2,2,2,2,"Texas",1
"29369",483180,48,25217,32.53354444,-94.92608333,2,2,12,2,19,2,0,12,0,8,1,0,1,3,1,1,48,2,2,2,1,2,2,1,2,2,2,3,2,2,2,2,1,2,"Texas",0
"29370",483181,48,28918,29.71591111,-95.39739167,1,1,4,5,6,6,0,8,0,3,2,0,1,3,10,1,48,3,3,1,1,1,2,2,1,2,2,3,2,2,2,2,2,2,"Texas",0
"29371",483182,48,24452,32.84331111,-96.635025,1,1,5,6,3,6,0,3,1,19,1,0,4,2,2,1,48,3,3,2,1,1,2,2,2,2,2,3,2,2,2,2,1,2,"Texas",0
"29372",483183,48,26020,32.01073333,-102.2590417,2,2,10,5,11,3,0,12,0,2,2,0,1,1,2,1,48,1,2,1,1,2,2,2,2,2,2,3,2,1,2,2,2,2,"Texas",0
"29373",483184,48,24315,32.9037,-96.08428056,8,8,10,7,16,3,0,12,0,1,1,0,1,1,1,1,48,1,2,1,2,2,2,2,2,2,2,3,1,2,2,2,1,2,"Texas",0
"29374",483185,48,24971,32.67954722,-97.27461111,2,2,4,7,1,8,0,8,0,1,1,0,1,2,1,1,48,2,2,2,2,2,2,2,1,2,2,3,2,2,2,1,1,2,"Texas",0
"29375",483186,48,29369,29.39846389,-98.45674722,6,6,10,2,13,6,0,12,0,2,2,0,1,1,1,1,48,3,3,1,1,3,2,2,2,2,2,3,2,1,2,2,2,2,"Texas",0
"29376",483187,48,23570,33.35332222,-96.22307778,4,4,2,3,13,2,1,12,0,1,1,0,1,1,1,3,48,1,2,1,1,2,2,2,2,2,2,3,2,2,2,2,1,2,"Texas",0
"29377",483188,48,30659,27.64481389,-97.35230278,1,1,11,2,21,6,0,8,0,1,1,0,1,2,10,1,48,3,3,2,1,1,2,2,1,2,2,2,2,2,2,2,2,2,"Texas",0
"29378",483189,48,24900,32.70705556,-96.95263611,1,1,12,5,18,6,0,59,0,1,1,0,3,3,1,1,48,3,3,2,1,1,2,2,2,2,2,2,2,2,2,2,2,2,"Texas",0
"29379",483190,48,24813,32.73718056,-100.9181889,3,3,12,5,0,3,0,12,0,8,1,0,1,3,1,1,48,2,2,2,1,2,2,2,2,2,2,3,2,2,1,2,2,2,"Texas",2
"29380",483191,48,26505,31.51257778,-96.10468333,2,2,9,2,5,1,0,12,0,1,1,0,1,2,1,1,48,1,1,2,2,2,2,2,2,1,2,3,2,1,2,2,2,2,"Texas",0
"29381",483192,48,28111,30.2015,-94.08156111,4,4,11,3,17,8,0,12,0,1,1,0,1,2,1,1,48,1,2,1,1,2,2,2,2,2,2,3,2,2,2,2,2,2,"Texas",0
"29382",483193,48,28202,30.15963611,-97.78994444,2,2,12,7,22,7,0,42,0,1,1,0,10,3,1,1,48,2,1,2,2,1,2,1,2,1,2,3,2,2,2,2,2,2,"Texas",0
"29383",483194,48,24755,32.75616389,-96.46844444,4,4,12,7,22,2,0,12,0,1,1,0,1,2,10,1,48,1,2,2,2,2,2,2,2,2,2,1,2,2,1,2,2,2,"Texas",1