"","ST_CASE","OBJECT_ID","FID","LATITUDE","LONGITUD","PERMVIT","PERSONS","MONTH","DAY_WEEK","HOUR","ROUTE","SP_JUR","HARM_EV","RELJCT1","RELJCT2","TYP_INT","WRK_ZONE","REL_ROAD","LGT_COND","WEATHER","FATALS","STATE","A_RU","A_INTER","A_TOD","A_DOW","A_CT","A_MC","A_SPCRA","A_PED","A_ROLL","A_POLPUR","A_POSBAC","A_D15_20","A_D65PLS","A_D21_24","A_HR","A_DIST","A_DROWSY","STATE_NAME","drunkDr"
"29525",490144,49,10720,39.35733333,-110.3858389,1,1,7,2,11,2,0,1,0,1,1,1,2,1,1,1,49,1,2,1,1,1,2,2,2,1,2,2,2,1,2,2,2,2,"Utah",0
"29526",490145,49,6454,41.15249167,-111.9441667,1,1,7,2,21,6,0,8,0,1,1,0,1,5,1,1,49,2,2,2,1,1,2,2,1,2,2,2,2,2,2,2,2,2,"Utah",0
"29527",490146,49,13679,37.83151944,-112.8901278,2,2,7,3,7,1,0,1,0,1,1,0,2,1,1,1,49,1,1,1,1,1,2,2,2,1,2,2,2,1,2,2,2,1,"Utah",1
"29528",490147,49,7821,40.64305278,-111.9923222,3,3,8,7,17,6,0,12,0,2,2,0,1,1,1,1,49,2,2,1,2,2,2,2,2,2,2,1,1,2,2,1,2,2,"Utah",1
"29529",490148,49,8056,40.56046111,-111.9205111,6,6,7,2,15,3,0,12,0,2,2,0,1,1,2,1,49,2,2,1,1,2,2,2,2,2,2,3,2,1,2,2,2,2,"Utah",0
"29530",490149,49,12205,38.66950556,-112.5881333,5,5,8,1,2,1,0,1,0,1,1,0,4,2,10,1,49,1,1,2,2,2,2,2,2,1,2,3,2,2,2,2,2,1,"Utah",0
"29531",490150,49,8280,40.44163056,-111.9017028,9,9,8,3,23,1,0,12,0,1,1,1,1,2,1,3,49,2,1,2,1,3,2,1,2,2,2,3,2,2,2,2,2,2,"Utah",0
"29532",490151,49,14883,37.10995833,-113.590525,1,1,8,4,7,3,0,8,0,1,1,0,1,4,1,1,49,2,2,1,1,1,2,2,1,2,2,3,2,2,2,2,2,2,"Utah",0
"29533",490152,49,14778,37.17646667,-113.3097972,2,2,8,6,16,6,0,12,0,2,2,0,1,1,10,1,49,2,2,1,1,2,2,2,2,2,2,2,2,2,2,2,2,2,"Utah",0
"29534",490153,49,7926,40.60715,-111.5801167,1,1,8,6,7,3,0,1,0,1,1,0,2,4,10,1,49,2,2,1,1,1,2,2,2,1,2,1,2,2,2,2,2,2,"Utah",1
"29535",490154,49,7516,40.72284167,-111.8796722,2,2,8,6,18,6,0,10,0,6,1,0,1,1,1,2,49,2,2,2,2,1,2,2,2,2,2,2,2,2,2,2,2,2,"Utah",0
"29536",490155,49,9264,39.99546944,-111.4683472,5,5,8,7,16,2,0,12,0,2,3,0,1,1,10,2,49,2,2,1,2,2,2,2,2,2,2,3,2,2,2,2,2,2,"Utah",0
"29537",490156,49,8614,40.29085278,-109.8557028,1,1,8,1,9,5,0,8,0,1,1,0,1,1,1,1,49,1,2,1,2,1,2,2,1,2,2,2,2,2,2,2,2,2,"Utah",0
"29538",490157,49,13026,38.23725,-109.3794028,3,3,8,6,0,3,0,12,0,1,1,0,1,2,99,2,49,1,2,2,1,2,2,2,2,1,2,1,2,2,2,2,2,2,"Utah",1
"29539",490158,49,6632,41.05105556,-111.6185833,2,2,7,2,18,1,0,12,0,1,1,0,1,1,10,1,49,1,1,2,1,2,1,2,2,2,2,2,2,2,2,2,2,2,"Utah",0
"29540",490159,49,6282,41.24308611,-112.0154917,9,9,7,3,23,1,0,12,0,1,1,0,1,3,1,1,49,2,1,2,1,3,2,2,2,1,2,1,2,2,2,2,2,2,"Utah",1
"29541",490161,49,8482,40.34994167,-111.7691917,2,2,8,1,14,1,0,12,0,1,1,0,4,1,1,1,49,2,1,1,2,2,2,2,2,2,2,2,1,2,2,2,2,1,"Utah",0
"29542",490162,49,7868,40.62844722,-111.1973389,2,2,8,1,22,3,0,31,0,1,1,0,4,2,1,1,49,1,2,2,2,1,2,2,2,2,2,1,2,2,2,2,2,2,"Utah",1
"29543",490163,49,6559,41.09596389,-112.0238056,1,1,8,3,7,6,0,18,0,1,1,0,1,1,1,1,49,3,3,1,1,1,2,1,2,2,2,2,2,2,1,2,2,2,"Utah",0
"29544",490164,49,7630,40.69310556,-111.9814944,1,1,8,5,21,3,0,8,0,1,1,0,1,2,1,1,49,2,2,2,1,1,2,2,1,2,2,3,2,2,2,1,2,2,"Utah",0
"29545",490165,49,7616,40.69648889,-112.0882417,1,1,8,6,19,6,0,8,0,2,3,0,1,1,1,1,49,2,2,2,2,1,2,2,1,2,2,2,2,2,2,2,2,2,"Utah",0
"29546",490166,49,7411,40.75169722,-111.9510556,2,2,7,3,8,6,0,12,0,2,2,0,1,1,1,1,49,2,2,1,1,2,1,2,2,2,2,3,2,2,2,2,2,2,"Utah",0
"29547",490167,49,6397,41.18341944,-112.0131028,6,6,8,1,17,1,0,12,0,1,1,0,1,1,1,2,49,2,1,1,2,3,2,2,2,2,2,3,2,2,2,2,2,2,"Utah",0
"29548",490168,49,7393,40.75541389,-112.7514611,2,2,8,4,6,1,0,31,0,1,1,0,4,1,10,1,49,1,1,1,1,1,2,2,2,1,2,2,2,2,2,2,2,2,"Utah",1
"29549",490169,49,8586,40.30065278,-109.1947611,3,3,8,4,14,2,0,12,0,1,1,0,1,1,2,1,49,1,2,1,1,3,2,1,2,2,2,3,2,1,2,2,2,2,"Utah",0
"29550",490170,49,6490,41.12571111,-111.1674167,4,4,8,1,11,1,0,12,0,1,1,0,1,1,1,1,49,1,1,1,2,2,1,2,2,2,2,3,1,2,2,2,2,2,"Utah",0
"29551",490171,49,11412,39.032775,-109.2875861,2,2,8,1,4,1,0,31,0,1,1,0,4,2,10,2,49,1,1,2,2,1,2,2,2,1,2,1,2,2,2,2,2,2,"Utah",1
"29552",490172,49,6624,41.05845278,-111.5836806,1,1,8,1,16,1,0,24,0,1,1,0,4,1,1,1,49,1,1,1,2,1,1,2,2,2,2,2,2,2,2,2,2,2,"Utah",0
"29553",490173,49,11507,38.98833889,-112.3275139,3,3,8,4,0,1,0,12,0,1,1,1,1,2,1,1,49,2,1,2,1,2,2,2,2,2,2,3,2,2,1,2,2,2,"Utah",0
"29554",490174,49,6955,40.88425833,-111.892225,2,2,8,7,22,6,0,8,0,2,2,0,1,3,1,1,49,2,2,2,2,1,2,2,1,2,2,2,2,1,2,2,2,2,"Utah",0
"29555",490175,49,7026,40.85335278,-111.9091944,2,2,8,2,9,1,0,12,0,1,1,1,1,1,1,1,49,2,1,1,1,2,1,2,2,2,2,2,2,1,2,2,1,2,"Utah",0
"29556",490176,49,8082,40.54825,-112.3420278,2,2,7,1,15,3,0,12,0,2,2,0,1,1,1,1,49,2,2,1,2,2,2,2,2,2,2,3,2,1,2,2,2,2,"Utah",0
"29557",490177,49,14766,37.18363611,-113.27505,1,1,8,5,10,3,0,35,0,1,1,0,4,9,99,1,49,1,2,1,1,1,2,2,2,2,2,2,2,1,2,2,2,2,"Utah",0
"29558",490178,49,9081,40.06242778,-111.7103528,5,5,9,3,14,6,0,12,0,1,1,0,1,1,1,2,49,2,2,1,1,2,2,1,2,2,2,3,2,2,1,2,2,2,"Utah",0
"29559",490179,49,7216,40.79903333,-111.4091167,4,4,8,6,11,3,0,12,0,1,1,0,1,1,1,1,49,1,2,1,1,3,2,2,2,2,2,3,1,2,1,2,2,2,"Utah",0
"29560",490180,49,7563,40.71120556,-111.9389583,10,10,9,5,16,6,0,12,0,2,3,0,1,1,1,1,49,2,2,1,1,2,2,2,2,1,2,2,2,2,1,2,2,2,"Utah",0
"29561",490181,49,8710,40.23433611,-111.6859,1,1,9,6,4,1,0,25,1,5,1,0,8,3,1,1,49,2,1,2,1,1,2,2,2,2,2,2,2,2,2,2,2,1,"Utah",0
"29562",490182,49,7978,40.58773611,-112.0278056,2,2,9,6,11,3,0,12,0,2,2,0,1,1,1,1,49,2,2,1,1,2,2,2,2,2,2,2,2,2,2,2,2,2,"Utah",0
"29563",490183,49,7671,40.68156944,-111.9388861,1,1,9,7,21,3,0,8,0,1,1,0,1,3,1,1,49,2,2,2,2,1,2,2,1,2,2,2,2,2,2,2,2,2,"Utah",0
"29564",490184,49,7930,40.60583611,-111.8882278,1,1,9,2,10,6,0,10,0,6,1,0,1,1,1,1,49,2,2,1,1,1,2,2,2,2,2,2,2,1,2,2,2,2,"Utah",0
"29565",490185,49,6304,41.23344722,-111.9457333,2,2,9,7,22,6,0,24,0,1,1,0,4,2,1,1,49,2,2,2,2,1,2,1,2,2,2,1,2,2,2,2,2,2,"Utah",1
"29566",490186,49,8275,40.44371389,-111.4783194,1,1,9,1,13,2,0,24,0,1,1,0,3,1,1,1,49,1,2,1,2,1,1,2,2,2,2,2,2,1,2,2,2,2,"Utah",0
"29567",490187,49,10442,39.52118889,-111.5747667,1,1,9,7,16,3,0,1,0,1,1,0,1,1,10,1,49,1,2,1,2,1,1,2,2,2,2,2,2,2,2,2,2,2,"Utah",0
"29568",490188,49,14777,37.17655,-113.2918722,6,6,9,5,20,3,0,12,0,2,2,0,1,2,1,1,49,1,2,2,1,2,2,2,2,2,2,3,2,1,1,2,2,2,"Utah",0
"29569",490189,49,7615,40.69656111,-111.9805083,1,1,9,7,8,3,0,8,0,2,2,0,1,1,1,1,49,2,2,1,2,1,2,2,1,2,2,3,2,2,2,2,1,2,"Utah",0
"29570",490190,49,7800,40.64916111,-111.9869139,3,3,9,1,20,6,0,12,0,2,2,0,1,1,1,1,49,2,2,2,2,2,1,2,2,2,2,1,2,1,2,2,2,2,"Utah",1
"29571",490191,49,7886,40.62341944,-111.9175083,1,1,9,5,18,6,0,8,0,1,1,0,1,1,1,1,49,2,2,2,1,1,2,2,1,2,2,3,2,2,2,1,2,2,"Utah",0
"29572",490192,49,8059,40.55965278,-111.4268333,1,1,9,1,16,2,0,24,0,1,1,0,4,1,1,1,49,1,2,1,2,1,1,2,2,2,2,1,2,2,2,2,2,2,"Utah",1
"29573",490193,49,7589,40.70391944,-111.9528472,1,1,10,6,3,1,0,21,0,1,1,0,4,2,2,1,49,2,1,2,1,1,2,2,2,2,2,2,2,2,1,2,2,2,"Utah",0
"29574",490194,49,8970,40.10845,-111.6547917,1,1,10,6,21,3,0,8,0,2,2,0,1,3,1,1,49,2,2,2,2,1,2,2,1,2,2,2,2,1,2,2,2,2,"Utah",0
"29575",490195,49,8427,40.37567778,-111.7691194,5,5,10,6,12,6,0,12,0,2,2,0,1,1,1,1,49,2,2,1,1,3,2,2,2,1,2,3,1,1,2,2,2,2,"Utah",0
"29576",490196,49,7901,40.61736111,-112.2946278,1,1,10,4,6,3,0,12,0,1,1,1,1,2,1,1,49,2,2,1,1,2,2,2,2,2,2,3,2,2,2,2,2,2,"Utah",0
"29577",490197,49,14259,37.51754444,-112.738475,3,3,8,3,15,9,0,1,0,1,1,0,4,1,1,1,49,1,2,1,1,1,2,2,2,1,2,3,2,1,2,2,2,2,"Utah",0
"29578",490198,49,8408,40.38744444,-111.9123472,3,3,9,3,5,6,0,12,0,1,1,0,1,2,1,1,49,2,2,2,1,3,2,2,2,2,2,3,2,1,2,2,2,2,"Utah",0
"29579",490199,49,14805,37.15948056,-113.6042972,3,3,10,5,8,3,0,12,0,1,1,0,1,1,1,1,49,1,2,1,1,3,2,1,2,2,2,3,2,2,2,2,2,2,"Utah",0
"29580",490200,49,7399,40.75412778,-111.8710361,3,3,10,1,21,6,0,8,0,1,1,0,1,2,2,1,49,2,2,2,2,2,2,2,1,2,2,2,2,2,2,2,2,2,"Utah",0
"29581",490201,49,14379,37.43627222,-109.3903167,1,1,10,2,18,3,0,17,0,1,1,0,4,3,1,1,49,1,2,2,1,1,1,2,2,2,2,2,2,2,2,2,2,2,"Utah",0
"29582",490202,49,4869,41.875,-113.7520028,1,1,10,6,0,5,0,5,0,1,1,0,2,2,1,1,49,1,2,2,1,1,2,1,2,2,2,3,2,2,2,2,2,2,"Utah",0
"29583",490203,49,9027,40.08207222,-111.6223833,4,4,10,7,19,6,0,12,0,1,1,0,1,2,1,1,49,2,2,2,2,2,1,1,2,2,2,2,1,2,2,2,2,2,"Utah",0
"29584",490204,49,7343,40.76543611,-111.9391167,1,1,10,4,7,3,0,9,1,20,1,0,1,3,1,1,49,2,2,1,1,1,2,2,2,2,2,3,2,2,2,1,2,2,"Utah",0
"29585",490205,49,8665,40.25856944,-110.0662833,1,1,10,5,19,3,0,8,0,1,1,0,1,2,1,1,49,1,2,2,1,1,2,2,1,2,2,3,2,2,2,2,2,2,"Utah",0
"29586",490206,49,11749,38.88257222,-111.5869333,2,2,10,4,9,1,0,1,0,1,1,0,4,1,10,1,49,1,1,1,1,1,2,2,2,1,2,3,2,1,2,2,2,2,"Utah",0
"29587",490207,49,8185,40.48921944,-111.9994444,6,6,10,5,11,3,0,12,0,2,2,0,1,1,1,1,49,2,2,1,1,3,2,2,2,1,2,3,1,2,1,2,2,2,"Utah",0
"29588",490208,49,7126,40.82425556,-109.4613417,0,0,7,6,22,8,5,8,0,1,1,0,4,2,10,1,49,1,3,2,2,1,2,2,1,2,2,2,2,2,2,2,2,2,"Utah",0
"29589",490209,49,11874,38.81835,-111.1585861,2,2,10,5,17,1,0,1,0,1,1,0,2,1,2,2,49,1,1,1,1,1,2,2,2,1,2,1,2,2,2,2,2,2,"Utah",1
"29590",490210,49,12258,38.64973056,-111.9491167,1,1,10,7,18,9,0,1,0,1,1,0,4,1,1,1,49,1,2,2,2,1,2,2,2,1,2,3,2,2,2,2,2,2,"Utah",0
"29591",490211,49,7676,40.67968056,-111.9388944,1,1,9,5,10,3,0,30,0,3,2,0,4,1,10,1,49,2,2,1,1,1,2,2,2,2,2,2,2,1,2,2,2,2,"Utah",0
"29592",490212,49,8641,40.27299444,-111.6760556,1,1,10,7,14,3,0,9,0,2,2,0,1,1,1,1,49,2,2,1,2,1,2,2,2,2,2,2,2,2,2,2,2,2,"Utah",0
"29593",490213,49,7588,40.70392222,-111.9590722,1,1,10,6,7,6,0,8,0,1,1,0,1,2,1,1,49,2,2,1,1,1,2,2,1,2,2,3,2,2,1,2,2,2,"Utah",0
"29594",490214,49,7824,40.64205833,-111.2708611,3,3,10,7,3,3,0,35,0,1,1,0,4,2,1,1,49,1,2,2,2,1,2,1,2,1,2,1,1,2,2,2,1,2,"Utah",1
"29595",490215,49,13128,38.17485,-109.3799583,1,1,10,3,19,2,0,8,0,1,1,0,1,2,1,1,49,1,2,2,1,1,2,2,1,2,2,3,2,2,2,2,2,2,"Utah",0
"29596",490216,49,8198,40.48449722,-111.426475,2,2,11,3,18,2,0,12,0,1,1,0,1,2,10,1,49,1,2,2,1,2,2,2,2,1,2,2,2,2,1,2,2,2,"Utah",0
"29597",490217,49,13028,38.23622222,-112.6499611,3,3,11,4,18,1,0,12,0,1,1,0,1,2,1,2,49,1,1,2,1,2,2,2,2,1,2,3,2,1,2,2,2,2,"Utah",0
"29598",490218,49,13056,38.22013333,-112.9240528,4,4,11,5,18,3,0,12,0,2,3,0,1,3,1,1,49,1,2,2,1,2,2,2,2,2,2,3,2,2,1,2,2,2,"Utah",0
"29599",490219,49,4985,41.81515833,-112.3969111,1,1,11,6,10,1,0,1,0,1,1,0,1,1,1,1,49,1,1,1,1,1,2,1,2,1,2,2,2,2,2,2,2,2,"Utah",0
"29600",490220,49,8856,40.157025,-110.2552639,2,2,11,6,23,2,0,12,0,1,1,0,1,2,1,1,49,2,2,2,2,2,2,2,2,2,2,3,1,2,2,2,2,2,"Utah",0
"29601",490221,49,7919,40.60948333,-112.0334222,3,3,11,1,18,6,0,12,0,2,2,0,1,3,1,1,49,2,2,2,2,2,2,2,2,2,2,2,1,1,2,2,2,2,"Utah",0
"29602",490222,49,9375,39.95393889,-111.800875,1,1,11,4,6,6,0,40,0,1,1,0,4,6,1,1,49,2,2,1,1,1,2,1,2,1,2,1,2,2,1,2,2,2,"Utah",1
"29603",490223,49,7732,40.66724167,-111.9866139,2,2,11,1,14,6,0,12,0,8,1,0,1,1,1,1,49,2,2,1,2,2,1,2,2,2,2,3,1,2,1,1,2,2,"Utah",0
"29604",490224,49,7985,40.58625,-112.4331,1,1,11,1,11,5,0,31,0,1,1,0,4,1,1,1,49,1,2,1,2,1,2,1,2,2,2,2,1,2,2,2,2,2,"Utah",0
"29605",490225,49,7595,40.70189722,-111.9030889,2,2,10,6,19,1,0,12,0,1,1,0,1,5,1,1,49,2,1,2,2,2,1,1,2,2,2,3,2,2,2,2,2,2,"Utah",0
"29606",490226,49,7802,40.64839722,-112.0246167,2,2,10,2,23,3,0,12,0,2,2,0,1,6,1,1,49,2,2,2,1,2,1,2,2,2,2,2,1,2,2,2,2,2,"Utah",0
"29607",490227,49,7460,40.73851667,-111.9015389,1,1,10,4,16,6,0,8,0,1,1,0,1,1,1,1,49,2,2,1,1,1,2,2,1,2,2,1,2,2,2,2,1,2,"Utah",1
"29608",490228,49,7818,40.64346111,-111.9578472,4,4,10,7,20,6,0,8,0,2,3,0,1,3,1,1,49,2,2,2,2,1,2,2,1,2,2,2,2,2,2,2,2,2,"Utah",0
"29609",490229,49,7475,40.73450278,-111.904825,2,2,11,2,10,1,0,25,0,1,1,0,3,1,1,1,49,2,1,1,1,1,2,2,2,2,2,3,2,2,2,2,2,2,"Utah",0
"29610",490230,49,6570,41.08906944,-112.0479583,2,2,12,5,18,3,0,8,0,1,1,0,1,3,2,1,49,2,2,2,1,1,2,2,1,2,2,2,2,2,2,2,2,2,"Utah",0
"29611",490231,49,6152,41.30163056,-111.9688167,1,1,12,5,17,3,0,8,0,1,1,0,1,2,1,1,49,2,2,1,1,1,2,2,1,2,2,2,2,2,2,2,2,2,"Utah",0
"29612",490232,49,8441,40.37230278,-111.7786389,4,4,12,5,8,2,0,12,0,2,3,0,1,1,4,1,49,2,2,1,1,3,2,1,2,2,2,3,2,2,1,2,2,2,"Utah",0
"29613",490233,49,7785,40.65301389,-111.9312528,4,4,11,7,15,3,0,12,0,1,1,0,1,1,1,1,49,2,2,1,2,2,2,2,2,2,2,3,2,1,2,2,2,2,"Utah",0
"29614",490234,49,10143,39.67550556,-110.8616167,3,3,11,6,12,2,0,12,0,1,1,0,1,1,1,2,49,1,2,1,1,2,2,2,2,1,2,3,2,2,2,2,1,2,"Utah",0
"29615",490235,49,13892,37.73147222,-113.0493111,2,2,11,6,17,1,0,1,0,1,1,0,4,2,4,1,49,2,1,1,1,1,2,1,2,1,2,2,2,1,2,2,2,2,"Utah",0
"29616",490236,49,7529,40.71915556,-112.1453694,1,1,11,2,7,3,0,25,0,1,1,0,3,1,1,1,49,2,2,1,1,2,2,1,2,2,2,2,2,2,2,2,2,2,"Utah",0
"29617",490237,49,7564,40.71109444,-111.8018556,1,1,12,5,14,1,0,25,1,5,1,0,3,1,1,1,49,2,1,1,1,1,2,2,2,2,2,3,2,2,1,2,2,2,"Utah",0
"29618",490238,49,5826,41.46774722,-112.0546972,6,6,12,6,15,1,0,12,0,1,1,0,1,1,10,1,49,2,1,1,1,3,2,1,2,2,2,3,2,2,2,2,2,2,"Utah",0
"29619",490239,49,8196,40.48475278,-111.4049722,2,2,12,3,17,2,0,12,0,2,3,0,1,5,10,1,49,1,2,1,1,2,2,2,2,1,2,2,2,2,2,2,1,2,"Utah",0
"29620",490240,49,7433,40.74554722,-111.6921833,1,1,12,4,20,1,0,43,0,1,1,0,3,2,1,1,49,2,1,2,1,1,2,2,2,1,2,2,2,1,2,2,2,1,"Utah",0
"29621",490241,49,5841,41.45966667,-112.0372667,2,2,12,5,17,2,0,12,0,1,1,0,1,2,2,1,49,1,2,1,1,2,2,2,2,2,2,3,2,2,2,2,2,2,"Utah",0
"29622",490242,49,11176,39.13016111,-110.3367833,1,1,12,6,16,2,0,24,0,1,1,0,4,1,10,1,49,1,2,1,1,1,2,2,2,1,2,2,2,2,2,2,2,2,"Utah",0
"29623",490243,49,6393,41.18564167,-112.0259028,1,1,12,6,5,6,0,8,0,1,1,0,1,2,1,1,49,2,2,2,1,1,2,2,1,2,2,2,2,2,2,2,2,2,"Utah",0
"29624",490244,49,7862,40.63068333,-111.8505778,4,4,11,5,3,1,0,12,0,1,1,0,1,2,10,1,49,2,1,2,1,3,2,1,2,2,2,1,2,2,1,2,2,2,"Utah",1
"29625",490245,49,11547,38.97348889,-110.1077667,9,9,12,4,16,1,0,1,0,1,1,0,4,1,1,2,49,1,1,1,1,1,2,2,2,1,2,3,2,2,2,2,2,2,"Utah",0
"29626",490246,49,6034,41.35989167,-112.0433639,5,5,12,2,19,1,0,25,0,1,1,0,4,2,4,1,49,1,1,2,1,3,2,1,2,2,2,3,2,2,2,2,2,2,"Utah",0
"29627",490247,49,6473,41.13834722,-111.8570583,4,4,12,4,17,3,0,24,0,1,1,0,4,2,1,1,49,1,2,1,1,2,2,2,2,2,2,3,2,2,2,2,2,2,"Utah",0
"29628",490248,49,7660,40.68374722,-111.45805,3,3,11,3,19,3,0,25,0,1,1,0,4,2,10,1,49,2,2,2,1,2,2,2,2,2,2,2,2,2,2,2,2,2,"Utah",0
"29629",490249,49,9124,40.04364167,-111.7425917,2,2,12,2,6,6,0,8,0,2,3,0,1,3,1,1,49,2,2,1,1,2,2,2,1,2,2,2,1,2,2,2,2,2,"Utah",0
"29630",490250,49,8491,40.34653889,-111.7632694,10,10,12,6,11,1,0,12,0,1,1,0,1,1,1,1,49,2,1,1,1,3,2,2,2,2,2,3,2,2,2,2,2,2,"Utah",0
"29631",490251,49,8571,40.3064,-111.725675,4,4,12,4,10,1,0,12,0,1,1,0,1,1,1,1,49,2,1,1,1,3,2,2,2,2,2,3,2,2,1,2,2,2,"Utah",0
"29632",490252,49,7809,40.6461,-111.9468583,2,2,11,1,10,1,0,31,0,1,1,0,4,1,1,1,49,2,1,1,2,1,2,2,2,2,2,2,1,2,2,2,2,2,"Utah",1
"29633",490253,49,5336,41.66663889,-112.1407889,2,2,12,2,17,3,0,12,0,8,1,0,1,5,1,1,49,2,2,1,1,2,2,2,2,2,2,3,2,1,2,2,2,2,"Utah",0
"29634",490254,49,10307,39.60102222,-110.8121556,1,1,12,6,18,6,0,33,0,1,1,0,4,3,1,1,49,2,2,2,2,1,2,1,2,2,2,3,2,2,2,2,2,2,"Utah",0
"29635",490255,49,4931,41.83946667,-112.4362056,1,1,12,3,7,1,0,31,0,1,1,0,3,1,10,1,49,1,1,1,1,1,2,2,2,1,2,2,2,2,2,2,2,2,"Utah",0
"29636",490256,49,6456,41.15100833,-112.0255889,1,1,11,2,9,1,0,8,0,1,1,0,1,1,1,1,49,2,1,1,1,1,2,2,1,2,2,3,2,2,2,2,2,2,"Utah",0
"29637",490257,49,5760,41.49598056,-111.9616,4,4,12,4,8,2,0,12,0,1,1,0,1,1,1,1,49,1,2,1,1,3,2,1,2,2,2,3,2,1,1,2,2,2,"Utah",0
"29638",490258,49,8411,40.38603333,-111.8572083,1,1,12,5,12,8,0,8,0,1,1,0,5,1,1,1,49,3,3,1,1,1,2,2,1,2,2,2,2,2,2,2,2,2,"Utah",0
"29639",490259,49,7701,40.67264444,-112.0108278,3,3,12,4,18,9,0,8,0,1,1,0,1,9,99,1,49,3,3,2,1,1,2,2,1,2,2,3,2,2,2,1,1,2,"Utah",0
"29640",490260,49,8753,40.21461111,-111.6588306,4,4,12,7,17,2,0,12,0,2,2,0,1,3,1,1,49,2,2,1,2,2,2,2,2,2,2,3,2,1,2,2,2,2,"Utah",0
"29641",500001,50,1757,44.570475,-73.15556944,4,4,1,7,19,2,0,12,0,1,1,0,1,3,1,1,50,2,2,2,2,2,2,2,2,2,2,1,2,1,2,2,2,2,"Vermont",1
"29642",500002,50,1802,44.51205278,-73.09540556,3,3,1,2,6,3,0,12,0,1,1,0,1,4,4,2,50,2,2,1,1,2,2,1,2,2,2,2,2,1,2,2,2,2,"Vermont",0
"29643",500003,50,1827,44.47329167,-72.02466944,3,3,1,6,20,1,0,12,0,1,1,0,1,2,1,2,50,2,1,2,2,2,2,1,2,2,2,1,2,2,2,2,2,2,"Vermont",1
"29644",500004,50,1782,44.54229722,-73.19755278,3,3,4,7,17,1,0,42,0,1,1,0,4,1,1,1,50,2,1,1,2,1,2,2,2,2,2,2,1,2,2,2,2,2,"Vermont",0
"29645",500005,50,2106,44.04505833,-73.193625,2,2,4,3,17,5,0,9,0,1,1,0,1,1,1,1,50,1,2,1,1,1,2,2,2,2,2,1,2,2,2,2,2,2,"Vermont",1
"29646",500006,50,1916,44.32636389,-73.10287778,1,1,4,1,11,3,0,9,0,1,1,0,2,1,10,2,50,1,2,1,2,1,2,2,2,2,2,2,1,2,2,2,2,2,"Vermont",0
"29647",500007,50,2062,44.08835556,-72.51724444,1,1,5,7,16,5,0,42,0,1,1,0,4,1,1,1,50,1,2,1,2,1,1,1,2,2,2,1,2,2,2,2,2,2,"Vermont",1
"29648",500008,50,1567,44.89346667,-73.16612778,2,2,5,1,18,5,0,42,0,1,1,0,4,1,10,1,50,1,2,2,2,1,2,1,2,2,2,1,2,2,2,2,2,2,"Vermont",1
"29649",500009,50,1653,44.756125,-73.1544,1,1,5,6,23,5,0,1,0,1,1,0,4,2,1,1,50,1,2,2,2,1,1,1,2,2,2,2,1,2,2,2,2,2,"Vermont",0
"29650",500010,50,3275,42.87805833,-73.11529167,2,2,5,1,16,3,0,24,0,1,1,0,4,1,1,2,50,1,2,1,2,1,1,2,2,2,2,2,2,2,2,2,2,2,"Vermont",0
"29651",500011,50,1814,44.497525,-73.17345278,5,5,6,6,20,1,0,12,0,1,1,0,1,2,2,1,50,2,1,2,2,2,2,2,2,2,2,3,2,2,2,2,2,2,"Vermont",0
"29652",500012,50,2386,43.63403333,-73.17995,2,2,6,5,99,5,0,42,0,1,1,0,4,1,1,1,50,1,2,3,1,1,2,1,2,2,2,1,2,2,1,2,2,2,"Vermont",1
"29653",500013,50,2430,43.59971944,-72.71728889,2,2,6,2,14,2,0,12,0,1,1,0,1,1,2,1,50,1,2,1,1,2,1,2,2,2,2,3,2,1,2,2,1,2,"Vermont",0
"29654",500014,50,1983,44.23503611,-73.24325556,1,1,6,4,17,5,0,9,0,1,1,0,1,1,1,1,50,1,2,1,1,1,2,2,2,2,2,1,2,2,2,2,2,2,"Vermont",1
"29655",500015,50,1623,44.79983611,-72.78705278,3,3,6,6,12,5,0,42,0,1,1,0,4,1,1,1,50,1,2,1,1,1,2,2,2,2,2,2,2,2,2,2,2,2,"Vermont",0
"29656",500016,50,2375,43.64456111,-73.19834722,1,1,7,5,14,3,0,8,0,1,1,0,1,1,1,1,50,1,2,1,1,1,2,2,1,2,2,2,2,2,2,2,1,2,"Vermont",0
"29657",500017,50,1800,44.5124,-72.02635278,1,1,7,7,14,5,0,42,0,1,1,0,4,1,1,1,50,1,2,1,2,1,2,2,2,2,2,3,2,1,2,2,2,1,"Vermont",0
"29658",500018,50,1992,44.22142222,-72.55681389,3,3,7,2,11,3,0,12,0,1,1,1,1,1,1,1,50,2,2,1,1,2,2,2,2,2,2,2,2,2,2,2,2,2,"Vermont",0
"29659",500019,50,1706,44.674075,-72.132875,1,1,7,4,16,1,0,24,0,1,1,0,3,1,1,1,50,1,1,1,1,1,2,2,2,1,2,2,2,2,1,2,2,1,"Vermont",0
"29660",500020,50,1601,44.83815833,-73.10044722,3,3,7,1,17,3,0,12,0,1,1,0,1,1,1,1,50,2,2,1,2,2,2,2,2,2,2,1,2,1,2,2,1,2,"Vermont",1
"29661",500021,50,1717,44.65259722,-72.40581944,2,2,7,5,17,3,0,12,0,2,3,0,1,1,1,1,50,1,2,1,1,2,2,2,2,2,2,3,2,1,2,2,2,2,"Vermont",0
"29662",500022,50,1669,44.72889167,-73.19751667,2,2,7,7,11,5,0,12,0,1,1,0,1,1,1,1,50,1,2,1,2,2,1,2,2,2,2,3,2,1,2,2,2,2,"Vermont",0
"29663",500023,50,2612,43.35815556,-72.42360278,2,2,7,7,11,1,0,35,0,1,1,0,4,1,1,1,50,1,1,1,2,1,2,2,2,1,2,3,2,2,1,2,2,1,"Vermont",0