"","ST_CASE","OBJECT_ID","FID","LATITUDE","LONGITUD","PERMVIT","PERSONS","MONTH","DAY_WEEK","HOUR","ROUTE","SP_JUR","HARM_EV","RELJCT1","RELJCT2","TYP_INT","WRK_ZONE","REL_ROAD","LGT_COND","WEATHER","FATALS","STATE","A_RU","A_INTER","A_TOD","A_DOW","A_CT","A_MC","A_SPCRA","A_PED","A_ROLL","A_POLPUR","A_POSBAC","A_D15_20","A_D65PLS","A_D21_24","A_HR","A_DIST","A_DROWSY","STATE_NAME","drunkDr"
"29664",500024,50,2420,43.60751944,-72.75125278,2,2,7,6,22,2,0,11,0,2,3,0,1,2,1,1,50,1,2,2,2,1,2,2,2,2,2,2,2,2,2,2,2,2,"Vermont",0
"29665",500025,50,2961,43.07276389,-72.50995556,2,2,8,1,19,5,0,12,0,8,1,0,1,5,1,1,50,1,2,2,2,2,1,1,2,2,2,2,2,2,2,2,2,2,"Vermont",0
"29666",500026,50,1637,44.78374722,-71.91117222,2,2,8,1,12,3,0,30,0,1,1,0,4,1,1,1,50,1,2,1,2,1,2,2,2,2,2,2,2,2,2,2,2,2,"Vermont",0
"29667",500027,50,2302,43.73018333,-72.27982222,2,2,8,2,15,1,0,14,0,1,1,0,1,1,1,1,50,1,1,1,1,1,2,2,1,2,2,2,2,2,1,2,2,2,"Vermont",0
"29668",500028,50,2696,43.24777222,-72.85500556,1,1,8,1,2,5,0,42,0,1,1,0,4,2,1,1,50,1,2,2,2,1,2,2,2,2,2,1,2,2,1,2,2,1,"Vermont",1
"29669",500029,50,2166,43.96154167,-72.2876,1,1,8,7,12,3,0,24,0,1,1,0,4,1,1,1,50,1,2,1,2,1,1,2,2,2,2,2,2,1,2,2,2,2,"Vermont",0
"29670",500030,50,1574,44.88785833,-73.09116944,3,3,9,5,12,2,0,30,0,1,1,0,4,1,1,2,50,1,2,1,1,2,2,1,2,2,2,3,2,1,2,2,2,2,"Vermont",1
"29671",500031,50,3285,42.86626111,-72.72427222,3,3,9,6,16,3,0,12,0,1,1,0,1,1,1,1,50,1,2,1,1,2,2,2,2,2,2,3,2,1,2,2,2,2,"Vermont",0
"29672",500032,50,2619,43.35245,-73.18167222,1,1,9,2,15,3,0,9,0,1,1,0,2,1,1,1,50,1,2,1,1,1,2,2,2,2,2,3,2,2,1,2,2,1,"Vermont",0
"29673",500033,50,3279,42.87064722,-72.90395278,4,4,9,2,17,3,0,12,0,8,1,0,1,1,1,1,50,1,2,1,1,2,1,2,2,2,2,3,1,2,2,2,2,2,"Vermont",0
"29674",500034,50,2288,43.74889722,-73.04746667,2,2,9,6,5,2,0,12,0,1,1,0,1,4,1,1,50,1,2,2,1,2,1,2,2,2,2,3,2,2,2,2,2,2,"Vermont",0
"29675",500035,50,1997,44.210575,-72.93283889,1,1,9,7,16,3,0,1,0,1,1,0,4,1,1,1,50,1,2,1,2,1,1,1,2,2,2,2,2,2,2,2,2,2,"Vermont",0
"29676",500036,50,1587,44.86104722,-71.55100833,1,1,9,2,12,3,0,1,0,1,1,0,4,1,1,1,50,1,2,1,1,1,2,1,2,1,2,2,2,2,2,2,2,2,"Vermont",0
"29677",500037,50,2159,43.97074167,-73.11654167,3,3,10,7,19,2,0,12,0,1,1,0,1,2,1,1,50,1,2,2,2,2,2,2,2,2,2,3,2,2,2,2,2,2,"Vermont",0
"29678",500038,50,1888,44.37319722,-72.87854167,2,2,10,3,21,2,0,11,0,1,1,0,1,2,1,1,50,1,2,2,1,1,2,2,2,2,2,2,2,2,1,2,2,2,"Vermont",0
"29679",500039,50,2436,43.59464722,-72.34906667,3,3,10,4,22,1,0,8,0,1,1,0,1,2,1,1,50,1,1,2,1,3,2,2,1,2,2,3,2,2,2,2,2,2,"Vermont",0
"29680",500040,50,1795,44.51901111,-72.62019167,3,3,10,5,6,3,0,12,0,1,1,0,1,2,5,1,50,1,2,1,1,3,2,2,2,2,2,3,2,2,2,2,2,2,"Vermont",0
"29681",500041,50,2235,43.82575833,-73.19336667,3,3,10,7,21,3,0,31,0,3,2,0,4,2,1,1,50,1,2,2,2,1,2,1,2,1,2,1,1,2,2,2,2,2,"Vermont",1
"29682",500042,50,1556,44.90898333,-72.81528889,1,1,11,5,2,5,0,30,0,1,1,0,4,2,1,1,50,1,2,2,1,1,2,1,2,2,2,1,2,2,2,2,2,2,"Vermont",1
"29683",500043,50,2656,43.30376667,-72.49253889,1,1,11,2,20,3,0,8,0,2,2,0,1,3,1,1,50,1,2,2,1,1,2,2,1,2,2,2,2,2,2,2,1,2,"Vermont",0
"29684",500044,50,1956,44.26986667,-72.45768333,1,1,11,4,0,2,0,1,0,1,1,0,4,2,1,1,50,1,2,2,1,1,2,1,2,1,2,1,2,2,2,2,2,2,"Vermont",1
"29685",500045,50,1581,44.87028889,-72.21462778,1,1,11,2,7,5,0,42,0,1,1,0,4,2,1,1,50,1,2,1,1,1,2,2,2,2,2,3,2,2,2,2,2,2,"Vermont",0
"29686",500046,50,1752,44.57544722,-72.59193333,1,1,12,5,12,5,0,14,0,3,3,0,5,1,2,1,50,1,2,1,1,1,2,2,2,2,2,3,2,1,2,2,2,2,"Vermont",0
"29687",500047,50,1700,44.68279722,-72.95126111,1,1,12,7,8,5,0,1,0,3,4,0,4,1,1,1,50,1,2,1,2,1,2,1,2,1,2,1,2,2,2,2,2,2,"Vermont",1
"29688",500048,50,1542,44.92594722,-72.96963611,1,1,12,7,16,3,0,8,0,1,1,0,2,5,1,1,50,1,2,1,2,1,2,2,1,2,2,3,2,2,2,1,2,2,"Vermont",0
"29689",500049,50,2558,43.42768333,-73.19641111,1,1,12,7,17,3,0,35,0,1,1,0,4,2,1,1,50,1,2,1,2,1,2,1,2,1,2,2,2,2,2,2,2,2,"Vermont",0
"29690",500050,50,2352,43.66465833,-72.81215833,7,7,12,3,14,2,0,12,0,1,1,0,1,1,2,3,50,1,2,1,1,2,2,1,2,2,2,2,2,2,2,2,2,2,"Vermont",0
"29691",510001,51,14997,37.04176944,-79.18940278,1,1,1,5,15,4,0,31,0,1,1,0,4,1,10,1,51,1,2,1,1,1,2,2,2,2,2,1,2,1,2,2,2,2,"Virginia",1
"29692",510002,51,11077,39.17771389,-78.17285278,1,1,1,6,18,9,0,9,0,2,3,0,1,3,10,1,51,2,2,2,2,1,2,2,2,2,2,2,2,1,2,2,2,2,"Virginia",0
"29693",510003,51,14998,37.04055556,-81.79805556,1,1,1,6,13,4,0,1,0,1,1,0,5,1,2,1,51,1,2,1,1,1,2,1,2,1,2,3,2,2,2,2,2,2,"Virginia",0
"29694",510004,51,14961,37.06475556,-79.34222222,3,3,1,1,15,2,0,12,0,2,2,0,1,1,2,1,51,1,2,1,2,2,2,2,2,2,2,1,2,1,2,2,2,2,"Virginia",1
"29695",510005,51,15169,36.92364444,-77.73658056,1,1,1,7,7,4,0,34,0,1,1,0,4,1,2,1,51,1,2,1,2,1,2,2,2,2,2,2,2,2,2,2,2,2,"Virginia",0
"29696",510006,51,15040,37.01281111,-78.81468056,2,2,1,3,1,4,0,42,0,1,1,0,4,2,10,1,51,1,2,2,1,1,2,2,2,2,2,2,1,2,2,2,2,2,"Virginia",0
"29697",510007,51,14420,37.40861111,-77.55638889,1,1,1,3,7,3,0,42,0,1,1,0,3,1,10,1,51,1,2,1,1,1,2,2,2,2,2,2,2,2,2,2,2,2,"Virginia",0
"29698",510008,51,15252,36.86336667,-76.14805556,1,1,1,1,1,9,0,38,0,3,3,0,4,3,2,1,51,2,2,2,2,1,2,2,2,2,1,1,2,2,2,2,2,2,"Virginia",1
"29699",510009,51,15043,37.01,-81.10305556,2,2,1,6,16,1,0,12,0,1,1,0,1,1,10,1,51,1,1,1,1,2,2,2,2,1,2,3,2,2,2,2,2,2,"Virginia",0
"29700",510010,51,12616,38.47798889,-78.82138889,1,1,1,5,19,2,0,8,0,1,1,0,1,2,10,1,51,1,2,2,1,1,2,2,1,2,2,3,2,2,2,1,2,2,"Virginia",0
"29701",510011,51,13729,37.80346944,-79.41972222,1,1,1,3,11,1,0,24,0,1,1,0,4,1,10,1,51,1,1,1,1,1,2,2,2,2,2,3,2,2,2,2,1,2,"Virginia",0
"29702",510012,51,15318,36.81111111,-80.97055556,2,2,1,5,14,3,0,12,0,1,1,0,1,1,10,1,51,1,2,1,1,2,2,2,2,2,2,3,2,1,2,2,1,2,"Virginia",1
"29703",510013,51,11545,38.97416667,-78.31333333,5,5,1,2,0,3,0,1,0,1,1,0,4,2,2,1,51,1,2,2,2,1,2,2,2,1,2,3,2,2,2,2,2,2,"Virginia",0
"29704",510014,51,14037,37.65944444,-77.44694444,1,1,1,4,5,1,0,1,1,5,1,0,4,4,3,1,51,2,1,2,1,1,2,2,2,1,2,2,2,1,2,2,2,2,"Virginia",0
"29705",510015,51,14899,37.10194444,-77.54416667,1,1,1,4,2,1,0,42,0,1,1,0,3,2,2,1,51,1,1,2,1,1,2,2,2,1,2,2,2,2,2,2,2,2,"Virginia",0
"29706",510016,51,13496,37.96194444,-77.92916667,2,2,1,5,20,4,0,42,0,1,1,0,4,2,10,1,51,1,2,2,1,1,2,2,2,2,2,2,2,2,1,2,2,2,"Virginia",0
"29707",510017,51,15288,36.83638889,-78.9725,1,1,1,7,18,2,0,53,0,1,1,0,4,2,10,1,51,1,2,2,2,1,2,2,2,2,2,1,1,2,2,2,2,2,"Virginia",1
"29708",510018,51,15364,36.78392222,-76.22523611,1,1,1,1,5,9,0,8,0,1,1,0,1,3,10,1,51,2,2,2,2,1,2,2,1,2,2,3,2,2,1,2,2,2,"Virginia",0
"29709",510019,51,14286,37.50235833,-77.28190278,3,3,1,2,6,1,0,12,1,18,1,0,1,2,10,1,51,2,1,1,1,2,2,2,2,2,2,3,2,2,2,2,2,2,"Virginia",0
"29710",510020,51,11931,38.79583333,-77.13940278,6,6,1,1,13,1,0,12,0,1,1,0,1,1,10,1,51,2,1,1,2,2,2,1,2,2,2,3,2,2,2,2,1,2,"Virginia",0
"29711",510021,51,15402,36.76527778,-76.60583333,1,1,1,3,17,2,0,14,0,1,1,0,1,5,10,1,51,1,2,1,1,1,2,2,2,2,2,2,2,1,2,2,1,2,"Virginia",0
"29712",510022,51,11791,38.85972222,-77.05333333,1,1,1,5,22,4,0,30,0,3,2,0,4,3,10,1,51,2,2,2,1,1,2,2,2,2,2,3,2,2,2,2,2,2,"Virginia",0
"29713",510023,51,13071,38.21,-78.38444444,2,2,1,3,3,2,0,8,0,1,1,0,1,2,10,1,51,1,2,2,1,2,2,2,1,2,2,3,2,2,2,1,2,2,"Virginia",0
"29714",510024,51,15106,36.96673611,-76.29468056,4,4,1,6,12,1,0,24,0,1,1,0,3,1,10,1,51,2,1,1,1,2,2,1,2,1,2,3,2,2,2,2,2,2,"Virginia",0
"29715",510025,51,15237,36.87055556,-76.44277778,1,1,1,1,7,6,0,30,0,3,2,0,4,1,10,1,51,2,2,1,2,1,2,2,2,2,2,2,2,1,2,2,2,2,"Virginia",0
"29716",510026,51,14159,37.59423333,-76.73031944,2,2,1,2,7,4,0,12,0,1,1,0,1,1,10,1,51,1,2,1,1,2,2,2,2,2,2,3,2,2,1,2,2,2,"Virginia",0
"29717",510027,51,14796,37.16465278,-77.66515,1,1,1,5,16,2,0,24,0,1,1,0,4,1,10,1,51,1,2,1,1,1,2,2,2,2,2,3,2,1,2,2,1,2,"Virginia",0
"29718",510028,51,10962,39.23888889,-78.10861111,1,1,1,6,4,2,0,19,0,3,3,0,4,3,10,1,51,2,2,2,1,1,2,2,2,2,2,2,2,2,2,2,2,2,"Virginia",0
"29719",510029,51,15380,36.77694444,-78.11888889,1,1,1,3,21,4,0,34,0,1,1,0,4,2,10,1,51,1,2,2,1,1,2,2,2,2,2,2,2,1,2,2,2,2,"Virginia",0
"29720",510030,51,15338,36.79888889,-78.77666667,1,1,1,7,1,2,0,1,0,1,1,0,1,2,10,1,51,1,2,2,2,1,2,2,2,1,2,3,2,2,2,2,2,2,"Virginia",0
"29721",510031,51,14792,37.167625,-76.47019167,1,1,2,1,21,2,0,8,0,3,3,4,1,2,2,1,51,2,2,2,2,1,2,2,1,2,2,3,2,2,2,1,2,2,"Virginia",1
"29722",510032,51,11849,38.83166667,-78.58194444,3,3,2,2,14,4,0,23,0,1,1,0,4,1,10,1,51,1,2,1,1,2,2,2,2,2,2,3,2,1,2,2,2,2,"Virginia",0
"29723",510033,51,14334,37.46638889,-77.67611111,4,4,2,3,8,4,0,12,0,2,4,0,1,1,10,1,51,2,2,1,1,2,2,2,2,2,2,3,2,1,2,2,1,2,"Virginia",0
"29724",510034,51,15618,36.62416667,-79.95916667,5,5,2,3,14,2,0,12,0,2,2,0,1,1,10,1,51,1,2,1,1,2,2,2,2,2,2,3,1,1,2,2,2,2,"Virginia",0
"29725",510035,51,14794,37.16691111,-80.45995833,5,5,1,7,20,3,0,12,1,18,1,0,1,2,10,1,51,2,2,2,2,3,2,2,2,1,2,3,2,2,2,2,2,2,"Virginia",0
"29726",510036,51,15346,36.79451389,-76.08190278,1,1,2,3,17,9,0,8,0,3,3,0,1,1,10,1,51,2,3,1,1,1,2,2,1,2,2,3,2,2,2,2,2,2,"Virginia",0
"29727",510037,51,14969,37.05916667,-78.9575,1,1,2,4,15,2,0,31,0,1,1,0,4,1,10,1,51,1,2,1,1,1,2,2,2,2,2,1,2,2,2,2,2,2,"Virginia",1
"29728",510038,51,13304,38.06478889,-78.651625,3,3,2,5,2,4,0,38,1,19,1,0,4,2,10,1,51,1,2,2,1,1,2,2,2,1,2,3,2,2,2,2,2,2,"Virginia",1
"29729",510039,51,10902,39.26916667,-78.31027778,1,1,2,4,9,2,0,30,0,1,1,0,4,1,10,1,51,1,2,1,1,1,2,2,2,1,2,2,2,2,2,2,2,2,"Virginia",0
"29730",510040,51,12399,38.59305556,-77.629125,3,3,2,6,10,4,0,12,0,1,1,0,1,1,10,1,51,1,2,1,1,2,2,2,2,2,2,3,2,1,1,2,2,2,"Virginia",0
"29731",510041,51,14542,37.33333333,-77.19621667,1,1,1,6,12,3,0,42,0,1,1,0,4,1,10,1,51,1,2,1,1,1,2,2,2,2,2,2,2,2,2,2,2,1,"Virginia",0
"29732",510042,51,15154,36.93916667,-82.531625,4,4,2,6,19,2,0,12,0,1,1,0,1,2,10,1,51,1,2,2,2,2,2,2,2,2,2,3,2,2,2,2,2,2,"Virginia",0
"29733",510043,51,14852,37.12777778,-82.62166667,4,4,2,7,12,2,0,12,0,2,2,0,1,1,10,1,51,1,2,1,2,2,2,2,2,2,2,3,2,1,2,2,2,2,"Virginia",0
"29734",510044,51,13827,37.7575,-80.01916667,1,1,2,7,10,3,0,42,0,1,1,0,4,1,10,1,51,1,2,1,2,1,2,1,2,1,2,1,2,2,2,2,1,2,"Virginia",1
"29735",510045,51,13376,38.01878056,-78.70452778,1,1,2,7,19,4,0,24,0,1,1,0,4,2,10,1,51,1,2,2,2,1,2,1,2,2,2,1,2,1,2,2,2,2,"Virginia",1
"29736",510046,51,14613,37.28975556,-77.38946389,2,2,2,2,12,1,0,1,0,1,1,0,1,1,10,1,51,1,1,1,1,1,2,2,2,1,2,3,1,2,2,2,2,2,"Virginia",0
"29737",510047,51,15712,36.55644444,-76.753,3,3,2,3,8,2,0,12,0,1,1,0,1,1,2,2,51,1,2,1,1,2,2,2,2,2,2,3,2,2,2,2,1,2,"Virginia",0
"29738",510048,51,15309,36.81472222,-76.34784167,1,1,2,1,2,1,0,1,0,1,1,0,4,3,10,1,51,2,1,2,2,1,2,2,2,1,2,2,2,2,1,2,2,2,"Virginia",0
"29739",510049,51,14951,37.06861944,-77.36829444,1,1,2,7,23,2,0,8,0,1,1,0,1,2,10,1,51,1,2,2,2,1,2,2,1,2,2,3,1,2,2,2,2,2,"Virginia",0
"29740",510050,51,15382,36.77618056,-76.071025,1,1,1,7,13,6,0,8,0,1,1,0,1,1,10,1,51,2,2,1,2,1,2,2,1,2,2,3,2,2,2,2,2,2,"Virginia",0
"29741",510051,51,12899,38.30364444,-77.95598333,3,3,2,4,6,2,0,12,0,2,2,0,1,2,10,1,51,1,2,1,1,2,2,2,2,1,2,3,2,1,2,2,2,2,"Virginia",0
"29742",510052,51,14895,37.10333333,-80.43583333,1,1,2,7,15,3,0,42,0,1,1,0,4,1,10,1,51,1,2,1,2,1,2,2,2,2,2,2,2,2,2,2,2,2,"Virginia",0
"29743",510053,51,14370,37.44256944,-79.86444444,2,2,2,2,23,1,0,24,0,1,1,0,3,2,10,1,51,1,1,2,1,1,2,2,2,2,2,2,2,2,2,2,2,2,"Virginia",0
"29744",510054,51,15525,36.68666667,-77.37638889,2,2,2,6,23,2,0,12,0,2,3,0,1,2,10,1,51,1,2,2,2,2,2,2,2,2,2,1,2,1,2,2,2,2,"Virginia",1
"29745",510055,51,10864,39.29083333,-78.27138889,1,1,2,1,0,2,0,35,0,1,1,0,4,2,10,1,51,1,2,2,2,1,2,2,2,1,2,1,2,1,2,2,2,2,"Virginia",1
"29746",510056,51,15189,36.90833333,-81.30361111,2,2,2,2,12,1,0,34,0,1,1,0,4,1,4,1,51,1,1,1,1,1,2,2,2,1,2,2,2,2,2,2,1,2,"Virginia",0
"29747",510057,51,15172,36.92138889,-76.04444444,2,2,1,6,2,2,0,42,0,1,1,0,3,2,10,1,51,1,2,2,1,1,2,2,2,2,2,1,2,2,2,2,2,1,"Virginia",1
"29748",510058,51,11553,38.9725,-77.62277778,4,4,2,2,21,2,0,12,0,1,1,0,1,2,4,1,51,1,2,2,1,2,2,2,2,2,2,3,2,1,2,2,2,2,"Virginia",0
"29749",510059,51,14632,37.27704722,-76.49423056,3,3,2,4,15,3,0,12,0,1,1,0,1,1,10,1,51,1,2,1,1,2,2,2,2,2,2,3,2,2,2,2,2,2,"Virginia",1
"29750",510060,51,15351,36.79083333,-76.39491389,2,2,2,3,21,1,0,12,0,1,1,2,1,3,10,1,51,2,1,2,1,2,2,2,2,2,2,1,2,1,2,2,2,2,"Virginia",1
"29751",510061,51,14368,37.44444444,-77.70324722,2,2,2,7,13,2,0,42,0,1,1,0,4,1,3,1,51,1,2,1,2,1,2,1,2,2,2,2,2,2,2,2,2,2,"Virginia",0
"29752",510062,51,14029,37.66527778,-77.46027778,1,1,2,4,5,2,0,9,0,1,1,0,1,2,10,1,51,2,2,2,1,1,2,2,2,2,2,3,2,2,2,2,2,2,"Virginia",0
"29753",510063,51,15575,36.64805556,-77.88861111,2,2,2,6,22,4,0,12,0,1,1,0,1,2,10,1,51,1,2,2,2,2,2,2,2,2,2,1,2,2,1,1,1,2,"Virginia",1
"29754",510064,51,14472,37.37111111,-77.81416667,1,1,2,3,6,2,0,42,9,99,1,0,3,3,10,1,51,1,2,1,1,1,2,2,2,2,2,1,2,1,2,2,2,2,"Virginia",1
"29755",510065,51,15072,36.99666667,-76.47638889,2,2,2,3,0,2,0,12,1,18,1,0,1,3,10,1,51,1,2,2,1,2,2,2,2,2,2,1,2,2,2,2,1,2,"Virginia",1
"29756",510066,51,11562,38.97083333,-77.78666667,1,1,1,6,19,2,0,35,0,1,1,0,4,2,3,1,51,1,2,2,2,1,2,2,2,2,2,2,2,2,2,2,1,2,"Virginia",0
"29757",510067,51,14612,37.29,-77.42388889,1,1,2,4,6,4,0,42,0,1,1,0,4,2,10,1,51,2,2,1,1,1,2,2,2,2,2,1,2,2,1,2,2,2,"Virginia",1
"29758",510068,51,14996,37.04281111,-76.43301389,2,2,2,5,6,3,0,12,0,2,2,0,1,4,10,1,51,2,2,1,1,2,1,2,2,2,2,1,2,1,2,2,2,2,"Virginia",1
"29759",510069,51,11010,39.21277778,-78.26472222,1,1,2,4,9,2,1,1,0,1,1,0,3,1,10,1,51,1,2,1,1,1,2,2,2,1,2,1,2,2,2,2,2,2,"Virginia",1
"29760",510070,51,15225,36.885,-79.31861111,1,1,2,4,6,4,0,42,0,1,1,0,4,1,10,1,51,1,2,1,1,1,2,2,2,2,2,1,2,2,2,2,2,2,"Virginia",1
"29761",510071,51,14307,37.48805556,-77.60694444,2,2,2,6,18,4,0,43,0,1,1,0,6,9,10,2,51,1,2,2,2,1,2,2,2,2,2,2,2,1,2,2,2,2,"Virginia",0
"29762",510072,51,15600,36.63083333,-79.465,1,1,2,6,2,4,0,34,0,1,1,0,4,2,10,1,51,1,2,2,1,1,2,2,2,1,2,3,2,2,2,2,2,2,"Virginia",0
"29763",510073,51,15049,37.00722222,-79.35570556,1,1,2,7,16,2,0,1,0,1,1,0,4,1,10,1,51,1,2,1,2,1,2,2,2,1,2,1,2,1,2,2,2,2,"Virginia",1
"29764",510074,51,15245,36.86583333,-77.83638889,4,4,3,1,7,1,0,34,0,1,1,0,3,1,2,1,51,1,1,1,2,1,2,2,2,1,2,3,2,2,2,2,2,2,"Virginia",0
"29765",510075,51,15063,37.00083333,-76.41805556,2,2,2,4,18,6,0,12,0,2,2,0,1,3,10,1,51,1,2,2,1,2,1,1,2,2,2,3,2,2,2,2,2,2,"Virginia",0
"29766",510076,51,11976,38.77395556,-77.08083333,2,2,1,3,23,2,0,8,0,3,2,0,1,3,10,1,51,2,2,2,1,2,2,2,1,2,2,3,2,2,2,2,2,2,"Virginia",0
"29767",510077,51,14262,37.51611111,-77.595,2,2,2,5,18,4,0,38,0,3,2,0,5,2,10,1,51,2,2,2,1,1,2,2,2,2,2,3,2,1,2,2,2,2,"Virginia",0
"29768",510078,51,15299,36.82409722,-76.41051389,5,5,2,6,17,3,0,12,0,1,1,0,1,1,4,1,51,2,2,1,1,3,2,1,2,2,2,3,2,1,2,2,2,2,"Virginia",1
"29769",510079,51,15005,37.03527778,-81.98833333,3,3,3,1,9,3,0,24,0,1,1,0,4,1,10,1,51,1,2,1,2,2,2,2,2,2,2,3,2,2,2,2,2,2,"Virginia",0
"29770",510080,51,15176,36.91777778,-81.09856944,2,2,2,6,21,2,0,24,0,1,1,0,4,2,10,2,51,1,2,2,2,1,2,2,2,1,2,2,2,2,2,2,2,2,"Virginia",0
"29771",510081,51,15238,36.86968889,-78.59940278,1,1,3,2,16,4,0,42,0,1,1,0,4,1,10,1,51,1,2,1,1,1,2,2,2,2,2,2,2,1,2,2,2,2,"Virginia",0
"29772",510082,51,15435,36.74527778,-81.85968056,1,1,2,5,20,2,0,8,0,1,1,0,1,2,10,1,51,1,2,2,1,1,2,2,1,2,2,3,2,2,2,2,2,2,"Virginia",0
"29773",510083,51,14666,37.24611111,-78.33444444,1,1,3,3,10,4,0,1,0,1,1,0,4,1,10,1,51,1,2,1,1,1,2,2,2,1,2,2,2,1,2,2,2,2,"Virginia",0
"29774",510084,51,13951,37.69944444,-77.74083333,5,5,3,1,20,1,0,12,0,1,1,0,1,2,2,2,51,1,1,2,2,3,2,1,2,2,2,3,2,2,1,2,2,2,"Virginia",1
"29775",510085,51,15633,36.61107778,-79.893525,1,1,2,6,21,4,0,35,0,1,1,0,4,2,10,1,51,1,2,2,2,1,2,2,2,1,2,1,2,2,2,2,2,2,"Virginia",1
"29776",510086,51,15421,36.75416667,-76.51472222,2,2,2,3,8,2,0,12,0,1,1,0,1,1,10,1,51,1,2,1,1,2,2,2,2,2,1,3,2,2,2,2,2,2,"Virginia",0
"29777",510087,51,15138,36.94451389,-80.95726389,2,2,2,7,7,1,0,24,0,1,1,0,4,1,4,1,51,1,1,1,2,1,2,2,2,1,2,3,2,2,2,2,2,2,"Virginia",0
"29778",510088,51,11964,38.78083333,-77.17944444,2,2,3,1,15,1,0,24,0,5,1,0,4,1,3,1,51,2,1,1,2,1,2,2,2,1,2,3,2,2,1,2,1,2,"Virginia",0
"29779",510089,51,14014,37.67107778,-77.49213611,4,4,3,5,13,1,0,42,0,1,1,0,4,1,3,1,51,2,1,1,1,1,2,2,2,2,2,2,2,2,2,2,2,2,"Virginia",0
"29780",510090,51,15216,36.89305556,-80.78722222,1,1,3,6,17,3,0,42,0,1,1,0,4,1,10,1,51,1,2,1,1,1,2,2,2,2,2,1,2,2,2,2,2,2,"Virginia",1
"29781",510091,51,14515,37.34472222,-77.70888889,1,1,3,7,21,4,0,53,0,1,1,0,4,2,10,1,51,1,2,2,2,1,2,2,2,2,2,1,2,2,2,2,2,2,"Virginia",1
"29782",510092,51,14393,37.42710833,-77.64138889,3,3,3,7,22,4,0,12,0,1,1,0,1,3,10,1,51,2,2,2,2,2,2,1,2,2,2,1,1,2,2,2,2,2,"Virginia",1
"29783",510093,51,14858,37.12555556,-80.37916667,2,2,3,5,18,1,0,12,0,1,1,0,1,1,4,1,51,2,1,2,1,2,2,2,2,2,2,3,2,2,2,2,1,2,"Virginia",0
"29784",510094,51,14316,37.48194444,-76.92888889,1,1,3,1,12,1,0,42,0,1,1,0,4,1,10,1,51,1,1,1,2,1,2,2,2,2,2,2,2,2,2,2,2,2,"Virginia",0
"29785",510095,51,14611,37.29027778,-76.50944444,4,4,3,7,14,2,0,12,0,1,1,0,1,1,10,1,51,2,2,1,2,3,2,1,2,2,2,1,1,2,2,2,1,2,"Virginia",1
"29786",510096,51,14418,37.40944444,-76.88027778,1,1,3,1,20,4,0,8,0,1,1,0,1,2,10,1,51,1,2,2,2,1,2,2,1,2,2,3,2,2,2,2,2,2,"Virginia",0
"29787",510097,51,14644,37.26416667,-76.67416667,1,1,3,5,20,3,0,8,0,3,3,0,1,2,3,1,51,2,2,2,1,1,2,2,1,2,2,3,2,2,1,2,2,2,"Virginia",0
"29788",510098,51,13126,38.17746667,-79.09301389,4,4,1,7,10,2,0,12,0,2,2,0,1,1,3,1,51,2,2,1,2,2,2,2,2,2,2,3,2,2,2,2,2,2,"Virginia",0
"29789",510099,51,15218,36.89189722,-76.25801111,1,1,2,4,5,3,0,8,0,2,3,0,1,3,10,1,51,2,2,2,1,1,2,2,1,2,2,3,2,2,2,2,1,2,"Virginia",0
"29790",510100,51,13720,37.80676944,-77.47296944,1,1,2,3,5,2,0,34,0,1,1,0,4,2,10,1,51,1,2,2,1,1,2,2,2,2,2,1,2,2,2,2,2,2,"Virginia",1
"29791",510101,51,15093,36.97777778,-77.21472222,1,1,3,7,21,3,0,42,0,1,1,0,4,2,10,1,51,1,2,2,2,1,2,1,2,2,2,1,2,2,2,2,2,2,"Virginia",1
"29792",510102,51,12549,38.51145556,-78.79038333,3,3,3,2,21,2,0,12,0,8,1,0,1,2,10,1,51,1,2,2,1,2,1,2,2,2,2,3,2,2,2,2,2,2,"Virginia",0
"29793",510103,51,12764,38.38777778,-79.07305556,4,4,3,2,0,4,0,42,0,1,1,0,4,2,10,2,51,1,2,2,2,1,2,2,2,2,2,1,1,2,2,2,2,2,"Virginia",1
"29794",510104,51,12632,38.46805556,-77.67861111,5,5,3,7,21,2,0,12,0,1,1,0,1,2,10,1,51,1,2,2,2,2,2,2,2,2,2,1,2,2,2,2,2,2,"Virginia",1
"29795",510105,51,14318,37.47833333,-76.91472222,1,1,3,6,9,1,0,42,1,5,1,0,8,1,10,1,51,1,1,1,1,1,2,2,2,2,2,2,2,2,2,2,2,2,"Virginia",0
"29796",510106,51,11334,39.06916667,-78.11805556,1,1,3,4,6,4,0,42,0,1,1,0,4,2,10,1,51,1,2,1,1,1,2,2,2,2,2,2,2,2,2,2,2,2,"Virginia",0
"29797",510107,51,14534,37.33583333,-77.33888889,3,3,3,4,17,1,0,12,0,1,1,0,1,1,10,1,51,2,1,1,1,3,2,2,2,2,2,1,2,2,2,2,2,2,"Virginia",1
"29798",510108,51,14999,37.03972222,-76.34824722,1,1,1,6,20,6,0,8,0,1,1,0,1,3,10,1,51,2,2,2,2,1,1,2,1,2,2,3,2,2,2,2,1,2,"Virginia",1