"","ST_CASE","OBJECT_ID","FID","LATITUDE","LONGITUD","PERMVIT","PERSONS","MONTH","DAY_WEEK","HOUR","ROUTE","SP_JUR","HARM_EV","RELJCT1","RELJCT2","TYP_INT","WRK_ZONE","REL_ROAD","LGT_COND","WEATHER","FATALS","STATE","A_RU","A_INTER","A_TOD","A_DOW","A_CT","A_MC","A_SPCRA","A_PED","A_ROLL","A_POLPUR","A_POSBAC","A_D15_20","A_D65PLS","A_D21_24","A_HR","A_DIST","A_DROWSY","STATE_NAME","drunkDr"
"29799",510109,51,14251,37.52168333,-77.52823333,1,1,3,3,18,3,0,8,0,1,1,0,1,1,10,1,51,2,2,2,1,1,2,1,1,2,2,3,2,2,2,2,2,2,"Virginia",0
"29800",510110,51,15542,36.67027778,-79.06555556,1,1,3,6,10,4,0,35,0,1,1,0,4,1,10,1,51,1,2,1,1,1,2,2,2,2,2,2,2,2,2,2,2,2,"Virginia",0
"29801",510111,51,15434,36.74555556,-77.67805556,1,1,3,6,0,4,0,8,0,1,1,0,1,2,2,1,51,1,2,2,1,1,2,2,1,2,2,3,2,2,2,2,2,2,"Virginia",0
"29802",510112,51,14103,37.62583333,-77.3425,1,1,3,3,12,4,0,38,0,1,1,0,5,1,2,1,51,2,2,1,1,1,2,2,2,2,2,3,2,2,2,2,2,2,"Virginia",0
"29803",510113,51,15116,36.96027778,-77.97,1,1,3,1,14,3,0,42,0,1,1,0,4,1,10,1,51,1,2,1,2,1,2,2,2,1,2,2,2,1,2,2,2,2,"Virginia",0
"29804",510114,51,15161,36.93166667,-76.24416667,2,2,2,7,2,3,0,42,0,1,1,0,4,3,10,1,51,2,2,2,2,1,2,2,2,2,2,3,2,2,1,2,2,2,"Virginia",1
"29805",510115,51,11843,38.8351,-77.45568333,1,1,3,4,6,2,0,8,1,18,1,0,1,3,2,1,51,2,2,1,1,1,2,2,1,2,2,3,2,2,2,2,2,2,"Virginia",0
"29806",510116,51,15688,36.57305556,-79.25444444,2,2,3,1,0,4,0,12,0,1,1,0,1,2,10,1,51,1,2,2,2,2,1,2,2,2,2,1,2,2,1,2,2,2,"Virginia",2
"29807",510117,51,12694,38.43166667,-79.03944444,3,3,3,4,11,4,0,12,0,2,2,0,1,1,10,1,51,1,2,1,1,2,2,2,2,2,2,3,1,2,2,2,2,2,"Virginia",0
"29808",510118,51,13042,38.22656389,-78.03133611,1,1,3,2,12,4,0,42,0,3,4,0,4,1,10,1,51,1,2,1,1,1,2,2,2,2,2,2,2,1,2,2,2,2,"Virginia",0
"29809",510119,51,14642,37.26749167,-78.25702222,1,1,3,2,10,4,0,42,0,1,1,0,4,1,10,1,51,1,2,1,1,1,2,2,2,2,2,2,2,2,2,2,2,2,"Virginia",0
"29810",510120,51,12138,38.69694444,-77.765,1,1,3,4,15,4,0,42,0,1,1,0,4,1,10,1,51,1,2,1,1,1,2,2,2,2,2,2,2,2,2,2,1,2,"Virginia",0
"29811",510121,51,14205,37.55583333,-77.37222222,1,1,3,3,18,4,0,42,0,1,1,0,4,5,10,1,51,2,2,2,1,1,2,2,2,2,2,2,2,2,2,2,2,2,"Virginia",0
"29812",510122,51,15335,36.79972222,-76.06559722,1,1,3,2,18,6,0,40,0,3,2,0,4,1,10,1,51,2,2,2,1,1,2,1,2,1,2,3,2,2,1,2,2,2,"Virginia",1
"29813",510123,51,14391,37.42756944,-80.14074722,1,1,3,1,1,3,0,32,0,1,1,0,4,2,10,1,51,1,2,2,2,1,2,2,2,2,2,1,2,2,2,2,2,2,"Virginia",1
"29814",510124,51,14576,37.31290278,-79.95183889,6,6,1,7,2,2,0,12,0,2,3,0,1,3,10,3,51,2,2,2,2,2,2,1,2,2,2,1,2,2,1,2,2,2,"Virginia",2
"29815",510125,51,12470,38.5575,-77.32444444,1,1,3,3,12,4,0,30,0,3,3,0,4,1,10,1,51,2,2,1,1,1,2,2,2,2,2,1,2,2,2,2,1,2,"Virginia",1
"29816",510126,51,15308,36.81694444,-76.26555556,1,1,3,5,20,3,0,8,0,3,3,0,1,3,10,1,51,2,2,2,1,1,2,2,1,2,2,3,2,2,2,2,2,2,"Virginia",0
"29817",510127,51,11244,39.10416667,-77.90805556,1,1,4,4,13,4,0,42,0,1,1,0,4,1,10,1,51,1,2,1,1,1,2,2,2,2,2,2,2,2,2,2,2,2,"Virginia",0
"29818",510128,51,14776,37.17694444,-81.7425,1,1,4,4,10,4,0,42,0,1,1,0,4,1,10,1,51,1,2,1,1,1,2,1,2,1,2,1,2,1,2,2,2,2,"Virginia",1
"29819",510129,51,13891,37.73166667,-75.65833333,1,1,3,3,3,2,0,8,0,3,2,0,1,2,10,1,51,1,2,2,1,1,2,2,1,2,2,3,2,2,2,1,2,2,"Virginia",0
"29820",510130,51,11696,38.90392222,-77.12856944,3,3,4,6,20,3,0,12,0,3,2,0,1,3,10,1,51,2,2,2,2,3,2,1,2,1,2,1,2,2,1,2,1,2,"Virginia",1
"29821",510131,51,15183,36.91277778,-76.26305556,3,3,4,5,5,1,0,1,0,1,1,0,1,3,10,1,51,2,1,2,1,3,1,2,2,2,2,1,2,2,2,1,1,2,"Virginia",1
"29822",510132,51,10915,39.26583333,-78.09666667,2,2,3,2,23,1,0,12,0,1,1,0,1,2,10,1,51,1,1,2,1,2,2,2,2,1,2,3,2,2,2,2,1,2,"Virginia",0
"29823",510133,51,12524,38.52361111,-77.82944444,1,1,4,6,14,2,0,1,0,1,1,0,4,1,2,1,51,1,2,1,1,1,2,2,2,1,2,2,2,2,2,2,2,2,"Virginia",0
"29824",510134,51,14728,37.21055556,-76.61690278,2,2,2,7,19,2,0,12,0,1,1,0,1,2,10,1,51,2,2,2,2,2,2,2,2,2,2,1,2,2,2,2,2,2,"Virginia",2
"29825",510135,51,13680,37.83083333,-77.35583333,1,1,4,6,1,3,0,34,0,1,1,0,4,2,10,1,51,1,2,2,1,1,2,2,2,1,2,2,2,2,2,2,2,2,"Virginia",0
"29826",510136,51,14381,37.43405,-77.63408611,4,4,4,2,13,3,0,12,0,1,1,0,1,1,10,1,51,2,2,1,1,3,2,1,2,2,2,1,2,1,2,2,2,2,"Virginia",1
"29827",510137,51,15330,36.80111111,-76.20055556,1,1,4,3,6,1,0,25,0,1,1,0,4,4,10,1,51,2,1,1,1,1,2,2,2,1,2,1,2,2,2,2,2,2,"Virginia",1
"29828",510138,51,14548,37.32944444,-77.34444444,1,1,4,3,21,6,0,8,0,1,1,0,1,3,10,1,51,2,2,2,1,1,2,2,1,2,2,3,2,2,2,1,2,2,"Virginia",0
"29829",510139,51,15411,36.75944444,-76.01527778,3,3,4,1,14,6,0,12,0,1,1,0,1,1,10,1,51,2,2,1,2,2,2,1,2,2,2,1,2,2,2,2,2,2,"Virginia",1
"29830",510140,51,14246,37.52944444,-77.31111111,2,2,4,3,5,1,0,24,0,1,1,0,3,2,2,1,51,2,1,2,1,2,2,2,2,2,2,3,2,1,2,2,2,2,"Virginia",0
"29831",510141,51,14129,37.61361111,-79.59111111,1,1,4,6,16,1,0,59,0,1,1,0,4,1,2,1,51,1,1,1,1,1,2,2,2,2,2,2,2,2,2,2,2,2,"Virginia",0
"29832",510142,51,13306,38.0609,-77.40703056,1,1,4,1,0,4,0,1,0,1,1,0,4,2,10,1,51,1,2,2,2,1,2,2,2,1,2,1,2,2,2,2,2,2,"Virginia",1
"29833",510143,51,11878,38.81638889,-77.13638889,3,3,4,5,21,1,0,12,0,20,1,0,1,3,2,2,51,2,1,2,1,3,2,2,2,2,2,1,2,1,2,2,2,2,"Virginia",1
"29834",510144,51,14165,37.58781944,-77.473025,2,2,4,1,14,1,0,12,1,5,1,0,1,1,10,1,51,2,1,1,2,2,2,2,2,2,2,1,2,1,2,2,2,2,"Virginia",1
"29835",510145,51,14716,37.21972222,-80.36472222,5,5,4,7,2,4,0,42,0,1,1,0,4,2,10,1,51,1,2,2,2,1,2,2,2,1,2,3,2,2,1,2,2,2,"Virginia",1
"29836",510146,51,14188,37.56562222,-77.49963611,2,2,4,2,14,6,0,12,0,1,1,0,1,1,10,1,51,2,2,1,1,2,2,2,2,2,2,1,2,2,2,2,2,2,"Virginia",1
"29837",510147,51,12748,38.40027778,-77.44472222,2,2,4,2,14,4,0,12,0,8,1,0,1,1,10,1,51,1,2,1,1,2,2,2,2,2,2,3,2,1,2,2,2,2,"Virginia",0
"29838",510148,51,14749,37.19333333,-78.14555556,2,2,4,7,16,3,0,12,0,2,2,0,1,1,10,1,51,1,2,1,2,2,1,2,2,2,2,3,2,1,2,2,2,2,"Virginia",0
"29839",510149,51,12887,38.31444444,-77.41166667,1,1,4,2,2,4,0,41,0,1,1,0,4,2,10,1,51,2,2,2,2,1,2,2,2,1,2,3,2,2,2,2,2,2,"Virginia",1
"29840",510150,51,13624,37.87527778,-76.54583333,1,1,4,3,9,4,0,35,0,1,1,0,4,1,10,1,51,1,2,1,1,1,2,2,2,2,2,2,2,1,2,2,2,2,"Virginia",0
"29841",510151,51,14771,37.18187222,-82.29976389,5,5,4,1,15,4,0,35,0,1,1,0,4,1,10,1,51,1,2,1,2,1,2,1,2,2,2,2,1,2,2,2,2,2,"Virginia",0
"29842",510152,51,15425,36.75194444,-79.98138889,1,1,4,3,16,3,0,35,0,1,1,0,4,1,2,1,51,1,2,1,1,1,2,2,2,1,2,3,2,2,2,2,2,2,"Virginia",0
"29843",510153,51,13023,38.23787778,-77.55737222,3,3,4,1,15,4,0,1,0,3,99,0,1,1,10,1,51,2,2,1,2,3,1,1,2,2,2,3,2,2,1,2,2,2,"Virginia",0
"29844",510154,51,15556,36.66138889,-78.77880278,1,1,4,5,14,2,0,42,0,1,1,0,4,1,10,1,51,1,2,1,1,1,2,2,2,2,2,2,2,1,2,2,2,2,"Virginia",0
"29845",510155,51,14455,37.38527778,-78.40527778,7,7,4,3,10,4,0,12,0,1,1,0,1,1,2,1,51,1,2,1,1,2,2,2,2,2,2,3,2,2,1,2,2,2,"Virginia",0
"29846",510156,51,13735,37.80055556,-80.04963611,2,2,4,4,15,2,0,12,0,1,1,0,1,1,2,1,51,1,2,1,1,2,2,2,2,2,2,3,1,2,2,2,1,2,"Virginia",0
"29847",510157,51,15291,36.83286667,-76.19591111,2,2,4,4,6,1,0,1,0,1,1,0,1,1,10,1,51,2,1,1,1,2,1,2,2,2,2,3,2,2,2,2,2,2,"Virginia",0
"29848",510158,51,15386,36.77416667,-76.02666667,1,1,4,4,22,6,0,42,0,1,1,0,3,3,10,1,51,2,2,2,1,1,2,2,2,1,2,1,2,2,2,2,2,2,"Virginia",1
"29849",510159,51,15415,36.75753333,-79.53341944,2,2,4,1,17,4,0,34,0,1,1,0,4,1,2,1,51,1,2,1,2,1,2,2,2,1,2,3,2,2,2,2,2,2,"Virginia",0
"29850",510160,51,13205,38.12527778,-79.0325,4,4,4,2,18,2,0,12,0,2,2,0,1,1,10,2,51,2,2,2,1,2,2,1,2,2,2,1,2,2,2,2,1,2,"Virginia",2
"29851",510161,51,15111,36.96270833,-78.49444444,2,2,4,7,15,2,0,42,0,1,1,0,4,1,10,1,51,1,2,1,2,1,2,2,2,2,2,3,2,2,2,2,2,2,"Virginia",0
"29852",510162,51,14811,37.15468889,-78.32508611,1,1,4,7,6,4,0,35,0,1,1,0,4,2,10,1,51,1,2,1,2,1,2,2,2,2,2,1,2,2,1,2,2,2,"Virginia",1
"29853",510163,51,15219,36.89166667,-81.44027778,1,1,4,2,13,4,0,1,0,1,1,0,1,1,10,1,51,1,2,1,1,1,1,2,2,2,2,2,2,2,2,2,2,2,"Virginia",0
"29854",510164,51,14317,37.48052222,-76.92218056,1,1,4,4,19,1,0,42,0,1,1,0,3,5,10,1,51,1,1,2,1,1,2,2,2,2,2,2,2,2,2,2,2,2,"Virginia",0
"29855",510165,51,14094,37.63201111,-79.43968056,6,6,4,1,15,2,0,12,0,2,3,0,1,1,2,2,51,1,2,1,2,2,2,2,2,2,2,3,1,2,1,2,1,1,"Virginia",0
"29856",510166,51,14905,37.09979167,-79.80758611,2,2,4,6,16,4,0,12,0,1,1,0,1,1,10,1,51,1,2,1,1,2,2,2,2,2,2,1,2,2,2,2,2,2,"Virginia",2
"29857",510167,51,15605,36.62861111,-79.39861111,1,1,4,7,3,2,0,46,0,3,2,0,4,3,10,1,51,1,2,2,2,1,2,2,2,2,2,1,2,2,2,2,1,2,"Virginia",1
"29858",510168,51,14908,37.09722222,-78.47333333,2,2,4,6,17,2,0,12,0,2,3,0,1,1,10,1,51,1,2,1,1,2,2,2,2,2,2,3,2,1,2,2,2,2,"Virginia",0
"29859",510169,51,14069,37.64555556,-79.12638889,1,1,4,2,13,2,0,35,0,1,1,0,4,1,10,1,51,1,2,1,1,1,2,2,2,1,2,2,2,2,2,2,2,2,"Virginia",0
"29860",510170,51,14470,37.37218889,-77.97681667,2,2,4,6,23,4,0,42,0,1,1,0,4,2,10,1,51,1,2,2,2,1,2,2,2,1,2,3,2,2,1,2,2,2,"Virginia",1
"29861",510171,51,14275,37.50558889,-77.09463611,7,7,3,4,9,1,0,12,0,1,1,0,1,1,2,1,51,1,1,1,1,3,2,2,2,2,2,3,2,2,2,1,1,1,"Virginia",0
"29862",510172,51,15202,36.90166667,-82.07305556,1,4,3,4,13,2,0,59,0,1,1,0,4,1,10,1,51,1,2,1,1,1,2,2,2,2,2,3,2,2,2,2,1,2,"Virginia",0
"29863",510173,51,15690,36.57111111,-76.58269167,2,2,4,3,6,2,0,12,0,1,1,0,1,1,10,2,51,1,2,1,1,2,2,2,2,2,2,2,2,2,2,2,1,1,"Virginia",0
"29864",510174,51,13557,37.92727778,-75.64274722,2,2,4,3,16,4,0,12,0,2,2,0,1,1,10,1,51,1,2,1,1,2,2,2,2,2,2,3,2,2,1,2,1,2,"Virginia",0
"29865",510175,51,11798,38.85451111,-77.45051389,1,1,2,5,18,4,0,8,0,2,3,0,1,3,10,1,51,2,2,2,1,1,2,2,1,2,2,3,2,2,2,1,2,2,"Virginia",0
"29866",510176,51,13341,38.03638889,-79.03027778,1,1,4,3,2,2,0,59,0,3,2,0,4,3,10,1,51,1,2,2,1,1,2,1,2,1,2,2,1,2,2,2,2,2,"Virginia",0
"29867",510177,51,15273,36.84444444,-76.18444444,5,5,4,1,2,3,0,12,0,2,2,0,1,3,10,1,51,2,2,2,2,2,2,2,2,2,2,3,2,2,2,2,2,2,"Virginia",2
"29868",510178,51,12222,38.66367778,-77.24940278,2,2,5,6,21,3,0,12,0,2,2,0,1,3,10,1,51,2,2,2,2,2,1,2,2,2,1,3,2,2,2,1,2,2,"Virginia",0
"29869",510179,51,15515,36.69253056,-83.28050833,1,1,5,7,8,2,0,35,0,1,1,0,4,1,10,1,51,1,2,1,2,1,2,2,2,1,2,3,2,2,2,2,1,2,"Virginia",0
"29870",510180,51,13570,37.92062222,-78.29376111,3,3,5,7,9,4,0,12,0,1,1,0,1,1,10,1,51,1,2,1,2,2,2,2,2,2,2,3,2,1,2,2,2,2,"Virginia",0
"29871",510181,51,15196,36.90555556,-80.07944444,1,1,5,7,21,3,0,35,0,1,1,0,4,2,10,1,51,1,2,2,2,1,2,2,2,1,2,1,2,2,2,2,2,2,"Virginia",1
"29872",510182,51,15329,36.80266667,-76.22752222,2,2,5,3,15,2,0,12,0,2,2,0,1,1,10,1,51,2,2,1,1,2,1,1,2,2,2,3,1,2,2,2,2,2,"Virginia",0
"29873",510183,51,13167,38.14916667,-76.82583333,1,1,5,2,0,4,0,53,0,1,1,0,4,2,10,1,51,1,2,2,2,1,2,2,2,1,2,1,2,2,1,2,2,2,"Virginia",1
"29874",510184,51,14584,37.30692778,-80.51619722,3,3,5,2,8,2,0,12,0,2,3,0,1,1,10,1,51,1,2,1,1,2,2,2,2,2,2,3,2,1,2,2,2,2,"Virginia",0
"29875",510185,51,15210,36.89722222,-81.36361111,1,1,5,6,21,2,0,24,0,1,1,0,4,2,10,1,51,1,2,2,2,1,2,2,2,2,2,1,2,2,2,2,2,2,"Virginia",1
"29876",510186,51,11563,38.96983611,-77.40648333,1,1,5,6,7,2,0,8,0,3,2,0,1,1,10,1,51,2,2,1,1,1,2,2,1,2,2,3,1,2,2,2,2,2,"Virginia",0
"29877",510187,51,15215,36.89416667,-80.97222222,2,2,5,1,17,3,0,12,0,2,3,0,1,1,10,1,51,1,2,1,2,2,1,2,2,2,2,2,2,2,2,2,2,2,"Virginia",0
"29878",510188,51,14760,37.18716111,-80.10282222,2,2,3,4,14,2,0,34,0,1,1,0,4,1,10,1,51,1,2,1,1,1,2,2,2,2,2,2,2,1,2,2,2,2,"Virginia",0
"29879",510189,51,14324,37.47472222,-77.27277778,2,2,5,5,17,2,0,12,0,2,3,0,1,1,10,1,51,1,2,1,1,2,1,2,2,2,2,1,2,1,2,2,2,2,"Virginia",1
"29880",510190,51,14928,37.08305556,-78.69472222,1,1,5,1,22,2,0,42,0,1,1,0,4,2,10,1,51,1,2,2,2,1,2,2,2,2,2,3,2,2,2,2,2,2,"Virginia",0
"29881",510191,51,11772,38.86833333,-78.64027778,1,1,5,3,6,2,0,1,0,1,1,0,4,4,10,1,51,1,2,1,1,1,2,2,2,1,2,2,1,2,2,2,2,2,"Virginia",0
"29882",510192,51,15256,36.85611111,-76.18361111,2,2,3,1,16,9,0,12,0,2,2,0,1,1,10,1,51,2,3,1,2,2,2,2,2,2,2,3,2,1,2,2,2,2,"Virginia",1
"29883",510193,51,15574,36.64944444,-76.35534167,5,5,5,4,13,2,0,12,0,2,2,0,1,1,10,1,51,1,2,1,1,3,2,2,2,2,2,3,1,2,1,2,1,2,"Virginia",0
"29884",510194,51,15280,36.84138889,-76.04833333,1,1,5,1,15,2,0,9,0,2,2,0,1,1,10,1,51,2,2,1,2,1,2,2,2,2,2,3,2,2,2,2,2,2,"Virginia",0
"29885",510195,51,15322,36.80926944,-76.21908056,1,1,5,7,20,2,0,8,0,3,2,0,1,3,10,1,51,2,2,2,2,1,2,2,1,2,2,3,2,1,2,2,2,2,"Virginia",0
"29886",510196,51,11712,38.89944444,-77.07166667,1,1,4,5,2,2,0,1,0,1,1,0,1,3,10,1,51,2,2,2,1,1,2,1,2,1,2,3,2,2,2,2,2,2,"Virginia",0
"29887",510197,51,15547,36.66645833,-80.90459444,2,2,4,7,13,2,0,12,0,1,1,0,1,1,10,1,51,1,2,1,2,2,2,2,2,2,2,3,2,1,2,2,2,2,"Virginia",0
"29888",510198,51,14853,37.12768056,-77.45753889,1,1,5,1,17,4,0,42,0,1,1,0,4,1,10,1,51,1,2,1,2,1,2,1,2,1,2,1,2,2,2,2,1,2,"Virginia",1
"29889",510199,51,13601,37.89111111,-78.2625,1,1,5,5,23,2,0,42,0,1,1,0,4,2,10,1,51,1,2,2,1,1,2,2,2,2,2,2,2,2,1,2,1,2,"Virginia",0
"29890",510200,51,14617,37.28611111,-79.96972222,2,2,3,1,1,2,0,42,0,3,10,0,4,2,10,1,51,2,2,2,2,1,2,1,2,1,2,1,2,2,2,2,1,2,"Virginia",1
"29891",510201,51,12871,38.32235556,-77.46453056,5,5,5,1,12,3,0,12,1,18,1,0,1,1,10,2,51,2,2,1,2,3,1,2,2,2,2,3,2,2,2,2,2,2,"Virginia",0
"29892",510202,51,15267,36.85064167,-76.1994,1,1,4,5,22,6,0,33,0,1,1,0,4,3,10,1,51,2,2,2,1,1,1,2,2,2,2,1,2,1,2,2,2,2,"Virginia",1
"29893",510203,51,15227,36.88350833,-76.18324722,1,1,5,7,20,2,0,9,0,3,2,0,1,3,10,1,51,2,2,2,2,1,2,2,2,2,2,3,2,2,2,2,2,2,"Virginia",0
"29894",510204,51,14660,37.25216944,-77.36621944,1,1,5,5,23,3,0,8,0,1,1,0,1,2,10,1,51,1,2,2,1,1,2,2,1,2,2,3,2,2,2,2,2,2,"Virginia",0
"29895",510205,51,14500,37.35361111,-79.45944444,1,1,5,2,7,2,0,35,0,1,1,0,4,1,10,1,51,1,2,1,1,1,2,2,2,1,2,2,2,2,2,2,2,2,"Virginia",0
"29896",510206,51,14847,37.13361111,-79.53916667,1,1,3,6,14,4,0,38,0,1,1,0,5,1,10,1,51,1,2,1,1,1,2,2,2,2,2,2,2,1,2,2,2,2,"Virginia",0
"29897",510207,51,15573,36.64972222,-82.21638889,1,1,5,7,16,2,0,35,0,1,1,0,4,1,10,1,51,1,2,1,2,1,2,1,2,1,2,3,1,2,2,2,2,2,"Virginia",0
"29898",510208,51,12259,38.64944444,-77.26111111,1,1,5,6,4,2,0,8,0,3,2,0,1,2,10,1,51,2,2,2,1,1,2,2,1,2,2,3,2,2,2,2,2,2,"Virginia",0
"29899",510209,51,14855,37.12722222,-79.75055556,3,3,5,2,13,2,0,12,0,2,3,0,1,1,10,1,51,1,2,1,1,2,2,2,2,2,2,3,2,2,2,2,2,2,"Virginia",0
"29900",510210,51,12186,38.67611111,-78.42583333,3,3,5,2,13,2,0,12,0,2,2,0,1,1,10,2,51,1,2,1,1,2,2,2,2,2,2,3,2,2,2,2,2,2,"Virginia",0
"29901",510211,51,15270,36.84527778,-81.59166667,1,1,5,7,19,2,0,1,0,1,1,0,4,1,10,1,51,1,2,2,2,1,1,2,2,2,2,3,2,2,2,2,2,2,"Virginia",1
"29902",510212,51,14641,37.27,-76.75916667,5,5,5,3,13,2,0,12,0,3,2,0,1,1,10,1,51,2,2,1,1,3,2,2,2,1,2,1,2,1,2,2,1,2,"Virginia",1
"29903",510213,51,13801,37.76972222,-76.46888889,1,1,5,2,14,2,0,42,0,1,1,0,4,1,2,1,51,1,2,1,1,1,2,2,2,2,2,2,2,2,2,2,2,2,"Virginia",0
"29904",510214,51,14468,37.37261111,-80.8241,6,6,5,6,18,2,0,42,0,1,1,0,4,1,10,1,51,1,2,2,2,1,2,2,2,2,2,3,1,2,2,2,2,2,"Virginia",0
"29905",510215,51,15068,36.99988889,-81.08846944,5,5,5,1,14,1,0,12,0,1,1,0,1,1,10,3,51,1,1,1,2,3,2,2,2,2,2,1,2,1,2,2,2,2,"Virginia",2
"29906",510216,51,12018,38.75565556,-77.27694444,4,4,3,1,17,4,0,12,0,1,1,0,1,1,10,1,51,2,2,1,2,3,2,1,2,2,2,3,1,1,2,2,2,2,"Virginia",0
"29907",510217,51,12741,38.4042,-78.65431667,3,3,5,6,15,2,0,12,0,2,2,0,1,1,10,1,51,1,2,1,1,2,2,1,2,2,2,3,1,2,1,2,1,2,"Virginia",0
"29908",510218,51,14800,37.16166667,-81.88222222,1,1,5,4,18,2,0,52,0,1,1,0,4,1,10,1,51,1,2,2,1,1,2,2,2,1,2,2,2,2,2,2,2,2,"Virginia",0
"29909",510219,51,13296,38.07277778,-77.93722222,1,1,5,4,21,2,0,38,0,1,1,0,5,2,10,1,51,2,2,2,1,1,1,2,2,2,2,1,2,2,2,2,2,2,"Virginia",1
"29910",510220,51,15429,36.74951389,-79.95194444,2,2,5,3,21,4,0,12,0,1,1,0,1,2,10,1,51,1,2,2,1,2,2,2,2,1,2,3,2,2,2,2,2,2,"Virginia",0
"29911",510221,51,15211,36.89638889,-79.485,1,1,5,4,16,4,0,34,0,1,1,0,4,1,10,1,51,1,2,1,1,1,1,2,2,2,2,1,2,2,2,2,2,2,"Virginia",1
"29912",510222,51,15666,36.58552222,-79.12305556,2,2,5,6,17,2,0,12,0,1,1,0,1,1,10,1,51,1,2,1,1,2,2,2,2,1,2,3,2,1,2,2,2,2,"Virginia",0
"29913",510223,51,14615,37.28936389,-77.26018889,1,1,5,5,16,2,0,33,0,1,1,0,3,1,10,1,51,1,2,1,1,1,1,2,2,2,2,1,2,2,2,2,2,2,"Virginia",1
"29914",510224,51,12959,38.26916667,-77.52805556,1,1,5,5,1,2,0,34,0,1,1,0,4,2,10,1,51,2,2,2,1,1,2,2,2,1,2,1,2,2,2,2,2,2,"Virginia",1
"29915",510225,51,14443,37.39163333,-77.523525,1,1,5,6,13,4,0,42,0,1,1,0,4,1,10,1,51,2,2,1,1,1,2,2,2,2,2,2,2,2,2,2,2,2,"Virginia",0
"29916",510226,51,13256,38.09718889,-78.96630278,2,2,5,5,11,2,0,12,0,8,1,0,1,1,10,1,51,2,2,1,1,2,2,2,2,2,2,3,2,2,2,2,1,2,"Virginia",0
"29917",510227,51,13641,37.85898056,-79.50566389,1,1,5,4,16,4,0,38,0,1,1,0,4,1,2,1,51,1,2,1,1,1,2,2,2,2,2,2,1,2,2,2,2,1,"Virginia",0
"29918",510228,51,14674,37.24166667,-80.02722222,3,3,3,7,15,3,0,12,0,1,1,0,1,1,10,2,51,2,2,1,2,2,2,2,2,2,2,3,2,1,2,2,2,2,"Virginia",0
"29919",510229,51,14572,37.3142,-79.47805556,1,1,4,7,20,2,0,1,0,1,1,0,4,2,10,1,51,1,2,2,2,1,2,2,2,1,2,1,2,2,2,2,2,2,"Virginia",1
"29920",510230,51,15483,36.71552222,-76.15472222,3,3,5,7,12,2,0,12,0,1,1,0,1,1,10,1,51,1,2,1,2,2,2,2,2,2,2,3,2,2,2,2,2,2,"Virginia",0
"29921",510231,51,15416,36.75746667,-76.285,2,2,5,5,6,1,0,5,0,1,1,0,1,1,10,1,51,2,1,1,1,2,1,2,2,2,2,3,2,2,1,2,2,2,"Virginia",0
"29922",510232,51,14456,37.38194444,-77.44361111,1,1,5,2,20,4,0,18,0,8,1,0,4,2,10,1,51,2,2,2,1,1,2,2,2,2,2,1,2,2,2,2,2,2,"Virginia",1
"29923",510233,51,13298,38.06916667,-78.52166667,2,2,5,2,8,2,0,12,0,1,1,0,1,1,10,1,51,1,2,1,1,2,2,2,2,1,2,3,2,1,2,2,2,2,"Virginia",1
"29924",510234,51,14091,37.63388889,-77.38888889,5,5,5,6,14,1,0,12,0,1,1,0,1,1,10,3,51,2,1,1,1,3,2,2,2,2,1,1,2,1,2,2,2,2,"Virginia",1
"29925",510235,51,11410,39.03384167,-77.49815833,2,2,5,6,18,2,0,12,0,2,2,0,1,1,10,1,51,2,2,2,2,2,1,2,2,2,2,3,2,2,1,2,2,2,"Virginia",0
"29926",510236,51,13921,37.71472222,-77.84694444,1,1,5,1,22,2,0,34,0,1,1,0,4,2,10,1,51,1,2,2,2,1,1,2,2,2,2,1,2,2,2,2,2,2,"Virginia",1
"29927",510237,51,13226,38.11361111,-77.51805556,1,1,5,4,2,1,0,42,0,1,1,0,4,2,10,1,51,1,1,2,1,1,2,2,2,2,2,1,2,2,2,2,2,2,"Virginia",1
"29928",510238,51,11042,39.19451111,-77.70531944,1,1,5,1,11,2,0,35,0,1,1,0,4,1,10,1,51,1,2,1,2,1,1,1,2,2,2,1,1,2,2,2,2,2,"Virginia",1
"29929",510239,51,14502,37.353125,-78.996625,1,1,6,4,7,2,0,24,0,1,1,0,4,2,10,1,51,1,2,1,1,1,2,1,2,1,2,1,2,2,2,2,1,2,"Virginia",1
"29930",510240,51,14646,37.26001389,-76.73885,1,1,5,4,1,3,0,8,0,2,7,0,1,2,10,1,51,2,2,2,1,1,2,2,1,2,2,3,2,2,2,2,2,2,"Virginia",0
"29931",510241,51,14108,37.62320833,-76.60621667,1,1,6,5,11,2,0,34,0,1,1,0,4,1,2,1,51,1,2,1,1,1,2,2,2,2,2,2,2,1,2,2,2,2,"Virginia",0
"29932",510242,51,15263,36.85286111,-77.91566111,2,2,5,1,13,1,0,34,0,1,1,0,4,1,10,1,51,1,1,1,2,1,2,2,2,1,2,2,2,2,2,2,1,2,"Virginia",0
"29933",510243,51,12558,38.50699444,-77.70685833,2,2,5,1,13,2,0,12,0,2,2,0,1,1,10,1,51,1,2,1,2,2,1,1,2,2,2,3,2,1,2,2,2,2,"Virginia",0