"","ST_CASE","OBJECT_ID","FID","LATITUDE","LONGITUD","PERMVIT","PERSONS","MONTH","DAY_WEEK","HOUR","ROUTE","SP_JUR","HARM_EV","RELJCT1","RELJCT2","TYP_INT","WRK_ZONE","REL_ROAD","LGT_COND","WEATHER","FATALS","STATE","A_RU","A_INTER","A_TOD","A_DOW","A_CT","A_MC","A_SPCRA","A_PED","A_ROLL","A_POLPUR","A_POSBAC","A_D15_20","A_D65PLS","A_D21_24","A_HR","A_DIST","A_DROWSY","STATE_NAME","drunkDr"
"30605",530210,53,353,47.670725,-122.1215694,1,1,7,4,16,6,0,8,0,3,2,0,1,1,1,1,53,2,2,1,1,1,2,2,1,2,2,2,2,2,2,2,2,2,"Washington",0
"30606",530211,53,140,48.34312778,-122.2061861,1,1,7,6,14,3,0,24,0,1,1,0,4,1,1,1,53,1,2,1,1,1,1,2,2,2,2,2,2,2,2,2,1,1,"Washington",0
"30607",530212,53,127,48.40469167,-122.6445806,4,4,7,6,21,3,0,12,0,8,1,1,1,5,1,1,53,1,2,2,2,3,1,1,2,2,2,1,1,2,2,2,1,2,"Washington",1
"30608",530213,53,769,46.70201111,-120.7202472,2,2,7,6,23,4,0,12,0,1,1,0,1,2,1,1,53,1,2,2,2,2,1,2,2,2,2,3,2,1,2,2,2,2,"Washington",1
"30609",530214,53,684,46.9648,-122.9338889,3,3,7,7,5,1,0,12,0,1,1,0,1,4,1,1,53,2,1,2,2,2,2,2,2,1,2,3,2,2,2,2,2,1,"Washington",0
"30610",530215,53,686,46.96222222,-122.9346667,12,12,7,7,8,1,0,12,0,1,1,0,1,1,1,1,53,2,1,1,2,3,2,2,2,2,2,3,2,2,2,2,2,2,"Washington",0
"30611",530216,53,322,47.74975556,-122.5393222,1,1,7,7,3,4,3,8,0,1,1,0,1,2,1,1,53,2,2,2,2,1,2,2,1,2,2,3,2,2,2,1,2,2,"Washington",0
"30612",530217,53,347,47.67320278,-122.6498806,2,2,7,7,4,4,0,12,0,2,3,0,1,4,1,1,53,1,2,2,2,2,1,2,2,2,2,3,2,2,2,2,2,2,"Washington",0
"30613",530218,53,401,47.583875,-122.8380611,1,1,7,1,1,4,0,42,0,1,1,0,4,2,1,1,53,1,2,2,2,1,2,1,2,2,2,1,2,2,2,2,2,2,"Washington",1
"30614",530219,53,165,48.21313056,-122.5228333,1,1,7,1,3,4,0,42,0,3,3,0,4,2,1,1,53,1,2,2,2,1,2,1,2,2,2,1,2,2,1,2,2,2,"Washington",1
"30615",530220,53,994,45.899825,-121.962525,1,1,7,1,8,4,0,42,0,3,3,0,4,1,1,1,53,1,2,1,2,1,2,1,2,2,2,2,2,2,2,2,2,2,"Washington",0
"30616",530221,53,61,48.97920556,-122.3260306,2,2,7,2,18,4,0,38,0,1,1,0,4,1,1,1,53,1,2,2,1,1,2,1,2,2,2,3,2,2,1,1,2,2,"Washington",0
"30617",530222,53,525,47.30571944,-122.5766806,1,1,7,4,9,3,0,57,0,1,1,0,3,1,1,1,53,2,2,1,1,1,2,2,2,1,2,2,2,2,2,2,2,2,"Washington",0
"30618",530223,53,562,47.23236667,-121.1341722,1,1,7,5,12,8,0,1,0,1,1,0,4,1,1,1,53,1,2,1,1,1,2,2,2,1,2,3,2,1,2,2,1,2,"Washington",0
"30619",530224,53,519,47.318825,-122.6590278,1,1,7,6,15,4,0,42,0,1,1,0,4,1,10,1,53,1,2,1,1,1,1,1,2,2,2,2,2,2,1,2,2,2,"Washington",0
"30620",530225,53,326,47.74158056,-122.6375972,1,1,7,6,6,6,0,42,0,3,3,0,4,1,1,1,53,2,2,1,1,1,2,2,2,2,2,3,2,2,2,2,2,2,"Washington",0
"30621",530226,53,364,47.64723611,-117.7967944,4,4,7,7,22,2,0,12,0,1,1,0,1,2,1,2,53,1,2,2,2,2,2,2,2,1,2,1,2,1,2,2,2,2,"Washington",2
"30622",530227,53,413,47.56081944,-122.0909361,1,1,7,4,9,1,0,8,0,1,1,0,1,1,1,1,53,2,1,1,1,1,2,2,1,2,2,3,2,2,2,2,2,2,"Washington",0
"30623",530228,53,352,47.67180278,-117.3535833,1,1,7,4,19,6,0,9,0,3,3,0,4,1,1,1,53,2,2,2,1,1,2,2,2,2,2,2,2,2,2,2,2,2,"Washington",1
"30624",530229,53,334,47.70466944,-119.2649861,2,2,7,3,19,3,0,1,0,1,1,0,4,1,1,2,53,1,2,2,1,1,2,2,2,1,2,2,2,1,2,2,1,2,"Washington",0
"30625",530230,53,463,47.46193889,-122.0116389,1,1,7,5,20,4,0,30,0,3,4,0,4,1,1,1,53,2,2,2,1,1,1,2,2,2,2,1,2,2,2,2,2,2,"Washington",1
"30626",530231,53,309,47.78429722,-122.2073056,1,1,7,6,9,6,0,43,0,1,1,0,4,1,1,1,53,2,2,1,1,1,2,2,2,2,2,2,2,1,2,2,2,2,"Washington",0
"30627",530232,53,810,46.57220556,-122.7450056,10,10,7,2,21,3,0,12,0,1,1,0,1,2,10,3,53,1,2,2,1,2,2,2,2,2,2,1,1,2,2,2,1,2,"Washington",1
"30628",530233,53,673,46.99156111,-117.3151694,2,2,7,4,1,4,0,59,0,1,1,0,4,2,1,2,53,1,2,2,1,1,2,1,2,1,2,1,2,2,2,2,2,2,"Washington",1
"30629",530234,53,105,48.50390833,-121.975775,1,1,7,7,8,8,0,1,0,1,1,0,4,1,1,1,53,1,2,1,2,1,2,1,2,1,2,3,2,2,2,2,2,2,"Washington",0
"30630",530235,53,452,47.48783333,-122.3500194,1,1,7,7,23,6,0,8,0,1,1,0,1,3,1,1,53,2,2,2,2,1,2,2,1,2,2,3,2,2,2,2,2,2,"Washington",0
"30631",530236,53,604,47.16607778,-119.9395694,1,1,7,7,15,4,0,1,0,1,1,0,4,1,1,1,53,1,2,1,2,1,2,1,2,1,2,1,2,2,1,2,1,2,"Washington",1
"30632",530237,53,405,47.58026389,-122.1659194,1,1,7,1,22,1,0,25,0,1,1,0,4,3,1,1,53,2,1,2,2,1,2,2,2,1,2,1,2,2,2,2,2,2,"Washington",1
"30633",530238,53,426,47.52163333,-117.8776306,1,1,7,1,15,4,0,38,0,1,1,0,4,1,1,1,53,1,2,1,2,1,1,2,2,2,2,3,2,2,2,2,1,2,"Washington",0
"30634",530239,53,90,48.60575,-122.4317444,5,5,7,2,17,3,0,12,0,1,1,0,1,1,1,1,53,1,2,1,1,3,1,1,2,2,2,3,1,2,1,2,1,2,"Washington",0
"30635",530240,53,493,47.3869,-122.6948361,1,1,7,3,23,4,0,1,0,1,1,0,4,2,1,1,53,2,2,2,1,1,2,2,2,1,2,1,2,2,2,2,1,2,"Washington",1
"30636",530241,53,621,47.13146667,-122.447975,5,5,5,6,20,4,0,12,0,2,2,0,1,3,1,1,53,2,2,2,2,2,2,2,2,2,2,3,2,1,1,2,1,2,"Washington",0
"30637",530242,53,667,47.00795278,-122.9073917,1,1,6,6,0,1,0,24,0,1,1,0,3,3,2,1,53,2,1,2,1,1,2,1,2,2,2,3,2,2,2,2,2,2,"Washington",0
"30638",530243,53,595,47.18170833,-120.89955,1,1,5,4,10,1,0,8,0,1,1,0,1,1,98,1,53,2,1,1,1,1,2,2,1,2,2,3,2,2,2,1,2,2,"Washington",0
"30639",530244,53,226,48.02804722,-122.1466139,2,2,6,4,17,6,0,9,0,3,3,0,1,1,1,1,53,2,2,1,1,1,2,2,2,2,2,3,2,2,2,2,2,2,"Washington",0
"30640",530245,53,417,47.54748889,-122.0708667,1,1,6,6,11,6,0,8,0,3,3,0,1,1,1,1,53,2,2,1,1,1,2,2,1,2,2,2,2,1,2,2,2,2,"Washington",0
"30641",530246,53,378,47.62191389,-122.1889222,2,2,7,3,13,1,0,12,0,20,1,0,1,1,1,1,53,2,1,1,1,2,1,2,2,2,2,3,2,1,1,2,2,2,"Washington",0
"30642",530247,53,367,47.64385556,-118.3131639,5,5,7,4,17,2,0,12,0,1,1,0,1,1,1,4,53,1,2,1,1,2,2,2,2,2,2,2,2,2,2,2,2,2,"Washington",0
"30643",530248,53,548,47.24352222,-122.4524611,2,2,7,6,6,6,0,12,0,3,2,0,1,1,1,1,53,2,2,1,1,2,2,2,2,2,2,3,2,2,2,2,1,2,"Washington",0
"30644",530249,53,547,47.24632778,-118.1131917,2,2,7,4,20,1,0,12,0,1,1,0,1,5,1,1,53,1,1,2,1,2,2,2,2,2,2,2,2,1,2,2,1,2,"Washington",0
"30645",530250,53,349,47.67275,-117.3965417,2,2,7,4,16,6,0,12,0,2,2,0,1,1,1,1,53,2,2,1,1,2,1,2,2,2,2,1,2,2,2,2,1,2,"Washington",1
"30646",530251,53,269,47.88846111,-122.2576778,3,3,7,4,15,4,0,12,0,8,1,0,1,1,1,1,53,2,2,1,1,2,1,2,2,2,2,3,2,2,2,2,1,2,"Washington",0
"30647",530252,53,823,46.53213333,-118.1442444,1,1,7,5,14,3,0,38,0,1,1,0,4,1,1,1,53,1,2,1,1,1,1,1,2,2,2,3,2,1,2,2,1,2,"Washington",1
"30648",530253,53,553,47.24010278,-122.4247306,1,1,7,6,10,6,0,9,0,2,2,0,1,1,1,1,53,2,2,1,1,1,2,2,2,2,2,3,2,2,2,2,2,2,"Washington",0
"30649",530254,53,873,46.35705278,-120.2938917,5,5,7,1,1,3,3,12,0,2,2,0,1,2,1,2,53,1,2,2,2,2,2,2,2,2,2,2,1,2,2,2,2,2,"Washington",1
"30650",530255,53,350,47.67252778,-117.4095472,2,2,7,3,10,2,0,8,0,1,1,0,4,1,1,1,53,2,2,1,1,1,2,2,1,2,2,2,2,2,2,2,2,2,"Washington",0
"30651",530256,53,72,48.85520278,-122.509425,1,1,7,5,16,4,0,30,0,1,1,0,4,1,1,1,53,2,2,1,1,1,2,2,2,1,2,2,1,2,2,2,1,2,"Washington",0
"30652",530257,53,647,47.06518889,-120.6963528,4,4,7,5,15,1,0,1,0,1,1,0,1,1,1,1,53,1,1,1,1,1,2,2,2,1,2,2,1,2,2,2,1,2,"Washington",0
"30653",530258,53,462,47.46383889,-120.2946056,2,2,7,5,12,4,0,12,0,1,1,0,1,1,1,1,53,2,2,1,1,2,1,2,2,2,2,2,2,1,1,1,1,2,"Washington",0
"30654",530259,53,561,47.23250833,-122.4307972,1,1,3,1,13,3,0,25,0,5,1,0,4,1,1,1,53,2,2,1,2,1,1,1,2,2,2,1,2,1,2,2,2,2,"Washington",1
"30655",530260,53,167,48.20177222,-118.9624472,3,3,3,4,14,8,3,1,0,1,1,0,4,1,1,1,53,1,2,1,1,1,2,1,2,1,2,3,2,2,2,2,2,2,"Washington",1
"30656",530261,53,409,47.56775278,-122.1800917,4,4,3,2,15,1,0,12,0,1,1,0,1,1,2,1,53,2,1,1,1,3,2,2,2,2,2,3,2,2,2,2,2,2,"Washington",0
"30657",530262,53,543,47.25542222,-122.5204972,1,1,7,6,22,6,0,8,0,1,1,0,1,3,1,1,53,2,2,2,2,1,2,2,1,2,2,3,1,2,2,2,2,2,"Washington",0
"30658",530263,53,64,48.95305278,-122.3162583,1,1,1,4,5,3,0,34,0,1,1,0,4,2,1,1,53,1,2,2,1,1,2,2,2,2,2,3,2,2,2,2,2,2,"Washington",0
"30659",530264,53,1100,45.6472,-122.5659167,2,2,5,3,21,1,0,12,0,1,1,0,1,3,1,1,53,2,1,2,1,2,2,2,2,2,2,3,2,2,2,2,2,2,"Washington",0
"30660",530265,53,91,48.60185278,-117.5539139,1,1,8,7,7,3,0,1,0,1,1,0,1,1,1,1,53,1,2,1,2,1,2,2,2,1,2,2,2,2,2,2,2,1,"Washington",0
"30661",530266,53,120,48.44922222,-122.2407194,2,2,8,7,17,3,0,12,0,1,1,0,1,1,1,1,53,1,2,1,2,2,1,1,2,2,2,1,2,2,2,2,2,2,"Washington",2
"30662",530267,53,526,47.30243889,-121.9482139,3,3,8,7,11,4,0,12,0,1,1,0,1,1,1,1,53,1,2,1,2,2,1,2,2,2,2,3,2,2,1,2,2,2,"Washington",0
"30663",530268,53,299,47.80504722,-121.2827944,1,1,8,7,13,8,9,42,0,1,1,0,4,1,1,1,53,1,2,1,2,1,1,1,2,2,2,2,2,2,2,2,2,2,"Washington",0
"30664",530269,53,666,47.01355278,-119.1427833,6,6,8,1,0,3,0,12,0,2,3,0,1,2,1,1,53,1,2,2,2,2,2,2,2,2,2,1,2,2,2,2,2,2,"Washington",2
"30665",530270,53,580,47.20592778,-122.5688556,1,1,8,1,21,6,0,33,0,1,1,0,3,3,1,1,53,2,2,2,2,1,1,2,2,2,2,1,2,2,2,2,1,2,"Washington",1
"30666",530271,53,792,46.61120556,-122.8815889,2,2,8,1,21,4,0,14,0,1,1,0,5,2,1,1,53,2,2,2,2,1,2,2,2,2,2,1,2,2,2,2,1,2,"Washington",1
"30667",530272,53,336,47.70300556,-117.3951278,1,1,8,2,20,6,0,8,0,3,2,0,1,3,1,1,53,2,2,2,1,1,2,2,1,2,2,3,2,2,2,2,2,2,"Washington",0
"30668",530273,53,585,47.20061389,-122.3012694,2,2,8,2,14,6,0,8,0,1,1,0,1,1,1,1,53,2,2,1,1,2,2,2,1,2,2,3,1,2,2,2,2,2,"Washington",0
"30669",530274,53,552,47.24207222,-122.3569861,2,2,8,2,10,1,0,12,1,2,3,0,1,1,1,1,53,2,2,1,1,2,1,2,2,2,2,3,2,1,2,2,1,2,"Washington",0
"30670",530275,53,760,46.72934167,-122.1436528,1,1,8,4,19,4,0,38,0,1,1,0,4,1,1,1,53,1,2,2,1,1,1,1,2,2,2,1,2,2,2,2,2,2,"Washington",1
"30671",530276,53,1115,45.61547222,-122.5043056,9,9,8,4,10,6,0,12,0,2,2,0,1,1,1,2,53,2,2,1,1,3,2,2,2,2,2,3,2,1,2,2,1,2,"Washington",0
"30672",530277,53,414,47.55673889,-121.8466667,3,3,8,5,16,3,0,12,0,1,1,0,1,1,1,1,53,2,2,1,1,2,1,2,2,2,2,2,1,2,2,2,2,2,"Washington",1
"30673",530278,53,428,47.51395278,-120.4465111,1,1,8,5,16,2,0,1,0,1,1,0,1,1,1,1,53,1,2,1,1,1,2,2,2,1,2,2,2,2,2,2,2,2,"Washington",0
"30674",530279,53,385,47.61329444,-122.3300611,1,1,8,6,18,1,0,25,0,1,1,0,3,1,1,1,53,2,1,2,2,1,1,1,2,2,2,1,2,2,2,2,2,2,"Washington",1
"30675",530280,53,439,47.50320833,-122.2511167,1,1,8,6,0,6,0,30,0,3,3,0,4,3,10,1,53,2,2,2,1,1,2,1,2,2,2,1,2,2,2,2,2,2,"Washington",1
"30676",530281,53,886,46.32274167,-123.9942083,1,1,8,6,16,4,0,9,0,8,1,0,1,1,1,1,53,1,2,1,1,1,2,2,2,2,2,3,2,2,2,2,2,2,"Washington",0
"30677",530282,53,261,47.93176389,-117.3904528,1,1,8,7,18,4,0,38,0,1,1,0,4,1,1,1,53,1,2,2,2,1,2,2,2,1,2,1,2,2,2,2,1,2,"Washington",1
"30678",530283,53,435,47.50953333,-121.8764056,1,2,8,7,14,1,0,14,0,1,1,0,2,1,10,1,53,1,1,1,2,1,2,2,1,2,2,3,1,2,2,2,1,2,"Washington",0
"30679",530284,53,808,46.57791389,-120.5028889,6,6,8,7,20,6,0,8,0,3,2,0,1,3,1,1,53,2,2,2,2,1,2,2,1,2,2,2,2,2,2,2,2,2,"Washington",0
"30680",530285,53,294,47.82379167,-122.7383139,1,1,8,1,5,4,0,11,0,1,1,0,1,4,1,1,53,1,2,2,2,1,1,2,2,2,2,2,2,1,2,2,2,2,"Washington",0
"30681",530286,53,200,48.10623056,-123.4226611,2,2,8,3,13,6,0,12,0,2,2,0,1,1,1,1,53,2,2,1,1,2,2,2,2,2,2,3,2,2,2,2,2,2,"Washington",0
"30682",530287,53,626,47.10675278,-123.0948667,2,2,8,3,15,2,0,12,0,2,2,0,1,1,1,1,53,1,2,1,1,2,1,2,2,2,2,2,2,2,2,2,1,2,"Washington",0
"30683",530288,53,285,47.84834444,-119.96155,3,3,8,4,12,2,0,12,0,1,1,0,1,1,1,1,53,1,2,1,1,2,2,2,2,2,2,3,2,2,2,2,2,2,"Washington",0
"30684",530289,53,402,47.58310833,-121.9985722,5,5,8,4,22,6,0,12,0,1,1,0,1,3,1,1,53,2,2,2,1,2,2,1,2,2,2,1,1,2,2,2,2,2,"Washington",1
"30685",530290,53,447,47.49628333,-122.3519694,2,2,8,6,1,6,0,25,0,1,1,0,4,3,1,1,53,2,2,2,1,1,2,1,2,1,2,1,2,2,1,1,2,2,"Washington",1
"30686",530291,53,688,46.94404167,-121.974025,1,1,8,1,17,3,0,30,0,1,1,0,4,1,1,1,53,1,2,1,2,1,1,2,2,2,2,2,2,2,2,2,2,2,"Washington",0
"30687",530292,53,614,47.15121111,-120.8042528,4,4,8,1,17,3,0,12,0,1,1,0,1,1,7,1,53,1,2,1,2,2,2,2,2,2,2,1,2,2,1,2,2,2,"Washington",2
"30688",530293,53,982,45.95256667,-122.3625806,1,1,8,1,7,3,0,1,0,1,1,0,4,1,1,1,53,1,2,1,2,1,1,1,2,2,2,2,2,2,2,2,2,2,"Washington",0
"30689",530294,53,533,47.28235833,-122.1062861,2,2,8,1,17,4,0,30,0,1,1,0,4,1,1,1,53,1,2,1,2,1,2,2,2,2,2,3,2,1,2,2,1,1,"Washington",0
"30690",530296,53,606,47.16456667,-122.5277167,1,1,8,2,2,6,0,30,0,1,1,0,4,2,1,1,53,2,2,2,2,1,2,1,2,1,2,1,2,2,2,2,2,2,"Washington",1
"30691",530297,53,214,48.06528333,-122.2862806,4,4,8,3,3,8,0,39,0,1,1,0,4,2,1,4,53,1,2,2,1,1,2,2,2,2,2,1,2,2,1,2,2,2,"Washington",1
"30692",530298,53,103,48.516825,-120.6824583,1,1,8,4,99,3,0,1,0,1,1,0,4,9,5,1,53,1,2,3,1,1,2,1,2,1,2,2,2,2,1,2,2,2,"Washington",0
"30693",530300,53,290,47.83263333,-122.2817417,3,3,8,7,16,6,0,12,0,4,1,0,1,1,1,1,53,2,2,1,2,2,2,2,2,2,2,3,1,2,2,2,2,2,"Washington",0
"30694",530301,53,265,47.91327778,-122.0769139,3,3,8,1,20,4,0,12,0,1,1,0,1,3,1,1,53,2,2,2,2,2,2,1,2,2,2,1,2,2,2,2,2,2,"Washington",1
"30695",530302,53,221,48.04207778,-122.7905528,1,1,8,3,1,3,0,9,0,1,1,0,2,3,1,1,53,1,2,2,1,1,2,2,2,2,2,2,2,2,2,1,2,1,"Washington",1
"30696",530303,53,921,46.20055556,-119.1170139,1,1,8,3,20,6,0,15,0,1,1,0,1,3,1,1,53,2,2,2,1,1,2,2,2,2,2,3,2,2,2,1,2,2,"Washington",0
"30697",530304,53,74,48.83250833,-122.3314389,5,5,8,3,12,4,0,9,0,1,1,0,1,1,1,1,53,1,2,1,1,1,2,2,2,2,2,3,2,1,2,2,2,2,"Washington",0
"30698",530305,53,523,47.30812778,-117.4271306,1,1,8,4,21,4,0,5,0,1,1,0,1,2,1,1,53,1,2,2,1,1,1,2,2,2,2,2,2,2,2,2,2,2,"Washington",0
"30699",530306,53,150,48.30614722,-117.5532583,1,1,8,1,15,4,0,1,0,1,1,0,4,1,1,1,53,1,2,1,2,1,1,1,2,2,2,2,2,2,1,2,2,2,"Washington",0
"30700",530307,53,306,47.79130556,-122.2151722,2,2,8,4,9,6,0,12,0,8,1,0,1,1,1,1,53,2,2,1,1,2,2,2,2,2,2,3,2,1,2,2,2,2,"Washington",0
"30701",530308,53,530,47.29079722,-122.5817694,1,1,2,7,99,6,0,42,0,3,10,0,4,2,2,1,53,1,2,3,2,1,2,2,2,2,2,2,2,1,2,2,1,2,"Washington",1
"30702",530309,53,567,47.22368611,-122.4828167,3,3,8,4,13,6,0,12,0,8,1,0,1,1,1,1,53,2,2,1,1,2,2,1,2,2,2,3,1,2,2,2,2,2,"Washington",0
"30703",530310,53,450,47.49368889,-122.267075,4,4,8,5,15,1,0,12,0,1,1,0,1,1,1,1,53,2,1,1,1,3,2,2,2,2,2,3,2,2,2,2,2,2,"Washington",0
"30704",530311,53,145,48.32025278,-122.6555833,2,2,8,6,17,6,0,12,0,8,1,0,1,1,10,1,53,2,2,1,1,2,1,1,2,2,2,2,2,2,2,2,2,2,"Washington",0
"30705",530312,53,537,47.27258889,-122.3748139,1,1,8,6,18,6,3,35,0,1,1,0,4,1,10,1,53,2,2,2,2,1,2,2,2,2,2,1,2,2,2,2,2,2,"Washington",1
"30706",530314,53,507,47.35971389,-122.59195,3,3,8,7,10,6,0,16,0,1,1,0,1,1,2,1,53,2,2,1,2,2,2,2,2,2,2,3,2,2,2,2,2,2,"Washington",0
"30707",530315,53,276,47.864175,-122.2790083,3,3,8,1,20,4,0,12,0,8,1,0,1,3,10,1,53,1,2,2,2,2,1,2,2,2,2,3,1,2,2,2,2,2,"Washington",0
"30708",530316,53,563,47.23123889,-119.9991667,2,2,8,2,6,3,0,12,0,2,2,0,1,4,1,1,53,1,2,1,1,2,1,2,2,2,2,2,2,2,2,2,2,2,"Washington",0
"30709",530318,53,754,46.73772778,-119.914925,3,3,9,3,7,4,0,9,0,1,1,0,1,1,1,1,53,1,2,1,1,1,2,1,2,2,2,3,2,2,2,2,1,2,"Washington",0
"30710",530319,53,680,46.97615278,-123.8654194,3,3,9,3,10,3,0,12,0,2,2,0,1,1,1,1,53,2,2,1,1,2,2,2,2,2,2,3,2,1,2,2,2,2,"Washington",0
"30711",530320,53,239,47.98646944,-122.2013583,1,1,6,6,0,6,0,8,0,1,1,0,1,3,2,1,53,2,2,2,1,1,2,2,1,2,2,3,2,2,2,2,1,2,"Washington",0
"30712",530321,53,365,47.64661111,-117.458775,2,2,9,4,21,6,0,12,0,1,1,0,1,3,1,1,53,2,2,2,1,2,2,2,2,2,2,2,2,2,1,2,2,2,"Washington",0
"30713",530322,53,151,48.29996667,-121.55765,1,1,9,4,99,3,0,42,0,1,1,0,4,9,99,1,53,1,2,3,1,1,1,1,2,2,2,1,2,1,2,2,2,2,"Washington",1
"30714",530323,53,603,47.16664722,-123.6260083,1,1,5,7,10,4,0,1,0,1,1,0,4,1,1,1,53,1,2,1,2,1,1,2,2,2,2,3,2,1,2,2,1,2,"Washington",0
"30715",530324,53,437,47.503875,-122.1646694,6,6,7,2,13,3,0,12,0,2,2,0,1,1,1,1,53,2,2,1,1,2,2,1,2,2,2,3,2,1,2,2,2,2,"Washington",0
"30716",530325,53,791,46.61209167,-117.2788472,2,2,8,3,15,4,0,1,0,1,1,0,1,1,1,1,53,1,2,1,1,1,2,1,2,1,2,2,2,2,1,2,2,2,"Washington",0
"30717",530326,53,339,47.69342778,-117.3650722,2,2,9,6,18,6,0,12,0,2,2,0,1,1,1,1,53,2,2,2,2,2,1,2,2,2,2,2,2,2,1,2,2,2,"Washington",1
"30718",530327,53,995,45.89553056,-122.4786639,3,3,9,7,13,3,0,12,0,1,1,0,1,1,10,1,53,1,2,1,2,2,2,1,2,2,2,3,2,2,2,2,2,2,"Washington",0
"30719",530328,53,372,47.63255,-117.4446694,8,8,9,7,15,3,0,12,0,2,2,0,1,1,1,3,53,2,2,1,2,2,2,2,2,2,2,3,2,2,1,2,1,2,"Washington",0
"30720",530329,53,116,48.467975,-117.2799,1,1,9,7,0,4,0,42,0,1,1,0,4,2,10,1,53,1,2,2,2,1,2,1,2,2,2,1,2,2,2,2,2,2,"Washington",1
"30721",530330,53,992,45.90276944,-122.5389583,2,2,9,7,21,4,0,12,0,1,1,0,1,2,1,1,53,1,2,2,2,2,2,2,2,2,2,2,2,2,1,2,1,2,"Washington",0
"30722",530331,53,357,47.66640833,-122.3472833,1,1,9,7,17,3,0,8,0,1,1,0,4,1,2,1,53,2,2,1,2,1,2,2,1,2,2,3,2,2,2,2,2,2,"Washington",0
"30723",530332,53,99,48.55076111,-119.7468361,1,1,9,1,2,4,0,35,0,1,1,0,4,2,1,1,53,1,2,2,2,1,2,1,2,2,2,1,2,2,2,2,2,2,"Washington",1
"30724",530333,53,176,48.17950833,-121.4880139,1,1,9,2,13,4,0,24,0,1,1,0,4,1,1,1,53,1,2,1,1,1,1,2,2,2,2,2,2,2,2,2,2,2,"Washington",0
"30725",530334,53,275,47.86475833,-122.1099028,1,1,9,2,22,3,0,42,0,3,3,0,4,3,1,1,53,2,2,2,1,1,2,1,2,2,2,2,1,2,2,2,1,2,"Washington",0
"30726",530335,53,237,47.99258611,-122.1046111,1,1,9,3,6,3,0,8,0,2,3,0,1,4,10,1,53,2,2,1,1,1,2,2,1,2,2,3,2,2,2,2,2,2,"Washington",0
"30727",530336,53,174,48.18506111,-122.6265472,1,1,9,3,16,3,0,42,0,1,1,0,4,1,1,1,53,1,2,1,1,1,2,2,2,2,2,2,2,1,2,2,1,2,"Washington",0
"30728",530337,53,355,47.66799444,-122.1871917,1,1,9,4,2,1,0,24,0,1,1,1,4,2,1,1,53,2,1,2,1,1,2,1,2,1,2,1,2,2,2,2,1,2,"Washington",1
"30729",530338,53,723,46.87175278,-119.1329722,5,5,9,4,11,3,0,1,0,1,1,0,4,1,1,1,53,1,2,1,1,1,2,2,2,1,2,3,2,2,2,2,2,2,"Washington",0
"30730",530339,53,569,47.22106667,-122.0162583,4,4,9,3,18,4,0,12,0,2,2,0,1,5,1,2,53,1,2,2,1,2,2,1,2,2,2,3,2,1,2,2,1,2,"Washington",0
"30731",530340,53,862,46.40403056,-120.7151056,1,1,7,4,18,4,3,1,0,1,1,0,4,1,1,1,53,1,2,2,1,1,2,1,2,1,2,1,2,2,2,2,2,2,"Washington",1
"30732",530341,53,320,47.75835,-122.2536444,1,1,9,4,8,6,0,9,0,2,3,0,1,1,1,1,53,2,2,1,1,1,2,2,2,2,2,3,2,2,2,2,2,2,"Washington",0
"30733",530342,53,592,47.18279167,-122.4341139,1,1,9,4,18,3,0,8,0,3,2,0,1,1,1,1,53,2,2,2,1,1,2,2,1,2,2,3,2,2,2,2,2,2,"Washington",0
"30734",530343,53,134,48.35955833,-122.3361472,5,5,9,5,13,1,0,12,0,1,1,0,1,1,1,1,53,1,1,1,1,3,2,2,2,2,2,3,1,2,2,2,2,2,"Washington",0
"30735",530344,53,183,48.15906944,-122.6029556,3,3,9,5,12,3,0,12,0,1,1,0,1,1,1,1,53,1,2,1,1,2,2,2,2,2,2,3,1,1,2,2,2,2,"Washington",0
"30736",530345,53,620,47.14025556,-122.2987444,3,3,9,5,14,4,0,12,0,2,3,0,1,1,1,1,53,2,2,1,1,2,1,2,2,2,2,3,1,2,2,2,2,2,"Washington",0
"30737",530346,53,495,47.38380556,-122.6287417,2,2,9,6,22,3,0,12,0,1,1,0,1,2,1,1,53,2,2,2,2,2,1,2,2,2,2,1,2,2,2,2,2,2,"Washington",1
"30738",530347,53,472,47.43980278,-122.2180417,3,3,8,5,23,3,0,12,0,1,1,0,1,3,1,1,53,2,2,2,1,2,2,2,2,2,2,3,2,2,2,2,1,2,"Washington",0
"30739",530348,53,403,47.581,-122.3001944,3,3,9,6,18,6,0,12,0,2,3,0,1,1,1,1,53,2,2,2,2,2,1,2,2,2,2,2,2,2,2,2,1,2,"Washington",0
"30740",530349,53,1075,45.69150278,-122.6782056,0,0,9,6,15,4,0,8,0,4,1,0,1,1,1,1,53,1,2,1,1,1,2,2,1,2,2,2,2,2,2,2,2,2,"Washington",0