"","ST_CASE","OBJECT_ID","FID","LATITUDE","LONGITUD","PERMVIT","PERSONS","MONTH","DAY_WEEK","HOUR","ROUTE","SP_JUR","HARM_EV","RELJCT1","RELJCT2","TYP_INT","WRK_ZONE","REL_ROAD","LGT_COND","WEATHER","FATALS","STATE","A_RU","A_INTER","A_TOD","A_DOW","A_CT","A_MC","A_SPCRA","A_PED","A_ROLL","A_POLPUR","A_POSBAC","A_D15_20","A_D65PLS","A_D21_24","A_HR","A_DIST","A_DROWSY","STATE_NAME","drunkDr"
"31007",540090,54,9850,39.76935833,-80.69779444,2,2,5,1,1,4,0,1,0,1,1,0,4,2,1,1,54,1,2,2,2,1,2,1,2,1,2,1,2,2,1,2,2,2,"West Virginia",1
"31008",540091,54,11095,39.17158889,-80.230975,3,3,5,7,19,3,0,12,0,1,1,0,1,1,1,1,54,1,2,2,2,2,2,1,2,2,2,1,2,2,1,2,2,2,"West Virginia",1
"31009",540092,54,10812,39.31689167,-78.42780278,1,1,3,5,9,4,0,34,0,1,1,0,4,1,1,1,54,1,2,1,1,1,2,2,2,2,2,3,2,1,2,2,2,2,"West Virginia",0
"31010",540093,54,10089,39.69809444,-80.046075,4,4,5,1,13,1,0,12,0,1,1,0,1,1,1,1,54,1,1,1,2,3,2,2,2,2,2,3,1,2,2,2,2,2,"West Virginia",0
"31011",540094,54,12746,38.40061111,-80.49623889,2,2,5,5,6,3,0,12,0,1,1,0,1,1,1,1,54,1,2,1,1,2,2,2,2,2,2,3,2,2,2,2,2,2,"West Virginia",0
"31012",540095,54,14426,37.40418611,-81.62446667,1,1,6,5,14,3,0,24,0,1,1,0,4,1,1,1,54,1,2,1,1,1,2,2,2,1,2,2,2,2,2,2,2,2,"West Virginia",0
"31013",540096,54,11530,38.98061111,-80.17517778,3,3,6,3,14,2,0,12,0,2,2,0,1,1,10,1,54,1,2,1,1,2,2,2,2,2,2,3,2,1,2,2,2,2,"West Virginia",0
"31014",540097,54,11447,39.01566667,-79.93915,1,1,6,2,11,2,0,8,0,4,1,0,1,1,10,1,54,1,2,1,1,1,2,2,1,2,2,2,2,2,2,2,2,2,"West Virginia",0
"31015",540098,54,10223,39.64420278,-80.85806944,1,1,6,4,23,3,0,8,0,1,1,0,1,3,1,1,54,2,2,2,1,1,2,2,1,2,2,3,2,2,2,1,2,2,"West Virginia",0
"31016",540099,54,11754,38.878925,-80.148025,2,2,6,4,2,4,0,16,0,1,1,0,1,2,1,2,54,1,2,2,1,1,2,2,2,2,2,2,2,2,2,2,2,2,"West Virginia",0
"31017",540100,54,11727,38.89212222,-80.5574,2,2,6,3,18,4,0,42,0,1,1,0,4,1,10,2,54,1,2,2,1,1,2,1,2,2,2,1,2,2,2,2,2,2,"West Virginia",1
"31018",540101,54,12716,38.41928889,-81.67020833,1,1,6,5,7,4,0,23,0,1,1,0,4,1,1,1,54,2,2,1,1,1,2,1,2,2,2,2,2,2,2,2,2,2,"West Virginia",0
"31019",540102,54,12600,38.48520556,-80.04329444,1,1,6,5,8,2,0,8,0,1,1,0,1,1,1,1,54,1,2,1,1,1,2,2,1,2,2,3,1,2,2,2,2,2,"West Virginia",0
"31020",540103,54,12888,38.31229167,-81.53991944,1,1,6,5,22,4,0,42,0,1,1,0,4,2,1,1,54,2,2,2,1,1,2,1,2,2,2,2,2,2,2,2,2,2,"West Virginia",1
"31021",540104,54,13076,38.20575,-81.41098889,1,1,6,7,18,2,0,35,0,1,1,0,4,1,2,1,54,2,2,2,2,1,2,1,2,1,2,2,2,2,1,2,2,2,"West Virginia",0
"31022",540105,54,10034,39.717625,-80.06116111,1,1,6,5,2,1,0,11,0,1,1,0,1,2,1,1,54,2,1,2,1,1,2,2,2,1,2,2,2,2,2,2,2,2,"West Virginia",0
"31023",540106,54,13222,38.11517222,-82.58196667,3,3,6,6,14,2,0,35,0,1,1,0,4,1,1,1,54,1,2,1,1,1,2,2,2,2,2,3,2,2,2,2,2,2,"West Virginia",0
"31024",540107,54,9561,39.89218611,-80.75785556,1,1,6,7,4,4,0,43,0,1,1,0,4,2,2,1,54,1,2,2,2,1,2,2,2,1,2,2,2,2,2,2,2,2,"West Virginia",0
"31025",540108,54,10690,39.37463333,-81.27692778,1,1,6,3,99,3,0,42,0,1,1,0,4,4,1,1,54,1,2,3,1,1,2,2,2,2,2,2,2,2,1,2,2,1,"West Virginia",0
"31026",540109,54,11739,38.88606667,-80.62954444,3,3,5,5,15,1,0,24,0,1,1,0,4,1,1,1,54,1,1,1,1,1,2,2,2,1,2,3,2,2,2,2,2,2,"West Virginia",0
"31027",540110,54,10126,39.68531944,-80.44731944,3,3,6,4,5,3,0,12,0,1,1,0,1,4,1,1,54,1,2,2,1,3,2,2,2,2,2,1,2,2,1,2,2,2,"West Virginia",1
"31028",540111,54,12743,38.40336389,-81.54012222,6,6,6,5,13,4,0,12,0,2,3,0,1,1,1,1,54,2,2,1,1,3,1,2,2,2,2,3,2,1,2,2,2,2,"West Virginia",0
"31029",540112,54,13558,37.92700833,-81.15695278,4,4,6,5,9,3,0,12,0,1,1,0,1,1,1,2,54,2,2,1,1,3,2,2,2,2,2,3,2,1,1,2,2,2,"West Virginia",0
"31030",540113,54,14371,37.44133056,-81.4498,3,3,7,4,12,4,0,12,0,1,1,0,1,1,1,1,54,1,2,1,1,2,1,2,2,2,2,3,2,2,2,2,2,2,"West Virginia",0
"31031",540114,54,11793,38.85860278,-82.06852222,1,1,7,7,23,4,0,42,0,1,1,0,4,2,1,1,54,1,2,2,2,1,2,1,2,2,2,1,2,2,1,2,2,2,"West Virginia",1
"31032",540115,54,13643,37.85795833,-80.514725,1,1,7,2,9,1,0,1,0,1,1,0,3,1,2,1,54,1,1,1,1,1,2,2,2,1,2,2,2,2,2,2,2,2,"West Virginia",0
"31033",540116,54,12666,38.44299167,-81.83769167,1,1,7,3,20,1,0,25,0,1,1,0,3,5,2,1,54,2,1,2,1,1,2,2,2,2,2,2,2,1,2,2,2,2,"West Virginia",0
"31034",540117,54,13896,37.73028056,-81.84221944,1,1,7,7,0,3,0,34,0,1,1,0,4,2,1,1,54,1,2,2,2,1,2,1,2,1,2,1,2,2,2,2,2,2,"West Virginia",1
"31035",540118,54,10878,39.28419167,-77.87406389,1,1,7,5,0,4,0,30,0,1,1,0,4,2,1,1,54,1,2,2,1,1,2,2,2,1,2,1,2,2,2,2,2,2,"West Virginia",1
"31036",540119,54,14152,37.59943056,-81.55372778,1,1,7,6,9,4,0,42,0,1,1,0,4,1,1,1,54,1,2,1,1,1,2,1,2,2,2,2,2,2,1,2,2,2,"West Virginia",0
"31037",540120,54,12241,38.65528056,-79.92083056,1,1,7,6,15,2,0,35,0,1,1,0,4,1,1,1,54,1,2,1,1,1,2,2,2,1,2,2,2,2,2,2,2,2,"West Virginia",0
"31038",540121,54,10388,39.55393611,-77.99521667,3,3,7,2,17,3,0,12,0,1,1,0,1,1,1,1,54,1,2,1,1,2,2,2,2,2,2,3,2,2,2,2,2,2,"West Virginia",0
"31039",540122,54,13158,38.15371389,-81.21498611,1,1,7,4,1,2,0,39,0,1,1,0,4,2,1,1,54,1,2,2,1,1,1,1,2,2,2,1,2,2,2,2,2,2,"West Virginia",1
"31040",540123,54,11189,39.12715833,-81.30288333,1,1,7,4,18,3,0,35,0,1,1,0,4,1,1,1,54,1,2,2,1,1,2,2,2,1,2,1,2,2,2,2,2,2,"West Virginia",1
"31041",540124,54,13490,37.96422778,-81.19200556,1,1,7,5,21,4,0,1,0,1,1,0,4,2,1,1,54,2,2,2,1,1,2,2,2,1,2,2,2,2,2,2,2,2,"West Virginia",0
"31042",540125,54,10701,39.368775,-77.99845833,1,1,7,7,10,4,0,42,0,1,1,0,4,1,1,1,54,1,2,1,2,1,2,1,2,2,2,3,2,1,2,2,2,2,"West Virginia",0
"31043",540126,54,13362,38.02406944,-80.30814167,1,1,7,7,2,4,0,8,0,1,1,0,1,2,1,1,54,1,2,2,2,1,2,2,1,2,2,2,2,2,2,2,2,2,"West Virginia",1
"31044",540127,54,10916,39.26439444,-81.53893611,5,5,7,5,13,3,0,12,0,2,2,0,1,1,1,1,54,2,2,1,1,2,2,2,2,2,2,3,2,1,2,2,2,2,"West Virginia",0
"31045",540128,54,12773,38.38310278,-81.85689444,3,3,7,5,7,4,0,12,0,1,1,0,1,1,10,1,54,2,2,1,1,2,1,2,2,2,2,1,2,1,1,2,2,2,"West Virginia",1
"31046",540129,54,10939,39.25201111,-77.779075,2,2,7,2,18,3,0,12,0,4,1,0,1,1,1,1,54,2,2,2,1,2,2,2,2,2,2,1,2,2,2,2,2,2,"West Virginia",1
"31047",540130,54,12733,38.40810556,-82.362775,3,3,7,6,3,1,0,12,0,1,1,4,1,2,1,1,54,2,1,2,1,2,2,2,2,2,2,1,2,2,2,2,2,2,"West Virginia",1
"31048",540131,54,10918,39.26390833,-81.55871111,2,2,7,1,13,3,0,12,0,2,4,0,1,1,10,1,54,2,2,1,2,2,1,2,2,2,2,3,2,1,2,2,2,2,"West Virginia",0
"31049",540132,54,10818,39.31461944,-78.06536667,6,6,7,7,3,2,0,12,0,1,1,0,1,2,1,2,54,2,2,2,2,2,2,1,2,1,1,3,2,2,2,1,2,2,"West Virginia",1
"31050",540133,54,12949,38.27370556,-80.63452222,3,3,7,4,11,3,0,34,0,1,1,0,4,1,1,1,54,1,2,1,1,1,2,2,2,1,2,3,2,2,2,2,2,2,"West Virginia",0
"31051",540135,54,12540,38.51728889,-82.29799167,8,8,7,6,12,3,0,12,0,1,1,0,1,1,1,2,54,2,2,1,1,3,1,2,2,2,2,3,2,1,2,2,1,2,"West Virginia",0
"31052",540136,54,10210,39.64831667,-79.88956389,4,4,7,4,16,4,0,12,0,4,1,0,1,1,1,1,54,1,2,1,1,3,1,2,2,2,2,3,1,1,2,2,2,2,"West Virginia",0
"31053",540137,54,10426,39.53221944,-80.2547,2,2,7,4,13,3,0,12,0,1,1,0,1,1,1,1,54,1,2,1,1,2,2,2,2,2,2,3,2,1,1,2,2,2,"West Virginia",0
"31054",540138,54,10301,39.60526389,-79.931375,2,2,7,5,19,1,0,12,0,1,1,0,1,1,1,1,54,2,1,2,1,2,2,2,2,1,2,1,2,1,2,2,2,2,"West Virginia",1
"31055",540140,54,12525,38.52361111,-80.31361111,3,3,8,7,20,3,0,42,0,1,1,0,4,5,1,1,54,1,2,2,2,1,2,2,2,2,2,3,2,2,2,2,1,2,"West Virginia",0
"31056",540141,54,14216,37.55028056,-80.95528056,1,1,8,7,19,3,0,24,0,1,1,0,4,1,1,1,54,1,2,2,2,1,1,2,2,2,2,1,2,2,2,2,2,2,"West Virginia",1
"31057",540142,54,13828,37.75720556,-81.21437778,1,1,8,6,1,3,0,8,0,1,1,0,2,2,10,1,54,2,2,2,1,1,2,2,1,2,2,3,2,2,2,1,2,2,"West Virginia",0
"31058",540143,54,13136,38.16905,-82.33073056,1,1,8,1,2,4,0,42,0,1,1,0,5,2,5,1,54,1,2,2,2,1,2,2,2,2,2,1,2,2,2,2,2,2,"West Virginia",1
"31059",540144,54,13637,37.86502222,-80.74862222,4,4,8,2,0,4,0,42,0,1,1,0,4,2,1,2,54,1,2,2,2,1,2,2,2,1,2,1,1,2,2,2,2,2,"West Virginia",1
"31060",540145,54,12335,38.618425,-81.66334444,1,1,8,7,23,4,0,42,0,1,1,0,4,2,1,1,54,1,2,2,2,1,2,2,2,1,2,3,2,2,2,2,2,2,"West Virginia",1
"31061",540146,54,10941,39.25038333,-77.81747778,2,2,8,1,0,4,0,42,0,1,1,0,4,2,1,1,54,1,2,2,2,1,2,1,2,2,2,3,2,2,2,2,2,2,"West Virginia",1
"31062",540147,54,14095,37.6319,-82.09053056,1,1,8,2,21,4,0,34,0,1,1,0,4,2,2,1,54,1,2,2,1,1,2,2,2,2,2,2,2,2,2,2,2,2,"West Virginia",0
"31063",540148,54,10949,39.24629722,-81.47536944,7,7,6,5,13,2,0,12,0,1,1,1,1,1,1,1,54,1,2,1,1,3,2,1,1,2,2,3,2,1,1,2,2,2,"West Virginia",0
"31064",540149,54,12097,38.71283056,-82.06768056,1,1,8,4,16,4,0,11,0,1,1,0,1,1,1,1,54,1,2,1,1,1,1,2,2,2,2,2,2,2,2,2,2,2,"West Virginia",0
"31065",540150,54,10297,39.60806111,-79.88333056,2,2,8,4,20,3,0,5,0,1,1,0,1,1,1,1,54,2,2,2,1,1,2,2,2,2,2,1,2,2,2,2,1,2,"West Virginia",1
"31066",540151,54,14101,37.62740556,-80.24471111,1,1,8,6,7,3,0,32,0,1,1,0,4,4,1,1,54,1,2,1,1,1,2,2,2,2,2,3,2,2,2,2,2,2,"West Virginia",0
"31067",540152,54,12153,38.68961389,-80.67444722,1,1,8,7,21,3,0,34,0,1,1,0,4,2,1,1,54,1,2,2,2,1,2,1,2,1,2,1,2,2,1,2,2,2,"West Virginia",1
"31068",540153,54,13802,37.76965556,-81.28019722,1,1,8,7,13,3,0,34,0,1,1,0,4,1,1,1,54,1,2,1,2,1,1,2,2,2,2,2,2,2,2,2,2,2,"West Virginia",0
"31069",540154,54,10394,39.55221667,-80.11954722,1,1,8,1,18,2,0,35,0,1,1,0,4,1,1,1,54,2,2,2,2,1,2,1,2,1,2,2,2,2,2,2,2,2,"West Virginia",0
"31070",540155,54,14511,37.34821667,-81.268675,1,1,8,7,18,4,0,1,0,1,1,0,4,1,1,1,54,1,2,2,2,1,2,2,2,1,2,3,2,2,1,2,2,2,"West Virginia",1
"31071",540156,54,10917,39.26428056,-80.30721944,2,2,8,2,20,3,0,12,0,1,1,0,1,5,1,1,54,2,2,2,1,2,2,1,2,1,2,1,2,2,2,2,2,2,"West Virginia",1
"31072",540157,54,10642,39.40070278,-78.15202222,2,2,8,3,12,4,0,12,0,2,3,0,1,1,1,1,54,1,2,1,1,2,2,2,2,2,2,3,2,2,2,2,2,2,"West Virginia",0
"31073",540158,54,11492,38.99471944,-80.26416944,6,6,8,6,4,4,0,12,0,1,1,0,1,2,1,1,54,1,2,2,1,2,2,2,2,2,2,3,1,2,1,2,2,2,"West Virginia",0
"31074",540159,54,12472,38.55720278,-81.330875,3,3,8,5,18,4,0,12,0,1,1,0,1,1,1,2,54,1,2,2,1,2,2,1,2,2,2,3,2,2,2,2,2,2,"West Virginia",1
"31075",540160,54,10387,39.55421944,-78.02253889,2,2,8,6,12,3,0,12,0,1,1,0,1,1,1,1,54,1,2,1,1,2,2,2,2,2,2,3,2,1,2,2,2,2,"West Virginia",0
"31076",540161,54,10898,39.27163056,-77.76571389,1,1,8,1,0,4,0,42,0,1,1,0,4,2,1,1,54,1,2,2,2,1,2,2,2,2,2,1,2,2,2,2,2,2,"West Virginia",1
"31077",540162,54,11552,38.97266111,-80.12391389,2,2,8,4,15,2,0,12,0,2,2,0,1,1,1,1,54,1,2,1,1,2,2,2,2,2,2,3,2,1,2,2,2,2,"West Virginia",0
"31078",540163,54,9105,40.05226111,-80.59741111,3,3,8,7,0,1,0,12,0,1,1,0,1,2,1,2,54,1,1,2,2,2,2,2,2,2,2,3,2,1,2,2,2,2,"West Virginia",0
"31079",540164,54,13617,37.87861111,-80.82721944,3,3,8,1,21,3,0,12,0,1,1,0,1,2,1,1,54,1,2,2,2,2,2,2,2,2,2,1,2,2,2,2,2,2,"West Virginia",1
"31080",540165,54,11643,38.92747222,-81.9134,1,1,8,5,2,3,0,34,0,1,1,0,4,2,1,1,54,1,2,2,1,1,2,2,2,1,2,1,2,2,2,2,2,2,"West Virginia",1
"31081",540166,54,14192,37.56477222,-81.11300556,4,4,8,3,10,1,0,12,0,1,1,4,1,1,10,1,54,1,1,1,1,3,2,2,2,1,2,3,2,1,2,2,2,2,"West Virginia",0
"31082",540167,54,11630,38.93806111,-79.00666944,5,5,8,5,4,4,0,12,0,1,1,0,1,1,1,1,54,1,2,2,1,2,2,2,2,1,2,1,2,2,2,2,2,2,"West Virginia",1
"31083",540168,54,10574,39.44695556,-78.68826944,4,4,8,7,11,4,0,12,0,1,1,0,1,1,1,1,54,1,2,1,2,2,1,2,2,2,2,3,2,2,2,2,2,2,"West Virginia",0
"31084",540169,54,12772,38.38384167,-81.85566944,2,2,8,2,20,4,0,12,0,1,1,0,1,5,1,1,54,2,2,2,1,2,2,1,2,1,2,1,1,2,2,2,2,2,"West Virginia",1
"31085",540170,54,10519,39.47778611,-79.896625,2,2,8,5,9,4,0,12,0,2,3,0,1,1,1,1,54,1,2,1,1,2,2,2,2,2,2,3,2,1,2,2,2,2,"West Virginia",0
"31086",540171,54,11694,38.90406944,-82.038775,1,1,9,1,16,4,0,34,0,1,1,0,4,1,1,1,54,1,2,1,2,1,2,1,2,1,2,2,1,2,2,2,2,2,"West Virginia",0
"31087",540172,54,10683,39.37954722,-77.99989167,3,3,9,1,14,4,0,42,0,1,1,0,4,1,1,1,54,1,2,1,2,1,2,2,2,2,2,3,2,2,2,2,2,2,"West Virginia",0
"31088",540173,54,14074,37.6409,-80.91318611,1,1,9,3,15,4,0,42,0,1,1,0,4,1,1,1,54,1,2,1,1,1,2,1,2,2,2,1,2,2,2,2,2,2,"West Virginia",1
"31089",540174,54,12866,38.32645556,-81.71400833,1,1,9,5,0,2,0,8,0,1,1,0,4,3,10,1,54,2,2,2,1,1,2,2,1,2,2,3,2,2,2,1,2,2,"West Virginia",0
"31090",540175,54,13038,38.22913611,-81.96732778,1,1,9,7,19,3,0,24,0,1,1,0,4,1,1,1,54,1,2,2,2,1,1,1,2,2,2,3,2,2,2,2,2,2,"West Virginia",0
"31091",540176,54,12375,38.60399167,-81.57215556,2,2,9,6,20,4,0,1,0,1,1,0,1,2,1,1,54,1,2,2,2,1,2,1,2,1,2,1,2,2,2,2,2,2,"West Virginia",1
"31092",540177,54,12850,38.33341944,-81.71058056,1,1,9,4,4,2,0,9,0,1,1,0,1,2,5,1,54,2,2,2,1,1,2,2,2,2,2,3,2,2,2,2,2,2,"West Virginia",0
"31093",540178,54,12884,38.31666111,-81.57341111,4,4,9,7,19,3,0,8,0,1,1,0,1,3,2,1,54,2,2,2,2,1,2,2,1,2,2,3,2,2,2,2,2,2,"West Virginia",0
"31094",540179,54,10883,39.27946944,-81.02966944,1,1,9,1,22,4,0,30,0,1,1,0,4,2,2,1,54,1,2,2,2,1,2,2,2,2,2,2,1,2,2,2,2,2,"West Virginia",0
"31095",540181,54,12718,38.41893889,-82.03131389,2,2,9,2,13,2,0,12,0,1,1,0,1,1,1,1,54,1,2,1,1,2,2,2,2,2,2,3,2,2,2,2,2,2,"West Virginia",0
"31096",540182,54,9588,39.8775,-80.78471944,3,3,9,3,15,3,0,12,0,1,1,0,1,1,1,1,54,1,2,1,1,3,1,2,2,2,2,3,2,2,2,2,2,2,"West Virginia",0
"31097",540183,54,10686,39.378675,-81.03380556,5,5,9,7,16,4,0,1,0,1,1,0,1,1,1,1,54,1,2,1,2,2,1,2,2,2,2,3,2,2,1,2,2,2,"West Virginia",0
"31098",540184,54,10139,39.67995,-80.10727222,3,3,9,1,15,3,0,12,0,2,3,0,1,1,1,1,54,1,2,1,2,2,1,2,2,2,2,3,1,2,1,2,2,2,"West Virginia",0
"31099",540185,54,10305,39.60334722,-79.96493889,3,3,9,1,13,2,0,12,1,2,4,0,1,1,1,1,54,2,2,1,2,2,1,2,2,2,2,3,2,2,2,2,2,2,"West Virginia",1
"31100",540186,54,13533,37.94109444,-82.42119722,7,7,9,1,15,2,0,12,0,2,2,0,1,1,2,1,54,1,2,1,2,2,2,2,2,2,2,3,2,1,2,2,2,2,"West Virginia",0
"31101",540187,54,10518,39.47806667,-79.86288333,3,3,10,6,18,4,0,42,0,1,1,0,4,1,2,2,54,1,2,2,2,1,2,2,2,2,2,2,2,2,2,2,2,2,"West Virginia",0
"31102",540188,54,13798,37.77225833,-81.19533333,3,3,10,6,6,3,0,8,0,2,2,0,1,2,10,1,54,2,2,1,1,1,2,2,1,2,2,3,2,2,2,2,2,2,"West Virginia",0
"31103",540189,54,11672,38.91625278,-79.51306111,3,3,10,6,4,2,0,32,0,1,1,0,4,2,1,1,54,1,2,2,1,1,2,2,2,2,2,3,2,2,2,2,2,1,"West Virginia",0
"31104",540190,54,13199,38.12890278,-81.38830278,1,1,10,6,21,1,0,25,0,1,1,0,3,3,10,1,54,1,1,2,2,1,2,2,2,2,2,2,2,2,2,2,2,2,"West Virginia",0
"31105",540191,54,13069,38.21097778,-81.37503889,1,1,10,7,14,2,0,33,0,1,1,0,3,1,1,1,54,2,2,1,2,1,1,1,2,2,2,2,2,2,2,2,2,2,"West Virginia",0
"31106",540192,54,11061,39.18473889,-78.48241389,1,1,10,1,16,3,0,42,0,1,1,0,4,1,1,1,54,1,2,1,2,1,2,1,2,2,2,1,2,2,2,2,2,2,"West Virginia",1
"31107",540193,54,13760,37.7869,-81.34083889,2,2,10,2,9,3,0,1,0,1,1,0,4,1,1,2,54,1,2,1,1,1,2,1,2,1,2,2,1,2,2,2,2,2,"West Virginia",0
"31108",540194,54,10023,39.72131944,-80.0616,1,1,10,1,3,1,0,34,1,19,1,0,4,6,1,1,54,1,1,2,2,1,2,2,2,1,2,2,2,1,2,2,2,2,"West Virginia",0
"31109",540195,54,12999,38.250425,-82.233925,3,3,10,3,11,4,0,5,0,1,1,0,1,1,1,1,54,1,2,1,1,1,2,2,2,2,2,3,2,2,2,2,2,2,"West Virginia",0
"31110",540196,54,11171,39.13361111,-78.98188889,1,1,10,1,23,2,0,32,0,1,1,0,3,2,1,1,54,1,2,2,2,1,2,2,2,1,2,2,2,2,1,2,2,2,"West Virginia",0
"31111",540197,54,14089,37.63533889,-82.14726389,1,1,10,4,18,3,0,38,0,1,1,0,4,1,1,1,54,1,2,2,1,1,1,1,2,2,2,2,2,2,2,2,2,2,"West Virginia",0
"31112",540198,54,12745,38.40084444,-81.74780556,1,1,10,6,15,3,0,42,0,1,1,0,4,1,10,1,54,2,2,1,1,1,2,2,2,1,2,2,2,2,2,2,2,1,"West Virginia",0
"31113",540199,54,10428,39.53183611,-80.11363889,1,1,10,6,14,5,0,18,0,2,3,0,1,1,1,1,54,2,2,1,1,1,2,1,2,2,2,2,2,1,2,2,2,2,"West Virginia",0
"31114",540200,54,10565,39.45114444,-77.97798056,1,1,10,7,6,2,0,43,0,1,1,0,4,2,1,1,54,2,2,1,2,1,2,1,2,2,2,2,2,2,1,2,2,2,"West Virginia",0
"31115",540201,54,12907,38.29778056,-81.78879722,1,1,10,7,3,4,0,34,0,1,1,0,4,2,1,1,54,2,2,2,2,1,2,2,2,1,2,1,2,2,2,2,2,2,"West Virginia",1
"31116",540202,54,10785,39.32821389,-81.43820556,3,3,9,1,20,3,0,12,0,1,1,0,1,2,2,1,54,1,2,2,2,2,2,2,2,2,2,3,1,2,2,2,2,2,"West Virginia",0
"31117",540203,54,11296,39.08607222,-79.65834444,1,1,9,1,18,4,0,1,0,1,1,0,4,1,10,1,54,1,2,2,2,1,2,1,2,1,2,1,2,2,2,2,2,2,"West Virginia",1
"31118",540204,54,11927,38.79773056,-79.89775556,2,2,10,5,5,2,0,12,0,8,1,0,1,2,1,1,54,1,2,2,1,2,1,2,2,2,2,3,1,2,2,2,2,2,"West Virginia",0
"31119",540205,54,12670,38.4418,-82.13088056,2,2,10,3,13,1,0,12,0,1,1,0,1,1,1,1,54,2,1,1,1,2,2,1,2,1,2,3,2,2,2,1,2,2,"West Virginia",0
"31120",540206,54,13936,37.70766944,-82.26554167,3,3,8,1,1,4,0,1,0,1,1,0,4,2,1,1,54,1,2,2,2,1,2,2,2,1,2,1,2,2,2,2,2,2,"West Virginia",1
"31121",540207,54,10838,39.30400556,-81.04956944,1,1,8,6,20,4,0,35,0,1,1,0,4,2,2,1,54,1,2,2,2,1,2,2,2,2,2,1,2,2,2,2,2,2,"West Virginia",1
"31122",540208,54,14526,37.33930278,-80.96988333,2,2,10,2,19,2,0,1,0,1,1,0,1,2,1,1,54,1,2,2,1,2,1,2,2,2,2,3,2,2,2,1,2,2,"West Virginia",0
"31123",540209,54,13780,37.77963889,-80.934,4,4,10,4,18,1,0,12,0,1,1,0,1,1,1,3,54,1,1,2,1,2,2,2,2,1,2,2,2,2,2,2,2,2,"West Virginia",0
"31124",540210,54,12804,38.36551944,-81.61213056,2,2,10,5,22,2,0,12,0,1,1,0,1,2,1,1,54,2,2,2,1,2,1,2,2,2,2,1,2,2,2,2,2,2,"West Virginia",1
"31125",540211,54,12854,38.33276111,-82.45369444,6,6,10,6,18,3,0,12,0,2,3,0,1,1,1,3,54,1,2,2,2,2,2,2,2,2,2,3,2,2,2,2,2,2,"West Virginia",0
"31126",540212,54,10585,39.44148611,-77.94536944,3,3,10,1,17,4,0,12,0,1,1,0,1,1,1,1,54,2,2,1,2,2,2,2,2,2,2,3,2,1,2,2,2,2,"West Virginia",0
"31127",540213,54,11829,38.83983056,-81.78879444,2,2,10,2,8,3,0,12,0,1,1,0,1,1,1,1,54,1,2,1,1,2,2,2,2,2,2,3,1,2,2,2,2,2,"West Virginia",0
"31128",540214,54,11641,38.92961667,-79.85090556,2,2,10,3,18,2,0,12,0,2,2,0,1,3,2,1,54,2,2,2,1,2,2,2,2,1,2,3,1,2,2,2,2,2,"West Virginia",0
"31129",540215,54,12713,38.42146944,-82.25008333,4,4,10,3,20,1,0,57,0,1,1,0,3,2,2,2,54,2,1,2,1,2,2,1,2,1,2,2,1,2,2,2,2,2,"West Virginia",0
"31130",540216,54,11001,39.21589722,-79.20623056,2,2,10,4,10,2,0,12,1,2,2,0,1,1,2,1,54,1,2,1,1,2,2,1,2,1,2,3,2,1,2,2,2,2,"West Virginia",0
"31131",540217,54,14507,37.35061944,-81.80156111,1,1,11,6,17,4,0,1,0,1,1,0,1,2,1,1,54,1,2,1,1,1,2,2,2,1,2,1,2,2,2,2,2,2,"West Virginia",1
"31132",540218,54,10465,39.50444722,-80.07018056,1,1,11,1,3,4,0,1,0,1,1,0,4,2,1,1,54,1,2,2,2,1,2,2,2,1,2,1,2,2,1,2,2,2,"West Virginia",1
"31133",540219,54,12705,38.42385278,-82.218225,1,1,11,2,16,2,0,1,0,1,1,0,4,1,10,1,54,2,2,1,1,1,2,2,2,1,2,2,2,2,2,2,2,1,"West Virginia",0
"31134",540220,54,13344,38.03321667,-80.33216667,1,1,11,4,7,2,0,1,0,1,1,0,4,1,1,1,54,1,2,1,1,1,2,2,2,1,2,2,2,2,2,2,2,2,"West Virginia",0
"31135",540221,54,10903,39.26889722,-77.83971389,1,1,11,4,14,3,0,31,0,1,1,0,4,1,1,1,54,2,2,1,1,1,2,2,2,1,2,3,2,2,2,2,2,2,"West Virginia",0
"31136",540222,54,10919,39.263075,-81.58982778,1,1,11,6,18,4,0,8,0,1,1,0,1,2,10,1,54,2,2,2,2,1,2,2,1,2,2,3,2,1,2,2,2,2,"West Virginia",0