"","ST_CASE","OBJECT_ID","FID","LATITUDE","LONGITUD","PERMVIT","PERSONS","MONTH","DAY_WEEK","HOUR","ROUTE","SP_JUR","HARM_EV","RELJCT1","RELJCT2","TYP_INT","WRK_ZONE","REL_ROAD","LGT_COND","WEATHER","FATALS","STATE","A_RU","A_INTER","A_TOD","A_DOW","A_CT","A_MC","A_SPCRA","A_PED","A_ROLL","A_POLPUR","A_POSBAC","A_D15_20","A_D65PLS","A_D21_24","A_HR","A_DIST","A_DROWSY","STATE_NAME","drunkDr"
"31405",550246,55,1308,45.31755278,-89.14589722,2,2,7,1,14,2,0,12,0,1,1,0,1,1,1,1,55,1,2,1,2,2,2,2,2,2,2,1,2,2,2,2,2,2,"Wisconsin",1
"31406",550247,55,1921,44.32198056,-89.94495,2,2,7,7,21,3,0,12,0,2,2,0,1,2,10,1,55,1,2,2,2,2,1,2,2,2,2,1,2,2,2,2,1,2,"Wisconsin",1
"31407",550248,55,2016,44.16930278,-88.98642778,1,1,7,1,3,3,0,42,0,1,1,0,4,2,1,1,55,1,2,2,2,1,2,2,2,2,2,1,2,2,2,2,2,2,"Wisconsin",1
"31408",550249,55,2181,43.91253889,-88.04171389,1,1,7,6,18,4,0,1,0,1,1,0,4,1,1,1,55,2,2,2,2,1,1,2,2,2,2,1,2,2,2,2,2,2,"Wisconsin",1
"31409",550250,55,1022,45.81896667,-91.85599444,2,2,7,4,8,2,0,1,0,1,1,0,1,1,1,1,55,2,2,1,1,1,2,2,2,1,2,2,2,2,2,2,2,2,"Wisconsin",0
"31410",550251,55,881,46.33394722,-91.25936944,2,2,7,5,8,5,0,34,0,1,1,0,4,1,10,2,55,1,2,1,1,1,2,2,2,1,2,2,2,2,2,2,2,2,"Wisconsin",0
"31411",550252,55,2258,43.79071389,-87.82025833,2,2,7,5,19,3,0,12,0,2,2,0,1,1,1,1,55,1,2,2,1,2,2,2,2,2,2,2,2,1,1,2,1,2,"Wisconsin",0
"31412",550253,55,1621,44.80213056,-87.98341944,1,1,7,5,21,2,0,1,0,1,1,0,3,2,10,1,55,1,2,2,1,1,2,2,2,1,2,1,2,2,2,2,2,2,"Wisconsin",1
"31413",550254,55,1812,44.49975278,-87.99688889,2,2,7,6,6,6,0,19,0,1,1,0,4,1,1,1,55,2,2,1,1,1,2,1,2,2,2,1,2,2,2,2,1,2,"Wisconsin",1
"31414",550255,55,2365,43.65114722,-89.81557222,6,6,7,7,11,2,0,12,0,1,1,0,1,1,10,1,55,1,2,1,2,3,2,1,2,1,2,3,2,2,2,2,2,2,"Wisconsin",0
"31415",550256,55,1579,44.87317778,-90.07897778,3,3,7,1,14,3,0,12,0,2,2,0,1,1,1,1,55,1,2,1,2,3,2,2,2,2,2,2,2,1,2,2,2,2,"Wisconsin",0
"31416",550257,55,1817,44.49319722,-88.03711944,1,1,7,3,11,6,0,8,0,1,1,0,1,1,10,1,55,2,2,1,1,1,2,2,1,2,2,2,2,2,2,2,1,2,"Wisconsin",0
"31417",550258,55,2920,43.09020833,-88.29071944,1,1,7,7,2,6,0,32,0,1,1,0,4,2,1,1,55,2,2,2,2,1,1,1,2,2,2,1,2,2,2,2,2,2,"Wisconsin",1
"31418",550259,55,1990,44.22609167,-88.96607778,2,2,7,5,15,3,0,12,0,1,1,0,1,1,1,1,55,1,2,1,1,2,2,2,2,2,2,2,2,2,2,2,2,2,"Wisconsin",0
"31419",550260,55,2866,43.11914167,-87.95621667,1,1,8,7,1,6,0,8,0,2,2,0,1,3,1,2,55,2,2,2,2,1,2,2,1,1,2,1,2,2,2,2,2,2,"Wisconsin",1
"31420",550261,55,2927,43.08748056,-87.95099444,1,1,8,7,4,6,0,8,0,1,1,0,1,3,1,1,55,2,2,2,2,1,2,2,1,2,2,1,2,2,2,2,2,2,"Wisconsin",1
"31421",550262,55,3363,42.78743333,-89.34839167,5,5,8,7,17,4,0,12,0,2,2,0,1,1,1,2,55,1,2,1,2,2,2,2,2,2,2,3,2,2,1,2,2,2,"Wisconsin",0
"31422",550263,55,797,46.60421667,-92.06684722,2,2,8,7,23,4,0,11,0,1,1,0,1,2,1,1,55,1,2,2,2,1,1,2,2,2,2,3,2,2,2,2,2,2,"Wisconsin",0
"31423",550264,55,2070,44.08023056,-88.58346944,1,1,8,1,1,4,0,43,0,1,1,0,4,2,1,1,55,1,2,2,2,1,1,1,2,2,2,1,2,2,1,2,2,2,"Wisconsin",1
"31424",550265,55,1571,44.88931389,-91.42789722,1,1,8,2,20,6,0,53,0,1,1,0,4,5,1,1,55,2,2,2,1,1,2,1,2,2,2,1,2,2,1,2,2,2,"Wisconsin",1
"31425",550266,55,2394,43.62519167,-91.10036389,2,2,8,7,14,4,0,12,0,2,3,0,1,1,1,1,55,1,2,1,2,2,2,2,2,2,2,3,2,1,2,2,2,2,"Wisconsin",0
"31426",550267,55,1758,44.56854444,-91.14825,2,2,8,3,15,4,0,1,0,1,1,0,4,1,1,1,55,1,2,1,1,1,2,2,2,1,2,2,2,2,2,2,2,2,"Wisconsin",0
"31427",550268,55,2459,43.56639722,-89.56388333,1,1,8,5,0,3,0,34,0,1,1,0,4,2,1,1,55,1,2,2,1,1,2,2,2,1,2,1,2,2,2,2,2,2,"Wisconsin",1
"31428",550269,55,1922,44.32097778,-89.78681389,2,2,8,1,5,5,0,1,0,1,1,0,1,4,1,1,55,1,2,2,2,1,2,2,2,1,2,1,1,2,2,2,2,2,"Wisconsin",1
"31429",550270,55,2751,43.19932222,-87.92430278,2,2,6,5,12,4,0,12,0,2,2,0,1,1,1,1,55,2,2,1,1,2,2,2,2,2,2,3,2,1,2,2,2,2,"Wisconsin",0
"31430",550271,55,2461,43.56440556,-88.21966667,1,1,7,5,22,5,0,32,0,1,1,0,4,2,1,1,55,1,2,2,1,1,1,1,2,2,2,1,2,2,2,2,2,2,"Wisconsin",1
"31431",550272,55,1299,45.34016389,-92.16727222,2,2,7,3,7,2,0,12,0,1,1,0,1,1,1,1,55,1,2,1,1,2,2,2,2,2,2,3,1,2,2,2,1,2,"Wisconsin",0
"31432",550273,55,3191,42.93075556,-87.86439444,1,1,7,3,8,8,0,33,0,1,1,0,4,1,1,1,55,2,2,1,1,1,2,2,2,2,2,2,2,1,2,2,2,2,"Wisconsin",0
"31433",550274,55,2280,43.76033333,-89.61911667,1,1,7,3,12,5,0,42,0,1,1,0,4,1,10,1,55,1,2,1,1,1,2,2,2,2,2,2,2,2,2,2,2,2,"Wisconsin",0
"31434",550275,55,1533,44.935,-92.26358333,2,2,8,5,23,1,0,12,0,1,1,0,1,2,2,1,55,1,1,2,1,2,2,2,2,2,2,3,2,1,2,2,1,2,"Wisconsin",0
"31435",550276,55,3544,42.65910556,-88.58388333,2,2,8,6,10,3,0,14,0,1,1,0,2,1,10,2,55,1,2,1,1,1,2,2,1,2,2,2,2,2,1,2,1,2,"Wisconsin",0
"31436",550277,55,1946,44.28171111,-87.782425,3,3,8,6,13,1,0,12,1,18,1,0,1,1,2,1,55,1,1,1,1,2,2,1,2,1,2,3,2,1,2,2,2,2,"Wisconsin",0
"31437",550278,55,3339,42.805575,-87.81589722,1,1,8,1,17,6,0,8,0,1,1,0,4,1,10,1,55,2,2,1,2,1,2,1,1,2,2,1,2,2,2,2,1,2,"Wisconsin",1
"31438",550279,55,928,46.17218611,-91.90506667,1,1,8,6,23,4,0,8,0,1,1,0,1,2,5,1,55,1,2,2,2,1,2,2,1,2,2,1,2,2,2,2,2,2,"Wisconsin",1
"31439",550280,55,1617,44.80997778,-89.72796667,4,4,8,3,13,4,0,12,0,1,1,0,1,1,10,1,55,1,2,1,1,2,2,2,2,1,2,2,1,2,2,2,2,2,"Wisconsin",0
"31440",550281,55,2437,43.59366111,-90.32499167,1,1,8,5,8,4,0,49,0,1,1,0,1,1,1,1,55,1,2,1,1,1,2,2,2,2,2,2,1,2,2,2,2,2,"Wisconsin",0
"31441",550282,55,1680,44.71509167,-88.44506389,5,5,8,6,22,3,0,12,0,1,1,0,1,2,10,2,55,1,2,2,2,3,1,2,2,2,2,1,2,2,2,2,1,2,"Wisconsin",1
"31442",550283,55,2252,43.79695,-88.30663056,2,2,8,7,1,5,0,32,0,1,1,0,4,2,10,1,55,1,2,2,2,1,2,1,2,2,2,1,1,2,2,2,2,2,"Wisconsin",1
"31443",550284,55,3259,42.88909722,-88.03811944,2,2,8,7,11,2,0,12,0,2,2,0,1,1,1,1,55,2,2,1,2,2,1,2,2,2,2,2,1,2,2,2,2,2,"Wisconsin",0
"31444",550285,55,3738,42.52038611,-89.79390278,1,1,8,7,23,4,0,34,0,1,1,0,4,2,10,1,55,1,2,2,2,1,1,1,2,2,2,1,2,2,2,2,2,2,"Wisconsin",1
"31445",550286,55,1882,44.38298333,-89.18246944,1,1,8,1,0,4,0,32,0,1,1,0,4,2,1,1,55,1,2,2,2,1,2,1,2,1,1,1,2,2,2,2,2,2,"Wisconsin",1
"31446",550287,55,3513,42.67906667,-88.59056667,1,1,8,1,22,5,0,59,0,3,3,0,4,2,1,1,55,1,2,2,2,1,2,1,2,2,1,1,2,2,2,2,2,2,"Wisconsin",1
"31447",550288,55,2588,43.40070833,-88.92731389,2,2,8,4,12,2,0,12,0,7,1,0,1,1,1,1,55,1,2,1,1,2,2,1,2,2,2,3,2,1,2,2,1,2,"Wisconsin",0
"31448",550289,55,2158,43.97103056,-91.2649,1,1,8,5,4,4,0,1,0,1,1,0,4,2,1,1,55,2,2,2,1,1,2,2,2,1,2,2,1,2,2,2,2,2,"Wisconsin",0
"31449",550290,55,2951,43.07536389,-87.99238333,1,1,8,1,1,6,0,8,0,3,2,0,1,3,1,1,55,2,2,2,2,1,2,2,1,2,2,3,2,2,2,1,1,2,"Wisconsin",0
"31450",550291,55,3469,42.70378333,-87.82598056,3,3,4,6,0,6,0,12,0,8,1,0,1,3,1,1,55,2,2,2,1,2,1,2,2,2,2,1,2,2,1,2,2,2,"Wisconsin",2
"31451",550292,55,3241,42.90411389,-88.54215278,2,2,8,2,23,4,0,42,0,1,1,0,4,2,10,2,55,1,2,2,1,1,2,2,2,2,2,2,1,2,2,2,2,2,"Wisconsin",0
"31452",550293,55,2186,43.9046,-89.39021667,2,2,8,3,13,4,0,12,0,1,1,0,1,1,10,1,55,1,2,1,1,2,2,2,2,2,2,2,1,2,2,2,2,2,"Wisconsin",0
"31453",550294,55,2391,43.62689722,-88.44108056,2,2,8,4,2,2,0,12,0,7,1,0,1,2,3,1,55,1,2,2,1,2,2,2,2,2,2,2,2,1,2,2,2,2,"Wisconsin",0
"31454",550295,55,2931,43.08610833,-87.928375,1,1,8,5,20,6,0,8,0,2,2,0,1,3,1,1,55,2,2,2,1,1,2,1,1,2,2,3,2,2,2,1,2,2,"Wisconsin",0
"31455",550296,55,2303,43.72959444,-90.63590278,1,1,8,7,12,3,0,33,0,1,1,0,4,1,1,1,55,1,2,1,2,1,2,2,2,1,2,3,2,1,2,2,2,2,"Wisconsin",0
"31456",550297,55,2856,43.12596389,-87.9133,3,3,8,4,17,6,0,12,0,8,1,0,1,1,10,1,55,2,2,1,1,2,1,2,2,2,2,2,1,1,2,2,2,2,"Wisconsin",0
"31457",550298,55,3561,42.64603333,-90.57584167,2,2,8,2,13,2,0,12,0,2,3,0,1,1,10,1,55,1,2,1,1,2,2,2,2,2,2,3,2,1,2,2,2,2,"Wisconsin",0
"31458",550299,55,3369,42.78196944,-88.43759722,1,1,8,7,2,4,0,1,0,1,1,0,4,2,1,1,55,1,2,2,2,1,1,1,2,2,2,1,2,2,2,2,2,2,"Wisconsin",1
"31459",550300,55,741,46.79488333,-90.84863889,4,4,8,6,16,3,0,12,0,8,1,0,1,1,1,1,55,1,2,1,1,3,2,2,2,2,2,3,2,1,2,2,1,2,"Wisconsin",0
"31460",550301,55,1646,44.77243889,-91.690175,1,1,8,6,21,4,0,1,0,1,1,0,4,2,10,1,55,1,2,2,2,1,1,1,2,2,2,1,2,2,2,2,2,2,"Wisconsin",1
"31461",550302,55,2812,43.16438889,-89.08090556,1,1,8,7,5,4,0,42,0,1,1,0,4,4,1,1,55,1,2,2,2,1,2,2,2,2,2,2,1,2,2,2,2,2,"Wisconsin",0
"31462",550303,55,1153,45.55844722,-92.01721111,17,17,8,7,14,2,0,12,0,2,2,0,1,1,1,2,55,1,2,1,2,2,2,2,2,2,2,2,2,2,2,2,2,2,"Wisconsin",0
"31463",550304,55,2129,44.01420278,-88.53757222,1,1,8,7,22,2,0,33,0,1,1,0,4,3,1,1,55,2,2,2,2,1,1,2,2,2,2,2,2,2,2,2,1,2,"Wisconsin",0
"31464",550305,55,773,46.68765278,-90.92514167,1,1,8,2,0,4,0,42,0,1,1,0,5,2,10,1,55,1,2,2,2,1,2,2,2,2,2,3,2,2,2,2,1,2,"Wisconsin",0
"31465",550306,55,2725,43.22254167,-88.02338611,1,1,8,2,23,6,0,59,0,3,10,0,4,3,10,1,55,2,2,2,1,1,2,1,2,1,2,1,2,2,2,2,2,2,"Wisconsin",1
"31466",550308,55,2666,43.28612778,-88.19885278,3,3,8,2,11,2,0,12,0,1,1,1,1,1,10,1,55,1,2,1,1,3,2,1,2,2,2,3,2,1,2,2,1,2,"Wisconsin",0
"31467",550309,55,2456,43.56926667,-89.77125,5,5,8,2,17,1,0,12,0,1,1,0,1,1,10,1,55,2,1,1,1,2,2,2,2,1,2,3,2,2,1,2,2,2,"Wisconsin",0
"31468",550310,55,1439,45.05440556,-87.28055833,1,1,8,7,16,4,0,19,0,3,3,0,5,1,1,1,55,2,2,1,2,1,2,2,2,2,2,2,2,1,2,2,2,2,"Wisconsin",0
"31469",550311,55,1703,44.67784167,-88.87844444,3,3,8,5,16,2,0,12,0,1,1,0,1,1,10,1,55,2,2,1,1,2,2,2,2,2,2,3,2,1,2,2,2,2,"Wisconsin",0
"31470",550312,55,1388,45.14918333,-88.89776667,1,1,8,5,22,5,0,42,0,1,1,0,5,2,10,1,55,1,2,2,1,1,2,2,2,1,2,3,2,2,2,2,1,2,"Wisconsin",0
"31471",550313,55,1807,44.50534167,-88.45163889,2,2,8,4,11,3,0,12,0,1,1,0,1,1,10,2,55,1,2,1,1,2,2,2,2,2,2,2,2,2,2,2,2,2,"Wisconsin",0
"31472",550314,55,3737,42.52055833,-88.9928,1,1,8,7,1,3,0,9,0,1,1,0,1,2,2,1,55,2,2,2,2,1,2,2,2,2,2,1,2,2,2,2,2,2,"Wisconsin",1
"31473",550315,55,1012,45.835875,-88.22595,1,1,8,3,12,4,0,1,0,1,1,0,1,1,1,1,55,1,2,1,1,1,2,1,2,1,2,3,2,2,2,2,2,2,"Wisconsin",0
"31474",550316,55,1792,44.52476667,-87.98438333,2,2,8,5,1,6,0,33,0,1,1,0,4,2,1,2,55,2,2,2,1,1,2,1,2,2,2,1,2,2,2,2,1,2,"Wisconsin",1
"31475",550317,55,2490,43.52856389,-87.8238,3,3,8,7,16,4,0,12,0,2,2,0,1,1,10,1,55,1,2,1,2,2,2,2,2,1,2,2,2,1,2,2,2,2,"Wisconsin",0
"31476",550318,55,2411,43.61568056,-88.1383,2,2,8,7,18,4,0,1,0,1,1,0,1,1,1,1,55,1,2,2,2,1,1,1,2,2,2,1,2,2,2,2,2,2,"Wisconsin",1
"31477",550319,55,2137,44.00443056,-88.53811667,2,2,8,7,15,2,0,12,0,2,2,0,1,1,1,1,55,2,2,1,2,2,1,2,2,2,2,1,2,2,2,2,2,2,"Wisconsin",1
"31478",550320,55,3415,42.74143889,-88.40610556,1,1,8,2,1,3,0,8,0,1,1,0,1,2,1,1,55,1,2,2,2,1,2,2,1,2,2,1,2,2,1,2,2,2,"Wisconsin",1
"31479",550321,55,2724,43.22365833,-88.17678333,1,1,8,1,20,3,0,9,0,1,1,0,1,2,10,1,55,2,2,2,2,1,2,2,2,2,2,3,2,2,2,1,1,2,"Wisconsin",0
"31480",550322,55,2630,43.34194722,-87.92337222,2,2,8,6,10,3,0,12,1,2,2,0,1,1,1,1,55,1,2,1,1,2,2,2,2,2,2,3,1,1,2,2,2,2,"Wisconsin",0
"31481",550323,55,3417,42.74078056,-87.98325278,1,1,8,1,0,5,0,5,0,8,1,0,1,2,1,1,55,1,2,2,2,1,2,2,2,2,2,1,2,2,2,2,2,2,"Wisconsin",1
"31482",550324,55,812,46.5688,-91.3391,1,1,6,6,17,5,0,42,0,1,1,0,5,1,1,1,55,1,2,1,1,1,2,1,2,2,2,3,2,2,2,2,1,2,"Wisconsin",0
"31483",550325,55,1005,45.87888889,-91.54128056,1,1,10,4,10,5,0,43,0,1,1,0,5,1,1,1,55,1,2,1,1,1,2,1,2,1,2,1,2,2,2,2,2,2,"Wisconsin",1
"31484",550326,55,967,45.99658889,-91.81644444,1,1,2,6,23,5,0,1,0,1,1,0,5,2,1,1,55,1,2,2,2,1,2,1,2,1,2,1,2,2,2,2,2,2,"Wisconsin",1
"31485",550327,55,811,46.57,-91.33721944,1,1,7,7,15,5,0,1,0,1,1,0,4,1,1,1,55,1,2,1,2,1,2,1,2,1,2,1,2,2,2,2,2,2,"Wisconsin",1
"31486",550328,55,1381,45.1558,-88.34949444,1,1,5,7,21,5,0,42,0,1,1,0,5,2,1,1,55,1,2,2,2,1,2,1,2,1,2,1,2,2,2,2,2,2,"Wisconsin",1
"31487",550329,55,897,46.29331944,-91.63055556,1,1,1,7,19,5,0,42,0,1,1,0,5,2,1,1,55,1,2,2,2,1,2,1,2,2,2,2,2,1,2,2,1,2,"Wisconsin",0
"31488",550330,55,1890,44.37173333,-89.81768333,1,1,11,6,20,8,0,8,0,1,1,0,5,1,10,1,55,2,2,2,2,1,2,2,1,2,2,3,2,2,2,2,1,2,"Wisconsin",0
"31489",550331,55,1563,44.89771944,-88.64746667,1,1,11,7,13,3,3,43,0,1,1,0,4,1,10,1,55,1,2,1,2,1,2,2,2,1,2,2,2,2,2,2,2,2,"Wisconsin",0
"31490",550332,55,1470,45.00722778,-88.66235278,3,3,11,2,19,4,3,12,0,3,3,0,1,2,1,2,55,1,2,2,1,2,2,2,1,1,2,1,2,2,2,2,2,2,"Wisconsin",1
"31491",550333,55,1325,45.28946389,-88.51054444,1,1,11,1,0,3,0,8,0,1,1,0,1,2,10,1,55,1,2,2,2,1,2,2,1,2,2,3,2,2,2,2,2,2,"Wisconsin",1
"31492",550335,55,3107,42.99053611,-87.91903611,5,5,11,1,11,9,0,1,0,1,1,0,4,1,1,1,55,2,2,1,2,1,2,1,2,1,1,3,1,2,2,1,2,2,"Wisconsin",0
"31493",550336,55,3598,42.62255833,-89.663675,2,2,11,3,5,3,0,12,0,1,1,0,1,2,1,1,55,1,2,2,1,2,2,2,2,1,2,3,2,1,1,2,2,2,"Wisconsin",0
"31494",550337,55,3117,42.98480278,-87.91915278,1,1,11,4,3,7,0,9,0,1,1,0,1,3,1,1,55,2,2,2,1,1,2,2,2,2,2,3,2,2,2,2,2,2,"Wisconsin",0
"31495",550338,55,1913,44.32883333,-88.37498333,2,2,9,5,11,6,0,12,0,2,3,0,1,1,10,1,55,2,2,1,1,2,2,2,2,2,2,3,2,1,2,2,2,2,"Wisconsin",0
"31496",550339,55,3455,42.71223056,-87.84887222,3,3,11,4,20,3,0,12,0,2,2,0,1,3,1,1,55,2,2,2,1,2,2,2,2,2,2,1,2,2,1,2,2,2,"Wisconsin",1
"31497",550340,55,3137,42.96662778,-87.93840556,3,3,11,5,20,7,0,8,0,1,1,0,1,3,10,1,55,2,2,2,1,1,2,2,1,2,2,3,1,2,2,1,1,2,"Wisconsin",0
"31498",550341,55,3378,42.77325556,-90.68224444,2,2,11,7,0,2,0,35,0,1,1,0,4,2,1,1,55,1,2,2,2,1,2,1,2,1,2,1,2,2,2,2,2,2,"Wisconsin",1
"31499",550342,55,1309,45.31624167,-91.66128611,2,2,10,7,13,6,0,8,0,8,1,0,1,1,1,1,55,2,2,1,2,1,2,2,1,2,2,3,2,2,2,2,1,2,"Wisconsin",0
"31500",550343,55,2331,43.69624722,-88.10072222,1,1,6,4,22,4,0,1,0,1,1,0,5,2,1,1,55,1,2,2,1,1,1,2,2,2,2,1,2,2,2,2,2,2,"Wisconsin",1
"31501",550344,55,2519,43.49075,-88.79204722,3,3,9,1,13,4,0,12,0,1,1,0,1,1,1,1,55,1,2,1,2,2,2,2,2,2,2,2,2,1,2,2,2,2,"Wisconsin",0
"31502",550345,55,999,45.887275,-90.86324167,1,1,9,3,23,5,0,34,0,1,1,0,4,2,1,1,55,1,2,2,1,1,2,2,2,2,2,1,2,1,2,2,2,2,"Wisconsin",1
"31503",550346,55,1693,44.69365556,-89.42775833,2,2,9,6,10,4,0,34,0,1,1,0,4,1,1,1,55,1,2,1,1,1,2,2,2,2,2,3,2,1,2,2,1,2,"Wisconsin",0
"31504",550348,55,1444,45.04669444,-92.25790278,2,2,9,4,10,4,0,12,0,2,2,0,1,1,1,1,55,1,2,1,1,2,2,2,2,2,2,2,2,1,2,2,1,2,"Wisconsin",0
"31505",550349,55,984,45.9334,-89.10266111,1,1,9,4,20,3,0,9,0,1,1,0,1,2,10,1,55,1,2,2,1,1,2,2,2,2,2,2,2,1,2,2,2,2,"Wisconsin",0
"31506",550350,55,2246,43.80446389,-90.06454167,3,3,9,7,3,1,0,52,0,1,1,0,4,2,10,1,55,2,1,2,2,1,2,2,2,2,2,2,2,2,2,2,1,1,"Wisconsin",0
"31507",550351,55,2449,43.57512778,-88.76487222,3,3,9,6,15,2,0,12,0,2,2,0,1,1,1,1,55,1,2,1,1,2,2,2,2,2,2,3,2,1,2,2,2,2,"Wisconsin",0
"31508",550352,55,1072,45.69351389,-88.43110278,1,1,10,2,12,3,0,42,0,1,1,0,5,1,2,1,55,1,2,1,1,1,2,2,2,1,2,2,2,1,2,2,1,2,"Wisconsin",0
"31509",550353,55,2959,43.07350556,-89.43374722,2,2,10,1,17,6,0,12,0,2,2,0,1,5,1,1,55,2,2,1,2,2,1,2,2,2,2,1,2,2,2,2,2,2,"Wisconsin",1
"31510",550354,55,3082,43.00254722,-87.93336944,1,1,11,5,0,6,0,30,0,1,1,0,4,3,10,1,55,2,2,2,1,1,2,1,2,2,2,1,2,2,1,2,2,2,"Wisconsin",1
"31511",550355,55,2480,43.54019167,-87.79716111,2,2,9,3,18,1,0,12,0,1,1,0,1,1,1,1,55,1,1,2,1,2,2,1,2,2,2,3,2,2,2,2,2,2,"Wisconsin",0
"31512",550356,55,2193,43.892275,-88.29329722,4,4,9,4,13,4,0,12,0,2,2,0,1,1,1,1,55,1,2,1,1,2,2,2,2,1,2,3,1,2,2,2,2,2,"Wisconsin",0
"31513",550357,55,1848,44.43445556,-92.03754722,2,2,9,4,15,3,0,12,0,1,1,0,1,1,1,1,55,1,2,1,1,2,2,2,2,2,2,2,2,1,2,2,2,2,"Wisconsin",0
"31514",550358,55,980,45.95558611,-91.14752778,1,1,9,4,9,5,0,42,0,1,1,0,4,9,2,1,55,1,2,1,1,1,2,2,2,1,2,1,2,2,1,2,2,2,"Wisconsin",1
"31515",550359,55,2921,43.09008889,-87.98704722,3,3,9,6,2,6,0,12,0,2,2,0,1,3,1,1,55,2,2,2,1,2,1,2,2,2,2,1,2,2,2,2,2,2,"Wisconsin",1
"31516",550360,55,2513,43.49635833,-89.77845278,3,3,11,4,11,4,0,12,0,2,3,0,1,1,10,1,55,1,2,1,1,2,2,2,2,2,2,3,2,1,2,2,2,2,"Wisconsin",0
"31517",550361,55,1270,45.39583333,-89.67203333,1,1,9,5,15,2,0,1,0,1,1,0,3,1,10,1,55,1,2,1,1,1,1,2,2,1,2,2,2,1,2,2,2,2,"Wisconsin",0
"31518",550362,55,2943,43.07961667,-87.93335,4,4,11,6,21,6,0,12,0,1,1,0,1,3,1,1,55,2,2,2,2,2,2,1,2,2,2,1,2,2,2,2,2,2,"Wisconsin",2
"31519",550363,55,2889,43.10853611,-89.31476111,1,1,9,7,7,6,0,33,0,1,1,0,3,4,1,1,55,2,2,1,2,1,2,2,1,2,2,2,2,2,2,1,2,2,"Wisconsin",0
"31520",550364,55,3270,42.88201111,-87.937,1,1,11,7,12,1,0,42,0,1,1,0,4,1,1,1,55,2,1,1,2,1,2,1,2,2,2,2,2,2,2,2,2,2,"Wisconsin",0
"31521",550365,55,2245,43.80453889,-88.04104167,3,3,9,7,10,4,0,12,0,2,2,0,1,1,1,2,55,1,2,1,2,2,2,2,2,1,2,3,2,1,2,2,2,2,"Wisconsin",0
"31522",550366,55,1098,45.65177222,-88.79431389,2,2,9,7,10,4,0,34,0,1,1,0,4,1,1,1,55,1,2,1,2,1,1,2,2,2,2,2,2,2,2,2,2,2,"Wisconsin",0
"31523",550367,55,2757,43.19629722,-88.60280556,3,3,11,1,8,4,0,12,0,1,1,0,2,1,1,1,55,1,2,1,2,2,2,2,2,2,2,2,2,2,2,2,2,2,"Wisconsin",0
"31524",550368,55,1498,44.96691111,-92.55814722,4,4,11,1,12,3,0,12,0,1,1,0,1,1,1,1,55,2,2,1,2,2,2,2,2,2,2,2,1,2,2,2,2,2,"Wisconsin",0
"31525",550369,55,3051,43.02095278,-89.06424444,3,3,11,2,13,2,0,12,0,1,1,0,1,1,1,1,55,1,2,1,1,3,2,2,2,2,2,3,2,1,2,2,2,2,"Wisconsin",0
"31526",550370,55,3436,42.72759444,-87.98810556,3,3,11,3,7,4,0,12,0,2,2,0,1,1,1,1,55,1,2,1,1,2,2,2,2,2,2,3,2,2,2,2,2,2,"Wisconsin",0
"31527",550371,55,2528,43.47345833,-88.69126944,1,1,9,7,22,4,0,32,0,1,1,0,4,2,1,1,55,1,2,2,2,1,2,2,2,2,2,1,2,2,2,2,2,2,"Wisconsin",1
"31528",550372,55,3704,42.54436111,-87.84450556,1,1,11,2,21,6,0,33,0,1,1,0,4,3,10,1,55,2,2,2,1,1,2,2,2,2,2,2,2,2,2,2,1,2,"Wisconsin",0
"31529",550373,55,2722,43.22539167,-88.19582778,1,1,9,7,11,6,0,44,0,1,1,0,1,1,1,1,55,2,2,1,2,1,2,1,2,2,2,1,2,2,2,2,2,2,"Wisconsin",1
"31530",550374,55,2552,43.43945,-89.48712778,4,4,9,1,8,1,0,1,0,1,1,0,2,1,1,2,55,1,1,1,2,1,2,2,2,1,2,2,2,2,2,2,2,2,"Wisconsin",0
"31531",550375,55,3294,42.85878056,-88.01051389,1,1,9,1,21,4,0,9,0,1,1,0,1,2,1,1,55,2,2,2,2,1,2,2,2,2,2,1,2,2,2,2,2,2,"Wisconsin",1
"31532",550376,55,3624,42.60281111,-89.24804444,1,1,9,2,3,4,0,42,0,1,1,0,4,2,1,1,55,1,2,2,2,1,2,2,2,1,2,1,2,2,2,2,1,2,"Wisconsin",1
"31533",550377,55,2905,43.10184444,-88.40421111,3,3,11,1,19,3,0,12,1,18,1,0,1,2,1,1,55,1,2,2,2,2,2,2,2,1,2,1,2,1,1,2,2,2,"Wisconsin",1
"31534",550378,55,2082,44.07003611,-91.48,3,3,9,7,14,3,0,12,0,1,1,0,1,1,1,2,55,1,2,1,2,3,2,2,2,1,2,1,1,2,2,2,2,2,"Wisconsin",1
"31535",550379,55,3081,43.00268056,-88.02789444,4,4,9,4,14,6,0,33,0,1,1,0,3,1,1,1,55,2,2,1,1,3,2,1,2,2,2,1,2,2,2,2,2,2,"Wisconsin",1
"31536",550380,55,2906,43.10173889,-88.40953889,1,3,11,1,19,3,0,14,1,18,1,0,1,2,1,1,55,1,2,2,2,1,2,2,2,1,2,3,2,2,2,2,1,2,"Wisconsin",0
"31537",550381,55,1895,44.36138611,-89.12295556,2,2,11,1,17,2,0,12,0,1,1,0,1,2,1,1,55,2,2,1,2,2,2,2,2,1,2,3,1,1,2,2,2,2,"Wisconsin",0
"31538",550382,55,2272,43.77164167,-88.17089167,3,3,11,2,12,3,0,12,0,2,2,0,1,1,1,1,55,1,2,1,1,2,2,2,2,2,2,3,2,2,2,2,2,2,"Wisconsin",0
"31539",550383,55,2228,43.83949167,-88.98212222,4,4,9,7,1,3,0,1,0,1,1,0,4,2,1,1,55,1,2,2,2,1,2,2,2,1,2,2,1,2,2,2,2,2,"Wisconsin",0