"","ST_CASE","OBJECT_ID","FID","LATITUDE","LONGITUD","PERMVIT","PERSONS","MONTH","DAY_WEEK","HOUR","ROUTE","SP_JUR","HARM_EV","RELJCT1","RELJCT2","TYP_INT","WRK_ZONE","REL_ROAD","LGT_COND","WEATHER","FATALS","STATE","A_RU","A_INTER","A_TOD","A_DOW","A_CT","A_MC","A_SPCRA","A_PED","A_ROLL","A_POLPUR","A_POSBAC","A_D15_20","A_D65PLS","A_D21_24","A_HR","A_DIST","A_DROWSY","STATE_NAME","drunkDr"
"31675",550519,55,1934,44.30338333,-88.44594722,3,3,12,6,23,4,0,33,0,3,2,0,4,3,1,1,55,1,2,2,2,1,2,2,2,2,2,2,2,2,2,2,1,2,"Wisconsin",0
"31676",550520,55,1351,45.21885278,-88.56284167,1,1,12,2,99,5,0,42,0,1,1,0,5,1,10,1,55,1,2,3,3,1,2,2,2,2,2,2,2,1,2,2,2,2,"Wisconsin",0
"31677",550521,55,1490,44.97983889,-88.82215,6,6,8,6,22,3,3,42,0,1,1,0,5,2,10,1,55,1,2,2,2,1,2,1,2,2,2,1,2,2,2,1,2,2,"Wisconsin",1
"31678",550522,55,2445,43.58003889,-89.95606944,6,6,7,6,21,4,0,12,0,1,1,1,1,2,1,1,55,1,2,2,2,3,2,2,2,2,2,1,2,1,2,2,2,2,"Wisconsin",1
"31679",550523,55,1553,44.91608611,-88.58519167,1,1,7,7,4,5,3,8,0,1,1,0,1,2,1,1,55,1,2,2,2,1,2,2,1,2,2,3,2,2,1,1,1,2,"Wisconsin",0
"31680",550524,55,1418,45.088525,-89.402675,1,1,11,2,20,4,0,52,0,1,1,0,4,2,10,1,55,1,2,2,1,1,2,2,2,2,2,1,2,2,2,2,1,2,"Wisconsin",1
"31681",550525,55,960,46.01498611,-91.48150833,3,3,9,6,6,2,0,12,0,8,1,0,1,3,1,1,55,2,2,1,1,2,2,2,2,2,2,3,2,2,2,2,1,2,"Wisconsin",0
"31682",550526,55,3428,42.73197778,-87.83613056,2,2,5,6,6,6,0,12,0,2,3,0,1,1,10,1,55,2,2,1,1,2,1,1,2,2,2,2,2,1,2,2,2,2,"Wisconsin",0
"31683",550527,55,1272,45.395375,-92.15515556,3,3,5,7,17,2,0,12,0,2,3,0,1,1,1,1,55,1,2,1,2,2,1,2,2,2,2,3,2,2,2,2,2,2,"Wisconsin",0
"31684",550528,55,2922,43.08993889,-87.98692778,6,6,4,4,23,6,0,12,0,2,2,0,1,3,1,1,55,2,2,2,1,3,2,1,2,1,1,3,1,2,2,2,2,2,"Wisconsin",0
"31685",550529,55,3739,42.52019722,-88.97519167,2,9,6,7,23,1,0,12,0,1,1,0,1,2,2,1,55,2,1,2,2,2,2,2,2,2,2,1,1,2,2,2,2,2,"Wisconsin",1
"31686",560001,56,2938,43.08201944,-108.3796306,1,1,1,7,99,2,3,24,0,1,1,0,4,9,99,1,56,1,2,3,2,1,2,1,2,2,2,1,2,2,1,2,2,2,"Wyoming",1
"31687",560002,56,2506,43.5038,-106.171,9,9,1,7,7,3,0,12,0,1,1,0,1,1,11,2,56,1,2,1,2,2,2,2,2,2,2,3,2,2,2,2,2,2,"Wyoming",0
"31688",560003,56,5815,41.4718,-104.8931,5,5,1,1,8,1,0,1,0,1,1,0,3,1,11,1,56,1,1,1,2,1,2,2,2,1,2,2,2,2,2,2,2,2,"Wyoming",0
"31689",560004,56,1667,44.73334167,-108.9566,4,4,1,5,2,4,0,1,0,1,1,0,4,2,1,1,56,1,2,2,1,1,2,1,2,1,2,3,1,2,2,2,2,2,"Wyoming",0
"31690",560005,56,1958,44.2683,-107.985,2,2,1,1,18,2,0,38,0,1,1,0,4,2,4,1,56,1,2,2,2,1,2,1,2,1,2,2,2,2,2,2,2,2,"Wyoming",0
"31691",560006,56,5898,41.4341,-108.9389,1,1,1,2,11,3,0,31,0,1,1,0,4,1,1,1,56,1,2,1,1,1,2,2,2,1,2,2,2,2,2,2,2,2,"Wyoming",0
"31692",560007,56,1952,44.27673056,-106.5563639,1,1,1,4,7,1,0,1,0,1,1,0,1,1,1,1,56,1,1,1,1,1,2,2,2,1,2,2,2,2,1,2,2,1,"Wyoming",0
"31693",560008,56,1887,44.37360556,-105.2231667,1,1,1,5,3,4,0,1,0,1,1,0,4,2,1,1,56,1,2,2,1,1,2,2,2,1,2,1,2,2,2,2,2,2,"Wyoming",1
"31694",560009,56,3189,42.93325,-108.5173111,5,5,1,1,4,3,0,38,0,1,1,0,4,2,1,1,56,1,2,2,2,1,2,2,2,1,2,1,2,2,1,2,2,2,"Wyoming",1
"31695",560010,56,2124,44.01840556,-105.7198611,4,4,2,2,13,3,0,12,0,1,1,0,4,1,1,1,56,1,2,1,1,2,2,2,2,1,2,2,2,2,2,2,2,2,"Wyoming",1
"31696",560011,56,2263,43.7787,-108.1827,1,1,2,7,15,2,0,35,0,1,1,0,4,1,1,1,56,1,2,1,2,1,2,2,2,1,2,1,2,2,2,2,2,2,"Wyoming",1
"31697",560012,56,3283,42.8664,-106.345,3,3,2,7,6,1,0,25,0,1,1,0,3,2,4,1,56,2,1,1,2,1,2,1,2,1,2,1,2,2,1,2,2,2,"Wyoming",1
"31698",560013,56,6498,41.1231,-104.8404,1,1,2,5,3,6,0,43,0,1,1,0,4,3,10,1,56,2,2,2,1,1,2,2,2,2,1,1,2,2,2,2,2,2,"Wyoming",1
"31699",560014,56,2652,43.31195,-106.2572222,6,6,3,2,18,3,0,12,0,1,1,0,1,2,4,3,56,1,2,2,1,3,2,1,2,2,2,3,2,2,2,2,2,2,"Wyoming",0
"31700",560015,56,6424,41.17185278,-104.1232167,1,1,3,7,99,4,0,1,0,1,1,0,4,2,1,1,56,1,2,3,2,1,2,2,2,1,2,1,2,2,1,2,2,2,"Wyoming",1
"31701",560016,56,4382,42.17527222,-104.9545722,1,1,3,1,16,3,0,31,0,1,1,0,4,1,1,1,56,1,2,1,2,1,1,2,2,2,2,1,2,2,2,2,2,2,"Wyoming",1
"31702",560017,56,6468,41.142575,-104.8273083,3,3,3,3,17,6,0,12,0,2,2,0,1,1,1,1,56,2,2,1,1,2,2,2,2,1,2,2,2,2,2,2,2,2,"Wyoming",0
"31703",560018,56,3159,42.9523,-106.3314,1,1,3,6,20,1,0,1,0,1,1,0,3,2,1,1,56,1,1,2,2,1,2,2,2,1,2,1,2,2,2,2,2,2,"Wyoming",1
"31704",560019,56,1615,44.81159722,-108.7599417,2,2,3,7,18,3,0,12,0,2,2,0,1,1,6,1,56,1,2,2,2,2,2,1,2,1,2,3,2,1,2,2,2,2,"Wyoming",0
"31705",560020,56,3097,42.99703889,-108.65655,5,5,3,2,18,5,3,12,0,1,1,0,1,1,1,1,56,1,2,2,1,2,2,2,2,2,2,1,2,2,1,2,2,2,"Wyoming",1
"31706",560021,56,3372,42.7802,-105.4629,2,2,4,4,3,1,0,31,0,1,1,0,4,2,1,1,56,1,1,2,1,1,2,2,2,1,2,2,2,2,2,2,2,1,"Wyoming",0
"31707",560022,56,3319,42.8318,-108.2322,1,1,4,4,13,3,0,1,0,1,1,0,2,1,1,1,56,1,2,1,1,1,2,2,2,1,2,3,2,2,2,2,2,2,"Wyoming",0
"31708",560023,56,6092,41.3291,-106.1612,1,1,4,6,17,3,0,17,0,1,1,0,4,1,1,1,56,1,2,1,1,1,2,2,2,1,2,1,2,2,1,2,2,2,"Wyoming",1
"31709",560024,56,2805,43.167825,-108.7220778,2,2,4,6,23,2,3,1,0,1,1,0,4,2,1,1,56,1,2,2,2,1,2,2,2,1,2,1,2,2,2,2,2,2,"Wyoming",1
"31710",560025,56,3302,42.85141111,-106.298025,1,1,4,3,23,6,0,33,0,1,1,0,4,3,1,1,56,2,2,2,1,1,2,1,2,2,2,2,1,2,2,2,2,2,"Wyoming",0
"31711",560026,56,3404,42.7489,-109.7347,1,1,4,7,18,4,0,1,0,1,1,0,4,1,1,1,56,1,2,2,2,1,1,1,2,2,2,1,2,2,2,2,2,2,"Wyoming",1
"31712",560027,56,3396,42.75528611,-106.5146639,1,1,4,2,14,3,0,1,0,1,1,0,3,1,1,1,56,1,2,1,1,1,2,2,2,1,2,3,2,1,2,2,2,2,"Wyoming",0
"31713",560028,56,5427,41.6312,-108.3304,2,3,4,4,9,1,0,14,0,1,1,0,2,1,1,1,56,1,1,1,1,1,2,2,1,2,2,2,2,2,2,2,2,1,"Wyoming",0
"31714",560029,56,1619,44.80519444,-107.3314972,1,1,4,5,14,2,0,1,0,1,1,0,1,1,10,1,56,1,2,1,1,1,2,1,2,1,2,2,2,2,2,2,2,2,"Wyoming",0
"31715",560030,56,1635,44.7846,-108.3561,1,1,4,6,99,2,0,1,0,1,1,0,4,2,1,1,56,1,2,3,3,1,2,2,2,1,2,1,2,2,2,2,2,2,"Wyoming",1
"31716",560031,56,5896,41.43511111,-105.9044917,25,27,4,2,7,1,0,12,0,1,1,0,1,1,4,2,56,1,1,1,1,3,2,1,1,2,2,3,2,1,2,2,2,2,"Wyoming",0
"31717",560032,56,4513,42.08778611,-104.1694806,2,2,4,4,0,4,0,1,0,1,1,0,4,2,1,1,56,1,2,2,1,1,2,1,2,1,2,1,2,2,1,2,2,2,"Wyoming",1
"31718",560033,56,2369,43.64947222,-108.2110861,2,2,4,6,19,6,0,5,0,1,1,0,1,1,1,1,56,2,2,2,2,1,2,2,2,2,2,3,2,2,2,2,2,2,"Wyoming",0
"31719",560034,56,2910,43.100075,-108.5193306,1,1,5,7,5,4,0,31,0,1,1,0,4,2,1,1,56,1,2,2,2,1,1,1,2,2,2,3,2,2,2,2,2,2,"Wyoming",1
"31720",560035,56,1718,44.64981944,-106.8693861,2,2,5,7,20,1,0,1,0,1,1,0,3,2,1,1,56,1,1,2,2,1,2,2,2,1,2,1,2,2,2,2,1,2,"Wyoming",1
"31721",560036,56,1743,44.59666667,-108.9658306,3,3,5,3,15,2,0,12,0,1,1,0,1,1,1,1,56,1,2,1,1,3,2,2,2,1,2,3,2,1,2,2,2,2,"Wyoming",0
"31722",560037,56,1955,44.27388056,-105.6086111,2,2,5,3,21,1,0,12,0,1,1,0,2,2,1,1,56,2,1,2,1,2,2,2,2,2,2,3,2,1,2,2,2,2,"Wyoming",0
"31723",560038,56,3599,42.6216,-110.9138,2,2,5,6,14,2,0,33,0,1,1,0,4,1,10,2,56,1,2,1,1,1,2,2,2,1,2,3,2,1,2,2,2,2,"Wyoming",0
"31724",560039,56,5382,41.64589167,-104.2406972,2,2,5,3,9,2,0,12,0,2,2,0,1,1,1,1,56,1,2,1,1,2,2,2,2,2,2,2,2,1,2,2,1,2,"Wyoming",0
"31725",560040,56,2692,43.25138611,-105.2755056,2,2,5,5,12,3,0,12,0,8,1,0,1,1,1,1,56,1,2,1,1,2,2,2,2,2,2,3,2,2,2,2,2,2,"Wyoming",0
"31726",560041,56,3520,42.675325,-106.5884944,4,4,5,3,13,3,0,12,0,2,2,0,1,1,2,1,56,1,2,1,1,2,2,2,2,2,2,3,2,1,2,2,2,2,"Wyoming",0
"31727",560042,56,3030,43.03398889,-108.3907111,1,1,5,6,15,6,0,8,0,2,3,0,1,1,1,1,56,2,2,1,1,1,2,2,1,2,2,3,2,1,2,2,2,2,"Wyoming",0
"31728",560043,56,1719,44.64591389,-104.2295917,1,1,5,4,19,3,0,11,0,1,1,0,1,1,1,1,56,1,2,2,1,1,1,2,2,2,2,3,2,2,2,2,2,2,"Wyoming",0
"31729",560044,56,2027,44.1503,-106.6494,3,3,5,1,22,1,0,31,0,1,1,0,4,2,1,1,56,1,1,2,2,1,2,2,2,1,2,3,2,2,2,2,2,1,"Wyoming",0
"31730",560045,56,3391,42.76195,-105.406775,1,1,5,7,5,6,0,33,0,1,1,0,4,4,1,1,56,2,2,2,2,1,2,2,2,1,2,3,2,2,2,2,2,2,"Wyoming",0
"31731",560047,56,2726,43.22105833,-108.2079611,2,2,6,3,17,2,0,1,0,1,1,0,4,1,1,2,56,1,2,1,1,1,2,1,2,1,2,1,2,2,2,2,2,2,"Wyoming",1
"31732",560048,56,1949,44.27807778,-105.2080583,1,1,6,4,2,3,0,8,0,1,1,0,1,2,1,1,56,1,2,2,1,1,2,2,1,2,2,1,2,2,2,2,2,2,"Wyoming",1
"31733",560049,56,2837,43.1409,-105.2593,7,7,6,6,0,3,0,12,0,1,1,0,1,2,5,1,56,1,2,2,1,2,2,2,2,1,2,3,2,2,2,2,2,2,"Wyoming",0
"31734",560050,56,6201,41.2778,-105.5133,2,2,6,1,10,1,0,12,0,1,1,0,1,1,1,1,56,1,1,1,2,2,1,2,2,2,2,3,2,2,2,2,2,2,"Wyoming",0
"31735",560051,56,1784,44.538275,-109.0312528,2,2,6,2,18,6,0,12,0,2,3,0,1,1,2,1,56,2,2,2,1,2,2,2,2,2,2,3,1,2,1,2,2,2,"Wyoming",0
"31736",560052,56,5167,41.7314,-106.6663,2,2,6,5,17,1,0,24,0,1,1,4,4,1,1,1,56,1,1,1,1,1,2,2,1,1,2,2,2,2,2,2,2,2,"Wyoming",1
"31737",560053,56,1688,44.70237222,-104.4492028,1,1,6,7,14,3,0,24,0,1,1,0,4,1,1,1,56,1,2,1,2,1,1,1,2,2,2,3,2,2,2,2,1,2,"Wyoming",0
"31738",560054,56,4098,42.33276944,-107.4675,2,2,6,3,20,2,0,1,0,1,1,0,4,1,1,1,56,1,2,2,1,1,2,1,2,1,2,1,2,2,2,2,2,2,"Wyoming",1
"31739",560055,56,6442,41.1565,-104.4566,5,5,6,4,17,1,0,12,0,1,1,0,1,1,1,3,56,1,1,1,1,2,2,2,2,2,2,3,2,2,2,2,2,2,"Wyoming",0
"31740",560056,56,5127,41.751,-107.3059,1,1,6,1,15,4,0,35,0,1,1,0,4,1,1,1,56,1,2,1,2,1,2,1,2,1,2,3,2,2,2,2,2,2,"Wyoming",0
"31741",560057,56,4443,42.1349,-105.0011,1,1,6,3,6,1,0,1,0,1,1,4,3,1,1,1,56,1,1,1,1,1,2,2,2,1,2,3,2,2,2,2,1,2,"Wyoming",0
"31742",560058,56,1561,44.89951111,-109.1177194,1,1,6,3,21,4,0,1,0,1,1,0,1,2,1,1,56,1,2,2,1,1,2,1,2,1,2,1,2,2,2,2,2,2,"Wyoming",1
"31743",560059,56,4456,42.12735,-105.6107389,2,2,6,7,20,4,0,43,0,1,1,0,4,1,1,1,56,1,2,2,2,1,2,2,2,2,2,3,2,2,2,2,2,2,"Wyoming",0
"31744",560060,56,4690,41.9882,-107.3599,3,3,7,1,17,2,0,12,0,1,1,0,1,1,2,1,56,1,2,1,2,2,2,1,2,2,2,3,2,2,2,2,2,2,"Wyoming",0
"31745",560061,56,2500,43.516,-108.1841,1,1,7,5,22,2,0,24,0,1,1,0,4,2,1,1,56,1,2,2,1,1,1,2,2,2,2,3,2,2,2,2,2,2,"Wyoming",0
"31746",560062,56,3538,42.6652,-105.1519,2,2,7,6,10,2,0,11,0,1,1,0,1,1,1,1,56,1,2,1,1,1,1,2,2,2,2,3,2,2,2,2,2,2,"Wyoming",0
"31747",560063,56,1691,44.6945,-108.5836,2,2,7,5,21,3,0,31,0,3,3,0,4,3,1,1,56,1,2,2,1,1,2,2,2,1,2,1,2,2,2,2,1,2,"Wyoming",1
"31748",560064,56,3146,42.9604,-108.7552,2,2,7,3,20,6,3,12,0,1,1,0,1,5,1,1,56,1,2,2,1,2,2,1,2,1,2,3,1,2,2,2,2,2,"Wyoming",0
"31749",560065,56,5432,41.6298,-109.0743,2,2,7,7,12,7,0,1,0,1,1,0,2,1,1,1,56,1,2,1,2,1,2,1,2,1,2,3,2,2,1,2,2,2,"Wyoming",1
"31750",560066,56,1716,44.65445556,-109.1747583,2,2,7,3,14,3,0,12,0,1,1,0,1,1,2,1,56,1,2,1,1,2,1,2,2,2,2,3,2,1,2,2,2,2,"Wyoming",0
"31751",560067,56,2121,44.02166944,-107.8829361,1,1,7,4,16,2,0,43,0,1,1,0,4,1,1,1,56,1,2,1,1,1,2,2,2,2,2,3,2,2,2,2,2,1,"Wyoming",0
"31752",560068,56,1945,44.28390833,-105.4790139,2,2,7,7,18,6,0,12,0,2,3,0,1,1,1,1,56,2,2,2,2,2,1,2,2,2,2,3,2,1,2,2,2,2,"Wyoming",0
"31753",560069,56,4025,42.3729,-108.9077,5,5,7,6,9,3,0,1,0,1,1,0,4,1,1,1,56,1,2,1,1,1,2,2,2,1,2,3,2,2,2,2,2,2,"Wyoming",0
"31754",560070,56,6156,41.2981,-110.6139,2,2,7,7,22,1,0,12,0,1,1,0,1,2,1,1,56,1,1,2,2,2,2,2,2,2,2,3,2,2,2,2,2,2,"Wyoming",0
"31755",560071,56,3322,42.8271,-110.9977,3,3,7,7,18,3,0,58,0,1,1,0,4,1,1,1,56,1,2,2,2,1,2,1,2,1,2,1,2,2,2,2,2,2,"Wyoming",1
"31756",560072,56,1599,44.8405,-108.3214,8,8,7,3,17,2,0,54,0,1,1,0,1,1,1,1,56,1,2,1,1,3,2,2,2,2,2,3,2,1,2,2,2,2,"Wyoming",0
"31757",560073,56,1976,44.24599167,-105.4754528,2,2,7,4,4,3,0,12,0,1,1,0,1,3,1,1,56,2,2,2,1,2,1,1,2,2,2,2,2,2,2,2,2,2,"Wyoming",0
"31758",560074,56,2600,43.3789,-109.301,12,12,7,6,13,2,0,31,0,1,1,0,4,1,1,1,56,1,2,1,1,2,2,2,2,1,2,1,1,1,2,2,2,2,"Wyoming",1
"31759",560075,56,3490,42.6911,-105.2432,5,5,7,4,22,1,0,1,0,1,1,0,4,2,1,1,56,1,1,2,1,1,2,2,2,1,2,2,2,2,2,2,1,2,"Wyoming",0
"31760",560076,56,6285,41.2423,-109.1997,2,2,7,1,11,2,0,1,0,1,1,0,1,1,1,1,56,1,2,1,2,1,1,2,2,2,2,3,2,2,2,2,2,2,"Wyoming",0
"31761",560077,56,2222,43.85025833,-104.2013389,1,1,7,5,20,6,0,39,0,1,1,0,4,5,1,1,56,2,2,2,1,1,2,1,2,2,2,2,2,2,2,2,2,2,"Wyoming",1
"31762",560078,56,5510,41.59481111,-109.2179833,2,2,8,7,3,6,0,33,0,1,1,0,4,3,1,1,56,2,2,2,2,1,1,2,2,2,2,1,2,2,2,2,2,2,"Wyoming",1
"31763",560079,56,3403,42.74912222,-106.3228583,1,1,8,1,6,3,0,42,0,1,1,0,4,1,1,1,56,1,2,1,2,1,2,1,2,1,2,1,1,2,2,2,2,2,"Wyoming",1
"31764",560080,56,5672,41.53669444,-109.4691722,3,3,8,2,11,1,0,12,0,1,1,1,1,1,1,1,56,2,1,1,1,3,1,2,2,2,2,3,2,2,2,2,2,2,"Wyoming",0
"31765",560081,56,2678,43.26897778,-104.2966528,6,6,8,6,10,2,0,12,0,1,1,0,1,1,1,2,56,1,2,1,1,3,1,2,2,2,2,3,2,1,2,2,2,1,"Wyoming",0
"31766",560082,56,2408,43.61736111,-105.7859667,3,3,8,6,14,3,0,12,0,2,2,0,1,1,1,1,56,1,2,1,1,2,1,2,2,2,2,2,2,1,2,2,2,2,"Wyoming",0
"31767",560083,56,5905,41.4266,-110.1274,1,1,8,6,15,1,0,1,0,1,1,0,1,1,1,1,56,1,1,1,1,1,1,1,2,2,2,2,2,2,2,2,2,2,"Wyoming",0
"31768",560084,56,6433,41.16384722,-104.8799861,1,1,8,7,5,4,0,38,0,1,1,0,4,2,1,1,56,2,2,2,2,1,2,2,2,1,2,1,2,2,2,2,2,2,"Wyoming",1
"31769",560085,56,1496,44.9714,-109.4455,2,2,8,2,14,2,0,1,0,1,1,0,4,1,4,1,56,3,3,1,1,1,1,1,2,2,2,3,2,2,2,2,2,2,"Wyoming",0
"31770",560086,56,6176,41.29057778,-105.527525,1,1,8,6,13,1,0,59,0,1,1,0,4,1,1,1,56,2,1,1,1,1,2,2,2,1,2,3,1,2,2,2,1,2,"Wyoming",0
"31771",560087,56,4006,42.384,-104.6964,1,1,8,6,17,3,0,1,0,1,1,0,4,1,1,1,56,1,2,1,1,1,1,2,2,2,2,1,2,2,2,2,2,2,"Wyoming",1
"31772",560088,56,6147,41.30366389,-104.2534639,1,1,8,5,9,4,0,1,0,1,1,0,4,1,1,1,56,1,2,1,1,1,2,1,2,1,2,2,2,2,2,2,2,2,"Wyoming",0
"31773",560089,56,4258,42.25716389,-109.4697083,3,3,8,2,16,2,0,12,0,1,1,0,1,1,10,2,56,1,2,1,1,2,2,1,2,2,2,3,2,2,1,2,2,1,"Wyoming",0
"31774",560090,56,3311,42.8469,-110.9808,3,3,8,3,15,2,0,12,0,1,1,0,1,1,1,2,56,1,2,1,1,2,2,2,2,2,2,3,2,2,2,2,2,2,"Wyoming",0
"31775",560091,56,2911,43.0996,-108.7538,7,7,8,7,19,3,3,1,0,1,1,1,4,5,1,1,56,1,2,2,2,1,2,1,2,1,2,1,2,2,2,2,1,2,"Wyoming",1
"31776",560092,56,1655,44.75371944,-108.80065,2,2,8,7,11,4,0,12,0,2,2,0,1,1,1,1,56,1,2,1,2,2,1,2,2,2,2,3,2,1,2,2,2,2,"Wyoming",0
"31777",560093,56,4445,42.1345,-107.4267,2,2,8,1,23,2,0,12,0,1,1,0,1,2,1,2,56,1,2,2,2,2,2,2,2,2,2,3,2,2,2,2,2,2,"Wyoming",1
"31778",560094,56,1937,44.2983,-105.5774611,1,1,8,7,2,6,0,1,0,1,1,0,4,2,1,1,56,2,2,2,2,1,1,2,2,2,2,1,2,2,2,2,2,2,"Wyoming",1
"31779",560095,56,2415,43.61018889,-110.449,1,1,8,1,0,8,1,1,0,1,1,0,4,2,2,1,56,3,3,2,2,1,2,2,2,1,2,3,2,2,2,2,2,2,"Wyoming",1
"31780",560096,56,3087,43.00134167,-106.7201056,4,4,9,3,19,2,0,12,0,1,1,0,1,1,1,1,56,1,2,2,1,3,2,2,2,1,2,1,2,1,2,2,2,2,"Wyoming",1
"31781",560097,56,2664,43.2885,-110.5506,1,1,9,3,17,2,0,1,0,1,1,0,4,1,1,1,56,1,2,1,1,1,2,2,2,1,2,3,2,2,2,2,2,2,"Wyoming",0
"31782",560098,56,1721,44.63948056,-107.05695,3,3,9,2,3,3,0,1,0,1,1,0,1,2,1,1,56,1,2,2,2,1,2,2,2,1,2,1,2,2,2,2,2,2,"Wyoming",1
"31783",560099,56,1965,44.2601,-106.4901,1,1,9,2,17,1,0,1,0,1,1,0,4,1,1,1,56,1,1,1,1,1,2,2,2,1,2,2,2,2,2,2,2,2,"Wyoming",0
"31784",560100,56,5740,41.5054,-109.9932,2,2,9,2,14,1,0,1,0,1,1,0,1,1,1,1,56,1,1,1,1,1,1,2,2,2,2,2,2,2,2,2,2,2,"Wyoming",0
"31785",560101,56,3301,42.8537,-106.1011,2,2,9,6,23,2,0,12,0,1,1,0,1,2,1,1,56,1,2,2,2,2,2,2,2,1,2,1,2,2,2,2,2,2,"Wyoming",2
"31786",560102,56,2077,44.075,-104.5887,2,2,9,7,11,2,0,42,0,1,1,0,4,1,1,1,56,2,2,1,2,1,2,2,2,1,2,2,2,2,2,2,1,2,"Wyoming",1
"31787",560103,56,3320,42.83101944,-106.3370944,1,1,9,4,18,5,0,14,0,1,1,0,7,1,1,1,56,2,2,2,1,1,2,2,2,2,2,1,2,2,2,2,2,2,"Wyoming",1
"31788",560104,56,2930,43.08642778,-106.3372,2,2,10,7,4,1,0,24,0,1,1,0,3,2,10,1,56,1,1,2,2,1,2,2,2,2,2,1,2,2,2,2,1,2,"Wyoming",1
"31789",560105,56,6447,41.1557,-105.0566,1,1,10,7,6,3,0,31,0,1,1,0,4,1,1,1,56,1,2,1,2,1,2,1,2,1,2,3,2,2,1,2,2,1,"Wyoming",0
"31790",560106,56,3580,42.6353,-105.1434,1,1,10,7,23,3,0,1,0,1,1,0,4,2,1,1,56,1,2,2,2,1,2,2,2,1,2,1,2,2,2,2,2,1,"Wyoming",1
"31791",560107,56,6530,41.1091,-107.226,1,1,10,7,4,3,0,1,0,1,1,0,4,2,1,1,56,1,2,2,2,1,2,2,2,1,2,1,2,2,2,2,2,2,"Wyoming",1
"31792",560108,56,5268,41.6948,-105.5084,1,1,10,2,15,3,0,1,0,1,1,0,4,1,1,1,56,1,2,1,1,1,2,2,2,1,2,1,2,2,2,2,2,2,"Wyoming",1
"31793",560109,56,2549,43.4438,-106.2385,2,2,10,5,15,3,0,12,0,1,1,0,1,1,10,1,56,1,2,1,1,2,2,2,2,2,2,3,1,2,2,2,2,2,"Wyoming",0
"31794",560110,56,5486,41.6078,-109.6557,2,2,10,1,11,3,0,1,0,1,1,0,4,1,1,1,56,1,2,1,2,1,2,2,2,1,2,2,2,2,2,2,1,2,"Wyoming",0
"31795",560111,56,1822,44.4867,-108.4584,1,1,10,5,17,2,0,1,0,1,1,0,4,1,1,1,56,1,2,1,1,1,2,1,2,1,2,1,2,2,2,2,2,2,"Wyoming",1
"31796",560112,56,2772,43.1862,-108.397,2,2,10,7,99,3,0,31,0,1,1,0,4,2,1,1,56,1,2,3,2,1,2,1,2,1,2,1,2,2,2,2,1,2,"Wyoming",1
"31797",560113,56,3151,42.95923611,-105.612575,1,1,10,3,6,3,0,31,0,3,4,0,4,2,2,1,56,1,2,1,1,1,2,1,2,1,2,3,2,2,2,2,2,2,"Wyoming",0
"31798",560114,56,2373,43.64560278,-105.6659722,2,2,11,3,22,3,0,31,0,1,1,0,4,2,99,1,56,1,2,2,1,1,2,1,2,1,2,2,1,2,2,2,2,2,"Wyoming",0
"31799",560115,56,3198,42.928,-108.78,3,3,11,3,10,6,3,59,0,1,1,0,4,1,1,2,56,1,2,1,1,1,2,2,2,1,2,1,2,2,2,2,2,2,"Wyoming",1
"31800",560116,56,3407,42.7471,-105.3869,2,2,11,5,19,6,0,30,0,1,1,0,4,2,10,2,56,2,2,2,1,1,2,1,2,1,1,3,1,2,2,2,2,2,"Wyoming",0
"31801",560117,56,2858,43.12465278,-107.37105,2,2,11,4,3,2,0,31,0,1,1,0,4,2,1,2,56,1,2,2,1,1,2,2,2,1,2,1,2,2,2,2,2,2,"Wyoming",1
"31802",560118,56,5025,41.79402778,-104.7919667,1,1,11,7,22,1,0,11,0,1,1,0,1,2,1,1,56,1,1,2,2,1,2,2,2,2,2,2,2,2,2,2,2,2,"Wyoming",0
"31803",560119,56,2936,43.0828,-108.3787,2,2,11,7,15,2,0,12,0,1,1,0,1,1,1,1,56,1,2,1,2,2,2,1,2,1,2,1,2,2,2,2,2,2,"Wyoming",1
"31804",560120,56,6135,41.30778889,-110.1997806,2,2,11,3,4,4,0,1,0,1,1,0,1,2,1,1,56,1,2,2,1,1,2,1,2,1,2,1,2,2,1,2,2,2,"Wyoming",1
"31805",560121,56,3295,42.85725278,-106.2719806,2,2,11,6,17,5,0,12,0,2,3,0,1,2,1,1,56,2,2,1,1,2,1,2,2,2,2,3,1,2,2,2,2,2,"Wyoming",0
"31806",560122,56,5488,41.6067,-109.1442,2,2,11,5,16,1,0,12,0,1,1,0,1,1,1,1,56,1,1,1,1,2,2,2,2,1,2,1,2,2,2,2,2,2,"Wyoming",1
"31807",560123,56,2559,43.4258,-110.778,2,2,11,2,17,2,0,8,0,1,1,0,1,2,1,1,56,1,2,1,1,1,2,2,1,2,2,3,2,2,2,2,2,2,"Wyoming",0
"31808",560124,56,1578,44.8763,-106.9988,5,5,11,3,0,1,0,1,0,1,1,0,1,2,1,1,56,1,1,2,1,1,2,2,2,1,2,3,2,2,1,2,2,1,"Wyoming",0
"31809",560125,56,5653,41.5418,-105.6755,2,2,12,1,0,2,0,12,0,1,1,0,1,2,1,1,56,1,2,2,2,2,2,1,2,1,2,3,1,2,2,2,2,2,"Wyoming",0
"31810",560126,56,3681,42.56220278,-107.0246278,2,2,12,4,6,3,0,12,0,1,1,0,1,4,1,2,56,1,2,1,1,2,2,2,2,2,2,3,2,2,1,2,2,2,"Wyoming",0
"31811",560127,56,6626,41.05647778,-104.7956333,3,3,12,5,22,2,0,30,0,3,2,0,4,3,1,1,56,2,2,2,1,1,2,1,2,1,2,3,2,2,2,2,2,2,"Wyoming",1
"31812",560128,56,6439,41.1594,-104.6942,2,2,12,1,11,2,0,12,0,2,2,0,1,1,1,1,56,2,2,1,2,2,2,2,2,1,2,3,2,2,2,2,1,2,"Wyoming",0
"31813",560129,56,5685,41.5311,-104.3286,4,4,12,2,23,2,0,12,0,1,1,0,1,2,4,1,56,1,2,2,1,2,2,2,2,2,2,3,2,2,2,2,2,2,"Wyoming",0
"31814",560130,56,1609,44.82368889,-107.3281306,1,1,12,7,21,2,0,1,0,1,1,0,1,2,1,1,56,1,2,2,2,1,2,1,2,1,2,3,2,2,2,2,2,2,"Wyoming",0