"","ST_CASE","OBJECT_ID","FID","LATITUDE","LONGITUD","PERMVIT","PERSONS","MONTH","DAY_WEEK","HOUR","ROUTE","SP_JUR","HARM_EV","RELJCT1","RELJCT2","TYP_INT","WRK_ZONE","REL_ROAD","LGT_COND","WEATHER","FATALS","STATE","A_RU","A_INTER","A_TOD","A_DOW","A_CT","A_MC","A_SPCRA","A_PED","A_ROLL","A_POLPUR","A_POSBAC","A_D15_20","A_D65PLS","A_D21_24","A_HR","A_DIST","A_DROWSY","STATE_NAME","drunkDr"
"3437",61451,6,21057,34.10675278,-117.8450611,6,6,8,7,12,4,0,12,0,8,1,0,1,1,1,1,6,1,2,1,2,3,1,1,2,2,2,3,2,2,1,2,2,2,"California",0
"3438",61452,6,23682,33.28451944,-117.4508028,1,1,8,1,10,1,0,33,0,1,1,0,4,1,1,1,6,1,1,1,2,1,2,2,2,2,2,3,2,2,2,2,2,2,"California",0
"3439",61453,6,20127,34.52605278,-118.0106806,2,2,8,3,5,3,0,12,0,1,1,0,1,2,1,1,6,2,2,2,1,2,2,1,2,2,2,3,2,2,2,2,2,2,"California",0
"3440",61454,6,12553,38.51001667,-121.4430222,1,1,9,3,6,4,0,9,0,1,1,0,1,4,1,1,6,1,2,1,1,1,2,2,2,2,2,3,2,2,2,2,2,2,"California",0
"3441",61455,6,15722,36.54711111,-119.6287528,2,2,8,2,9,3,0,12,0,2,2,0,1,1,1,1,6,1,2,1,1,2,2,2,2,2,2,3,2,2,1,2,2,2,"California",0
"3442",61456,6,17164,35.89618333,-119.8725444,3,3,8,2,9,1,0,12,0,1,1,1,1,1,1,1,6,1,1,1,1,2,2,1,2,2,2,3,2,2,2,2,2,2,"California",0
"3443",61457,6,8054,40.56098889,-122.2580889,2,2,8,6,21,3,0,12,0,2,3,0,1,2,1,2,6,1,2,2,2,2,2,1,2,1,2,2,2,1,1,2,2,2,"California",1
"3444",61458,6,13883,37.73349722,-122.4114667,2,2,8,7,5,1,0,8,0,1,1,0,1,2,1,1,6,2,1,2,2,2,2,2,1,2,2,3,2,2,2,2,1,2,"California",0
"3445",61459,6,20556,34.27818056,-118.9208611,10,10,7,1,19,3,0,12,0,1,1,0,1,1,2,1,6,1,2,2,2,2,2,2,2,1,2,1,2,2,2,2,2,2,"California",1
"3446",61460,6,12278,38.64135556,-121.8027667,4,4,8,1,9,4,0,12,0,2,2,0,1,1,1,1,6,1,2,1,2,2,2,2,2,2,2,3,2,1,2,2,2,2,"California",0
"3447",61461,6,14346,37.4583,-122.1927,1,1,6,5,20,3,0,8,0,2,3,0,1,5,1,1,6,2,2,2,1,1,2,2,1,2,2,3,2,2,2,2,2,2,"California",0
"3448",61462,6,13594,37.89649444,-121.666775,3,3,8,6,15,4,0,12,0,8,1,0,1,1,1,1,6,1,2,1,1,3,2,1,2,2,2,1,2,1,1,2,1,2,"California",1
"3449",61463,6,12930,38.28707222,-122.1183333,4,4,8,3,16,4,0,12,0,2,3,0,1,1,1,1,6,1,2,1,1,2,2,2,2,1,2,3,2,2,1,2,2,2,"California",0
"3450",61464,6,15614,36.62541111,-119.3947806,4,4,8,6,16,4,0,12,0,2,3,0,1,1,1,1,6,1,2,1,1,2,2,2,2,2,2,3,2,2,1,2,2,2,"California",1
"3451",61465,6,16505,36.14918889,-121.0029194,3,3,8,3,16,3,0,12,0,1,1,0,1,1,1,1,6,1,2,1,1,2,2,2,2,2,2,3,2,2,2,2,2,2,"California",0
"3452",61466,6,19678,34.75519444,-114.5683361,1,1,8,1,16,1,0,1,0,1,1,0,4,1,1,1,6,1,1,1,2,1,1,2,2,2,2,3,2,1,2,2,2,2,"California",0
"3453",61467,6,12629,38.47024722,-121.3348861,4,4,8,6,22,4,0,12,0,2,3,0,1,3,1,2,6,1,2,2,2,2,2,1,2,2,2,3,1,2,2,2,2,2,"California",1
"3454",61468,6,12198,38.67266111,-122.8799194,7,7,8,6,17,2,0,1,0,1,1,0,1,1,1,2,6,1,2,1,1,3,2,2,2,1,2,3,1,2,1,2,2,2,"California",0
"3455",61469,6,17788,35.55344722,-120.7613056,3,3,7,5,10,3,0,12,0,3,2,0,1,1,1,1,6,1,2,1,1,3,1,1,2,2,2,3,2,2,2,2,2,2,"California",0
"3456",61470,6,18182,35.36895278,-119.2453167,3,3,8,3,3,4,0,58,0,1,1,0,4,2,1,1,6,1,2,2,1,1,2,1,2,1,2,3,1,2,2,2,2,2,"California",1
"3457",61471,6,14528,37.338375,-121.8417139,1,1,8,7,6,6,0,8,0,1,1,0,1,3,10,1,6,2,2,1,2,1,2,2,1,2,2,2,2,2,2,1,2,2,"California",0
"3458",61472,6,22375,33.74711667,-116.3651167,1,1,2,7,2,6,0,9,0,1,1,0,1,2,1,1,6,2,2,2,2,1,2,1,2,2,2,1,2,2,2,2,2,2,"California",1
"3459",61473,6,20757,34.208325,-118.5884667,3,3,8,7,3,6,0,12,0,2,2,0,1,3,1,1,6,2,2,2,2,2,1,1,2,2,2,3,2,2,2,1,2,2,"California",1
"3460",61474,6,20597,34.26649167,-119.1441194,2,2,5,5,16,3,0,12,0,1,1,0,1,1,2,1,6,2,2,1,1,2,2,2,2,2,2,3,2,1,2,2,2,2,"California",1
"3461",61475,6,13673,37.8381,-120.62565,3,3,8,7,16,3,0,12,0,1,1,0,1,1,1,3,6,1,2,1,2,2,2,2,2,2,2,3,2,2,2,2,2,2,"California",0
"3462",61476,6,12373,38.60459167,-121.5367806,1,1,8,3,18,6,0,31,0,1,1,0,4,1,1,1,6,2,2,2,1,1,2,1,2,2,1,1,2,2,2,2,2,2,"California",1
"3463",61477,6,10040,39.714625,-121.7896417,1,1,8,6,21,6,0,8,0,1,1,0,1,6,1,1,6,2,2,2,2,1,2,2,1,2,2,3,2,2,2,1,2,2,"California",0
"3464",61478,6,12518,38.525075,-121.4091194,2,2,7,1,0,6,0,12,0,2,2,0,1,3,1,1,6,2,2,2,2,2,2,2,2,2,2,1,2,2,2,2,2,2,"California",1
"3465",61479,6,16365,36.18950556,-119.7981972,4,4,2,5,5,4,0,12,0,2,2,0,1,2,1,3,6,1,2,2,1,2,2,2,2,1,2,3,2,2,2,2,2,2,"California",0
"3466",61480,6,21382,34.02280278,-118.2700056,1,1,8,7,19,6,0,9,0,1,1,0,1,1,1,1,6,2,2,2,2,1,2,2,2,2,2,1,2,2,2,1,2,2,"California",1
"3467",61481,6,21678,33.94281389,-118.2783806,1,1,8,1,0,6,0,8,0,1,1,0,1,3,1,1,6,2,2,2,2,1,2,1,1,2,2,3,2,2,2,1,2,2,"California",0
"3468",61482,6,14320,37.47771944,-122.2128389,1,1,7,1,7,4,0,8,0,2,3,0,1,1,1,1,6,1,2,1,2,1,2,2,1,2,2,3,2,2,2,2,2,2,"California",0
"3469",61483,6,21719,33.93319167,-118.0359167,2,2,8,3,19,4,0,33,0,3,2,0,4,1,1,1,6,1,2,2,1,1,2,2,2,2,2,3,2,2,1,2,2,2,"California",1
"3470",61484,6,13799,37.77191944,-122.224425,5,5,7,4,4,1,0,12,0,1,1,0,1,3,1,1,6,2,1,2,1,3,2,1,2,2,2,3,2,2,2,2,2,2,"California",0
"3471",61485,6,11850,38.83120556,-121.2998083,2,2,8,6,23,3,0,8,0,1,1,1,1,2,1,1,6,1,2,2,2,1,2,2,1,2,2,3,1,2,2,2,2,2,"California",0
"3472",61486,6,15445,36.74155556,-121.7393222,1,1,9,3,23,3,0,8,0,1,1,0,1,2,1,1,6,1,2,2,1,1,2,2,1,2,2,3,2,2,2,2,2,2,"California",0
"3473",61487,6,15592,36.63722778,-121.6670639,3,3,7,6,5,3,0,12,0,1,1,0,1,1,10,2,6,1,2,2,1,2,2,2,2,1,2,3,1,2,2,2,2,2,"California",0
"3474",61488,6,15094,36.97766944,-120.074225,1,1,2,6,12,9,0,9,0,2,2,0,1,1,1,1,6,2,2,1,1,1,2,2,2,2,2,3,2,2,2,2,2,2,"California",0
"3475",61489,6,12609,38.48154722,-121.4644806,1,1,8,7,22,6,0,8,0,3,3,0,1,3,1,1,6,2,2,2,2,1,2,2,1,2,2,3,2,2,2,1,2,2,"California",0
"3476",61490,6,21439,34.00949167,-117.2609944,2,2,3,5,11,4,0,12,0,1,1,0,1,1,1,1,6,1,2,1,1,2,2,2,2,2,2,3,2,2,2,2,2,2,"California",0
"3477",61491,6,13421,37.99805,-121.8041806,1,1,8,1,0,3,0,8,0,1,1,1,1,2,1,1,6,2,2,2,2,1,2,2,1,2,2,3,2,2,2,2,2,2,"California",0
"3478",61492,6,11394,39.03987778,-121.6533778,2,2,8,2,9,4,0,12,0,2,2,0,1,1,1,1,6,1,2,1,1,2,2,2,2,2,2,3,2,2,1,2,2,2,"California",0
"3479",61493,6,10956,39.24289167,-120.9822833,1,1,8,3,0,4,0,30,0,1,1,0,4,2,1,1,6,1,2,2,1,1,2,1,2,1,2,2,2,2,2,2,2,2,"California",0
"3480",61494,6,24575,32.80414722,-117.0381028,1,1,8,5,18,6,0,8,0,2,2,0,1,1,1,1,6,2,2,2,1,1,2,2,1,2,2,3,2,2,2,2,2,2,"California",1
"3481",61495,6,15345,36.79505833,-121.717075,2,2,4,6,17,4,0,12,0,1,1,0,1,1,1,1,6,1,2,1,1,2,2,2,2,2,2,3,2,1,2,1,2,2,"California",0
"3482",61496,6,24969,32.6814,-117.1101,3,3,8,4,22,1,0,8,0,1,1,0,1,3,1,1,6,2,1,2,1,3,2,2,1,2,2,3,2,2,2,1,2,2,"California",0
"3483",61497,6,13852,37.74448611,-121.5888861,2,2,8,5,17,4,0,1,0,1,1,0,2,1,1,1,6,1,2,1,1,2,1,1,2,2,2,3,2,2,2,1,2,2,"California",0
"3484",61498,6,22482,33.72021111,-117.9085111,1,1,7,3,20,6,0,8,0,3,2,0,1,3,1,1,6,2,2,2,1,1,2,2,1,2,2,2,2,2,2,2,2,2,"California",0
"3485",61499,6,16018,36.34492222,-119.7089583,1,1,8,6,21,4,0,9,0,3,3,0,1,3,1,1,6,1,2,2,2,1,2,2,2,2,2,3,2,2,2,2,2,2,"California",0
"3486",61500,6,21275,34.05009167,-117.8165667,2,2,8,3,20,6,0,8,0,2,2,0,1,3,1,1,6,2,2,2,1,2,2,2,1,2,2,3,2,2,2,1,2,2,"California",0
"3487",61501,6,13810,37.76577222,-121.382425,1,1,10,5,22,1,0,31,0,1,1,0,4,1,1,1,6,1,1,2,1,1,2,2,2,1,2,3,2,2,2,2,2,2,"California",0
"3488",61502,6,15082,36.98763056,-121.9901194,12,12,8,7,16,3,0,12,0,1,1,0,1,1,1,1,6,2,2,1,2,3,2,1,2,2,2,3,2,2,2,2,2,2,"California",0
"3489",61503,6,22424,33.73446667,-117.8981306,2,2,7,7,12,6,0,8,0,3,2,0,1,1,1,1,6,2,2,1,2,1,2,2,1,2,2,2,2,2,2,2,2,2,"California",0
"3490",61504,6,13829,37.75683056,-121.5472389,1,1,7,5,17,4,0,9,0,2,3,0,1,1,1,1,6,1,2,1,1,1,2,2,2,2,2,3,1,2,2,2,2,2,"California",0
"3491",61505,6,12712,38.42161111,-122.7153306,2,2,9,6,7,2,0,8,0,1,1,0,1,1,1,1,6,2,2,1,1,1,2,2,1,2,2,3,2,2,2,2,2,2,"California",0
"3492",61506,6,20957,34.13723056,-117.2646778,1,1,6,2,20,6,0,8,0,1,1,0,4,1,1,1,6,2,2,2,1,1,2,2,1,2,2,3,2,1,2,2,2,2,"California",1
"3493",61507,6,17772,35.55789444,-119.426175,3,3,8,4,7,4,0,12,0,1,1,0,1,1,7,1,6,1,2,1,1,3,2,1,2,2,2,3,2,1,2,2,2,2,"California",0
"3494",61508,6,8068,40.55509167,-124.1466556,3,3,9,3,20,2,0,8,0,1,1,0,2,5,1,1,6,1,2,2,1,1,2,2,1,2,2,3,1,2,2,1,2,2,"California",0
"3495",61509,6,14557,37.32462222,-121.8379833,5,5,8,2,2,2,0,12,0,1,1,0,1,3,1,1,6,2,2,2,2,2,2,1,2,2,2,1,2,2,2,2,2,2,"California",1
"3496",61510,6,12595,38.48735,-121.0759167,5,5,9,3,21,3,0,12,0,1,1,0,1,2,1,2,6,1,2,2,1,2,2,2,2,2,2,3,2,2,2,2,2,2,"California",0
"3497",61511,6,20931,34.14543611,-117.2725306,5,5,6,4,12,6,0,12,0,2,2,0,1,1,98,1,6,2,2,1,1,2,2,2,2,2,2,3,2,1,2,2,2,2,"California",0
"3498",61512,6,21662,33.94553889,-118.2854806,1,1,8,1,23,6,0,8,0,1,1,0,1,2,1,1,6,2,2,2,2,1,2,2,1,2,2,3,2,2,2,1,2,2,"California",0
"3499",61513,6,9167,40.03048889,-122.2106389,6,6,7,1,0,1,0,12,0,1,1,0,1,2,1,2,6,1,1,2,2,2,2,2,2,2,2,3,2,1,2,2,2,2,"California",0
"3500",61514,6,13250,38.098875,-122.2297222,6,6,9,5,21,1,0,8,0,1,1,0,1,2,1,1,6,2,1,2,1,3,2,1,1,2,2,3,2,2,1,2,2,2,"California",0
"3501",61515,6,10712,39.36321667,-121.6860639,2,2,9,6,7,6,0,8,0,2,2,0,1,1,1,1,6,2,2,1,1,1,2,1,1,2,2,3,2,2,2,2,2,2,"California",0
"3502",61516,6,22270,33.77415556,-118.1850444,1,1,6,5,12,6,0,8,0,3,2,0,1,1,1,1,6,2,2,1,1,1,2,2,1,2,2,3,2,2,2,2,2,2,"California",0
"3503",61517,6,13603,37.88993333,-121.5500306,1,1,10,6,16,3,0,34,0,1,1,0,4,1,1,1,6,1,2,1,1,1,2,1,2,1,2,2,2,2,2,2,2,2,"California",0
"3504",61518,6,20642,34.24840833,-118.6497639,1,1,9,7,10,4,0,1,0,1,1,0,1,1,1,1,6,1,2,1,2,1,1,2,2,2,2,3,2,2,2,2,2,2,"California",0
"3505",61519,6,15648,36.60250833,-119.3047472,4,4,9,4,17,4,0,12,0,2,2,0,1,1,1,1,6,1,2,1,1,2,2,2,2,1,2,3,2,1,2,2,2,2,"California",0
"3506",61520,6,11458,39.01081111,-122.6238111,2,2,7,3,6,3,0,12,0,1,1,0,1,1,1,1,6,1,2,1,1,2,2,2,2,2,2,2,2,2,2,2,2,2,"California",0
"3507",61521,6,16242,36.23993056,-119.5471111,2,2,9,5,21,4,0,43,0,1,1,0,4,2,1,1,6,1,2,2,1,1,2,2,2,2,2,2,2,2,2,2,2,2,"California",0
"3508",61522,6,8116,40.52973056,-121.6560306,1,1,9,2,18,3,0,42,0,1,1,0,4,2,1,1,6,1,2,2,1,1,2,2,2,2,2,3,2,2,2,2,2,2,"California",0
"3509",61523,6,14303,37.49271389,-120.8699722,4,4,7,3,9,3,0,12,0,1,1,0,1,1,1,1,6,2,2,1,1,2,2,2,2,1,2,3,2,2,2,2,2,2,"California",0
"3510",61524,6,20879,34.16702778,-118.1581472,4,4,9,7,13,1,0,12,0,1,1,0,1,1,1,1,6,2,1,1,2,3,2,1,2,2,2,3,2,1,2,2,2,2,"California",0
"3511",61525,6,20740,34.21554167,-118.5884833,2,2,7,4,10,6,0,1,0,2,2,0,1,1,1,1,6,2,2,1,1,2,1,2,2,2,2,3,2,2,2,2,2,2,"California",0
"3512",61526,6,17993,35.4595,-116.1651389,1,1,8,2,14,3,0,1,0,1,1,0,4,1,1,1,6,1,2,1,1,1,1,2,2,2,2,3,2,2,2,2,2,2,"California",0
"3513",61527,6,14156,37.59751667,-121.9450444,3,3,8,6,18,3,0,9,0,1,1,0,1,1,1,1,6,1,2,2,2,1,2,2,2,2,2,3,2,2,1,2,2,2,"California",0
"3514",61528,6,20635,34.25116111,-118.4425389,1,1,9,5,2,6,0,9,0,1,1,0,1,3,1,1,6,2,2,2,1,1,2,2,2,2,2,3,2,2,1,1,2,2,"California",0
"3515",61529,6,20160,34.50972778,-119.8229333,2,2,7,6,15,3,0,12,0,2,2,0,1,1,1,1,6,1,2,1,1,2,1,1,2,2,2,3,1,2,2,2,2,2,"California",0
"3516",61530,6,17681,35.60187778,-119.2274611,8,8,9,2,6,3,0,12,0,1,1,0,1,4,1,3,6,1,2,1,1,2,2,2,2,2,2,3,2,2,2,2,2,2,"California",0
"3517",61531,6,21674,33.94357222,-118.1997806,1,1,8,1,19,6,0,8,0,2,2,0,1,5,1,1,6,2,2,2,2,1,2,2,1,2,2,3,2,2,2,1,2,2,"California",0
"3518",61532,6,21640,33.95296111,-118.2563972,3,3,7,5,13,6,0,12,0,2,3,0,1,1,1,1,6,2,2,1,1,2,2,2,2,2,2,3,2,1,2,2,2,2,"California",0
"3519",61533,6,5269,41.69411111,-124.1126472,1,1,9,1,6,2,0,42,0,1,1,0,4,1,1,1,6,1,2,1,2,1,2,2,2,2,2,3,2,2,2,2,2,2,"California",0
"3520",61534,6,7406,40.75254722,-124.1921389,2,2,9,1,2,2,0,8,0,1,1,0,1,2,1,1,6,2,2,2,2,1,2,2,1,2,2,3,2,2,2,2,2,2,"California",0
"3521",61535,6,10641,39.40087222,-123.8090889,1,1,7,1,16,3,0,9,0,1,1,0,2,1,1,1,6,1,2,1,2,1,2,2,2,2,2,3,2,2,2,1,2,2,"California",0
"3522",61536,6,19278,34.93818056,-119.49055,1,1,9,3,17,3,0,35,0,1,1,0,4,1,1,1,6,1,2,1,1,1,2,1,2,1,2,3,1,2,2,2,2,2,"California",0
"3523",61537,6,14280,37.50451111,-122.2453806,6,6,6,6,15,2,0,12,0,1,1,0,1,1,1,1,6,2,2,1,1,3,2,1,2,2,2,3,2,2,2,2,2,2,"California",0
"3524",61538,6,12707,38.42331111,-122.8012611,1,1,8,7,3,4,0,9,0,1,1,0,2,2,1,1,6,1,2,2,2,1,2,2,2,2,2,3,1,2,2,2,2,2,"California",0
"3525",61539,6,18050,35.42785,-118.9677083,3,3,9,6,18,4,0,12,0,3,3,0,1,1,1,1,6,1,2,2,2,2,2,2,2,2,2,3,2,1,2,2,2,2,"California",0
"3526",61540,6,13559,37.92694444,-121.3411,2,2,7,4,0,3,0,12,0,1,1,0,1,3,1,1,6,1,2,2,1,2,2,2,2,1,2,1,2,2,2,2,2,2,"California",1
"3527",61541,6,14282,37.50323611,-120.8758028,5,5,8,1,1,3,0,12,0,1,1,0,1,2,1,1,6,2,2,2,2,2,2,2,1,2,2,3,2,1,2,2,2,2,"California",0
"3528",61542,6,20672,34.23566111,-117.1964,3,3,8,7,13,3,0,1,0,1,1,0,1,1,1,1,6,1,2,1,2,2,1,2,2,2,2,3,2,1,2,2,2,2,"California",1
"3529",61543,6,14186,37.56648333,-122.0234083,1,1,8,2,20,6,0,8,0,1,1,0,1,2,1,1,6,2,2,2,1,1,2,2,1,2,2,1,2,2,2,2,2,2,"California",1
"3530",61544,6,18084,35.40868611,-119.01645,2,2,8,1,13,4,0,12,0,3,3,0,1,1,1,1,6,1,2,1,2,2,1,2,2,2,2,1,2,2,2,2,2,2,"California",1
"3531",61545,6,21527,33.98274722,-118.0515861,3,3,9,6,16,6,0,12,0,2,2,0,1,1,1,1,6,2,2,1,1,2,1,2,2,2,2,3,2,2,2,2,2,2,"California",0
"3532",61546,6,12449,38.56785278,-121.5083944,4,4,7,7,22,2,0,12,0,1,1,0,1,3,1,1,6,2,2,2,2,2,2,1,2,2,2,3,2,1,2,2,2,2,"California",0
"3533",61547,6,13519,37.94841944,-122.2686389,5,5,8,1,21,4,0,12,0,1,1,0,1,2,1,3,6,1,2,2,2,2,2,1,2,2,2,1,2,2,2,2,2,2,"California",1
"3534",61548,6,20606,34.26421944,-116.9346889,3,3,8,7,13,3,0,1,0,1,1,0,1,1,1,1,6,1,2,1,2,2,1,2,2,2,2,3,2,2,2,2,2,2,"California",0
"3535",61549,6,23263,33.46941667,-117.6587083,1,1,8,4,14,6,0,42,0,1,1,0,4,1,1,1,6,2,2,1,1,1,2,2,2,2,2,3,2,1,2,2,2,2,"California",0
"3536",61550,6,16007,36.349175,-119.4261972,4,4,8,3,20,3,0,8,1,18,1,0,1,3,1,1,6,2,2,2,1,2,2,2,1,2,2,3,2,2,2,2,2,2,"California",0
"3537",61551,6,21700,33.93696667,-117.4492833,2,2,8,6,6,6,0,12,0,2,2,0,1,1,10,1,6,2,2,1,1,2,2,2,2,2,2,3,2,1,2,2,2,2,"California",0
"3538",61552,6,13947,37.70181944,-121.92155,1,1,7,4,2,1,0,42,1,5,1,0,4,3,1,1,6,2,1,2,1,1,2,1,2,1,2,3,2,2,2,2,2,2,"California",1
"3539",61553,6,19373,34.89723056,-117.0088528,1,1,8,2,20,6,0,8,0,4,1,0,1,3,1,1,6,2,2,2,1,1,2,2,1,2,2,3,2,2,1,2,2,2,"California",0
"3540",61554,6,17438,35.74560833,-119.2431722,4,4,9,1,5,3,0,8,1,18,1,0,1,3,1,1,6,2,2,2,2,2,2,1,1,2,2,3,2,2,1,2,2,2,"California",0
"3541",61555,6,21961,33.87265,-116.5057333,3,3,8,3,18,6,0,18,0,1,1,0,1,1,6,2,6,2,2,2,1,2,2,1,2,1,2,2,1,1,2,2,2,2,"California",0
"3542",61556,6,20670,34.23586944,-117.4255306,3,3,7,3,15,1,0,12,1,2,2,1,1,1,1,1,6,1,1,1,1,2,2,2,2,2,2,3,2,1,2,2,2,2,"California",0
"3543",61557,6,21576,33.96881389,-118.1739861,9,9,9,1,0,6,0,12,0,2,2,0,1,3,1,1,6,2,2,2,2,2,2,2,2,2,2,2,1,2,2,2,2,2,"California",0
"3544",61558,6,21696,33.93819167,-118.0434778,1,1,9,2,19,4,0,8,0,1,1,0,1,3,1,1,6,1,2,2,1,1,2,2,1,2,2,3,2,2,1,1,2,2,"California",0
"3545",61559,6,6137,41.30729722,-120.8960306,1,1,10,2,16,3,0,59,0,1,1,0,4,1,1,1,6,1,2,1,1,1,2,2,2,2,2,1,2,1,2,2,2,2,"California",1
"3546",61560,6,20307,34.42927778,-117.3791139,2,2,7,5,4,6,0,12,0,1,1,0,1,2,10,1,6,2,2,2,1,2,2,2,2,1,2,1,2,2,2,2,2,2,"California",1
"3547",61561,6,18490,35.2382,-118.8245639,3,3,9,3,6,4,0,12,0,2,2,0,1,4,1,2,6,1,2,1,1,2,2,2,2,2,2,3,2,2,2,2,2,2,"California",0
"3548",61562,6,22796,33.62317778,-117.9442917,1,1,8,4,3,3,0,8,0,1,1,0,1,2,1,1,6,2,2,2,1,1,2,2,1,2,2,3,2,2,1,2,2,2,"California",0
"3549",61563,6,21126,34.08725,-117.6638806,2,2,8,1,4,1,0,12,0,1,1,0,1,2,1,1,6,2,1,2,2,2,2,1,2,2,2,3,2,2,2,2,2,2,"California",0
"3550",61564,6,21754,33.92124444,-118.2096,3,3,9,2,14,6,0,12,0,2,2,0,1,1,1,1,6,2,2,1,1,3,1,1,2,2,2,3,2,2,2,2,2,2,"California",0
"3551",61565,6,16779,36.06571111,-119.1967444,2,2,9,5,5,4,0,12,0,2,2,0,1,2,1,1,6,1,2,2,1,2,2,2,2,1,2,3,2,2,2,2,2,2,"California",0
"3552",61566,6,20986,34.12641111,-118.3452028,7,7,9,2,22,6,0,12,0,1,1,0,1,3,10,1,6,2,2,2,1,3,2,1,2,2,2,3,1,1,2,2,2,2,"California",0
"3553",61567,6,18315,35.31257778,-120.8457083,1,1,10,3,20,4,0,8,0,1,1,0,1,2,1,1,6,1,2,2,1,1,2,2,1,2,2,3,2,2,2,2,2,2,"California",0
"3554",61568,6,12384,38.59968333,-121.4031944,9,9,8,1,12,4,0,33,0,3,3,0,4,1,1,2,6,1,2,1,2,3,2,1,2,2,2,3,2,1,2,2,1,2,"California",0
"3555",61569,6,14279,37.50458333,-119.9945167,2,2,8,1,12,3,0,9,0,1,1,0,1,1,1,1,6,1,2,1,2,1,2,2,2,2,2,1,2,1,2,1,2,2,"California",1
"3556",61570,6,16021,36.34395556,-119.8512556,3,3,9,6,6,4,0,12,0,2,2,0,1,4,1,2,6,1,2,1,1,2,2,2,2,2,2,3,2,2,2,2,2,2,"California",0
"3557",61571,6,19875,34.6532,-120.18255,2,2,9,5,6,2,0,12,0,1,1,0,1,2,1,1,6,1,2,1,1,2,1,1,2,2,2,3,2,1,2,2,2,2,"California",0
"3558",61572,6,22564,33.69628056,-117.0848222,4,4,9,6,18,3,0,12,0,2,2,0,1,1,1,1,6,1,2,2,2,2,2,2,2,2,2,3,2,2,2,2,2,2,"California",0
"3559",61573,6,21410,34.01656111,-118.8191111,1,1,8,1,20,3,0,9,0,1,1,0,1,2,1,1,6,2,2,2,2,1,2,2,2,2,2,3,2,2,1,2,1,2,"California",0
"3560",61574,6,22695,33.65321111,-117.8898444,4,4,10,6,9,4,0,12,0,2,3,0,1,1,1,1,6,1,2,1,1,2,2,2,2,2,2,3,2,1,2,2,2,2,"California",0
"3561",61575,6,13691,37.82650833,-121.1993472,3,3,9,6,19,4,0,12,0,2,3,0,1,5,1,1,6,1,2,2,2,2,2,2,2,2,2,3,2,2,1,2,2,2,"California",0
"3562",61576,6,19643,34.77653333,-118.2549611,3,3,9,7,10,3,0,12,0,2,2,0,1,1,1,1,6,1,2,1,2,2,2,2,2,2,2,3,2,1,2,2,2,2,"California",0
"3563",61577,6,21919,33.88400833,-116.5454444,2,2,9,1,14,6,0,12,0,1,1,0,1,1,1,2,6,2,2,1,2,2,2,1,2,2,2,3,2,2,1,2,2,2,"California",0
"3564",61578,6,19763,34.71752222,-114.5155778,3,3,9,7,18,1,0,12,0,1,1,0,2,1,1,1,6,1,1,2,2,2,2,2,2,2,2,3,2,2,2,2,2,2,"California",0
"3565",61579,6,24410,32.86116111,-117.2096306,4,4,9,3,10,6,0,12,0,3,3,0,1,1,2,1,6,2,2,1,1,3,2,1,2,2,2,3,2,2,2,2,2,2,"California",0
"3566",61580,6,12111,38.70613611,-121.4856306,6,6,9,1,14,4,0,12,0,1,1,0,1,1,1,1,6,1,2,1,2,2,2,1,2,1,2,3,1,2,2,2,2,2,"California",0
"3567",61581,6,7858,40.63161111,-122.5545667,2,2,8,3,10,3,0,12,0,1,1,0,1,1,1,1,6,1,2,1,1,2,2,2,2,2,2,3,2,2,2,2,2,2,"California",0
"3568",61582,6,4950,41.83093333,-124.1655972,2,2,10,2,15,4,0,12,0,3,3,0,1,1,1,1,6,1,2,1,1,2,1,2,2,2,2,3,1,2,2,2,2,2,"California",0
"3569",61583,6,5948,41.40754722,-124.0023417,1,1,9,1,19,2,0,59,0,1,1,0,4,1,1,1,6,1,2,2,2,1,2,1,2,1,2,3,2,1,2,2,2,2,"California",0
"3570",61584,6,13441,37.98713611,-121.8977472,1,1,9,7,23,4,0,8,0,1,1,0,1,2,1,1,6,1,2,2,2,1,2,2,1,2,2,3,2,2,2,2,2,2,"California",0
"3571",61585,6,11262,39.10020278,-122.9132972,2,2,9,1,18,3,0,33,0,1,1,0,4,1,1,1,6,1,2,2,2,1,2,2,2,1,2,2,2,2,2,2,2,2,"California",0
"3572",61586,6,8628,40.28261111,-122.5854,1,1,9,5,15,3,0,1,0,1,1,0,2,1,1,1,6,1,2,1,1,1,1,2,2,2,2,3,2,2,2,2,2,2,"California",0
"3573",61587,6,17051,35.95256111,-119.9308111,5,5,9,1,7,1,0,18,0,1,1,4,4,1,1,1,6,1,1,1,2,1,2,2,2,1,2,3,2,1,2,2,2,2,"California",0