"","ST_CASE","OBJECT_ID","FID","LATITUDE","LONGITUD","PERMVIT","PERSONS","MONTH","DAY_WEEK","HOUR","ROUTE","SP_JUR","HARM_EV","RELJCT1","RELJCT2","TYP_INT","WRK_ZONE","REL_ROAD","LGT_COND","WEATHER","FATALS","STATE","A_RU","A_INTER","A_TOD","A_DOW","A_CT","A_MC","A_SPCRA","A_PED","A_ROLL","A_POLPUR","A_POSBAC","A_D15_20","A_D65PLS","A_D21_24","A_HR","A_DIST","A_DROWSY","STATE_NAME","drunkDr"
"17804",320162,32,10450,39.51606944,-119.7415111,3,3,2,2,6,3,0,12,0,1,1,4,1,1,1,2,32,1,2,1,1,2,2,2,2,2,2,3,2,1,2,2,2,2,"Nevada",0
"17805",320163,32,10376,39.56676944,-119.782825,1,1,9,5,21,3,0,8,0,3,2,0,1,3,1,1,32,2,2,2,1,1,2,2,1,2,2,1,2,2,2,2,2,2,"Nevada",1
"17806",320164,32,15921,36.40075,-114.9167278,1,1,10,4,1,2,0,8,0,1,1,0,99,2,1,1,32,1,2,2,1,1,2,2,1,2,2,3,2,2,2,1,2,2,"Nevada",0
"17807",320165,32,16739,36.07963333,-115.0268139,2,2,6,3,20,3,0,8,0,1,1,0,1,3,1,1,32,2,2,2,1,1,2,2,1,2,2,3,2,2,2,2,2,2,"Nevada",0
"17808",320166,32,12891,38.31045,-114.603775,6,6,7,6,12,2,0,12,0,4,1,0,1,1,1,1,32,1,2,1,1,2,1,1,2,2,2,1,2,2,2,2,2,2,"Nevada",1
"17809",320167,32,10840,39.30396111,-119.5138028,2,2,10,4,22,2,0,11,0,1,1,0,1,2,1,1,32,1,2,2,1,1,2,2,2,2,2,2,2,2,2,2,2,2,"Nevada",0
"17810",320168,32,16790,36.06258611,-115.0844056,2,2,9,6,20,6,0,18,0,2,3,4,1,3,1,1,32,2,2,2,2,2,1,2,2,2,2,2,2,2,1,2,2,2,"Nevada",0
"17811",320169,32,17260,35.84834167,-115.2690556,1,1,11,7,8,1,0,25,0,1,1,0,3,1,1,1,32,1,1,1,2,1,2,1,2,2,2,1,2,2,2,2,2,2,"Nevada",1
"17812",320170,32,16938,36.00573333,-115.0811361,2,2,8,1,21,6,0,33,0,1,1,0,4,3,10,1,32,2,2,2,2,2,2,2,2,2,2,2,2,2,2,2,2,2,"Nevada",0
"17813",320171,32,15560,36.65799444,-114.5768611,3,3,11,7,20,1,0,8,0,1,1,0,1,2,1,1,32,1,1,2,2,1,2,2,1,2,2,2,2,2,2,2,2,2,"Nevada",0
"17814",320172,32,10333,39.58892222,-119.3961167,1,1,8,5,8,1,0,1,0,1,1,0,4,1,1,1,32,1,1,1,1,1,2,1,2,1,2,2,2,2,1,2,2,2,"Nevada",0
"17815",320173,32,6779,40.96476389,-117.7334194,1,1,11,1,0,3,0,31,0,1,1,0,4,2,1,1,32,1,2,2,2,1,2,1,2,1,2,1,2,2,2,2,2,2,"Nevada",1
"17816",320174,32,5889,41.43614167,-117.7911917,1,1,11,1,6,2,0,1,0,1,1,0,4,2,1,1,32,1,2,1,2,1,2,2,2,1,2,1,2,2,2,2,1,2,"Nevada",1
"17817",320175,32,16795,36.06145278,-115.178875,3,3,10,6,22,1,0,1,1,5,1,0,4,3,10,1,32,2,1,2,2,1,2,1,2,1,2,1,2,2,2,2,2,2,"Nevada",1
"17818",320176,32,16177,36.270925,-115.0023583,4,4,10,7,23,3,0,12,0,1,1,0,1,2,1,1,32,2,2,2,2,2,2,1,2,2,2,1,2,2,2,2,2,2,"Nevada",1
"17819",320177,32,16859,36.04189444,-115.0821583,2,2,11,7,6,6,0,12,0,2,2,0,1,4,1,1,32,2,2,1,2,2,2,1,2,2,2,1,1,2,2,2,2,2,"Nevada",1
"17820",320178,32,7715,40.67014167,-116.2275111,2,2,9,1,12,1,0,12,0,1,1,0,1,1,10,1,32,1,1,1,2,2,2,2,2,2,2,2,2,1,2,2,1,1,"Nevada",0
"17821",320179,32,11616,38.94490556,-119.7794833,2,2,9,7,9,3,0,1,0,1,1,0,1,1,1,1,32,1,2,1,2,1,2,2,2,1,2,2,2,2,2,2,2,2,"Nevada",0
"17822",320180,32,11068,39.1813,-119.7668028,1,1,9,5,14,6,0,8,0,3,3,0,1,1,1,1,32,2,2,1,1,1,2,2,1,2,2,3,2,1,2,2,2,2,"Nevada",0
"17823",320181,32,15180,36.91578333,-116.7701889,3,3,10,7,18,5,0,32,0,1,1,0,4,2,1,1,32,1,2,2,2,1,2,2,2,1,2,3,1,2,2,2,2,2,"Nevada",0
"17824",320182,32,16438,36.16810278,-115.9594417,1,1,11,3,17,6,0,9,0,1,1,0,1,2,1,1,32,1,2,1,1,1,2,2,2,2,2,2,2,1,2,2,2,2,"Nevada",0
"17825",320183,32,13186,38.13698611,-117.5063444,2,2,11,2,0,2,0,35,0,1,1,0,4,2,1,2,32,1,2,2,2,1,2,2,2,1,2,2,1,2,2,2,2,2,"Nevada",0
"17826",320184,32,7059,40.84204444,-115.7688806,3,3,8,5,17,6,0,1,0,1,1,0,1,1,1,1,32,2,2,1,1,2,1,2,2,2,2,3,2,2,2,2,2,2,"Nevada",0
"17827",320185,32,7049,40.84519444,-115.7893944,1,1,9,3,1,6,0,14,0,2,3,0,1,3,1,1,32,2,2,2,1,1,2,2,2,1,2,3,2,2,1,2,2,2,"Nevada",1
"17828",320186,32,10257,39.62684444,-119.915775,4,4,6,3,19,5,0,12,1,2,2,0,1,1,1,1,32,2,2,2,1,2,2,2,2,1,2,1,2,2,2,2,2,2,"Nevada",1
"17829",320187,32,10579,39.44336111,-119.7725917,3,3,7,4,15,3,0,12,0,2,3,0,1,1,1,1,32,2,2,1,1,2,1,1,2,2,2,2,2,2,2,2,2,2,"Nevada",0
"17830",320188,32,7202,40.80177222,-115.6673528,1,1,10,1,18,5,0,1,0,1,1,0,1,2,1,1,32,1,2,2,2,1,1,2,2,2,2,2,2,2,2,2,2,2,"Nevada",0
"17831",320189,32,16332,36.20014167,-115.1429417,1,1,5,6,3,6,0,14,0,1,1,0,1,3,1,1,32,2,2,2,1,1,2,2,2,2,2,1,2,2,2,2,2,2,"Nevada",1
"17832",320190,32,16326,36.20277222,-115.2074139,2,2,7,5,7,6,0,39,0,1,1,4,4,1,2,1,32,2,2,1,1,1,2,2,2,1,2,1,1,2,2,2,2,2,"Nevada",1
"17833",320191,32,16322,36.20426944,-115.3087028,2,2,7,6,15,6,0,12,0,3,3,0,1,1,1,1,32,2,2,1,1,2,2,2,2,2,2,3,2,1,2,2,2,2,"Nevada",0
"17834",320192,32,16341,36.196225,-115.0478111,1,1,9,5,19,3,0,8,0,1,1,0,1,3,1,1,32,2,2,2,1,1,2,2,1,2,2,3,2,2,2,2,2,2,"Nevada",0
"17835",320193,32,16176,36.27110556,-115.2788861,1,1,9,7,3,6,0,42,0,1,1,0,3,3,1,1,32,2,2,2,2,1,2,2,2,2,2,1,2,2,2,2,2,2,"Nevada",1
"17836",320194,32,16381,36.18490833,-115.0211222,2,2,7,6,20,5,0,58,0,2,3,0,1,3,10,1,32,2,2,2,2,1,2,1,2,2,2,3,1,2,2,2,2,2,"Nevada",0
"17837",320195,32,16812,36.05696667,-115.1543972,2,2,5,1,16,5,0,12,1,2,2,0,1,1,10,1,32,2,2,1,2,2,2,1,2,2,2,3,2,1,2,2,2,2,"Nevada",0
"17838",320196,32,16600,36.12130833,-115.1559833,1,1,7,7,10,5,0,33,0,1,1,0,4,1,1,1,32,2,2,1,2,1,2,1,2,1,2,2,2,2,2,2,2,2,"Nevada",0
"17839",320197,32,16484,36.15670278,-115.3617361,1,1,7,1,18,3,0,1,0,1,1,0,2,5,1,1,32,1,2,2,2,1,1,2,2,2,2,1,2,2,2,2,2,2,"Nevada",1
"17840",320198,32,16722,36.08511944,-115.2975333,2,2,7,2,22,5,0,12,1,2,2,0,1,3,10,1,32,2,2,2,1,2,1,2,2,2,2,3,2,2,2,2,2,2,"Nevada",0
"17841",320199,32,16495,36.15206389,-115.1518,1,1,7,1,22,6,0,33,0,3,3,0,4,3,10,1,32,2,2,2,2,1,2,2,2,2,2,2,2,1,2,2,2,2,"Nevada",0
"17842",320200,32,16504,36.14969722,-115.1189111,1,1,8,7,0,6,0,8,0,3,3,0,1,3,1,2,32,2,2,2,2,1,1,1,1,2,2,2,2,2,1,2,2,2,"Nevada",0
"17843",320201,32,16723,36.08511944,-115.3068139,1,1,8,4,2,5,0,7,0,3,2,0,1,3,1,1,32,2,2,2,1,1,2,1,2,2,2,2,2,2,2,2,2,2,"Nevada",0
"17844",320202,32,16523,36.14422778,-115.1774944,1,1,9,2,21,3,0,8,0,3,2,0,1,3,1,1,32,2,2,2,1,1,2,2,1,2,2,3,2,2,2,2,2,2,"Nevada",0
"17845",320203,32,16659,36.10088056,-115.0512167,1,1,9,7,23,3,0,8,0,3,2,0,1,3,1,1,32,2,2,2,2,1,2,2,1,2,2,3,2,2,2,2,2,2,"Nevada",0
"17846",320204,32,16837,36.05069444,-115.1701083,2,2,9,7,3,5,0,7,0,3,2,0,1,3,1,1,32,2,2,2,2,1,2,1,2,2,2,1,2,2,2,2,2,2,"Nevada",1
"17847",320205,32,16579,36.12893889,-115.0654167,1,1,10,6,4,3,0,15,0,1,1,0,1,3,1,1,32,2,2,2,1,1,2,2,2,2,2,3,2,2,2,2,2,2,"Nevada",0
"17848",320206,32,16522,36.14423611,-115.1799472,8,8,7,6,19,3,0,12,0,8,1,0,1,5,1,1,32,2,2,2,2,2,1,2,2,2,2,3,1,2,2,2,2,2,"Nevada",0
"17849",320207,32,16165,36.27729722,-115.2877667,2,2,9,4,20,6,0,1,0,2,2,0,1,3,10,1,32,2,2,2,1,2,1,2,2,2,2,3,1,1,2,2,2,2,"Nevada",0
"17850",320208,32,16327,36.20275833,-115.1950944,2,2,9,5,14,6,0,12,0,8,1,0,1,1,1,1,32,2,2,1,1,2,1,1,2,2,2,3,2,2,2,2,2,2,"Nevada",0
"17851",320209,32,16473,36.15891111,-115.29595,4,4,9,7,18,3,0,12,0,2,3,0,1,1,1,1,32,2,2,2,2,2,1,2,2,2,2,3,2,2,2,2,2,2,"Nevada",0
"17852",320210,32,16796,36.06118333,-115.2606806,3,3,9,7,18,6,0,12,1,2,3,0,1,1,1,1,32,2,2,2,2,2,2,1,2,2,2,1,1,2,2,2,2,2,"Nevada",1
"17853",320211,32,16921,36.016925,-115.1365917,1,1,10,4,6,5,0,33,0,3,3,0,4,1,1,1,32,2,2,1,1,1,2,2,1,2,2,1,2,2,2,2,2,2,"Nevada",1
"17854",320212,32,16186,36.26373889,-116.0031306,8,8,10,7,10,3,0,12,0,2,3,0,1,1,1,1,32,1,2,1,2,2,2,2,2,2,2,2,2,2,2,2,2,2,"Nevada",0
"17855",320213,32,16489,36.15409444,-115.0638389,1,1,11,6,17,3,0,8,0,1,1,0,1,3,1,1,32,2,2,1,1,1,2,2,1,2,2,3,2,2,2,1,2,2,"Nevada",0
"17856",320214,32,16667,36.09979444,-115.2340361,2,2,10,2,15,3,0,12,0,2,2,0,1,1,1,1,32,2,2,1,1,2,2,1,2,2,2,3,2,2,2,2,2,2,"Nevada",0
"17857",320215,32,10717,39.35998889,-114.8004694,2,2,10,4,19,2,0,12,0,1,1,0,1,6,1,1,32,1,2,2,1,2,2,2,2,2,2,3,1,2,2,2,2,1,"Nevada",0
"17858",320216,32,16497,36.15167222,-115.1643111,1,1,10,6,5,6,0,33,0,1,1,0,3,3,1,1,32,2,2,2,1,1,2,1,2,2,2,1,2,2,1,2,2,2,"Nevada",1
"17859",320217,32,16536,36.14202778,-115.1996861,3,3,11,2,17,6,0,8,0,3,3,0,1,2,1,1,32,2,2,1,1,2,2,2,1,2,2,3,2,2,2,2,2,2,"Nevada",0
"17860",320218,32,16297,36.21398889,-115.1641111,2,2,11,2,0,6,0,14,0,1,1,0,4,3,1,1,32,2,2,2,2,1,2,2,2,2,2,1,2,2,2,1,2,2,"Nevada",1
"17861",320219,32,16520,36.14449444,-115.0829278,1,1,11,2,20,5,0,8,0,3,2,0,1,3,1,1,32,2,2,2,1,1,2,2,1,2,2,3,2,2,2,2,2,2,"Nevada",0
"17862",320220,32,10275,39.618325,-119.8828139,2,2,9,1,16,2,0,18,1,5,1,0,4,1,1,1,32,2,2,1,2,1,1,2,2,2,2,1,2,2,2,2,2,2,"Nevada",1
"17863",320221,32,16469,36.15906111,-115.2353917,1,1,11,5,15,3,0,8,0,8,1,0,1,1,10,1,32,2,2,1,1,1,2,2,1,2,2,3,2,2,2,2,2,2,"Nevada",0
"17864",320222,32,16496,36.15181111,-115.2215722,4,4,10,2,20,5,0,1,0,1,1,0,1,3,1,2,32,2,2,2,1,2,1,1,2,2,2,3,2,2,2,2,2,2,"Nevada",0
"17865",320223,32,16229,36.24474722,-115.1346083,1,1,11,3,12,6,0,33,0,1,1,0,4,1,1,1,32,2,2,1,1,1,2,2,1,2,2,1,2,2,2,1,2,2,"Nevada",1
"17866",320224,32,16657,36.10099167,-115.1652722,4,4,10,3,7,3,0,33,0,1,1,0,3,1,1,1,32,2,2,1,1,3,2,2,2,2,2,3,2,2,2,2,2,2,"Nevada",0
"17867",320225,32,16568,36.13219167,-115.2954667,1,1,10,5,17,6,0,8,0,1,1,0,1,1,10,1,32,2,2,1,1,1,2,2,1,2,2,1,2,2,2,1,2,2,"Nevada",1
"17868",320226,32,16758,36.07165,-115.14125,5,5,8,2,8,3,0,12,0,3,2,0,1,1,1,1,32,2,2,1,1,3,2,1,2,1,2,3,2,2,1,2,2,2,"Nevada",0
"17869",320227,32,16141,36.28834444,-115.1817889,5,5,10,2,1,4,0,18,0,1,1,1,3,2,10,1,32,2,2,2,2,3,2,2,2,2,2,1,1,2,2,2,2,2,"Nevada",2
"17870",320228,32,16235,36.24210278,-115.2347278,2,2,12,3,15,6,0,12,1,2,3,0,1,1,1,1,32,2,2,1,1,2,2,2,2,2,2,3,2,1,2,2,2,2,"Nevada",0
"17871",320229,32,4794,41.92522222,-115.4210083,1,1,8,7,18,4,1,1,0,1,1,0,4,1,1,1,32,1,3,2,2,1,2,2,2,1,2,1,1,2,2,2,2,2,"Nevada",1
"17872",320230,32,10256,39.62699167,-119.8821417,1,1,10,3,19,6,0,8,0,3,3,0,1,3,1,1,32,2,2,2,1,1,2,2,1,2,2,2,2,2,2,2,2,2,"Nevada",0
"17873",320231,32,10420,39.53530556,-119.7743278,1,1,10,2,3,6,0,8,0,1,1,0,1,3,1,1,32,2,2,2,2,1,2,2,1,2,2,3,2,2,2,1,2,2,"Nevada",0
"17874",320232,32,16577,36.12976667,-115.1372889,1,1,10,2,21,5,0,15,0,3,2,0,1,3,2,1,32,2,2,2,1,1,2,2,2,2,2,3,2,2,1,2,2,2,"Nevada",0
"17875",320233,32,16575,36.12983333,-115.2970611,3,3,11,5,15,5,0,12,0,2,2,0,1,1,1,1,32,2,2,1,1,3,2,1,2,2,2,3,2,2,2,2,2,2,"Nevada",0
"17876",320234,32,16344,36.1959,-115.0353361,5,5,10,7,8,6,0,12,1,2,2,0,1,1,1,1,32,2,2,1,2,3,2,1,2,2,2,1,1,2,2,2,2,2,"Nevada",1
"17877",320235,32,10871,39.28648889,-118.1621333,7,7,10,7,16,2,0,31,0,1,1,0,4,1,10,3,32,1,2,1,2,1,2,2,2,1,2,1,2,2,2,2,2,2,"Nevada",1
"17878",320236,32,16331,36.200675,-115.1225611,2,2,12,7,20,3,0,12,0,3,3,0,1,3,10,1,32,2,2,2,2,2,1,1,2,2,2,1,2,2,1,1,2,2,"Nevada",1
"17879",320237,32,16127,36.29387222,-115.2068083,1,1,12,3,1,6,0,30,0,1,1,0,4,3,1,1,32,2,2,2,1,1,2,1,2,2,2,1,2,2,2,2,2,2,"Nevada",1
"17880",320238,32,16569,36.13174722,-115.1529778,3,3,9,6,21,5,0,33,0,1,1,0,5,3,1,1,32,2,2,2,2,1,2,2,2,2,2,2,2,2,1,2,2,2,"Nevada",0
"17881",320239,32,16420,36.17393611,-115.1162972,5,5,11,7,19,5,0,12,0,2,2,0,1,3,1,1,32,2,2,2,2,2,2,2,2,2,2,1,2,2,2,2,2,2,"Nevada",1
"17882",320240,32,16426,36.17252778,-115.0753472,1,1,9,4,17,6,0,14,0,1,1,0,5,1,1,1,32,3,3,1,1,1,2,2,2,2,2,2,2,2,2,2,2,2,"Nevada",0
"17883",320241,32,16716,36.08603889,-115.178725,2,2,11,6,0,3,0,12,0,2,2,0,1,3,1,1,32,2,2,2,1,2,2,2,2,2,2,1,2,2,2,2,2,2,"Nevada",1
"17884",320242,32,16471,36.15893611,-115.0694083,1,1,11,4,18,3,0,8,0,1,1,0,1,3,1,1,32,2,2,2,1,1,2,2,1,2,2,3,2,2,2,2,2,2,"Nevada",0
"17885",320243,32,16704,36.0892,-115.0376056,2,2,12,5,17,3,0,8,0,1,1,0,1,2,1,1,32,2,2,1,1,1,2,2,1,2,2,3,1,2,2,2,2,2,"Nevada",0
"17886",320244,32,17215,35.868225,-115.2407944,1,1,12,2,7,2,0,59,0,1,1,0,4,3,99,1,32,1,2,1,1,1,1,2,2,2,2,1,2,2,2,2,2,2,"Nevada",1
"17887",320245,32,16325,36.20301667,-115.1608167,2,2,9,5,19,6,0,12,0,2,2,0,1,3,1,1,32,2,2,2,1,2,2,1,2,2,2,1,2,2,2,2,2,2,"Nevada",1
"17888",320246,32,17002,35.97439167,-115.1727861,1,1,11,5,4,3,0,8,0,1,1,0,1,2,1,1,32,2,2,2,1,1,2,2,1,2,2,2,2,2,2,2,2,2,"Nevada",0
"17889",320247,32,12708,38.42317778,-115.0211194,4,4,11,4,9,3,0,12,0,1,1,0,1,1,4,2,32,1,2,1,1,2,2,2,2,1,2,2,2,2,2,2,2,2,"Nevada",0
"17890",320248,32,17228,35.86356944,-114.9294222,4,4,12,6,19,2,0,12,0,1,1,0,1,2,10,1,32,1,2,2,2,2,2,2,2,2,2,3,2,1,2,2,2,2,"Nevada",0
"17891",320249,32,16128,36.29278611,-115.1663417,2,2,12,5,9,4,0,12,0,1,1,0,1,1,1,1,32,2,2,1,1,2,2,2,2,2,2,3,2,2,2,2,2,2,"Nevada",0
"17892",320250,32,16888,36.03162778,-115.210175,2,2,12,3,20,3,0,12,0,1,1,0,1,3,1,1,32,2,2,2,1,2,1,1,2,2,2,1,2,2,2,2,2,2,"Nevada",1
"17893",320251,32,10421,39.53433333,-119.7515333,3,3,10,7,23,1,0,12,0,1,1,0,2,3,1,1,32,2,1,2,2,3,1,1,2,2,2,1,1,2,1,1,2,2,"Nevada",1
"17894",320252,32,10501,39.48717778,-118.8757833,1,1,10,1,8,2,0,33,1,3,2,0,3,1,10,1,32,1,2,1,2,1,2,2,2,1,2,2,2,2,2,2,2,2,"Nevada",0
"17895",320253,32,11011,39.21181389,-114.9807694,1,1,11,1,18,2,0,24,0,1,1,0,4,2,1,1,32,1,2,2,2,1,2,2,2,1,2,2,2,2,2,2,2,2,"Nevada",0
"17896",320254,32,10950,39.24629167,-119.9393444,1,1,12,2,16,3,0,1,0,1,1,0,5,9,99,1,32,1,2,1,1,1,2,2,2,1,2,2,2,1,2,2,2,2,"Nevada",0
"17897",320255,32,10329,39.59103889,-119.2559333,3,3,12,5,0,6,0,43,0,3,3,0,4,2,10,1,32,1,2,2,1,1,2,2,2,1,1,3,2,2,2,2,2,2,"Nevada",0
"17898",320256,32,16230,36.244625,-115.0965944,2,2,12,5,22,1,0,25,1,19,1,0,3,3,1,2,32,2,1,2,1,1,2,1,2,1,2,1,2,2,1,2,2,2,"Nevada",1
"17899",320257,32,10174,39.66295278,-119.9918417,2,2,7,7,12,2,0,12,0,1,1,0,1,1,10,1,32,2,2,1,2,2,1,1,2,2,2,3,2,2,2,1,2,2,"Nevada",0
"17900",320258,32,16467,36.15908333,-115.0715528,2,2,9,4,21,3,1,8,0,1,1,0,4,3,1,1,32,2,2,2,1,1,2,1,1,2,2,3,1,2,2,2,2,2,"Nevada",0
"17901",320259,32,16849,36.04604722,-114.9896333,4,4,10,7,15,3,0,12,0,3,2,0,1,1,1,1,32,2,2,1,2,3,2,1,2,2,2,3,2,1,2,2,2,2,"Nevada",0
"17902",320260,32,9157,40.03326111,-119.3858056,1,1,10,6,21,3,0,59,0,1,1,0,4,2,1,1,32,1,2,2,2,1,2,2,2,1,2,1,2,2,2,2,2,2,"Nevada",1
"17903",320261,32,16970,35.99029722,-115.13755,1,1,12,1,3,3,0,33,0,1,1,0,4,3,1,1,32,2,2,2,2,1,2,2,2,2,2,2,2,1,2,2,2,2,"Nevada",0
"17904",320262,32,16784,36.06488056,-115.0525778,1,1,12,2,13,6,0,8,0,1,1,0,1,1,10,1,32,2,2,1,1,1,2,2,1,2,2,3,2,2,2,2,2,2,"Nevada",0
"17905",320263,32,10436,39.52444444,-119.7837944,2,2,11,2,12,1,0,25,1,5,1,0,3,1,10,1,32,2,1,1,1,1,2,2,2,2,2,2,2,1,2,2,2,2,"Nevada",0
"17906",320264,32,11637,38.93234167,-119.7794417,3,3,11,6,18,3,0,12,0,2,2,0,1,2,10,1,32,1,2,2,2,3,2,2,2,2,2,3,2,2,1,2,2,2,"Nevada",0
"17907",320265,32,10452,39.51584444,-119.9227917,3,3,12,6,4,1,0,12,0,1,1,0,1,3,1,1,32,2,1,2,1,2,2,2,2,2,2,2,2,2,2,2,2,2,"Nevada",0
"17908",320266,32,16902,36.02539167,-115.2253806,3,3,11,4,10,6,0,12,0,3,3,0,1,1,10,1,32,2,2,1,1,2,2,1,2,2,2,3,2,1,2,2,2,2,"Nevada",0
"17909",320267,32,10338,39.58703611,-119.8330361,1,1,10,7,19,6,0,9,0,1,1,0,1,2,1,1,32,2,2,2,2,1,2,2,2,2,2,3,2,2,2,1,2,2,"Nevada",0
"17910",320268,32,16212,36.25053333,-115.1440861,1,1,9,3,15,6,0,8,0,1,1,0,1,1,1,1,32,2,2,1,1,1,2,1,1,2,2,2,2,2,2,2,2,2,"Nevada",0
"17911",320269,32,16241,36.24003333,-115.1080306,2,2,11,2,23,3,0,12,0,1,1,0,1,3,1,1,32,2,2,2,1,2,1,2,2,2,2,3,2,2,2,1,2,2,"Nevada",0
"17912",320270,32,16368,36.18885278,-115.0346833,3,3,11,7,15,5,0,12,0,2,2,0,1,1,1,1,32,2,2,1,2,2,2,2,2,1,2,3,2,2,2,2,2,2,"Nevada",0
"17913",320271,32,16800,36.06044444,-115.1799667,1,1,12,2,5,1,0,1,1,5,1,0,4,3,10,1,32,2,1,2,2,1,2,1,2,1,2,1,2,2,2,2,2,2,"Nevada",1
"17914",320272,32,16666,36.09979722,-115.2414167,3,3,11,3,12,5,0,12,0,8,1,0,1,1,1,1,32,2,2,1,1,2,2,2,2,2,2,3,2,2,2,2,2,2,"Nevada",0
"17915",320273,32,16576,36.12977222,-115.1040306,1,1,11,6,6,8,0,8,0,4,1,0,1,1,1,1,32,3,3,1,1,1,2,2,1,2,2,3,2,2,2,2,2,2,"Nevada",0
"17916",320274,32,16663,36.10000278,-115.0497694,1,1,12,3,22,3,0,8,0,1,1,0,1,3,1,1,32,2,2,2,1,1,2,2,1,2,2,3,2,2,2,2,2,2,"Nevada",0
"17917",320275,32,16597,36.12238611,-115.0754361,1,1,12,6,19,3,0,8,0,1,1,0,1,3,10,1,32,2,2,2,2,1,2,2,1,2,2,3,2,2,2,2,2,2,"Nevada",0
"17918",320276,32,10431,39.5291,-119.8258194,1,1,12,4,18,6,0,8,0,3,2,0,1,3,1,1,32,2,2,2,1,1,2,2,1,2,2,2,2,2,2,2,2,2,"Nevada",0
"17919",320277,32,17406,35.76565,-114.9509833,3,3,12,1,16,2,0,1,0,1,1,0,1,5,1,1,32,2,2,1,2,3,1,2,2,2,2,1,2,2,2,2,2,2,"Nevada",1
"17920",320278,32,16168,36.27569722,-115.2515722,4,4,10,7,0,5,0,12,0,1,1,0,1,3,1,1,32,2,2,2,2,2,1,2,2,2,2,3,2,2,2,2,2,2,"Nevada",1
"17921",320279,32,16476,36.15883611,-115.0873194,4,4,10,7,22,3,0,12,0,2,2,0,1,3,1,1,32,2,2,2,2,2,1,2,2,2,2,3,2,2,1,1,2,2,"Nevada",0
"17922",320280,32,16369,36.18855278,-115.1665056,1,1,11,1,17,6,0,8,0,1,1,0,1,3,1,1,32,2,2,1,2,1,2,2,1,2,2,3,2,2,2,2,2,2,"Nevada",0
"17923",320281,32,16693,36.09084167,-115.1727222,2,2,11,1,21,5,0,1,0,1,1,0,1,3,1,1,32,2,2,2,2,2,1,1,2,2,2,3,2,2,1,2,2,2,"Nevada",0
"17924",320282,32,16584,36.12611667,-115.2970639,3,3,11,3,17,5,0,12,0,2,2,0,1,3,1,1,32,2,2,1,1,2,1,2,2,2,2,1,2,2,1,2,2,2,"Nevada",1
"17925",320283,32,16459,36.16060556,-115.1173944,1,1,11,6,18,6,0,8,0,1,1,0,1,3,1,1,32,2,2,2,2,1,2,2,1,2,2,3,2,2,2,2,2,2,"Nevada",0
"17926",320284,32,16238,36.2406,-115.25585,1,1,11,2,18,3,0,15,0,3,2,0,1,3,1,1,32,2,2,2,1,1,2,2,2,2,2,3,2,1,2,2,2,2,"Nevada",0
"17927",320285,32,16464,36.15951667,-115.1180833,1,1,12,4,5,6,0,8,0,1,1,0,1,3,1,1,32,2,2,2,1,1,2,2,1,2,2,3,2,2,2,2,2,2,"Nevada",0
"17928",320286,32,16661,36.10056667,-115.21345,1,1,12,5,17,3,0,8,0,1,1,0,1,3,10,1,32,2,2,1,1,1,2,2,1,2,2,3,2,2,2,2,2,2,"Nevada",0
"17929",320287,32,16282,36.21991667,-115.0894389,1,1,12,6,20,5,0,15,0,1,1,0,1,3,1,1,32,2,2,2,2,1,2,2,1,2,2,3,2,2,2,1,2,2,"Nevada",0
"17930",320288,32,16583,36.126125,-115.2111528,4,4,12,6,23,5,0,12,0,1,1,0,1,3,1,1,32,2,2,2,2,2,2,1,2,2,2,3,2,2,1,2,2,2,"Nevada",0
"17931",320289,32,16134,36.2906,-115.2564778,2,2,12,6,15,6,0,12,0,2,3,0,1,1,1,1,32,2,2,1,1,2,1,2,2,2,2,1,2,2,1,2,2,2,"Nevada",1
"17932",320290,32,16740,36.07809444,-115.2267806,1,1,12,2,6,5,0,8,0,1,1,0,1,4,10,1,32,2,2,1,1,1,2,2,1,2,2,1,2,2,2,1,2,2,"Nevada",1
"17933",320291,32,16574,36.12985556,-115.1239694,2,2,12,2,17,5,0,8,0,3,3,0,1,3,1,1,32,2,2,1,1,1,2,2,1,2,2,3,2,2,2,2,2,2,"Nevada",0
"17934",320292,32,16466,36.15917222,-115.2103361,2,2,12,2,22,3,0,8,0,3,3,0,1,3,1,1,32,2,2,2,1,1,2,2,1,2,2,3,1,2,2,2,2,2,"Nevada",0
"17935",320293,32,16465,36.15921111,-115.2141972,2,2,12,7,23,3,0,33,0,1,1,0,4,3,1,2,32,2,2,2,2,1,2,1,2,2,2,1,2,2,2,2,2,2,"Nevada",1
"17936",320294,32,16309,36.20943611,-115.224675,4,4,12,3,18,6,0,12,0,3,3,0,1,3,1,1,32,2,2,2,1,3,1,2,2,2,2,3,1,2,1,2,2,2,"Nevada",0
"17937",320295,32,6231,41.26416667,-117.6890583,5,5,10,2,13,2,0,12,0,1,1,0,1,1,2,3,32,1,2,1,1,2,2,1,2,2,2,2,2,1,1,2,2,2,"Nevada",1
"17938",320296,32,16401,36.17657222,-115.2206194,2,2,11,4,20,8,0,39,0,1,1,0,5,3,1,1,32,3,3,2,1,1,2,1,2,2,2,3,2,2,2,1,1,2,"Nevada",0
"29444",490062,49,7469,40.73670556,-114.0322667,5,5,5,2,22,5,0,8,0,1,1,0,1,2,10,1,49,1,2,2,1,1,2,2,1,2,2,3,2,2,1,2,1,2,"Utah",0